inchi_key_a,inchi_key_b,tanimoto,pic50_a,pic50_b,delta_pic50,cliff_tier,source_combination,patent_exclusive_a,patent_exclusive_b,any_patent_exclusive,ecfp4_only_cliff,tanimoto_ecfp6
SQMOWEPOXGCHIZ-RBQRDFNRSA-N,ZLVSZSJEMVIFLF-HOHLIHCMSA-N,0.81578946,6.0,5.0,1.0,broad,bindingdb|chembl|pubchem_confirmatory|bindingdb|chembl|pubchem_confirmatory,False,False,False,False,
LNYBKVXRPOOEJJ-XBFAYFNPSA-N,ZLVSZSJEMVIFLF-HOHLIHCMSA-N,0.8552632,6.0,5.0,1.0,broad,bindingdb|chembl|pubchem_confirmatory|bindingdb|chembl|pubchem_confirmatory,False,False,False,False,
RVOKIGHZRCQGOZ-LJQANCHMSA-N,SEWXINNCHJTBAO-GOSISDBHSA-N,0.9047619,6.0,5.0,1.0,broad,bindingdb|chembl|pubchem_confirmatory|bindingdb|chembl|pubchem_confirmatory,False,False,False,False,
RVOKIGHZRCQGOZ-LJQANCHMSA-N,UYHSQCNFDDWIFH-GOSISDBHSA-N,0.8030303,6.0,5.0,1.0,broad,bindingdb|chembl|pubchem_confirmatory|bindingdb|chembl|pubchem_confirmatory,False,False,False,False,
OUZORNRSCHGAFE-HXUWFJFHSA-N,CTLJIHOSAUFIRC-JOCHJYFZSA-N,0.86567163,5.0,6.0,1.0,broad,bindingdb|chembl|pubchem_confirmatory|bindingdb|chembl|pubchem_confirmatory,False,False,False,False,
LRHSPELXHQWEIP-HSZRJFAPSA-N,LUMRIELZXDVRKO-HSZRJFAPSA-N,0.85,6.0,5.0,1.0,broad,bindingdb|chembl|pubchem_confirmatory|bindingdb|chembl|pubchem_confirmatory,False,False,False,False,
LUMRIELZXDVRKO-HSZRJFAPSA-N,VJAGXHWZPQRJCY-LJQANCHMSA-N,0.81578946,5.0,6.0,1.0,broad,bindingdb|chembl|pubchem_confirmatory|bindingdb|chembl|pubchem_confirmatory,False,False,False,False,
LUMRIELZXDVRKO-HSZRJFAPSA-N,ZRSWZNNDDSCGLH-HSZRJFAPSA-N,0.82051283,5.0,6.0,1.0,broad,bindingdb|chembl|pubchem_confirmatory|bindingdb|chembl|pubchem_confirmatory,False,False,False,False,
LUMRIELZXDVRKO-HSZRJFAPSA-N,GDWLZYCDEIHKCA-XMMPIXPASA-N,0.8125,5.0,6.0,1.0,broad,bindingdb|chembl|pubchem_confirmatory|bindingdb|chembl|pubchem_confirmatory,False,False,False,False,
LUMRIELZXDVRKO-HSZRJFAPSA-N,GDYHAHCJTVYMGA-XMMPIXPASA-N,0.85897434,5.0,6.0,1.0,broad,bindingdb|chembl|pubchem_confirmatory|bindingdb|chembl|pubchem_confirmatory,False,False,False,False,
LLDMHMZGFRKOQO-QREUFCTJSA-N,UGYGQLAFRCVHJW-JWJBQAENSA-N,0.8235294,6.804100347590766,5.685922008220788,1.1181783393699778,broad,bindingdb|chembl|pubchem_confirmatory|bindingdb|chembl|pubchem_confirmatory,False,False,False,False,
LLDMHMZGFRKOQO-QREUFCTJSA-N,RAVBZQAQTVGKIV-XBPDSQQVSA-N,0.8045977,6.804100347590766,5.340844719059372,1.4632556285313942,broad,bindingdb|chembl|pubchem_confirmatory|bindingdb|chembl|pubchem_confirmatory,False,False,False,False,
DZODHWMEOAQQHL-CXBZOWBPSA-N,UGYGQLAFRCVHJW-JWJBQAENSA-N,0.8068182,7.050609993355086,5.685922008220788,1.3646879851342977,broad,bindingdb|chembl|pubchem_confirmatory|bindingdb|chembl|pubchem_confirmatory,False,False,False,False,
NFJJITFODSAUIU-STHVYQTBSA-N,DGKJGYNYALJIRF-SGAJGPLNSA-N,0.87234044,6.790484985457369,8.0,1.2095150145426308,broad,bindingdb|chembl|pubchem_confirmatory|bindingdb|chembl|pubchem_confirmatory,False,False,False,False,
OZNQTZLWBHLBBZ-QMCAYLGFSA-N,MBPYGFRYQCLAMO-DMTRJYJOSA-N,0.8111111,6.75448733218585,7.920818753952375,1.1663314217665253,broad,bindingdb|chembl|pubchem_confirmatory|bindingdb|chembl|pubchem_confirmatory,False,False,False,False,
OZNQTZLWBHLBBZ-QMCAYLGFSA-N,CZZQCTJRWCGYOM-GFXQXFAQSA-N,0.8068182,6.75448733218585,7.769551078621726,1.0150637464358763,broad,bindingdb|chembl|bindingdb|chembl|pubchem_confirmatory,False,False,False,False,
XJSJJYHZZXYCGC-BTDDGAACSA-N,BBSMONTWGLJNCJ-XBPDSQQVSA-N,0.8488372,7.443697499232712,6.112945621949042,1.33075187728367,broad,bindingdb|chembl|pubchem_confirmatory|bindingdb|chembl|pubchem_confirmatory,False,False,False,False,
CVCAJQMCWJLGGX-QMCAYLGFSA-N,SNMPVJPFNDSUCO-QMCAYLGFSA-N,0.872093,7.455931955649724,6.195179321278839,1.2607526343708857,broad,bindingdb|chembl|pubchem_confirmatory|bindingdb|chembl|pubchem_confirmatory,False,False,False,False,
LOLOIBSCCWXELP-CXBZOWBPSA-N,UGYGQLAFRCVHJW-JWJBQAENSA-N,0.8068182,6.889410289700751,5.685922008220788,1.203488281479963,broad,bindingdb|chembl|pubchem_confirmatory|bindingdb|chembl|pubchem_confirmatory,False,False,False,False,
VTXVFGQAOXJREQ-LGYSXGNESA-N,UGYGQLAFRCVHJW-JWJBQAENSA-N,0.8045977,6.795880017344075,5.685922008220788,1.1099580091232868,broad,bindingdb|chembl|pubchem_confirmatory|bindingdb|chembl|pubchem_confirmatory,False,False,False,False,
GMGYJQUDYAYQCZ-JCHVILAISA-N,UGYGQLAFRCVHJW-JWJBQAENSA-N,0.81609195,6.787812395596042,5.685922008220788,1.1018903873752537,broad,bindingdb|chembl|pubchem_confirmatory|bindingdb|chembl|pubchem_confirmatory,False,False,False,False,
GTIYCIRMQMJJHK-CXBZOWBPSA-N,JUXIEDUTQMSFCE-BTDDGAACSA-N,0.8021978,6.774690718274137,7.886056647693163,1.1113659294190263,broad,bindingdb|chembl|pubchem_confirmatory|bindingdb|chembl|pubchem_confirmatory,False,False,False,False,
GTIYCIRMQMJJHK-CXBZOWBPSA-N,UGYGQLAFRCVHJW-JWJBQAENSA-N,0.81609195,6.774690718274137,5.685922008220788,1.0887687100533485,broad,bindingdb|chembl|pubchem_confirmatory|bindingdb|chembl|pubchem_confirmatory,False,False,False,False,
PJRUQHONKKWUMK-CXBZOWBPSA-N,SNMPVJPFNDSUCO-QMCAYLGFSA-N,0.82222223,7.7447274948966935,6.195179321278839,1.549548173617855,moderate,bindingdb|chembl|pubchem_confirmatory|bindingdb|chembl|pubchem_confirmatory,False,False,False,False,
SNGZWRFTYBDAGE-JCHVILAISA-N,DYXJONFPYHVUNN-QYHPCCJNSA-N,0.84705883,7.346787486224656,6.318758762624412,1.0280287236002437,broad,bindingdb|chembl|pubchem_confirmatory|bindingdb|chembl|pubchem_confirmatory,False,False,False,False,
SNGZWRFTYBDAGE-JCHVILAISA-N,JPLPPBQBZHFMMU-BYICHJTDSA-N,0.80898875,7.346787486224656,6.025488307262672,1.3212991789619837,broad,bindingdb|chembl|pubchem_confirmatory|bindingdb|chembl|pubchem_confirmatory,False,False,False,False,
SNGZWRFTYBDAGE-JCHVILAISA-N,UGYGQLAFRCVHJW-JWJBQAENSA-N,0.8352941,7.346787486224656,5.685922008220788,1.6608654780038679,moderate,bindingdb|chembl|pubchem_confirmatory|bindingdb|chembl|pubchem_confirmatory,False,False,False,False,
SNGZWRFTYBDAGE-JCHVILAISA-N,RAVBZQAQTVGKIV-XBPDSQQVSA-N,0.81609195,7.346787486224656,5.340844719059372,2.0059427671652843,severe,bindingdb|chembl|pubchem_confirmatory|bindingdb|chembl|pubchem_confirmatory,False,False,False,False,0.768595041322314
SNGZWRFTYBDAGE-JCHVILAISA-N,VOBZGOGESGOLJC-PWJCZFGMSA-N,0.83146065,7.346787486224656,6.181774106386044,1.1650133798386122,broad,bindingdb|chembl|pubchem_confirmatory|bindingdb|chembl|pubchem_confirmatory,False,False,False,False,
SNGZWRFTYBDAGE-JCHVILAISA-N,CAWGTIIVOBRWCW-GVBVHUCQSA-N,0.8333333,7.346787486224656,6.248720896016658,1.0980665902079982,broad,bindingdb|chembl|pubchem_confirmatory|bindingdb|chembl|pubchem_confirmatory,False,False,False,False,
SNGZWRFTYBDAGE-JCHVILAISA-N,FEAAPSIVYRPJMS-ZHKUBPBOSA-N,0.8,7.346787486224656,6.268411234813261,1.0783762514113953,broad,bindingdb|chembl|pubchem_confirmatory|bindingdb|chembl|pubchem_confirmatory,False,False,False,False,
SNGZWRFTYBDAGE-JCHVILAISA-N,JLGGAYUHFPLCCK-IKXBFRDRSA-N,0.82758623,7.346787486224656,5.8655041441653255,1.4812833420593305,broad,bindingdb|chembl|pubchem_confirmatory|bindingdb|chembl|pubchem_confirmatory,False,False,False,False,
SNGZWRFTYBDAGE-JCHVILAISA-N,AAUHSICUDJELSM-FWLHTVFYSA-N,0.82758623,7.346787486224656,5.945770090136603,1.4010173960880534,broad,bindingdb|chembl|pubchem_confirmatory|bindingdb|chembl|pubchem_confirmatory,False,False,False,False,
AUZJOFVCUZBSHC-QMCAYLGFSA-N,UGYGQLAFRCVHJW-JWJBQAENSA-N,0.81609195,7.187086643357144,5.685922008220788,1.5011646351363561,moderate,bindingdb|chembl|pubchem_confirmatory|bindingdb|chembl|pubchem_confirmatory,False,False,False,False,
WMRQVFPYFVIBFY-QZPZUKOXSA-N,UGYGQLAFRCVHJW-JWJBQAENSA-N,0.8068182,7.337242168318426,5.685922008220788,1.6513201600976375,moderate,bindingdb|chembl|pubchem_confirmatory|bindingdb|chembl|pubchem_confirmatory,False,False,False,False,
WMRQVFPYFVIBFY-QZPZUKOXSA-N,JLGGAYUHFPLCCK-IKXBFRDRSA-N,0.8,7.337242168318426,5.8655041441653255,1.4717380241531002,broad,bindingdb|chembl|pubchem_confirmatory|bindingdb|chembl|pubchem_confirmatory,False,False,False,False,
FHABCUKXEKDJPD-CCWBKVMBSA-N,UGYGQLAFRCVHJW-JWJBQAENSA-N,0.8,7.113509274827518,5.685922008220788,1.4275872666067295,broad,bindingdb|chembl|pubchem_confirmatory|bindingdb|chembl|pubchem_confirmatory,False,False,False,False,
UOSRJFUZIAGZJB-HIGDUGLOSA-N,SNMPVJPFNDSUCO-QMCAYLGFSA-N,0.82954544,7.251811972993799,6.195179321278839,1.0566326517149607,broad,bindingdb|chembl|pubchem_confirmatory|bindingdb|chembl|pubchem_confirmatory,False,False,False,False,
TYFKTAFRUSUZDA-CXBZOWBPSA-N,SNMPVJPFNDSUCO-QMCAYLGFSA-N,0.8333333,7.698970004336019,6.195179321278839,1.50379068305718,moderate,bindingdb|chembl|pubchem_confirmatory|bindingdb|chembl|pubchem_confirmatory,False,False,False,False,
PASDYUANUBWDMP-LCRYKWFRSA-N,SNMPVJPFNDSUCO-QMCAYLGFSA-N,0.8152174,7.267606240177031,6.195179321278839,1.0724269188981923,broad,bindingdb|chembl|pubchem_confirmatory|bindingdb|chembl|pubchem_confirmatory,False,False,False,False,
XQTXXZKKQQEXQJ-JOCHJYFZSA-N,VLAXNKASDDXGFU-LJQANCHMSA-N,0.8192771,7.494850021680094,5.239577516576788,2.2552725051033056,severe,bindingdb|chembl|pubchem_confirmatory|bindingdb|pubchem_confirmatory,False,False,False,False,0.7758620689655172
XQTXXZKKQQEXQJ-JOCHJYFZSA-N,DCWONHKPZRUFJT-OAQYLSRUSA-N,0.8192771,7.494850021680094,5.029653123769906,2.4651968979101877,severe,bindingdb|chembl|pubchem_confirmatory|bindingdb|pubchem_confirmatory,False,False,False,False,0.782608695652174
NEMDWMDVLDSTHO-UCDZCMRKSA-N,SNMPVJPFNDSUCO-QMCAYLGFSA-N,0.8064516,7.301029995663981,6.195179321278839,1.1058506743851426,broad,bindingdb|chembl|pubchem_confirmatory|bindingdb|chembl|pubchem_confirmatory,False,False,False,False,
AEGMUFLNOHHCDZ-JCHVILAISA-N,DYXJONFPYHVUNN-QYHPCCJNSA-N,0.8021978,7.522878745280337,6.318758762624412,1.204119982655925,broad,bindingdb|chembl|pubchem_confirmatory|bindingdb|chembl|pubchem_confirmatory,False,False,False,False,
RKLNNGQJROHZOF-GNTVVGMTSA-N,OKKNAUCMBJPLKF-ZVHXTAQDSA-N,0.80898875,7.721246399047171,6.718966632752273,1.0022797662948983,broad,bindingdb|chembl|pubchem_confirmatory|bindingdb|chembl|pubchem_confirmatory,False,False,False,False,
RKLNNGQJROHZOF-GNTVVGMTSA-N,DYXJONFPYHVUNN-QYHPCCJNSA-N,0.85714287,7.721246399047171,6.318758762624412,1.4024876364227588,broad,bindingdb|chembl|pubchem_confirmatory|bindingdb|chembl|pubchem_confirmatory,False,False,False,False,
RKLNNGQJROHZOF-GNTVVGMTSA-N,JPLPPBQBZHFMMU-BYICHJTDSA-N,0.8181818,7.721246399047171,6.025488307262672,1.6957580917844988,moderate,bindingdb|chembl|pubchem_confirmatory|bindingdb|chembl|pubchem_confirmatory,False,False,False,False,
RKLNNGQJROHZOF-GNTVVGMTSA-N,UGYGQLAFRCVHJW-JWJBQAENSA-N,0.8674699,7.721246399047171,5.685922008220788,2.035324390826383,severe,bindingdb|chembl|pubchem_confirmatory|bindingdb|chembl|pubchem_confirmatory,False,False,False,False,0.8103448275862069
RKLNNGQJROHZOF-GNTVVGMTSA-N,DVTGDRXLJWGNBG-JAEXGXQOSA-N,0.8352941,7.721246399047171,6.510041520575165,1.2112048784720058,broad,bindingdb|chembl|pubchem_confirmatory|bindingdb|chembl|pubchem_confirmatory,False,False,False,False,
RKLNNGQJROHZOF-GNTVVGMTSA-N,BJEGYQKJPTWECF-CCWBKVMBSA-N,0.8255814,7.721246399047171,6.330683119433888,1.390563279613283,broad,bindingdb|chembl|pubchem_confirmatory|bindingdb|chembl|pubchem_confirmatory,False,False,False,False,
RKLNNGQJROHZOF-GNTVVGMTSA-N,RAVBZQAQTVGKIV-XBPDSQQVSA-N,0.84705883,7.721246399047171,5.340844719059372,2.3804016799877994,severe,bindingdb|chembl|pubchem_confirmatory|bindingdb|chembl|pubchem_confirmatory,False,False,False,False,0.7899159663865546
RKLNNGQJROHZOF-GNTVVGMTSA-N,FQMRJTKRSGTZGA-CRLCSLCLSA-N,0.85542166,7.721246399047171,6.320572103387882,1.4006742956592895,broad,bindingdb|chembl|pubchem_confirmatory|bindingdb|chembl|pubchem_confirmatory,False,False,False,False,
RKLNNGQJROHZOF-GNTVVGMTSA-N,VOBZGOGESGOLJC-PWJCZFGMSA-N,0.8,7.721246399047171,6.181774106386044,1.5394722926611273,moderate,bindingdb|chembl|pubchem_confirmatory|bindingdb|chembl|pubchem_confirmatory,False,False,False,False,
RKLNNGQJROHZOF-GNTVVGMTSA-N,FEAAPSIVYRPJMS-ZHKUBPBOSA-N,0.8095238,7.721246399047171,6.268411234813261,1.4528351642339103,broad,bindingdb|chembl|pubchem_confirmatory|bindingdb|chembl|pubchem_confirmatory,False,False,False,False,
RKLNNGQJROHZOF-GNTVVGMTSA-N,ZKDOHXNBYTYCME-BTDDGAACSA-N,0.8452381,7.721246399047171,6.58838029403677,1.1328661050104012,broad,bindingdb|chembl|pubchem_confirmatory|bindingdb|chembl|pubchem_confirmatory,False,False,False,False,
RKLNNGQJROHZOF-GNTVVGMTSA-N,JLGGAYUHFPLCCK-IKXBFRDRSA-N,0.81609195,7.721246399047171,5.8655041441653255,1.8557422548818456,moderate,bindingdb|chembl|pubchem_confirmatory|bindingdb|chembl|pubchem_confirmatory,False,False,False,False,
RKLNNGQJROHZOF-GNTVVGMTSA-N,QXAORQAEXXCHPT-TWDLTGNASA-N,0.8352941,7.721246399047171,6.355561410532161,1.3656849885150102,broad,bindingdb|chembl|pubchem_confirmatory|bindingdb|chembl|pubchem_confirmatory,False,False,False,False,
RKLNNGQJROHZOF-GNTVVGMTSA-N,IEDUCHTZVMPXRI-TWDLTGNASA-N,0.8433735,7.721246399047171,6.481486060122112,1.239760338925059,broad,bindingdb|chembl|pubchem_confirmatory|bindingdb|chembl|pubchem_confirmatory,False,False,False,False,
RKLNNGQJROHZOF-GNTVVGMTSA-N,HXZFQFCWZRGQQD-ZCOOMOTNSA-N,0.81609195,7.721246399047171,6.7121982700697735,1.0090481289773976,broad,bindingdb|chembl|pubchem_confirmatory|bindingdb|chembl|pubchem_confirmatory,False,False,False,False,
RKLNNGQJROHZOF-GNTVVGMTSA-N,MTZMCRXHAIXVMF-LCRYKWFRSA-N,0.81395346,7.721246399047171,6.621602099051863,1.0996442999953082,broad,bindingdb|chembl|pubchem_confirmatory|bindingdb|chembl|pubchem_confirmatory,False,False,False,False,
RKLNNGQJROHZOF-GNTVVGMTSA-N,XKZWCVYYFYFPGX-LDZQUKMZSA-N,0.8255814,7.721246399047171,6.47755576649368,1.2436906325534913,broad,bindingdb|chembl|pubchem_confirmatory|bindingdb|chembl|pubchem_confirmatory,False,False,False,False,
RKLNNGQJROHZOF-GNTVVGMTSA-N,AAUHSICUDJELSM-FWLHTVFYSA-N,0.8372093,7.721246399047171,5.945770090136603,1.7754763089105685,moderate,bindingdb|chembl|pubchem_confirmatory|bindingdb|chembl|pubchem_confirmatory,False,False,False,False,
OVKUPCYWVASQOA-GNTVVGMTSA-N,UGYGQLAFRCVHJW-JWJBQAENSA-N,0.84705883,6.892790030352131,5.685922008220788,1.206868022131343,broad,bindingdb|chembl|pubchem_confirmatory|bindingdb|chembl|pubchem_confirmatory,False,False,False,False,
OVKUPCYWVASQOA-GNTVVGMTSA-N,RAVBZQAQTVGKIV-XBPDSQQVSA-N,0.82758623,6.892790030352131,5.340844719059372,1.5519453112927595,moderate,bindingdb|chembl|pubchem_confirmatory|bindingdb|chembl|pubchem_confirmatory,False,False,False,False,
QKVYSDCHEISRAD-QMCAYLGFSA-N,UGYGQLAFRCVHJW-JWJBQAENSA-N,0.8181818,7.115323926374441,5.685922008220788,1.429401918153653,broad,bindingdb|chembl|pubchem_confirmatory|bindingdb|chembl|pubchem_confirmatory,False,False,False,False,
QKVYSDCHEISRAD-QMCAYLGFSA-N,RAVBZQAQTVGKIV-XBPDSQQVSA-N,0.8,7.115323926374441,5.340844719059372,1.7744792073150695,moderate,bindingdb|chembl|pubchem_confirmatory|bindingdb|chembl|pubchem_confirmatory,False,False,False,False,
WQBKJMLHCGEYDB-CDNDPLPTSA-N,UGYGQLAFRCVHJW-JWJBQAENSA-N,0.8255814,6.950781977329818,5.685922008220788,1.2648599691090299,broad,bindingdb|chembl|pubchem_confirmatory|bindingdb|chembl|pubchem_confirmatory,False,False,False,False,
WQBKJMLHCGEYDB-CDNDPLPTSA-N,RAVBZQAQTVGKIV-XBPDSQQVSA-N,0.8068182,6.950781977329818,5.340844719059372,1.6099372582704463,moderate,bindingdb|chembl|pubchem_confirmatory|bindingdb|chembl|pubchem_confirmatory,False,False,False,False,
WQBKJMLHCGEYDB-CDNDPLPTSA-N,AAUHSICUDJELSM-FWLHTVFYSA-N,0.83908045,6.950781977329818,5.945770090136603,1.0050118871932154,broad,bindingdb|chembl|pubchem_confirmatory|bindingdb|chembl|pubchem_confirmatory,False,False,False,False,
VOBMJGLLNSFXJJ-GNTVVGMTSA-N,UGYGQLAFRCVHJW-JWJBQAENSA-N,0.81609195,6.97469413473523,5.685922008220788,1.2887721265144414,broad,bindingdb|chembl|pubchem_confirmatory|bindingdb|chembl|pubchem_confirmatory,False,False,False,False,
SISJIUNOAHDNFN-CDNDPLPTSA-N,VOBZGOGESGOLJC-PWJCZFGMSA-N,0.8764045,7.1938200260161125,6.181774106386044,1.0120459196300686,broad,bindingdb|chembl|pubchem_confirmatory|bindingdb|chembl|pubchem_confirmatory,False,False,False,False,
SISJIUNOAHDNFN-CDNDPLPTSA-N,AAUHSICUDJELSM-FWLHTVFYSA-N,0.8111111,7.1938200260161125,5.945770090136603,1.2480499358795099,broad,bindingdb|chembl|pubchem_confirmatory|bindingdb|chembl|pubchem_confirmatory,False,False,False,False,
WQNCRDJMLQSQCQ-UCDZCMRKSA-N,SMADULGDNOCLOP-GISFHXKWSA-N,0.8202247,7.376750709602099,5.389872386924004,1.9868783226780948,moderate,bindingdb|chembl|pubchem_confirmatory|bindingdb|chembl|pubchem_confirmatory,False,False,False,False,
WQNCRDJMLQSQCQ-UCDZCMRKSA-N,UGYGQLAFRCVHJW-JWJBQAENSA-N,0.8604651,7.376750709602099,5.685922008220788,1.690828701381311,moderate,bindingdb|chembl|pubchem_confirmatory|bindingdb|chembl|pubchem_confirmatory,False,False,False,False,
WQNCRDJMLQSQCQ-UCDZCMRKSA-N,RAVBZQAQTVGKIV-XBPDSQQVSA-N,0.86206895,7.376750709602099,5.340844719059372,2.0359059905427275,severe,bindingdb|chembl|pubchem_confirmatory|bindingdb|chembl|pubchem_confirmatory,False,False,False,False,0.825
WQNCRDJMLQSQCQ-UCDZCMRKSA-N,QXAORQAEXXCHPT-TWDLTGNASA-N,0.80898875,7.376750709602099,6.355561410532161,1.0211892990699383,broad,bindingdb|chembl|pubchem_confirmatory|bindingdb|chembl|pubchem_confirmatory,False,False,False,False,
WQNCRDJMLQSQCQ-UCDZCMRKSA-N,VPRIXAPXYJHZRG-RXEARMEOSA-N,0.82608694,7.376750709602099,6.130181792020672,1.2465689175814276,broad,bindingdb|chembl|pubchem_confirmatory|bindingdb|chembl|pubchem_confirmatory,False,False,False,False,
PXZNCRDFWANNQW-STHVYQTBSA-N,JPLPPBQBZHFMMU-BYICHJTDSA-N,0.8181818,7.173925197299173,6.025488307262672,1.1484368900365007,broad,bindingdb|chembl|pubchem_confirmatory|bindingdb|chembl|pubchem_confirmatory,False,False,False,False,
PXZNCRDFWANNQW-STHVYQTBSA-N,UGYGQLAFRCVHJW-JWJBQAENSA-N,0.8452381,7.173925197299173,5.685922008220788,1.488003189078385,broad,bindingdb|chembl|pubchem_confirmatory|bindingdb|chembl|pubchem_confirmatory,False,False,False,False,
PXZNCRDFWANNQW-STHVYQTBSA-N,RAVBZQAQTVGKIV-XBPDSQQVSA-N,0.8255814,7.173925197299173,5.340844719059372,1.8330804782398014,moderate,bindingdb|chembl|pubchem_confirmatory|bindingdb|chembl|pubchem_confirmatory,False,False,False,False,
PXZNCRDFWANNQW-STHVYQTBSA-N,JLGGAYUHFPLCCK-IKXBFRDRSA-N,0.81609195,7.173925197299173,5.8655041441653255,1.3084210531338476,broad,bindingdb|chembl|pubchem_confirmatory|bindingdb|chembl|pubchem_confirmatory,False,False,False,False,
PXZNCRDFWANNQW-STHVYQTBSA-N,AAUHSICUDJELSM-FWLHTVFYSA-N,0.8372093,7.173925197299173,5.945770090136603,1.2281551071625705,broad,bindingdb|chembl|pubchem_confirmatory|bindingdb|chembl|pubchem_confirmatory,False,False,False,False,
NMDHUPBWDLBTIY-QYHPCCJNSA-N,DYXJONFPYHVUNN-QYHPCCJNSA-N,0.8181818,7.4089353929735005,6.318758762624412,1.090176630349088,broad,bindingdb|chembl|pubchem_confirmatory|bindingdb|chembl|pubchem_confirmatory,False,False,False,False,
NMDHUPBWDLBTIY-QYHPCCJNSA-N,UGYGQLAFRCVHJW-JWJBQAENSA-N,0.8068182,7.4089353929735005,5.685922008220788,1.7230133847527123,moderate,bindingdb|chembl|pubchem_confirmatory|bindingdb|chembl|pubchem_confirmatory,False,False,False,False,
NMDHUPBWDLBTIY-QYHPCCJNSA-N,AAUHSICUDJELSM-FWLHTVFYSA-N,0.8,7.4089353929735005,5.945770090136603,1.4631653028368978,broad,bindingdb|chembl|pubchem_confirmatory|bindingdb|chembl|pubchem_confirmatory,False,False,False,False,
TZPKGQDKWPGOGH-VDOBOPNRSA-N,SMADULGDNOCLOP-GISFHXKWSA-N,0.8068182,7.4685210829577455,5.389872386924004,2.078648696033741,severe,bindingdb|chembl|pubchem_confirmatory|bindingdb|chembl|pubchem_confirmatory,False,False,False,False,0.7222222222222222
TZPKGQDKWPGOGH-VDOBOPNRSA-N,DYXJONFPYHVUNN-QYHPCCJNSA-N,0.81609195,7.4685210829577455,6.318758762624412,1.1497623203333331,broad,bindingdb|chembl|pubchem_confirmatory|bindingdb|chembl|pubchem_confirmatory,False,False,False,False,
TZPKGQDKWPGOGH-VDOBOPNRSA-N,UGYGQLAFRCVHJW-JWJBQAENSA-N,0.8915663,7.4685210829577455,5.685922008220788,1.7825990747369573,moderate,bindingdb|chembl|pubchem_confirmatory|bindingdb|chembl|pubchem_confirmatory,False,False,False,False,
TZPKGQDKWPGOGH-VDOBOPNRSA-N,BJEGYQKJPTWECF-CCWBKVMBSA-N,0.8068182,7.4685210829577455,6.330683119433888,1.1378379635238574,broad,bindingdb|chembl|pubchem_confirmatory|bindingdb|chembl|pubchem_confirmatory,False,False,False,False,
TZPKGQDKWPGOGH-VDOBOPNRSA-N,RAVBZQAQTVGKIV-XBPDSQQVSA-N,0.89285713,7.4685210829577455,5.340844719059372,2.127676363898374,severe,bindingdb|chembl|pubchem_confirmatory|bindingdb|chembl|pubchem_confirmatory,False,False,False,False,0.8389830508474576
TZPKGQDKWPGOGH-VDOBOPNRSA-N,JLGGAYUHFPLCCK-IKXBFRDRSA-N,0.83908045,7.4685210829577455,5.8655041441653255,1.60301693879242,moderate,bindingdb|chembl|pubchem_confirmatory|bindingdb|chembl|pubchem_confirmatory,False,False,False,False,
TZPKGQDKWPGOGH-VDOBOPNRSA-N,QXAORQAEXXCHPT-TWDLTGNASA-N,0.85882354,7.4685210829577455,6.355561410532161,1.1129596724255846,broad,bindingdb|chembl|pubchem_confirmatory|bindingdb|chembl|pubchem_confirmatory,False,False,False,False,
QHSMRYISOOYAKE-UCDZCMRKSA-N,UGYGQLAFRCVHJW-JWJBQAENSA-N,0.8604651,7.181255135243745,5.685922008220788,1.495333127022957,broad,bindingdb|chembl|pubchem_confirmatory|bindingdb|chembl|pubchem_confirmatory,False,False,False,False,
QHSMRYISOOYAKE-UCDZCMRKSA-N,XZEQIKBQYLFCFP-OFKODDFHSA-N,0.8131868,7.181255135243745,5.653255945395151,1.527999189848594,moderate,bindingdb|chembl|pubchem_confirmatory|bindingdb|chembl|pubchem_confirmatory,False,False,False,False,
QHSMRYISOOYAKE-UCDZCMRKSA-N,RAVBZQAQTVGKIV-XBPDSQQVSA-N,0.86206895,7.181255135243745,5.340844719059372,1.8404104161843735,moderate,bindingdb|chembl|pubchem_confirmatory|bindingdb|chembl|pubchem_confirmatory,False,False,False,False,
SUTZESLZZKRTBS-GNTVVGMTSA-N,BCZPEKVMAZSURM-GNTVVGMTSA-N,0.8064516,7.236572006437062,5.4146520889054095,1.8219199175316527,moderate,bindingdb|chembl|pubchem_confirmatory|bindingdb|chembl|pubchem_confirmatory,False,False,False,False,
OXZSGUHAEZREAM-UCDZCMRKSA-N,SNMPVJPFNDSUCO-QMCAYLGFSA-N,0.82417583,7.275724130399211,6.195179321278839,1.0805448091203722,broad,bindingdb|chembl|pubchem_confirmatory|bindingdb|chembl|pubchem_confirmatory,False,False,False,False,
IFXVSEZMBAULFI-CXBZOWBPSA-N,IDFMOMDVPSZDLO-CXBZOWBPSA-N,0.85227275,7.455931955649724,6.345823458122038,1.110108497527686,broad,bindingdb|chembl|pubchem_confirmatory|bindingdb|chembl|pubchem_confirmatory,False,False,False,False,
IFXVSEZMBAULFI-CXBZOWBPSA-N,SDTRDYRWEHXHLI-CXBZOWBPSA-N,0.8426966,7.455931955649724,6.447331783887807,1.008600171761917,broad,bindingdb|chembl|pubchem_confirmatory|bindingdb|chembl|pubchem_confirmatory,False,False,False,False,
IFXVSEZMBAULFI-CXBZOWBPSA-N,FEAAPSIVYRPJMS-ZHKUBPBOSA-N,0.8023256,7.455931955649724,6.268411234813261,1.1875207208364635,broad,bindingdb|chembl|pubchem_confirmatory|bindingdb|chembl|pubchem_confirmatory,False,False,False,False,
NQLMFDAPOICOPB-CCWBKVMBSA-N,BCZPEKVMAZSURM-GNTVVGMTSA-N,0.8152174,6.946921556516581,5.4146520889054095,1.5322694676111714,moderate,bindingdb|chembl|pubchem_confirmatory|bindingdb|chembl|pubchem_confirmatory,False,False,False,False,
UTKKNIQJEBWKCD-CDNDPLPTSA-N,DYXJONFPYHVUNN-QYHPCCJNSA-N,0.88095236,7.494850021680094,6.318758762624412,1.1760912590556813,broad,bindingdb|chembl|pubchem_confirmatory|bindingdb|chembl|pubchem_confirmatory,False,False,False,False,
UTKKNIQJEBWKCD-CDNDPLPTSA-N,JPLPPBQBZHFMMU-BYICHJTDSA-N,0.8,7.494850021680094,6.025488307262672,1.4693617144174214,broad,bindingdb|chembl|pubchem_confirmatory|bindingdb|chembl|pubchem_confirmatory,False,False,False,False,
UTKKNIQJEBWKCD-CDNDPLPTSA-N,UGYGQLAFRCVHJW-JWJBQAENSA-N,0.8255814,7.494850021680094,5.685922008220788,1.8089280134593055,moderate,bindingdb|chembl|pubchem_confirmatory|bindingdb|chembl|pubchem_confirmatory,False,False,False,False,
UTKKNIQJEBWKCD-CDNDPLPTSA-N,RAVBZQAQTVGKIV-XBPDSQQVSA-N,0.8068182,7.494850021680094,5.340844719059372,2.154005302620722,severe,bindingdb|chembl|pubchem_confirmatory|bindingdb|chembl|pubchem_confirmatory,False,False,False,False,0.7622950819672131
UTKKNIQJEBWKCD-CDNDPLPTSA-N,QXAORQAEXXCHPT-TWDLTGNASA-N,0.81609195,7.494850021680094,6.355561410532161,1.1392886111479328,broad,bindingdb|chembl|pubchem_confirmatory|bindingdb|chembl|pubchem_confirmatory,False,False,False,False,
UTKKNIQJEBWKCD-CDNDPLPTSA-N,AAUHSICUDJELSM-FWLHTVFYSA-N,0.8181818,7.494850021680094,5.945770090136603,1.549079931543491,moderate,bindingdb|chembl|pubchem_confirmatory|bindingdb|chembl|pubchem_confirmatory,False,False,False,False,
YDGDWXYCZZBFND-GNTVVGMTSA-N,JUXIEDUTQMSFCE-BTDDGAACSA-N,0.8681319,6.79317412396815,7.886056647693163,1.092882523725013,broad,bindingdb|chembl|pubchem_confirmatory|bindingdb|chembl|pubchem_confirmatory,False,False,False,False,
SCUGDFRJTYZDRU-WZVKSPBRSA-N,UGYGQLAFRCVHJW-JWJBQAENSA-N,0.80898875,7.180456064458131,5.685922008220788,1.4945340562373426,broad,bindingdb|chembl|pubchem_confirmatory|bindingdb|chembl|pubchem_confirmatory,False,False,False,False,
ZJDWUSCAQWPRJW-WHJRKYDLSA-N,SNMPVJPFNDSUCO-QMCAYLGFSA-N,0.8131868,7.356547323513812,6.195179321278839,1.1613680022349735,broad,bindingdb|chembl|pubchem_confirmatory|bindingdb|chembl|pubchem_confirmatory,False,False,False,False,
ZRBLDZJEAKNZPG-XBPDSQQVSA-N,UGYGQLAFRCVHJW-JWJBQAENSA-N,0.8,6.8297382846050425,5.685922008220788,1.1438162763842543,broad,bindingdb|chembl|pubchem_confirmatory|bindingdb|chembl|pubchem_confirmatory,False,False,False,False,
IABQTQAIXOVJFU-YLBOGKAESA-N,IUBSTKMPFBBMKJ-JLFBUSBMSA-N,0.8229167,7.512054431799104,6.123205023799298,1.388849407999806,broad,bindingdb|chembl|pubchem_confirmatory|bindingdb|chembl|pubchem_confirmatory,False,False,False,False,
YOOIOHGUTVMABZ-YXDIFBQUSA-N,UGYGQLAFRCVHJW-JWJBQAENSA-N,0.8068182,6.826813731587726,5.685922008220788,1.1408917233669378,broad,bindingdb|chembl|pubchem_confirmatory|bindingdb|chembl|pubchem_confirmatory,False,False,False,False,
RRMQJWYPRSRVBS-XKHRETHESA-N,UGYGQLAFRCVHJW-JWJBQAENSA-N,0.80898875,7.161150909262744,5.685922008220788,1.4752289010419561,broad,bindingdb|chembl|pubchem_confirmatory|bindingdb|chembl|pubchem_confirmatory,False,False,False,False,
ANYDFCLXDPDQFX-SGAJGPLNSA-N,RAVBZQAQTVGKIV-XBPDSQQVSA-N,0.8,7.167491087293764,5.340844719059372,1.8266463682343925,moderate,bindingdb|chembl|pubchem_confirmatory|bindingdb|chembl|pubchem_confirmatory,False,False,False,False,
ZTASIGGLAQXEQS-TWDLTGNASA-N,FHNXXQPTBOXSLJ-YLBOGKAESA-N,0.8041237,6.856985199745904,8.221848749616356,1.364863549870452,broad,bindingdb|chembl|pubchem_confirmatory|bindingdb|chembl|pubchem_confirmatory,False,False,False,False,
ICHOUCOWZHENPS-RXEARMEOSA-N,FQMRJTKRSGTZGA-CRLCSLCLSA-N,0.84090906,7.6020599913279625,6.320572103387882,1.2814878879400808,broad,bindingdb|chembl|pubchem_confirmatory|bindingdb|chembl|pubchem_confirmatory,False,False,False,False,
QDXJEDGMSJOFRD-GNTVVGMTSA-N,JPLPPBQBZHFMMU-BYICHJTDSA-N,0.875,7.251811972993799,6.025488307262672,1.226323665731127,broad,bindingdb|chembl|pubchem_confirmatory|bindingdb|chembl|pubchem_confirmatory,False,False,False,False,
UFWQFQVXMLYUGJ-JCHVILAISA-N,ZDBVVDUTDBVYHC-BTDDGAACSA-N,0.84705883,6.835647144215563,7.886056647693163,1.0504095034776002,broad,bindingdb|chembl|pubchem_confirmatory|bindingdb|chembl|pubchem_confirmatory,False,False,False,False,
UFWQFQVXMLYUGJ-JCHVILAISA-N,LFPPSFVNBGNNPR-UCDZCMRKSA-N,0.82954544,6.835647144215563,7.886056647693163,1.0504095034776002,broad,bindingdb|chembl|pubchem_confirmatory|bindingdb|chembl|pubchem_confirmatory,False,False,False,False,
UFWQFQVXMLYUGJ-JCHVILAISA-N,UGYGQLAFRCVHJW-JWJBQAENSA-N,0.81609195,6.835647144215563,5.685922008220788,1.1497251359947747,broad,bindingdb|chembl|pubchem_confirmatory|bindingdb|chembl|pubchem_confirmatory,False,False,False,False,
BWTBYTFLDISNFI-WFNCXJDMSA-N,SMADULGDNOCLOP-GISFHXKWSA-N,0.8181818,7.4089353929735005,5.389872386924004,2.019063006049496,severe,bindingdb|chembl|pubchem_confirmatory|bindingdb|chembl|pubchem_confirmatory,False,False,False,False,0.7419354838709677
BWTBYTFLDISNFI-WFNCXJDMSA-N,UGYGQLAFRCVHJW-JWJBQAENSA-N,0.81609195,7.4089353929735005,5.685922008220788,1.7230133847527123,moderate,bindingdb|chembl|pubchem_confirmatory|bindingdb|chembl|pubchem_confirmatory,False,False,False,False,
BWTBYTFLDISNFI-WFNCXJDMSA-N,BJEGYQKJPTWECF-CCWBKVMBSA-N,0.83908045,7.4089353929735005,6.330683119433888,1.0782522735396123,broad,bindingdb|chembl|pubchem_confirmatory|bindingdb|chembl|pubchem_confirmatory,False,False,False,False,
BWTBYTFLDISNFI-WFNCXJDMSA-N,VPRIXAPXYJHZRG-RXEARMEOSA-N,0.8043478,7.4089353929735005,6.130181792020672,1.2787536009528289,broad,bindingdb|chembl|pubchem_confirmatory|bindingdb|chembl|pubchem_confirmatory,False,False,False,False,
MTBCJWLKCKFXBW-CCWBKVMBSA-N,UGYGQLAFRCVHJW-JWJBQAENSA-N,0.8181818,6.847711655616944,5.685922008220788,1.161789647396156,broad,bindingdb|chembl|pubchem_confirmatory|bindingdb|chembl|pubchem_confirmatory,False,False,False,False,
MTBCJWLKCKFXBW-CCWBKVMBSA-N,RAVBZQAQTVGKIV-XBPDSQQVSA-N,0.8,6.847711655616944,5.340844719059372,1.5068669365575724,moderate,bindingdb|chembl|pubchem_confirmatory|bindingdb|chembl|pubchem_confirmatory,False,False,False,False,
GMFDINNREPARQQ-TWDLTGNASA-N,ZZXHCVIIEJEFMW-ABNDPDSASA-N,0.85882354,6.8297382846050425,7.958607314841775,1.1288690302367321,broad,bindingdb|chembl|pubchem_confirmatory|bindingdb|chembl|pubchem_confirmatory,False,False,False,False,
TWGLZCHEZKNDDP-FGZHOGPDSA-N,LCZLCHOEAQQLPI-DHIUTWEWSA-N,0.85393256,7.055517327849831,5.896196279044044,1.1593210488057872,broad,bindingdb|chembl|pubchem_confirmatory|bindingdb|chembl|pubchem_confirmatory,False,False,False,False,
TWGLZCHEZKNDDP-FGZHOGPDSA-N,AGPQOUQXIGSZRM-NHCUHLMSSA-N,0.8202247,7.055517327849831,5.941194513324095,1.1143228145257362,broad,bindingdb|chembl|pubchem_confirmatory|bindingdb|chembl|pubchem_confirmatory,False,False,False,False,
FWSJSYDLCKZYSM-STHVYQTBSA-N,DYXJONFPYHVUNN-QYHPCCJNSA-N,0.80898875,7.4587868495696155,6.318758762624412,1.140028086945203,broad,bindingdb|chembl|pubchem_confirmatory|bindingdb|chembl|pubchem_confirmatory,False,False,False,False,
FWSJSYDLCKZYSM-STHVYQTBSA-N,JPLPPBQBZHFMMU-BYICHJTDSA-N,0.875,7.4587868495696155,6.025488307262672,1.433298542306943,broad,bindingdb|chembl|pubchem_confirmatory|bindingdb|chembl|pubchem_confirmatory,False,False,False,False,
ONLJFCNGKMJGCL-JAEXGXQOSA-N,XZEQIKBQYLFCFP-OFKODDFHSA-N,0.82222223,7.318758762624412,5.653255945395151,1.6655028172292612,moderate,bindingdb|chembl|pubchem_confirmatory|bindingdb|chembl|pubchem_confirmatory,False,False,False,False,
YUHZLTYIGGBRCL-OFKODDFHSA-N,SMADULGDNOCLOP-GISFHXKWSA-N,0.8181818,7.431798275933005,5.389872386924004,2.0419258890090006,severe,bindingdb|chembl|pubchem_confirmatory|bindingdb|chembl|pubchem_confirmatory,False,False,False,False,0.7419354838709677
YUHZLTYIGGBRCL-OFKODDFHSA-N,FQMRJTKRSGTZGA-CRLCSLCLSA-N,0.8045977,7.431798275933005,6.320572103387882,1.1112261725451233,broad,bindingdb|chembl|pubchem_confirmatory|bindingdb|chembl|pubchem_confirmatory,False,False,False,False,
OHUUCVMEELTIEE-OFKODDFHSA-N,SMADULGDNOCLOP-GISFHXKWSA-N,0.9285714,7.236572006437062,5.389872386924004,1.8466996195130578,moderate,bindingdb|chembl|pubchem_confirmatory|bindingdb|chembl|pubchem_confirmatory,False,False,False,False,
OHUUCVMEELTIEE-OFKODDFHSA-N,XZEQIKBQYLFCFP-OFKODDFHSA-N,0.875,7.236572006437062,5.653255945395151,1.583316061041911,moderate,bindingdb|chembl|pubchem_confirmatory|bindingdb|chembl|pubchem_confirmatory,False,False,False,False,
JNSLXLJZKMOIDF-KTBVXVCESA-N,VWAZCFJVBLNVDM-WMZHIEFXSA-N,0.8064516,7.568636235841012,6.2335871528876,1.3350490829534118,broad,bindingdb|chembl|pubchem_confirmatory|bindingdb|pubchem_confirmatory,False,False,False,False,
ZUPOOTASJDLVFQ-ZHKUBPBOSA-N,JUXIEDUTQMSFCE-BTDDGAACSA-N,0.8111111,6.7594507517174,7.886056647693163,1.1266058959757634,broad,bindingdb|chembl|pubchem_confirmatory|bindingdb|chembl|pubchem_confirmatory,False,False,False,False,
ZUPOOTASJDLVFQ-ZHKUBPBOSA-N,UGYGQLAFRCVHJW-JWJBQAENSA-N,0.8045977,6.7594507517174,5.685922008220788,1.0735287434966114,broad,bindingdb|chembl|pubchem_confirmatory|bindingdb|chembl|pubchem_confirmatory,False,False,False,False,
GCFNXULBTXKENW-FCBLIUAWSA-N,FHNXXQPTBOXSLJ-YLBOGKAESA-N,0.8061224,7.036212172654444,8.221848749616356,1.1856365769619117,broad,bindingdb|chembl|pubchem_confirmatory|bindingdb|chembl|pubchem_confirmatory,False,False,False,False,
CUYITFFXXJHXFK-HFUMYMFYSA-N,DYXJONFPYHVUNN-QYHPCCJNSA-N,0.82222223,7.431798275933005,6.318758762624412,1.1130395133085926,broad,bindingdb|chembl|pubchem_confirmatory|bindingdb|chembl|pubchem_confirmatory,False,False,False,False,
PBOPTXINZBERHK-XBPDSQQVSA-N,UGYGQLAFRCVHJW-JWJBQAENSA-N,0.8068182,6.946921556516581,5.685922008220788,1.2609995482957927,broad,bindingdb|chembl|pubchem_confirmatory|bindingdb|chembl|pubchem_confirmatory,False,False,False,False,
PBOPTXINZBERHK-XBPDSQQVSA-N,JLGGAYUHFPLCCK-IKXBFRDRSA-N,0.8,6.946921556516581,5.8655041441653255,1.0814174123512554,broad,bindingdb|chembl|pubchem_confirmatory|bindingdb|chembl|pubchem_confirmatory,False,False,False,False,
PBOPTXINZBERHK-XBPDSQQVSA-N,AAUHSICUDJELSM-FWLHTVFYSA-N,0.8,6.946921556516581,5.945770090136603,1.0011514663799783,broad,bindingdb|chembl|pubchem_confirmatory|bindingdb|chembl|pubchem_confirmatory,False,False,False,False,
AMEWEHGOXPSWAC-XBPDSQQVSA-N,UGYGQLAFRCVHJW-JWJBQAENSA-N,0.8068182,7.221848749616356,5.685922008220788,1.535926741395568,moderate,bindingdb|chembl|pubchem_confirmatory|bindingdb|chembl|pubchem_confirmatory,False,False,False,False,
AMEWEHGOXPSWAC-XBPDSQQVSA-N,VOBZGOGESGOLJC-PWJCZFGMSA-N,0.8043478,7.221848749616356,6.181774106386044,1.0400746432303123,broad,bindingdb|chembl|pubchem_confirmatory|bindingdb|chembl|pubchem_confirmatory,False,False,False,False,
AMEWEHGOXPSWAC-XBPDSQQVSA-N,JLGGAYUHFPLCCK-IKXBFRDRSA-N,0.86206895,7.221848749616356,5.8655041441653255,1.3563446054510306,broad,bindingdb|chembl|pubchem_confirmatory|bindingdb|chembl|pubchem_confirmatory,False,False,False,False,
AMEWEHGOXPSWAC-XBPDSQQVSA-N,AAUHSICUDJELSM-FWLHTVFYSA-N,0.8,7.221848749616356,5.945770090136603,1.2760786594797535,broad,bindingdb|chembl|pubchem_confirmatory|bindingdb|chembl|pubchem_confirmatory,False,False,False,False,
VKTVGAAULGZPQR-SGAJGPLNSA-N,JPLPPBQBZHFMMU-BYICHJTDSA-N,0.875,7.142667503568731,6.025488307262672,1.1171791963060587,broad,bindingdb|chembl|pubchem_confirmatory|bindingdb|chembl|pubchem_confirmatory,False,False,False,False,
HLLWSQZPGMWUKG-GGQNZWSISA-N,ZZXHCVIIEJEFMW-ABNDPDSASA-N,0.8111111,6.856985199745904,7.958607314841775,1.1016221150958705,broad,bindingdb|chembl|pubchem_confirmatory|bindingdb|chembl|pubchem_confirmatory,False,False,False,False,
YGBXMBYJIHYZOE-NHCUHLMSSA-N,AGPQOUQXIGSZRM-NHCUHLMSSA-N,0.8,6.958607314841775,5.941194513324095,1.01741280151768,broad,bindingdb|chembl|pubchem_confirmatory|bindingdb|chembl|pubchem_confirmatory,False,False,False,False,
WMDGKAUBJUTFPM-VPGDJBLGSA-N,UGYGQLAFRCVHJW-JWJBQAENSA-N,0.87058824,6.970616222314791,5.685922008220788,1.284694214094003,broad,bindingdb|chembl|pubchem_confirmatory|bindingdb|chembl|pubchem_confirmatory,False,False,False,False,
WMDGKAUBJUTFPM-VPGDJBLGSA-N,RAVBZQAQTVGKIV-XBPDSQQVSA-N,0.872093,6.970616222314791,5.340844719059372,1.6297715032554194,moderate,bindingdb|chembl|pubchem_confirmatory|bindingdb|chembl|pubchem_confirmatory,False,False,False,False,
WMDGKAUBJUTFPM-VPGDJBLGSA-N,JLGGAYUHFPLCCK-IKXBFRDRSA-N,0.8,6.970616222314791,5.8655041441653255,1.1051120781494657,broad,bindingdb|chembl|pubchem_confirmatory|bindingdb|chembl|pubchem_confirmatory,False,False,False,False,
GWRHMJQHVNKZKS-CUHSMEASSA-N,UGYGQLAFRCVHJW-JWJBQAENSA-N,0.80898875,7.337242168318426,5.685922008220788,1.6513201600976375,moderate,bindingdb|chembl|pubchem_confirmatory|bindingdb|chembl|pubchem_confirmatory,False,False,False,False,
VRCSODDMQPDIPX-MRLTYDNFSA-N,UGYGQLAFRCVHJW-JWJBQAENSA-N,0.8068182,7.154901959985743,5.685922008220788,1.4689799517649549,broad,bindingdb|chembl|pubchem_confirmatory|bindingdb|chembl|pubchem_confirmatory,False,False,False,False,
VRCSODDMQPDIPX-MRLTYDNFSA-N,RAVBZQAQTVGKIV-XBPDSQQVSA-N,0.80898875,7.154901959985743,5.340844719059372,1.8140572409263713,moderate,bindingdb|chembl|pubchem_confirmatory|bindingdb|chembl|pubchem_confirmatory,False,False,False,False,
VRCSODDMQPDIPX-MRLTYDNFSA-N,JLGGAYUHFPLCCK-IKXBFRDRSA-N,0.8,7.154901959985743,5.8655041441653255,1.2893978158204176,broad,bindingdb|chembl|pubchem_confirmatory|bindingdb|chembl|pubchem_confirmatory,False,False,False,False,
VRCSODDMQPDIPX-MRLTYDNFSA-N,AAUHSICUDJELSM-FWLHTVFYSA-N,0.8,7.154901959985743,5.945770090136603,1.2091318698491405,broad,bindingdb|chembl|pubchem_confirmatory|bindingdb|chembl|pubchem_confirmatory,False,False,False,False,
MOQQBCVGGOTYTF-OGSSDNIRSA-N,UGYGQLAFRCVHJW-JWJBQAENSA-N,0.8372093,7.022276394711152,5.685922008220788,1.3363543864903642,broad,bindingdb|chembl|pubchem_confirmatory|bindingdb|chembl|pubchem_confirmatory,False,False,False,False,
MOQQBCVGGOTYTF-OGSSDNIRSA-N,RAVBZQAQTVGKIV-XBPDSQQVSA-N,0.8181818,7.022276394711152,5.340844719059372,1.6814316756517806,moderate,bindingdb|chembl|pubchem_confirmatory|bindingdb|chembl|pubchem_confirmatory,False,False,False,False,
MOQQBCVGGOTYTF-OGSSDNIRSA-N,JLGGAYUHFPLCCK-IKXBFRDRSA-N,0.80898875,7.022276394711152,5.8655041441653255,1.1567722505458269,broad,bindingdb|chembl|pubchem_confirmatory|bindingdb|chembl|pubchem_confirmatory,False,False,False,False,
MOQQBCVGGOTYTF-OGSSDNIRSA-N,AAUHSICUDJELSM-FWLHTVFYSA-N,0.80898875,7.022276394711152,5.945770090136603,1.0765063045745498,broad,bindingdb|chembl|pubchem_confirmatory|bindingdb|chembl|pubchem_confirmatory,False,False,False,False,
HCVYAIQSYNFWFL-MDLALNFGSA-N,SMADULGDNOCLOP-GISFHXKWSA-N,0.84090906,7.4685210829577455,5.389872386924004,2.078648696033741,severe,bindingdb|chembl|pubchem_confirmatory|bindingdb|chembl|pubchem_confirmatory,False,False,False,True,0.7804878048780488
HCVYAIQSYNFWFL-MDLALNFGSA-N,XZEQIKBQYLFCFP-OFKODDFHSA-N,0.8131868,7.4685210829577455,5.653255945395151,1.8152651375625943,moderate,bindingdb|chembl|pubchem_confirmatory|bindingdb|chembl|pubchem_confirmatory,False,False,False,False,
HCVYAIQSYNFWFL-MDLALNFGSA-N,FQMRJTKRSGTZGA-CRLCSLCLSA-N,0.8068182,7.4685210829577455,6.320572103387882,1.1479489795698639,broad,bindingdb|chembl|pubchem_confirmatory|bindingdb|chembl|pubchem_confirmatory,False,False,False,False,
ZHPWXILYNHLQNH-SBAIMNNOSA-N,ZZXHCVIIEJEFMW-ABNDPDSASA-N,0.84090906,6.782516055786093,7.958607314841775,1.1760912590556813,broad,bindingdb|chembl|pubchem_confirmatory|bindingdb|chembl|pubchem_confirmatory,False,False,False,False,
AXERDGDCJDSTJP-OGSSDNIRSA-N,LFPPSFVNBGNNPR-UCDZCMRKSA-N,0.80898875,6.821023052706831,7.886056647693163,1.0650335949863319,broad,bindingdb|chembl|pubchem_confirmatory|bindingdb|chembl|pubchem_confirmatory,False,False,False,False,
AXERDGDCJDSTJP-OGSSDNIRSA-N,UGYGQLAFRCVHJW-JWJBQAENSA-N,0.8372093,6.821023052706831,5.685922008220788,1.135101044486043,broad,bindingdb|chembl|pubchem_confirmatory|bindingdb|chembl|pubchem_confirmatory,False,False,False,False,
AXERDGDCJDSTJP-OGSSDNIRSA-N,RAVBZQAQTVGKIV-XBPDSQQVSA-N,0.8181818,6.821023052706831,5.340844719059372,1.4801783336474594,broad,bindingdb|chembl|pubchem_confirmatory|bindingdb|chembl|pubchem_confirmatory,False,False,False,False,
QWQIZECTXVUQDF-MDLALNFGSA-N,FQMRJTKRSGTZGA-CRLCSLCLSA-N,0.8068182,7.431798275933005,6.320572103387882,1.1112261725451233,broad,bindingdb|chembl|pubchem_confirmatory|bindingdb|chembl|pubchem_confirmatory,False,False,False,False,
JGODGXQSLRJVSE-VLOVYFPZSA-N,UGEAJVMTCPYFMU-YLBOGKAESA-N,0.8064516,6.730487055782082,7.886056647693163,1.1555695919110809,broad,bindingdb|chembl|pubchem_confirmatory|bindingdb|chembl|pubchem_confirmatory,False,False,False,False,
JGODGXQSLRJVSE-VLOVYFPZSA-N,SMADULGDNOCLOP-GISFHXKWSA-N,0.8068182,6.730487055782082,5.389872386924004,1.3406146688580778,broad,bindingdb|chembl|pubchem_confirmatory|bindingdb|chembl|pubchem_confirmatory,False,False,False,False,
JGODGXQSLRJVSE-VLOVYFPZSA-N,UGYGQLAFRCVHJW-JWJBQAENSA-N,0.8045977,6.730487055782082,5.685922008220788,1.044565047561294,broad,bindingdb|chembl|pubchem_confirmatory|bindingdb|chembl|pubchem_confirmatory,False,False,False,False,
RXOPZPXJRLYRAF-KFACBJOOSA-N,DYXJONFPYHVUNN-QYHPCCJNSA-N,0.84705883,7.494850021680094,6.318758762624412,1.1760912590556813,broad,bindingdb|chembl|pubchem_confirmatory|bindingdb|chembl|pubchem_confirmatory,False,False,False,False,
RXOPZPXJRLYRAF-KFACBJOOSA-N,JPLPPBQBZHFMMU-BYICHJTDSA-N,0.80898875,7.494850021680094,6.025488307262672,1.4693617144174214,broad,bindingdb|chembl|pubchem_confirmatory|bindingdb|chembl|pubchem_confirmatory,False,False,False,False,
RXOPZPXJRLYRAF-KFACBJOOSA-N,UGYGQLAFRCVHJW-JWJBQAENSA-N,0.8352941,7.494850021680094,5.685922008220788,1.8089280134593055,moderate,bindingdb|chembl|pubchem_confirmatory|bindingdb|chembl|pubchem_confirmatory,False,False,False,False,
RXOPZPXJRLYRAF-KFACBJOOSA-N,RAVBZQAQTVGKIV-XBPDSQQVSA-N,0.81609195,7.494850021680094,5.340844719059372,2.154005302620722,severe,bindingdb|chembl|pubchem_confirmatory|bindingdb|chembl|pubchem_confirmatory,False,False,False,True,0.768595041322314
RXOPZPXJRLYRAF-KFACBJOOSA-N,FEAAPSIVYRPJMS-ZHKUBPBOSA-N,0.8,7.494850021680094,6.268411234813261,1.226438786866833,broad,bindingdb|chembl|pubchem_confirmatory|bindingdb|chembl|pubchem_confirmatory,False,False,False,False,
RXOPZPXJRLYRAF-KFACBJOOSA-N,JLGGAYUHFPLCCK-IKXBFRDRSA-N,0.8068182,7.494850021680094,5.8655041441653255,1.6293458775147682,moderate,bindingdb|chembl|pubchem_confirmatory|bindingdb|chembl|pubchem_confirmatory,False,False,False,False,
RXOPZPXJRLYRAF-KFACBJOOSA-N,QXAORQAEXXCHPT-TWDLTGNASA-N,0.8255814,7.494850021680094,6.355561410532161,1.1392886111479328,broad,bindingdb|chembl|pubchem_confirmatory|bindingdb|chembl|pubchem_confirmatory,False,False,False,False,
RXOPZPXJRLYRAF-KFACBJOOSA-N,XKZWCVYYFYFPGX-LDZQUKMZSA-N,0.8372093,7.494850021680094,6.47755576649368,1.017294255186414,broad,bindingdb|chembl|pubchem_confirmatory|bindingdb|chembl|pubchem_confirmatory,False,False,False,False,
RXOPZPXJRLYRAF-KFACBJOOSA-N,AAUHSICUDJELSM-FWLHTVFYSA-N,0.82758623,7.494850021680094,5.945770090136603,1.549079931543491,moderate,bindingdb|chembl|pubchem_confirmatory|bindingdb|chembl|pubchem_confirmatory,False,False,False,False,
RXOPZPXJRLYRAF-KFACBJOOSA-N,VPRIXAPXYJHZRG-RXEARMEOSA-N,0.8021978,7.494850021680094,6.130181792020672,1.3646682296594221,broad,bindingdb|chembl|pubchem_confirmatory|bindingdb|chembl|pubchem_confirmatory,False,False,False,False,
BOZRLVBXVMVJGG-OGSSDNIRSA-N,UGYGQLAFRCVHJW-JWJBQAENSA-N,0.8372093,7.008773924307505,5.685922008220788,1.3228519160867167,broad,bindingdb|chembl|pubchem_confirmatory|bindingdb|chembl|pubchem_confirmatory,False,False,False,False,
BOZRLVBXVMVJGG-OGSSDNIRSA-N,RAVBZQAQTVGKIV-XBPDSQQVSA-N,0.8181818,7.008773924307505,5.340844719059372,1.6679292052481332,moderate,bindingdb|chembl|pubchem_confirmatory|bindingdb|chembl|pubchem_confirmatory,False,False,False,False,
BOZRLVBXVMVJGG-OGSSDNIRSA-N,JLGGAYUHFPLCCK-IKXBFRDRSA-N,0.82954544,7.008773924307505,5.8655041441653255,1.1432697801421794,broad,bindingdb|chembl|pubchem_confirmatory|bindingdb|chembl|pubchem_confirmatory,False,False,False,False,
FQYBDGIUWAOBIG-JZTDYHMVSA-N,XOIUBWNWSVROLJ-OPYALOGVSA-N,0.8023256,6.882728704344236,8.045757490560675,1.1630287862164392,broad,bindingdb|chembl|pubchem_confirmatory|bindingdb|chembl|pubchem_confirmatory,False,False,False,False,
FQYBDGIUWAOBIG-JZTDYHMVSA-N,ZZXHCVIIEJEFMW-ABNDPDSASA-N,0.8452381,6.882728704344236,7.958607314841775,1.075878610497539,broad,bindingdb|chembl|pubchem_confirmatory|bindingdb|chembl|pubchem_confirmatory,False,False,False,False,
DEHPLCPIDMIDTB-ZSADTWRWSA-N,ZZXHCVIIEJEFMW-ABNDPDSASA-N,0.8488372,6.806875401645538,7.958607314841775,1.1517319131962367,broad,bindingdb|chembl|pubchem_confirmatory|bindingdb|chembl|pubchem_confirmatory,False,False,False,False,
WOLYRLZFTJKCJP-LCHPKMOASA-N,UGYGQLAFRCVHJW-JWJBQAENSA-N,0.8,6.958607314841775,5.685922008220788,1.2726853066209864,broad,bindingdb|chembl|pubchem_confirmatory|bindingdb|chembl|pubchem_confirmatory,False,False,False,False,
UNEIAEKVSGNXOY-QIYJARMZSA-N,SMADULGDNOCLOP-GISFHXKWSA-N,0.8021978,6.730487055782082,5.389872386924004,1.3406146688580778,broad,bindingdb|chembl|pubchem_confirmatory|bindingdb|chembl|pubchem_confirmatory,False,False,False,False,
ZVLXKVSVHOPDCS-ZSADTWRWSA-N,ZZXHCVIIEJEFMW-ABNDPDSASA-N,0.8181818,6.79317412396815,7.958607314841775,1.1654331908736246,broad,bindingdb|chembl|pubchem_confirmatory|bindingdb|chembl|pubchem_confirmatory,False,False,False,False,
QUGDJUDQMAHGNQ-AQEANLGOSA-N,SMADULGDNOCLOP-GISFHXKWSA-N,0.82222223,7.4089353929735005,5.389872386924004,2.019063006049496,severe,bindingdb|chembl|pubchem_confirmatory|bindingdb|chembl|pubchem_confirmatory,False,False,False,True,0.782258064516129
FMNSJJUYYNOGSP-FLVRFYSZSA-N,SMADULGDNOCLOP-GISFHXKWSA-N,0.80898875,7.4685210829577455,5.389872386924004,2.078648696033741,severe,bindingdb|chembl|pubchem_confirmatory|bindingdb|chembl|pubchem_confirmatory,False,False,False,True,0.7580645161290323
FMNSJJUYYNOGSP-FLVRFYSZSA-N,ADHFBWGDPOELQN-QZPZUKOXSA-N,0.8,7.4685210829577455,6.351639989019067,1.1168810939386784,broad,bindingdb|chembl|pubchem_confirmatory|bindingdb|chembl|pubchem_confirmatory,False,False,False,False,
UYPKAAMIGAGDTF-ZSADTWRWSA-N,UGYGQLAFRCVHJW-JWJBQAENSA-N,0.82758623,7.070581074285708,5.685922008220788,1.3846590660649198,broad,bindingdb|chembl|pubchem_confirmatory|bindingdb|chembl|pubchem_confirmatory,False,False,False,False,
UYPKAAMIGAGDTF-ZSADTWRWSA-N,RAVBZQAQTVGKIV-XBPDSQQVSA-N,0.85057473,7.070581074285708,5.340844719059372,1.7297363552263363,moderate,bindingdb|chembl|pubchem_confirmatory|bindingdb|chembl|pubchem_confirmatory,False,False,False,False,
UYPKAAMIGAGDTF-ZSADTWRWSA-N,JLGGAYUHFPLCCK-IKXBFRDRSA-N,0.8202247,7.070581074285708,5.8655041441653255,1.2050769301203825,broad,bindingdb|chembl|pubchem_confirmatory|bindingdb|chembl|pubchem_confirmatory,False,False,False,False,
UYPKAAMIGAGDTF-ZSADTWRWSA-N,AAUHSICUDJELSM-FWLHTVFYSA-N,0.8,7.070581074285708,5.945770090136603,1.1248109841491054,broad,bindingdb|chembl|pubchem_confirmatory|bindingdb|chembl|pubchem_confirmatory,False,False,False,False,
UOXUJGWUTQMJMX-DNQXCXABSA-N,IUNWYIOFTGIVGX-JWQCQUIFSA-N,0.8764045,7.022276394711152,5.8099485822407955,1.212327812470357,broad,bindingdb|chembl|pubchem_confirmatory|bindingdb|chembl|pubchem_confirmatory,False,False,False,False,
GWBRLBIUBIXVRC-UCDZCMRKSA-N,SMADULGDNOCLOP-GISFHXKWSA-N,0.82954544,6.958607314841775,5.389872386924004,1.5687349279177702,moderate,bindingdb|chembl|pubchem_confirmatory|bindingdb|chembl|pubchem_confirmatory,False,False,False,False,
GWBRLBIUBIXVRC-UCDZCMRKSA-N,UGYGQLAFRCVHJW-JWJBQAENSA-N,0.89285713,6.958607314841775,5.685922008220788,1.2726853066209864,broad,bindingdb|chembl|pubchem_confirmatory|bindingdb|chembl|pubchem_confirmatory,False,False,False,False,
GWBRLBIUBIXVRC-UCDZCMRKSA-N,XZEQIKBQYLFCFP-OFKODDFHSA-N,0.8021978,6.958607314841775,5.653255945395151,1.3053513694466234,broad,bindingdb|chembl|pubchem_confirmatory|bindingdb|chembl|pubchem_confirmatory,False,False,False,False,
GWBRLBIUBIXVRC-UCDZCMRKSA-N,RAVBZQAQTVGKIV-XBPDSQQVSA-N,0.85057473,6.958607314841775,5.340844719059372,1.617762595782403,moderate,bindingdb|chembl|pubchem_confirmatory|bindingdb|chembl|pubchem_confirmatory,False,False,False,False,
GWBRLBIUBIXVRC-UCDZCMRKSA-N,JLGGAYUHFPLCCK-IKXBFRDRSA-N,0.8,6.958607314841775,5.8655041441653255,1.0931031706764491,broad,bindingdb|chembl|pubchem_confirmatory|bindingdb|chembl|pubchem_confirmatory,False,False,False,False,
RQBGGNNHJIRZIX-OFKODDFHSA-N,SMADULGDNOCLOP-GISFHXKWSA-N,0.90588236,7.221848749616356,5.389872386924004,1.8319763626923518,moderate,bindingdb|chembl|pubchem_confirmatory|bindingdb|chembl|pubchem_confirmatory,False,False,False,False,
RQBGGNNHJIRZIX-OFKODDFHSA-N,XZEQIKBQYLFCFP-OFKODDFHSA-N,0.8965517,7.221848749616356,5.653255945395151,1.568592804221205,moderate,bindingdb|chembl|pubchem_confirmatory|bindingdb|chembl|pubchem_confirmatory,False,False,False,False,
WNVSDECEZODUPK-JAEXGXQOSA-N,SMADULGDNOCLOP-GISFHXKWSA-N,0.872093,7.481486060122112,5.389872386924004,2.0916136731981076,severe,bindingdb|chembl|pubchem_confirmatory|bindingdb|chembl|pubchem_confirmatory,False,False,False,False,0.8166666666666667
WNVSDECEZODUPK-JAEXGXQOSA-N,XFHAKEMVOHEDCX-NYESITDKSA-N,0.8,7.481486060122112,6.374687549038325,1.1067985110837872,broad,bindingdb|chembl|pubchem_confirmatory|bindingdb|chembl|pubchem_confirmatory,False,False,False,False,
WNVSDECEZODUPK-JAEXGXQOSA-N,XZEQIKBQYLFCFP-OFKODDFHSA-N,0.8426966,7.481486060122112,5.653255945395151,1.8282301147269608,moderate,bindingdb|chembl|pubchem_confirmatory|bindingdb|chembl|pubchem_confirmatory,False,False,False,False,
WNVSDECEZODUPK-JAEXGXQOSA-N,FQMRJTKRSGTZGA-CRLCSLCLSA-N,0.85882354,7.481486060122112,6.320572103387882,1.1609139567342304,broad,bindingdb|chembl|pubchem_confirmatory|bindingdb|chembl|pubchem_confirmatory,False,False,False,False,
WNVSDECEZODUPK-JAEXGXQOSA-N,IEDUCHTZVMPXRI-TWDLTGNASA-N,0.8045977,7.481486060122112,6.481486060122112,1.0,broad,bindingdb|chembl|pubchem_confirmatory|bindingdb|chembl|pubchem_confirmatory,False,False,False,False,
WNVSDECEZODUPK-JAEXGXQOSA-N,XKZWCVYYFYFPGX-LDZQUKMZSA-N,0.80898875,7.481486060122112,6.47755576649368,1.0039302936284322,broad,bindingdb|chembl|pubchem_confirmatory|bindingdb|chembl|pubchem_confirmatory,False,False,False,False,
RTDXVNREPXJNCF-YLBOGKAESA-N,ZZXHCVIIEJEFMW-ABNDPDSASA-N,0.8181818,6.7258421507363195,7.958607314841775,1.2327651641054551,broad,bindingdb|chembl|pubchem_confirmatory|bindingdb|chembl|pubchem_confirmatory,False,False,False,False,
ZANMCXUVQQBPMY-GOJCXORZSA-N,SMADULGDNOCLOP-GISFHXKWSA-N,0.83146065,7.187086643357144,5.389872386924004,1.79721425643314,moderate,bindingdb|chembl|pubchem_confirmatory|bindingdb|chembl|pubchem_confirmatory,False,False,False,False,
ZANMCXUVQQBPMY-GOJCXORZSA-N,XZEQIKBQYLFCFP-OFKODDFHSA-N,0.8043478,7.187086643357144,5.653255945395151,1.5338306979619931,moderate,bindingdb|chembl|pubchem_confirmatory|bindingdb|chembl|pubchem_confirmatory,False,False,False,False,
WTSASHWPWMRDLY-BTDDGAACSA-N,DOBUFQCURIHFSH-YADARESESA-N,0.8020833,7.431798275933005,5.73754891026957,1.6942493656634348,moderate,bindingdb|chembl|pubchem_confirmatory|bindingdb|pubchem_confirmatory,False,False,False,False,
FOBNOYWWYUHZGJ-CPWPOOERSA-N,DYXJONFPYHVUNN-QYHPCCJNSA-N,0.8068182,7.4089353929735005,6.318758762624412,1.090176630349088,broad,bindingdb|chembl|pubchem_confirmatory|bindingdb|chembl|pubchem_confirmatory,False,False,False,False,
FOBNOYWWYUHZGJ-CPWPOOERSA-N,UGYGQLAFRCVHJW-JWJBQAENSA-N,0.85882354,7.4089353929735005,5.685922008220788,1.7230133847527123,moderate,bindingdb|chembl|pubchem_confirmatory|bindingdb|chembl|pubchem_confirmatory,False,False,False,False,
FOBNOYWWYUHZGJ-CPWPOOERSA-N,RAVBZQAQTVGKIV-XBPDSQQVSA-N,0.83908045,7.4089353929735005,5.340844719059372,2.0680906739141287,severe,bindingdb|chembl|pubchem_confirmatory|bindingdb|chembl|pubchem_confirmatory,False,False,False,False,0.7619047619047619
FOBNOYWWYUHZGJ-CPWPOOERSA-N,FQMRJTKRSGTZGA-CRLCSLCLSA-N,0.8255814,7.4089353929735005,6.320572103387882,1.0883632895856188,broad,bindingdb|chembl|pubchem_confirmatory|bindingdb|chembl|pubchem_confirmatory,False,False,False,False,
FOBNOYWWYUHZGJ-CPWPOOERSA-N,JLGGAYUHFPLCCK-IKXBFRDRSA-N,0.80898875,7.4089353929735005,5.8655041441653255,1.543431248808175,moderate,bindingdb|chembl|pubchem_confirmatory|bindingdb|chembl|pubchem_confirmatory,False,False,False,False,
FOBNOYWWYUHZGJ-CPWPOOERSA-N,QXAORQAEXXCHPT-TWDLTGNASA-N,0.82758623,7.4089353929735005,6.355561410532161,1.0533739824413395,broad,bindingdb|chembl|pubchem_confirmatory|bindingdb|chembl|pubchem_confirmatory,False,False,False,False,
XSOFYILRXPOXMM-CCWBKVMBSA-N,UGYGQLAFRCVHJW-JWJBQAENSA-N,0.8,7.639094692393726,5.685922008220788,1.9531726841729382,moderate,bindingdb|chembl|pubchem_confirmatory|bindingdb|chembl|pubchem_confirmatory,False,False,False,False,
XSOFYILRXPOXMM-CCWBKVMBSA-N,GWPCNDJPVHVXQX-VJTFINOGSA-N,0.82417583,7.639094692393726,6.59176003468815,1.0473346577055764,broad,bindingdb|chembl|pubchem_confirmatory|bindingdb|chembl|pubchem_confirmatory,False,False,False,False,
XSOFYILRXPOXMM-CCWBKVMBSA-N,XKZWCVYYFYFPGX-LDZQUKMZSA-N,0.82222223,7.639094692393726,6.47755576649368,1.1615389259000466,broad,bindingdb|chembl|pubchem_confirmatory|bindingdb|chembl|pubchem_confirmatory,False,False,False,False,
XSOFYILRXPOXMM-CCWBKVMBSA-N,VPRIXAPXYJHZRG-RXEARMEOSA-N,0.80851066,7.639094692393726,6.130181792020672,1.5089129003730548,moderate,bindingdb|chembl|pubchem_confirmatory|bindingdb|chembl|pubchem_confirmatory,False,False,False,False,
LXTPBYAFKDAHIK-GNTVVGMTSA-N,UGYGQLAFRCVHJW-JWJBQAENSA-N,0.82758623,7.1938200260161125,5.685922008220788,1.5078980177953243,moderate,bindingdb|chembl|pubchem_confirmatory|bindingdb|chembl|pubchem_confirmatory,False,False,False,False,
LXTPBYAFKDAHIK-GNTVVGMTSA-N,RAVBZQAQTVGKIV-XBPDSQQVSA-N,0.80898875,7.1938200260161125,5.340844719059372,1.8529753069567407,moderate,bindingdb|chembl|pubchem_confirmatory|bindingdb|chembl|pubchem_confirmatory,False,False,False,False,
LXTPBYAFKDAHIK-GNTVVGMTSA-N,AAUHSICUDJELSM-FWLHTVFYSA-N,0.8,7.1938200260161125,5.945770090136603,1.2480499358795099,broad,bindingdb|chembl|pubchem_confirmatory|bindingdb|chembl|pubchem_confirmatory,False,False,False,False,
HNAWIPFBXDTQKU-WZVKSPBRSA-N,UGYGQLAFRCVHJW-JWJBQAENSA-N,0.8,7.42021640338319,5.685922008220788,1.7342943951624017,moderate,bindingdb|chembl|pubchem_confirmatory|bindingdb|chembl|pubchem_confirmatory,False,False,False,False,
XCBFJYQGXZLBPR-IKXBFRDRSA-N,UGYGQLAFRCVHJW-JWJBQAENSA-N,0.8181818,7.136677139879544,5.685922008220788,1.450755131658756,broad,bindingdb|chembl|pubchem_confirmatory|bindingdb|chembl|pubchem_confirmatory,False,False,False,False,
XCBFJYQGXZLBPR-IKXBFRDRSA-N,RAVBZQAQTVGKIV-XBPDSQQVSA-N,0.8,7.136677139879544,5.340844719059372,1.7958324208201724,moderate,bindingdb|chembl|pubchem_confirmatory|bindingdb|chembl|pubchem_confirmatory,False,False,False,False,
XCBFJYQGXZLBPR-IKXBFRDRSA-N,JLGGAYUHFPLCCK-IKXBFRDRSA-N,0.8111111,7.136677139879544,5.8655041441653255,1.2711729957142186,broad,bindingdb|chembl|pubchem_confirmatory|bindingdb|chembl|pubchem_confirmatory,False,False,False,False,
PPYDIYQJBOFKJJ-CCWBKVMBSA-N,SMADULGDNOCLOP-GISFHXKWSA-N,0.83146065,7.638272163982407,5.389872386924004,2.2483997770584025,severe,bindingdb|chembl|pubchem_confirmatory|bindingdb|chembl|pubchem_confirmatory,False,False,False,False,0.7741935483870968
PPYDIYQJBOFKJJ-CCWBKVMBSA-N,XZEQIKBQYLFCFP-OFKODDFHSA-N,0.8043478,7.638272163982407,5.653255945395151,1.9850162185872557,moderate,bindingdb|chembl|pubchem_confirmatory|bindingdb|chembl|pubchem_confirmatory,False,False,False,False,
ZDBVVDUTDBVYHC-BTDDGAACSA-N,AJMGZTAKLANPED-CRLCSLCLSA-N,0.81395346,7.886056647693163,6.886056647693163,1.0,broad,bindingdb|chembl|pubchem_confirmatory|bindingdb|chembl|pubchem_confirmatory,False,False,False,False,
ZDBVVDUTDBVYHC-BTDDGAACSA-N,FQMRJTKRSGTZGA-CRLCSLCLSA-N,0.8352941,7.886056647693163,6.320572103387882,1.5654845443052814,moderate,bindingdb|chembl|pubchem_confirmatory|bindingdb|chembl|pubchem_confirmatory,False,False,False,False,
ZDBVVDUTDBVYHC-BTDDGAACSA-N,VVJOEHPCXCWWBD-KIKFKFQISA-N,0.80898875,7.886056647693163,6.701146923590294,1.1849097241028694,broad,bindingdb|chembl|pubchem_confirmatory|bindingdb|chembl|pubchem_confirmatory,False,False,False,False,
ZDBVVDUTDBVYHC-BTDDGAACSA-N,HOYFQQGGIVDXAF-NYESITDKSA-N,0.8202247,7.886056647693163,6.8326826652518236,1.0533739824413395,broad,bindingdb|chembl|pubchem_confirmatory|bindingdb|chembl|pubchem_confirmatory,False,False,False,False,
ZDBVVDUTDBVYHC-BTDDGAACSA-N,ORALVNWJRJMLLQ-SGAJGPLNSA-N,0.9047619,7.886056647693163,6.8297382846050425,1.0563183630881205,broad,bindingdb|chembl|pubchem_confirmatory|bindingdb|chembl|pubchem_confirmatory,False,False,False,False,
MNRHEYODBDCHHO-OPYALOGVSA-N,XOIUBWNWSVROLJ-OPYALOGVSA-N,0.8202247,6.866461091629783,8.045757490560675,1.1792963989308918,broad,bindingdb|chembl|pubchem_confirmatory|bindingdb|chembl|pubchem_confirmatory,False,False,False,False,
LFPPSFVNBGNNPR-UCDZCMRKSA-N,UGYGQLAFRCVHJW-JWJBQAENSA-N,0.89411765,7.886056647693163,5.685922008220788,2.200134639472375,severe,bindingdb|chembl|pubchem_confirmatory|bindingdb|chembl|pubchem_confirmatory,False,False,False,False,0.8620689655172413
LFPPSFVNBGNNPR-UCDZCMRKSA-N,RAVBZQAQTVGKIV-XBPDSQQVSA-N,0.83146065,7.886056647693163,5.340844719059372,2.5452119286337913,severe,bindingdb|chembl|pubchem_confirmatory|bindingdb|chembl|pubchem_confirmatory,False,False,False,False,0.7950819672131147
LFPPSFVNBGNNPR-UCDZCMRKSA-N,JLGGAYUHFPLCCK-IKXBFRDRSA-N,0.8021978,7.886056647693163,5.8655041441653255,2.0205525035278376,severe,bindingdb|chembl|pubchem_confirmatory|bindingdb|chembl|pubchem_confirmatory,False,False,False,False,0.768
LFPPSFVNBGNNPR-UCDZCMRKSA-N,QXAORQAEXXCHPT-TWDLTGNASA-N,0.8,7.886056647693163,6.355561410532161,1.530495237161002,moderate,bindingdb|chembl|pubchem_confirmatory|bindingdb|chembl|pubchem_confirmatory,False,False,False,False,
LFPPSFVNBGNNPR-UCDZCMRKSA-N,QEFYHTWMHLVBQJ-CCWBKVMBSA-N,0.84615386,7.886056647693163,6.8696662315049934,1.0163904161881696,broad,bindingdb|chembl|pubchem_confirmatory|bindingdb|chembl|pubchem_confirmatory,False,False,False,False,
KMHVWSYZPXHNLI-JAEXGXQOSA-N,SMADULGDNOCLOP-GISFHXKWSA-N,0.872093,7.161150909262744,5.389872386924004,1.77127852233874,moderate,bindingdb|chembl|pubchem_confirmatory|bindingdb|chembl|pubchem_confirmatory,False,False,False,False,
KMHVWSYZPXHNLI-JAEXGXQOSA-N,XZEQIKBQYLFCFP-OFKODDFHSA-N,0.8426966,7.161150909262744,5.653255945395151,1.5078949638675931,moderate,bindingdb|chembl|pubchem_confirmatory|bindingdb|chembl|pubchem_confirmatory,False,False,False,False,
CGWRMBYFKYPJSA-RXEARMEOSA-N,UGYGQLAFRCVHJW-JWJBQAENSA-N,0.82758623,7.568636235841012,5.685922008220788,1.882714227620224,moderate,bindingdb|chembl|pubchem_confirmatory|bindingdb|chembl|pubchem_confirmatory,False,False,False,False,
CGWRMBYFKYPJSA-RXEARMEOSA-N,RAVBZQAQTVGKIV-XBPDSQQVSA-N,0.80898875,7.568636235841012,5.340844719059372,2.2277915167816404,severe,bindingdb|chembl|pubchem_confirmatory|bindingdb|chembl|pubchem_confirmatory,False,False,False,False,0.7480314960629921
CGWRMBYFKYPJSA-RXEARMEOSA-N,JLGGAYUHFPLCCK-IKXBFRDRSA-N,0.8,7.568636235841012,5.8655041441653255,1.7031320916756867,moderate,bindingdb|chembl|pubchem_confirmatory|bindingdb|chembl|pubchem_confirmatory,False,False,False,False,
CGWRMBYFKYPJSA-RXEARMEOSA-N,QXAORQAEXXCHPT-TWDLTGNASA-N,0.8181818,7.568636235841012,6.355561410532161,1.2130748253088512,broad,bindingdb|chembl|pubchem_confirmatory|bindingdb|chembl|pubchem_confirmatory,False,False,False,False,
UUCBMATYTOQCBV-CRLCSLCLSA-N,PEOALMVPXVMWBD-LCRYKWFRSA-N,0.8152174,7.958607314841775,6.732828271596986,1.2257790432447884,broad,bindingdb|chembl|bindingdb|chembl|pubchem_confirmatory,False,False,False,False,
YSMXCGSHAOODKA-CPWPOOERSA-N,XOIUBWNWSVROLJ-OPYALOGVSA-N,0.83146065,6.995678626217358,8.045757490560675,1.050078864343317,broad,bindingdb|chembl|pubchem_confirmatory|bindingdb|chembl|pubchem_confirmatory,False,False,False,False,
YSMXCGSHAOODKA-CPWPOOERSA-N,UGYGQLAFRCVHJW-JWJBQAENSA-N,0.8,6.995678626217358,5.685922008220788,1.3097566179965696,broad,bindingdb|chembl|pubchem_confirmatory|bindingdb|chembl|pubchem_confirmatory,False,False,False,False,
XOIUBWNWSVROLJ-OPYALOGVSA-N,RACXTZOZUFVBBE-BYICHJTDSA-N,0.80898875,8.045757490560675,6.987162775294828,1.0585947152658468,broad,bindingdb|chembl|pubchem_confirmatory|bindingdb|chembl|pubchem_confirmatory,False,False,False,False,
XOIUBWNWSVROLJ-OPYALOGVSA-N,NEEVNRSYPWVLMF-KUVLNDGKSA-N,0.80898875,8.045757490560675,6.950781977329818,1.0949755132308567,broad,bindingdb|chembl|pubchem_confirmatory|bindingdb|chembl|pubchem_confirmatory,False,False,False,False,
ZZXHCVIIEJEFMW-ABNDPDSASA-N,NEEVNRSYPWVLMF-KUVLNDGKSA-N,0.89411765,7.958607314841775,6.950781977329818,1.0078253375119566,broad,bindingdb|chembl|pubchem_confirmatory|bindingdb|chembl|pubchem_confirmatory,False,False,False,False,
QIRZFASKHQMJSA-HRQYYILTSA-N,FEAAPSIVYRPJMS-ZHKUBPBOSA-N,0.8148148,7.301029995663981,6.268411234813261,1.0326187608507205,broad,bindingdb|chembl|pubchem_confirmatory|bindingdb|chembl|pubchem_confirmatory,False,False,False,False,
QIRZFASKHQMJSA-HRQYYILTSA-N,ZDTTWDHETLQVDM-QZPZUKOXSA-N,0.8,7.301029995663981,6.231361898752386,1.0696680969115953,broad,bindingdb|chembl|bindingdb|chembl|pubchem_confirmatory,False,False,False,False,
UPUAJTPIEIEBEZ-BTDDGAACSA-N,UGYGQLAFRCVHJW-JWJBQAENSA-N,0.8,7.045757490560675,5.685922008220788,1.3598354823398866,broad,bindingdb|chembl|pubchem_confirmatory|bindingdb|chembl|pubchem_confirmatory,False,False,False,False,
COPUPBXKZYBZCG-RTBURBONSA-N,BTXDSXLNJIPVNQ-YCTZWBCQSA-N,0.86585367,7.4685210829577455,5.625801742070917,1.8427193408868288,moderate,bindingdb|chembl|pubchem_confirmatory|bindingdb|chembl|pubchem_confirmatory,False,False,False,False,
AKFLDWOPRDYHRT-ADGSLESKSA-N,BTXDSXLNJIPVNQ-YCTZWBCQSA-N,0.9506173,7.4089353929735005,5.625801742070917,1.7831336509025837,moderate,bindingdb|chembl|pubchem_confirmatory|bindingdb|chembl|pubchem_confirmatory,False,False,False,False,
WPPGVUDJTWDNTC-WOJBJXKFSA-N,BTXDSXLNJIPVNQ-YCTZWBCQSA-N,0.8452381,7.568636235841012,5.625801742070917,1.9428344937700954,moderate,bindingdb|chembl|pubchem_confirmatory|bindingdb|chembl|pubchem_confirmatory,False,False,False,False,
XCWPKXTWFCSJFA-ZSADTWRWSA-N,JLGGAYUHFPLCCK-IKXBFRDRSA-N,0.8021978,7.1249387366083,5.8655041441653255,1.2594345924429744,broad,bindingdb|chembl|pubchem_confirmatory|bindingdb|chembl|pubchem_confirmatory,False,False,False,False,
IKVBVRRECBVBRZ-CCWBKVMBSA-N,UGYGQLAFRCVHJW-JWJBQAENSA-N,0.80898875,7.522878745280337,5.685922008220788,1.8369567370595492,moderate,bindingdb|chembl|pubchem_confirmatory|bindingdb|chembl|pubchem_confirmatory,False,False,False,False,
IKVBVRRECBVBRZ-CCWBKVMBSA-N,DVTGDRXLJWGNBG-JAEXGXQOSA-N,0.8,7.522878745280337,6.510041520575165,1.012837224705172,broad,bindingdb|chembl|pubchem_confirmatory|bindingdb|chembl|pubchem_confirmatory,False,False,False,False,
IKVBVRRECBVBRZ-CCWBKVMBSA-N,BJEGYQKJPTWECF-CCWBKVMBSA-N,0.8111111,7.522878745280337,6.330683119433888,1.1921956258464492,broad,bindingdb|chembl|pubchem_confirmatory|bindingdb|chembl|pubchem_confirmatory,False,False,False,False,
IKVBVRRECBVBRZ-CCWBKVMBSA-N,JLGGAYUHFPLCCK-IKXBFRDRSA-N,0.8021978,7.522878745280337,5.8655041441653255,1.657374601115012,moderate,bindingdb|chembl|pubchem_confirmatory|bindingdb|chembl|pubchem_confirmatory,False,False,False,False,
IKVBVRRECBVBRZ-CCWBKVMBSA-N,QXAORQAEXXCHPT-TWDLTGNASA-N,0.8,7.522878745280337,6.355561410532161,1.1673173347481764,broad,bindingdb|chembl|pubchem_confirmatory|bindingdb|chembl|pubchem_confirmatory,False,False,False,False,
GAJPWPWNHDWJIG-CCWBKVMBSA-N,UGYGQLAFRCVHJW-JWJBQAENSA-N,0.8,7.42021640338319,5.685922008220788,1.7342943951624017,moderate,bindingdb|chembl|pubchem_confirmatory|bindingdb|chembl|pubchem_confirmatory,False,False,False,False,
GKUOJRFISXLTRQ-GNTVVGMTSA-N,UGYGQLAFRCVHJW-JWJBQAENSA-N,0.8,7.552841968657781,5.685922008220788,1.8669199604369924,moderate,bindingdb|chembl|pubchem_confirmatory|bindingdb|chembl|pubchem_confirmatory,False,False,False,False,
JUXIEDUTQMSFCE-BTDDGAACSA-N,POJYPFPOQWSPGY-LCRYKWFRSA-N,0.8131868,7.886056647693163,6.787812395596042,1.0982442520971212,broad,bindingdb|chembl|pubchem_confirmatory|bindingdb|chembl|pubchem_confirmatory,False,False,False,False,
XCRYSDRGCKTKKK-KFHGAJFOSA-N,UGYGQLAFRCVHJW-JWJBQAENSA-N,0.8181818,7.4685210829577455,5.685922008220788,1.7825990747369573,moderate,bindingdb|chembl|pubchem_confirmatory|bindingdb|chembl|pubchem_confirmatory,False,False,False,False,
XCRYSDRGCKTKKK-KFHGAJFOSA-N,RAVBZQAQTVGKIV-XBPDSQQVSA-N,0.8,7.4685210829577455,5.340844719059372,2.127676363898374,severe,bindingdb|chembl|pubchem_confirmatory|bindingdb|chembl|pubchem_confirmatory,False,False,False,False,0.7364341085271318
XCRYSDRGCKTKKK-KFHGAJFOSA-N,JLGGAYUHFPLCCK-IKXBFRDRSA-N,0.8111111,7.4685210829577455,5.8655041441653255,1.60301693879242,moderate,bindingdb|chembl|pubchem_confirmatory|bindingdb|chembl|pubchem_confirmatory,False,False,False,False,
XCRYSDRGCKTKKK-KFHGAJFOSA-N,QXAORQAEXXCHPT-TWDLTGNASA-N,0.80898875,7.4685210829577455,6.355561410532161,1.1129596724255846,broad,bindingdb|chembl|pubchem_confirmatory|bindingdb|chembl|pubchem_confirmatory,False,False,False,False,
KWTMYKOLAJKSJN-NHCUHLMSSA-N,AGPQOUQXIGSZRM-NHCUHLMSSA-N,0.83146065,7.180456064458131,5.941194513324095,1.2392615511340361,broad,bindingdb|chembl|pubchem_confirmatory|bindingdb|chembl|pubchem_confirmatory,False,False,False,False,
DYQIQCXLEJFKBQ-CRLCSLCLSA-N,VPRIXAPXYJHZRG-RXEARMEOSA-N,0.8,7.327902142064282,6.130181792020672,1.1977203500436104,broad,bindingdb|chembl|pubchem_confirmatory|bindingdb|chembl|pubchem_confirmatory,False,False,False,False,
IOWPZLZDXNUXKG-OFKODDFHSA-N,SMADULGDNOCLOP-GISFHXKWSA-N,0.84444445,7.568636235841012,5.389872386924004,2.178763848917008,severe,bindingdb|chembl|pubchem_confirmatory|bindingdb|chembl|pubchem_confirmatory,False,False,False,False,0.792
IOWPZLZDXNUXKG-OFKODDFHSA-N,XZEQIKBQYLFCFP-OFKODDFHSA-N,0.8172043,7.568636235841012,5.653255945395151,1.915380290445861,moderate,bindingdb|chembl|pubchem_confirmatory|bindingdb|chembl|pubchem_confirmatory,False,False,False,False,
DZUHJHSQFYLSQD-AZHBQHNBSA-N,SMADULGDNOCLOP-GISFHXKWSA-N,0.83146065,7.200659450546418,5.389872386924004,1.8107870636224135,moderate,bindingdb|chembl|pubchem_confirmatory|bindingdb|chembl|pubchem_confirmatory,False,False,False,False,
DZUHJHSQFYLSQD-AZHBQHNBSA-N,XZEQIKBQYLFCFP-OFKODDFHSA-N,0.8043478,7.200659450546418,5.653255945395151,1.5474035051512667,moderate,bindingdb|chembl|pubchem_confirmatory|bindingdb|chembl|pubchem_confirmatory,False,False,False,False,
SMADULGDNOCLOP-GISFHXKWSA-N,FCRDLQNTRUCVFZ-HLPYOLTBSA-N,0.8,5.389872386924004,6.991399828238083,1.6015274413140785,moderate,bindingdb|chembl|pubchem_confirmatory|bindingdb|chembl|pubchem_confirmatory,False,False,False,False,
SMADULGDNOCLOP-GISFHXKWSA-N,NCNREJRBJOTJAJ-JAEXGXQOSA-N,0.82417583,5.389872386924004,7.6777807052660805,2.287908318342076,severe,bindingdb|chembl|pubchem_confirmatory|bindingdb|chembl|pubchem_confirmatory,False,False,False,False,0.7698412698412699
SMADULGDNOCLOP-GISFHXKWSA-N,UNGYPWLQAZQTIO-ZREWPKOVSA-N,0.8426966,5.389872386924004,7.508638306165726,2.1187659192417216,severe,bindingdb|chembl|pubchem_confirmatory|bindingdb|chembl|pubchem_confirmatory,False,False,False,False,0.7903225806451613
SMADULGDNOCLOP-GISFHXKWSA-N,JNCHIMZOBMWPDY-IBYOELKQSA-N,0.82758623,5.389872386924004,6.8326826652518236,1.4428102783278192,broad,bindingdb|chembl|pubchem_confirmatory|bindingdb|chembl|pubchem_confirmatory,False,False,False,False,
SMADULGDNOCLOP-GISFHXKWSA-N,YFUKVVRZIHGSBQ-OTXUZITOSA-N,0.8636364,5.389872386924004,7.0655015487564325,1.6756291618324282,moderate,bindingdb|chembl|pubchem_confirmatory|bindingdb|chembl|pubchem_confirmatory,False,False,False,False,
SMADULGDNOCLOP-GISFHXKWSA-N,JONIBQRXWPIIAE-PDKDFQAWSA-N,0.82222223,5.389872386924004,7.318758762624412,1.928886375700408,moderate,bindingdb|chembl|pubchem_confirmatory|bindingdb|chembl|pubchem_confirmatory,False,False,False,False,
SMADULGDNOCLOP-GISFHXKWSA-N,WRHOMFJKHSWYJS-VDOBOPNRSA-N,0.8068182,5.389872386924004,7.619788758288394,2.2299163713643892,severe,bindingdb|chembl|pubchem_confirmatory|bindingdb|chembl|pubchem_confirmatory,False,False,False,False,0.7419354838709677
SMADULGDNOCLOP-GISFHXKWSA-N,MBLHBANEWJXWLO-UCDZCMRKSA-N,0.8,5.389872386924004,7.017728766960431,1.6278563800364267,moderate,bindingdb|chembl|pubchem_confirmatory|bindingdb|chembl|pubchem_confirmatory,False,False,False,False,
SMADULGDNOCLOP-GISFHXKWSA-N,AJMGZTAKLANPED-CRLCSLCLSA-N,0.8068182,5.389872386924004,6.886056647693163,1.4961842607691587,broad,bindingdb|chembl|pubchem_confirmatory|bindingdb|chembl|pubchem_confirmatory,False,False,False,False,
SMADULGDNOCLOP-GISFHXKWSA-N,IZUMVGWZYCKISG-NYESITDKSA-N,0.81609195,5.389872386924004,7.327902142064282,1.9380297551402776,moderate,bindingdb|chembl|pubchem_confirmatory|bindingdb|chembl|pubchem_confirmatory,False,False,False,False,
SMADULGDNOCLOP-GISFHXKWSA-N,ZJDVPOSOCAZXAB-YLBOGKAESA-N,0.8043478,5.389872386924004,6.886056647693163,1.4961842607691587,broad,bindingdb|chembl|pubchem_confirmatory|bindingdb|chembl|pubchem_confirmatory,False,False,False,False,
SMADULGDNOCLOP-GISFHXKWSA-N,WAKLAHAMPKKUFW-TWDLTGNASA-N,0.8181818,5.389872386924004,7.275724130399211,1.8858517434752065,moderate,bindingdb|chembl|pubchem_confirmatory|bindingdb|chembl|pubchem_confirmatory,False,False,False,False,
SMADULGDNOCLOP-GISFHXKWSA-N,BARHQTRCOFSNHB-VMFKXFQHSA-N,0.8111111,5.389872386924004,6.655607726314888,1.2657353393908837,broad,bindingdb|chembl|pubchem_confirmatory|bindingdb|chembl|pubchem_confirmatory,False,False,False,False,
SMADULGDNOCLOP-GISFHXKWSA-N,VVJOEHPCXCWWBD-KIKFKFQISA-N,0.8636364,5.389872386924004,6.701146923590294,1.3112745366662892,broad,bindingdb|chembl|pubchem_confirmatory|bindingdb|chembl|pubchem_confirmatory,False,False,False,False,
SMADULGDNOCLOP-GISFHXKWSA-N,XKZWCVYYFYFPGX-LDZQUKMZSA-N,0.8,5.389872386924004,6.47755576649368,1.0876833795696754,broad,bindingdb|chembl|pubchem_confirmatory|bindingdb|chembl|pubchem_confirmatory,False,False,False,False,
SMADULGDNOCLOP-GISFHXKWSA-N,GDNYILLQBQRSAV-TWDLTGNASA-N,0.8181818,5.389872386924004,7.3979400086720375,2.008067621748033,severe,bindingdb|chembl|pubchem_confirmatory|bindingdb|chembl|pubchem_confirmatory,False,False,False,False,0.7580645161290323
SMADULGDNOCLOP-GISFHXKWSA-N,YORKLVSHRPADJU-VMFKXFQHSA-N,0.84090906,5.389872386924004,7.200659450546418,1.8107870636224135,moderate,bindingdb|chembl|pubchem_confirmatory|bindingdb|chembl|pubchem_confirmatory,False,False,False,False,
SMADULGDNOCLOP-GISFHXKWSA-N,PJLWBJYOZPZIFT-ZREWPKOVSA-N,0.82417583,5.389872386924004,7.508638306165726,2.1187659192417216,severe,bindingdb|chembl|pubchem_confirmatory|bindingdb|chembl|pubchem_confirmatory,False,False,False,False,0.7777777777777778
SMADULGDNOCLOP-GISFHXKWSA-N,DUFHJZMKUIJMTQ-IZXGGDEESA-N,0.8064516,5.389872386924004,6.958607314841775,1.5687349279177702,moderate,bindingdb|chembl|pubchem_confirmatory|bindingdb|chembl|pubchem_confirmatory,False,False,False,False,
SMADULGDNOCLOP-GISFHXKWSA-N,LHCGWKJDICUCEG-KTBVXVCESA-N,0.8333333,5.389872386924004,7.6777807052660805,2.287908318342076,severe,bindingdb|chembl|pubchem_confirmatory|bindingdb|chembl|pubchem_confirmatory,False,False,False,False,0.7903225806451613
KOKUWMTYGARMHD-DNQXCXABSA-N,LCZLCHOEAQQLPI-DHIUTWEWSA-N,0.8,6.970616222314791,5.896196279044044,1.0744199432707475,broad,bindingdb|chembl|pubchem_confirmatory|bindingdb|chembl|pubchem_confirmatory,False,False,False,False,
KOKUWMTYGARMHD-DNQXCXABSA-N,IUNWYIOFTGIVGX-JWQCQUIFSA-N,0.8111111,6.970616222314791,5.8099485822407955,1.1606676400739957,broad,bindingdb|chembl|pubchem_confirmatory|bindingdb|chembl|pubchem_confirmatory,False,False,False,False,
OCQTVDAEZVKDGH-WOJBJXKFSA-N,RHDCFKUNICJMJR-WOJBJXKFSA-N,0.82608694,7.346787486224656,6.248720896016658,1.0980665902079982,broad,bindingdb|chembl|pubchem_confirmatory|bindingdb|chembl|pubchem_confirmatory,False,False,False,False,
OCQTVDAEZVKDGH-WOJBJXKFSA-N,AGPQOUQXIGSZRM-NHCUHLMSSA-N,0.85393256,7.346787486224656,5.941194513324095,1.4055929729005614,broad,bindingdb|chembl|pubchem_confirmatory|bindingdb|chembl|pubchem_confirmatory,False,False,False,False,
JITFKFFQQFTFFD-FGZHOGPDSA-N,LCZLCHOEAQQLPI-DHIUTWEWSA-N,0.83516484,7.2441251443275085,5.896196279044044,1.347928865283465,broad,bindingdb|chembl|pubchem_confirmatory|bindingdb|chembl|pubchem_confirmatory,False,False,False,False,
LCZLCHOEAQQLPI-DHIUTWEWSA-N,QDBKGUOTQOKNEP-DHIUTWEWSA-N,0.85227275,5.896196279044044,6.96657624451305,1.070379965469006,broad,bindingdb|chembl|pubchem_confirmatory|bindingdb|chembl|pubchem_confirmatory,False,False,False,False,
LCZLCHOEAQQLPI-DHIUTWEWSA-N,SMKGXZXHXWRPIW-DNQXCXABSA-N,0.8021978,5.896196279044044,6.995678626217358,1.0994823471733142,broad,bindingdb|chembl|pubchem_confirmatory|bindingdb|chembl|pubchem_confirmatory,False,False,False,False,
LCZLCHOEAQQLPI-DHIUTWEWSA-N,YTKPYQIRCMEYIW-DNQXCXABSA-N,0.8152174,5.896196279044044,6.946921556516581,1.0507252774725373,broad,bindingdb|chembl|pubchem_confirmatory|bindingdb|chembl|pubchem_confirmatory,False,False,False,False,
HQVPRPVJHZXVQD-BTDDGAACSA-N,UGYGQLAFRCVHJW-JWJBQAENSA-N,0.86206895,6.950781977329818,5.685922008220788,1.2648599691090299,broad,bindingdb|chembl|pubchem_confirmatory|bindingdb|chembl|pubchem_confirmatory,False,False,False,False,
HQVPRPVJHZXVQD-BTDDGAACSA-N,RAVBZQAQTVGKIV-XBPDSQQVSA-N,0.82222223,6.950781977329818,5.340844719059372,1.6099372582704463,moderate,bindingdb|chembl|pubchem_confirmatory|bindingdb|chembl|pubchem_confirmatory,False,False,False,False,
QBHCBTFAUAFZEJ-DNQXCXABSA-N,YYPWLWLLFMRPRH-DNQXCXABSA-N,0.8021978,6.614393726401688,7.619788758288394,1.0053950318867058,broad,bindingdb|chembl|pubchem_confirmatory|bindingdb|chembl|pubchem_confirmatory,False,False,False,False,
SPWDTUYYZDLPHY-KIKFKFQISA-N,WBFBGTNLTCFDPL-CWLQOSRCSA-N,0.81632656,6.7423214251308154,7.7447274948966935,1.002406069765878,broad,bindingdb|chembl|pubchem_confirmatory|bindingdb|chembl|pubchem_confirmatory,False,False,False,False,
OMPRKCRBUBPCQV-SGAJGPLNSA-N,DYXJONFPYHVUNN-QYHPCCJNSA-N,0.85057473,7.6020599913279625,6.318758762624412,1.2833012287035501,broad,bindingdb|chembl|pubchem_confirmatory|bindingdb|chembl|pubchem_confirmatory,False,False,False,False,
OMPRKCRBUBPCQV-SGAJGPLNSA-N,QXAORQAEXXCHPT-TWDLTGNASA-N,0.80898875,7.6020599913279625,6.355561410532161,1.2464985807958016,broad,bindingdb|chembl|pubchem_confirmatory|bindingdb|chembl|pubchem_confirmatory,False,False,False,False,
OMPRKCRBUBPCQV-SGAJGPLNSA-N,AAUHSICUDJELSM-FWLHTVFYSA-N,0.8111111,7.6020599913279625,5.945770090136603,1.6562899011913599,moderate,bindingdb|chembl|pubchem_confirmatory|bindingdb|chembl|pubchem_confirmatory,False,False,False,False,
VQKGRWPWWYGWGN-UCDZCMRKSA-N,UGYGQLAFRCVHJW-JWJBQAENSA-N,0.8021978,7.585026652029182,5.685922008220788,1.8991046438083936,moderate,bindingdb|chembl|pubchem_confirmatory|bindingdb|chembl|pubchem_confirmatory,False,False,False,False,
VQKGRWPWWYGWGN-UCDZCMRKSA-N,XKZWCVYYFYFPGX-LDZQUKMZSA-N,0.8043478,7.585026652029182,6.47755576649368,1.107470885535502,broad,bindingdb|chembl|pubchem_confirmatory|bindingdb|chembl|pubchem_confirmatory,False,False,False,False,
VQKGRWPWWYGWGN-UCDZCMRKSA-N,VPRIXAPXYJHZRG-RXEARMEOSA-N,0.82978725,7.585026652029182,6.130181792020672,1.4548448600085102,broad,bindingdb|chembl|pubchem_confirmatory|bindingdb|chembl|pubchem_confirmatory,False,False,False,False,
ZVUJFSLSYNFTRM-NHCUHLMSSA-N,RHDCFKUNICJMJR-WOJBJXKFSA-N,0.8064516,7.481486060122112,6.248720896016658,1.2327651641054542,broad,bindingdb|chembl|pubchem_confirmatory|bindingdb|chembl|pubchem_confirmatory,False,False,False,False,
ZVUJFSLSYNFTRM-NHCUHLMSSA-N,RFVFSQZMYPSOSR-FGZHOGPDSA-N,0.8,7.481486060122112,6.197226274708025,1.2842597854140871,broad,bindingdb|chembl|pubchem_confirmatory|bindingdb|chembl|pubchem_confirmatory,False,False,False,False,
ZVUJFSLSYNFTRM-NHCUHLMSSA-N,AGPQOUQXIGSZRM-NHCUHLMSSA-N,0.8333333,7.481486060122112,5.941194513324095,1.5402915467980174,moderate,bindingdb|chembl|pubchem_confirmatory|bindingdb|chembl|pubchem_confirmatory,False,False,False,False,
VVDGJZJLHFOSDM-QZPZUKOXSA-N,FQMRJTKRSGTZGA-CRLCSLCLSA-N,0.82758623,7.552841968657781,6.320572103387882,1.232269865269899,broad,bindingdb|chembl|pubchem_confirmatory|bindingdb|chembl|pubchem_confirmatory,False,False,False,False,
VVDGJZJLHFOSDM-QZPZUKOXSA-N,IEDUCHTZVMPXRI-TWDLTGNASA-N,0.8372093,7.552841968657781,6.481486060122112,1.0713559085356685,broad,bindingdb|chembl|pubchem_confirmatory|bindingdb|chembl|pubchem_confirmatory,False,False,False,False,
LBHKKNOHAUQBOK-FGZHOGPDSA-N,NBMIILGWOONWPW-DHIUTWEWSA-N,0.80898875,7.267606240177031,6.185086818724926,1.0825194214521048,broad,bindingdb|chembl|pubchem_confirmatory|bindingdb|chembl|pubchem_confirmatory,False,False,False,False,
QFKZVRRIQISXIK-WOJBJXKFSA-N,RHDCFKUNICJMJR-WOJBJXKFSA-N,0.8152174,7.431798275933005,6.248720896016658,1.1830773799163472,broad,bindingdb|chembl|pubchem_confirmatory|bindingdb|chembl|pubchem_confirmatory,False,False,False,False,
QFKZVRRIQISXIK-WOJBJXKFSA-N,AGPQOUQXIGSZRM-NHCUHLMSSA-N,0.8426966,7.431798275933005,5.941194513324095,1.4906037626089104,broad,bindingdb|chembl|pubchem_confirmatory|bindingdb|chembl|pubchem_confirmatory,False,False,False,False,
OOLVRVRZBIFCRQ-TWDLTGNASA-N,JLGGAYUHFPLCCK-IKXBFRDRSA-N,0.89772725,7.1249387366083,5.8655041441653255,1.2594345924429744,broad,bindingdb|chembl|pubchem_confirmatory|bindingdb|chembl|pubchem_confirmatory,False,False,False,False,
UNGYPWLQAZQTIO-ZREWPKOVSA-N,XZEQIKBQYLFCFP-OFKODDFHSA-N,0.8152174,7.508638306165726,5.653255945395151,1.8553823607705748,moderate,bindingdb|chembl|pubchem_confirmatory|bindingdb|chembl|pubchem_confirmatory,False,False,False,False,
IPOLRAWIILPNHR-DNQXCXABSA-N,UHVYLKQQRRWNSX-DNQXCXABSA-N,0.8494624,7.366531544420414,6.226945306635738,1.139586237784676,broad,bindingdb|chembl|pubchem_confirmatory|bindingdb|chembl|pubchem_confirmatory,False,False,False,False,
KKUQAGGSLHLCOZ-FGZHOGPDSA-N,YPOPORNRHOZNPQ-JWQCQUIFSA-N,0.8172043,7.327902142064282,6.310691140876379,1.0172110011879028,broad,bindingdb|chembl|pubchem_confirmatory|bindingdb|chembl|pubchem_confirmatory,False,False,False,False,
XYLKDWYQCVPKMX-IBYOELKQSA-N,UGYGQLAFRCVHJW-JWJBQAENSA-N,0.8202247,6.782516055786093,5.685922008220788,1.096594047565305,broad,bindingdb|chembl|pubchem_confirmatory|bindingdb|chembl|pubchem_confirmatory,False,False,False,False,
JNCHIMZOBMWPDY-IBYOELKQSA-N,UGYGQLAFRCVHJW-JWJBQAENSA-N,0.8045977,6.8326826652518236,5.685922008220788,1.1467606570310354,broad,bindingdb|chembl|pubchem_confirmatory|bindingdb|chembl|pubchem_confirmatory,False,False,False,False,
JNCHIMZOBMWPDY-IBYOELKQSA-N,XZEQIKBQYLFCFP-OFKODDFHSA-N,0.8,6.8326826652518236,5.653255945395151,1.1794267198566724,broad,bindingdb|chembl|pubchem_confirmatory|bindingdb|chembl|pubchem_confirmatory,False,False,False,False,
JNCHIMZOBMWPDY-IBYOELKQSA-N,RAVBZQAQTVGKIV-XBPDSQQVSA-N,0.8068182,6.8326826652518236,5.340844719059372,1.4918379461924518,broad,bindingdb|chembl|pubchem_confirmatory|bindingdb|chembl|pubchem_confirmatory,False,False,False,False,
YFUKVVRZIHGSBQ-OTXUZITOSA-N,XZEQIKBQYLFCFP-OFKODDFHSA-N,0.8152174,7.0655015487564325,5.653255945395151,1.4122456033612814,broad,bindingdb|chembl|pubchem_confirmatory|bindingdb|chembl|pubchem_confirmatory,False,False,False,False,
JMNIPEASNDSJGO-CRLCSLCLSA-N,UGYGQLAFRCVHJW-JWJBQAENSA-N,0.8,6.853871964321762,5.685922008220788,1.1679499561009736,broad,bindingdb|chembl|pubchem_confirmatory|bindingdb|chembl|pubchem_confirmatory,False,False,False,False,
JMNIPEASNDSJGO-CRLCSLCLSA-N,RAVBZQAQTVGKIV-XBPDSQQVSA-N,0.8021978,6.853871964321762,5.340844719059372,1.51302724526239,moderate,bindingdb|chembl|pubchem_confirmatory|bindingdb|chembl|pubchem_confirmatory,False,False,False,False,
OMXZUGXQOMHNCF-FGZHOGPDSA-N,CNFPBKVORJKJSV-DNQXCXABSA-N,0.8021978,7.552841968657781,6.481486060122112,1.0713559085356685,broad,bindingdb|chembl|pubchem_confirmatory|bindingdb|chembl|pubchem_confirmatory,False,False,False,False,
YCIUAHCLNBIULH-WOJBJXKFSA-N,AGPQOUQXIGSZRM-NHCUHLMSSA-N,0.82222223,7.154901959985743,5.941194513324095,1.2137074466616484,broad,bindingdb|chembl|pubchem_confirmatory|bindingdb|chembl|pubchem_confirmatory,False,False,False,False,
OEZBIGCIPJHFPJ-FTNFKZBYSA-N,QXAORQAEXXCHPT-TWDLTGNASA-N,0.82222223,7.387216143280265,6.355561410532161,1.0316547327481045,broad,bindingdb|chembl|pubchem_confirmatory|bindingdb|chembl|pubchem_confirmatory,False,False,False,False,
MRNJWOMRYSTQPG-LCRYKWFRSA-N,UGYGQLAFRCVHJW-JWJBQAENSA-N,0.83908045,7.356547323513812,5.685922008220788,1.670625315293024,moderate,bindingdb|chembl|pubchem_confirmatory|bindingdb|chembl|pubchem_confirmatory,False,False,False,False,
MRNJWOMRYSTQPG-LCRYKWFRSA-N,RAVBZQAQTVGKIV-XBPDSQQVSA-N,0.8,7.356547323513812,5.340844719059372,2.0157026044544404,severe,bindingdb|chembl|pubchem_confirmatory|bindingdb|chembl|pubchem_confirmatory,False,False,False,False,0.7580645161290323
IBHLXQIZSUENBL-CDNDPLPTSA-N,DYXJONFPYHVUNN-QYHPCCJNSA-N,0.84090906,7.356547323513812,6.318758762624412,1.0377885608893997,broad,bindingdb|chembl|pubchem_confirmatory|bindingdb|chembl|pubchem_confirmatory,False,False,False,False,
IBHLXQIZSUENBL-CDNDPLPTSA-N,UGYGQLAFRCVHJW-JWJBQAENSA-N,0.80898875,7.356547323513812,5.685922008220788,1.670625315293024,moderate,bindingdb|chembl|pubchem_confirmatory|bindingdb|chembl|pubchem_confirmatory,False,False,False,False,
LSBANCKHTTUTPD-DHIUTWEWSA-N,NBMIILGWOONWPW-DHIUTWEWSA-N,0.83146065,7.251811972993799,6.185086818724926,1.0667251542688732,broad,bindingdb|chembl|pubchem_confirmatory|bindingdb|chembl|pubchem_confirmatory,False,False,False,False,
LSBANCKHTTUTPD-DHIUTWEWSA-N,RFVFSQZMYPSOSR-FGZHOGPDSA-N,0.86206895,7.251811972993799,6.197226274708025,1.0545856982857744,broad,bindingdb|chembl|pubchem_confirmatory|bindingdb|chembl|pubchem_confirmatory,False,False,False,False,
IFNNVFDJSCXACW-KTBVXVCESA-N,FQMRJTKRSGTZGA-CRLCSLCLSA-N,0.85057473,7.455931955649724,6.320572103387882,1.1353598522618427,broad,bindingdb|chembl|pubchem_confirmatory|bindingdb|chembl|pubchem_confirmatory,False,False,False,False,
QDBKGUOTQOKNEP-DHIUTWEWSA-N,AGPQOUQXIGSZRM-NHCUHLMSSA-N,0.8181818,6.96657624451305,5.941194513324095,1.025381731188955,broad,bindingdb|chembl|pubchem_confirmatory|bindingdb|chembl|pubchem_confirmatory,False,False,False,False,
WRHOMFJKHSWYJS-VDOBOPNRSA-N,DYXJONFPYHVUNN-QYHPCCJNSA-N,0.81609195,7.619788758288394,6.318758762624412,1.3010299956639813,broad,bindingdb|chembl|pubchem_confirmatory|bindingdb|chembl|pubchem_confirmatory,False,False,False,False,
WRHOMFJKHSWYJS-VDOBOPNRSA-N,UGYGQLAFRCVHJW-JWJBQAENSA-N,0.91463417,7.619788758288394,5.685922008220788,1.9338667500676054,moderate,bindingdb|chembl|pubchem_confirmatory|bindingdb|chembl|pubchem_confirmatory,False,False,False,False,
WRHOMFJKHSWYJS-VDOBOPNRSA-N,BJEGYQKJPTWECF-CCWBKVMBSA-N,0.8068182,7.619788758288394,6.330683119433888,1.2891056388545055,broad,bindingdb|chembl|pubchem_confirmatory|bindingdb|chembl|pubchem_confirmatory,False,False,False,False,
WRHOMFJKHSWYJS-VDOBOPNRSA-N,RAVBZQAQTVGKIV-XBPDSQQVSA-N,0.87058824,7.619788758288394,5.340844719059372,2.278944039229022,severe,bindingdb|chembl|pubchem_confirmatory|bindingdb|chembl|pubchem_confirmatory,False,False,False,False,0.8151260504201681
WRHOMFJKHSWYJS-VDOBOPNRSA-N,ZKDOHXNBYTYCME-BTDDGAACSA-N,0.8255814,7.619788758288394,6.58838029403677,1.0314084642516237,broad,bindingdb|chembl|pubchem_confirmatory|bindingdb|chembl|pubchem_confirmatory,False,False,False,False,
WRHOMFJKHSWYJS-VDOBOPNRSA-N,JLGGAYUHFPLCCK-IKXBFRDRSA-N,0.8181818,7.619788758288394,5.8655041441653255,1.7542846141230681,moderate,bindingdb|chembl|pubchem_confirmatory|bindingdb|chembl|pubchem_confirmatory,False,False,False,False,
WRHOMFJKHSWYJS-VDOBOPNRSA-N,QXAORQAEXXCHPT-TWDLTGNASA-N,0.8372093,7.619788758288394,6.355561410532161,1.2642273477562327,broad,bindingdb|chembl|pubchem_confirmatory|bindingdb|chembl|pubchem_confirmatory,False,False,False,False,
WRHOMFJKHSWYJS-VDOBOPNRSA-N,IEDUCHTZVMPXRI-TWDLTGNASA-N,0.8023256,7.619788758288394,6.481486060122112,1.1383026981662816,broad,bindingdb|chembl|pubchem_confirmatory|bindingdb|chembl|pubchem_confirmatory,False,False,False,False,
WRHOMFJKHSWYJS-VDOBOPNRSA-N,XKZWCVYYFYFPGX-LDZQUKMZSA-N,0.8068182,7.619788758288394,6.47755576649368,1.1422329917947138,broad,bindingdb|chembl|pubchem_confirmatory|bindingdb|chembl|pubchem_confirmatory,False,False,False,False,
SAWXYPUCLBASOH-JWQCQUIFSA-N,IUNWYIOFTGIVGX-JWQCQUIFSA-N,0.8,6.96657624451305,5.8099485822407955,1.1566276622722542,broad,bindingdb|chembl|pubchem_confirmatory|bindingdb|chembl|pubchem_confirmatory,False,False,False,False,
NJGOBXLGZXKBJB-WZVKSPBRSA-N,JPLPPBQBZHFMMU-BYICHJTDSA-N,0.84615386,7.366531544420414,6.025488307262672,1.3410432371577414,broad,bindingdb|chembl|pubchem_confirmatory|bindingdb|chembl|pubchem_confirmatory,False,False,False,False,
VJLNQIHLEFARKC-BYICHJTDSA-N,UGYGQLAFRCVHJW-JWJBQAENSA-N,0.8,6.96657624451305,5.685922008220788,1.2806542362922615,broad,bindingdb|chembl|pubchem_confirmatory|bindingdb|chembl|pubchem_confirmatory,False,False,False,False,
VIQRLLGGZJIFRJ-QYHPCCJNSA-N,VPRIXAPXYJHZRG-RXEARMEOSA-N,0.8369565,7.2839966563652006,6.130181792020672,1.153814864344529,broad,bindingdb|chembl|pubchem_confirmatory|bindingdb|chembl|pubchem_confirmatory,False,False,False,False,
BKWWWPHTGGYKSB-DHIUTWEWSA-N,BMJREEPDTZFOAG-JWQCQUIFSA-N,0.8255814,7.173925197299173,5.8407336689065055,1.3331915283926676,broad,bindingdb|chembl|pubchem_confirmatory|bindingdb|chembl|pubchem_confirmatory,False,False,False,False,
BKWWWPHTGGYKSB-DHIUTWEWSA-N,YAXONZUOWWLDAI-DHIUTWEWSA-N,0.8651685,7.173925197299173,5.917933065714887,1.2559921315842857,broad,bindingdb|chembl|pubchem_confirmatory|bindingdb|chembl|pubchem_confirmatory,False,False,False,False,
BKWWWPHTGGYKSB-DHIUTWEWSA-N,RZRZQEANCYDEHB-JWQCQUIFSA-N,0.90588236,7.173925197299173,6.084072788302884,1.0898524089962889,broad,bindingdb|chembl|pubchem_confirmatory|bindingdb|chembl|pubchem_confirmatory,False,False,False,False,
BMJREEPDTZFOAG-JWQCQUIFSA-N,XRUQPAJAUXRFMR-FGZHOGPDSA-N,0.8255814,5.8407336689065055,7.119186407719209,1.2784527388127032,broad,bindingdb|chembl|pubchem_confirmatory|bindingdb|chembl|pubchem_confirmatory,False,False,False,False,
BMJREEPDTZFOAG-JWQCQUIFSA-N,OYIIZVYGSOWGOQ-JWQCQUIFSA-N,0.8235294,5.8407336689065055,7.42021640338319,1.5794827344766844,moderate,bindingdb|chembl|pubchem_confirmatory|bindingdb|chembl|pubchem_confirmatory,False,False,False,False,
BMJREEPDTZFOAG-JWQCQUIFSA-N,AGJWTUGFXIJYLZ-DNQXCXABSA-N,0.85714287,5.8407336689065055,7.142667503568731,1.3019338346622256,broad,bindingdb|chembl|pubchem_confirmatory|bindingdb|chembl|pubchem_confirmatory,False,False,False,False,
BMJREEPDTZFOAG-JWQCQUIFSA-N,ZMSWOWOMHFHOAL-FGZHOGPDSA-N,0.83908045,5.8407336689065055,7.017728766960431,1.1769950980539257,broad,bindingdb|chembl|pubchem_confirmatory|bindingdb|chembl|pubchem_confirmatory,False,False,False,False,
BMJREEPDTZFOAG-JWQCQUIFSA-N,JAPCKRKSPYRWRJ-VSGBNLITSA-N,0.8045977,5.8407336689065055,6.8794260687941495,1.038692399887644,broad,bindingdb|chembl|pubchem_confirmatory|bindingdb|chembl|pubchem_confirmatory,False,False,False,False,
BMJREEPDTZFOAG-JWQCQUIFSA-N,HODHYXSBNQGCDU-DNQXCXABSA-N,0.81395346,5.8407336689065055,6.928117992693874,1.0873843237873686,broad,bindingdb|chembl|bindingdb|chembl|pubchem_confirmatory,False,False,False,False,
XRUQPAJAUXRFMR-FGZHOGPDSA-N,RZRZQEANCYDEHB-JWQCQUIFSA-N,0.8202247,7.119186407719209,6.084072788302884,1.0351136194163244,broad,bindingdb|chembl|pubchem_confirmatory|bindingdb|chembl|pubchem_confirmatory,False,False,False,False,
PQYNKSMHDHSYSW-NHCUHLMSSA-N,NBMIILGWOONWPW-DHIUTWEWSA-N,0.8,7.481486060122112,6.185086818724926,1.2963992413971859,broad,bindingdb|chembl|pubchem_confirmatory|bindingdb|chembl|pubchem_confirmatory,False,False,False,False,
PQYNKSMHDHSYSW-NHCUHLMSSA-N,RHDCFKUNICJMJR-WOJBJXKFSA-N,0.8152174,7.481486060122112,6.248720896016658,1.2327651641054542,broad,bindingdb|chembl|pubchem_confirmatory|bindingdb|chembl|pubchem_confirmatory,False,False,False,False,
PQYNKSMHDHSYSW-NHCUHLMSSA-N,RFVFSQZMYPSOSR-FGZHOGPDSA-N,0.80898875,7.481486060122112,6.197226274708025,1.2842597854140871,broad,bindingdb|chembl|pubchem_confirmatory|bindingdb|chembl|pubchem_confirmatory,False,False,False,False,
PQYNKSMHDHSYSW-NHCUHLMSSA-N,MDKVPTKLKBIIHW-DHIUTWEWSA-N,0.8043478,7.481486060122112,6.18111458540599,1.3003714747161217,broad,bindingdb|chembl|pubchem_confirmatory|bindingdb|chembl|pubchem_confirmatory,False,False,False,False,
PQYNKSMHDHSYSW-NHCUHLMSSA-N,AGPQOUQXIGSZRM-NHCUHLMSSA-N,0.8021978,7.481486060122112,5.941194513324095,1.5402915467980174,moderate,bindingdb|chembl|pubchem_confirmatory|bindingdb|chembl|pubchem_confirmatory,False,False,False,False,
ZNTJJGHCSVMKGP-DHIUTWEWSA-N,NBMIILGWOONWPW-DHIUTWEWSA-N,0.8181818,7.366531544420414,6.185086818724926,1.1814447256954876,broad,bindingdb|chembl|pubchem_confirmatory|bindingdb|chembl|pubchem_confirmatory,False,False,False,False,
ZNTJJGHCSVMKGP-DHIUTWEWSA-N,RFVFSQZMYPSOSR-FGZHOGPDSA-N,0.82758623,7.366531544420414,6.197226274708025,1.169305269712389,broad,bindingdb|chembl|pubchem_confirmatory|bindingdb|chembl|pubchem_confirmatory,False,False,False,False,
ZNTJJGHCSVMKGP-DHIUTWEWSA-N,RZRZQEANCYDEHB-JWQCQUIFSA-N,0.8,7.366531544420414,6.084072788302884,1.2824587561175296,broad,bindingdb|chembl|pubchem_confirmatory|bindingdb|chembl|pubchem_confirmatory,False,False,False,False,
ZNTJJGHCSVMKGP-DHIUTWEWSA-N,AGPQOUQXIGSZRM-NHCUHLMSSA-N,0.8202247,7.366531544420414,5.941194513324095,1.4253370310963192,broad,bindingdb|chembl|pubchem_confirmatory|bindingdb|chembl|pubchem_confirmatory,False,False,False,False,
CHJICMVHLRAIPM-FGZHOGPDSA-N,NBMIILGWOONWPW-DHIUTWEWSA-N,0.80898875,7.443697499232712,6.185086818724926,1.2586106805077861,broad,bindingdb|chembl|pubchem_confirmatory|bindingdb|chembl|pubchem_confirmatory,False,False,False,False,
CHJICMVHLRAIPM-FGZHOGPDSA-N,RFVFSQZMYPSOSR-FGZHOGPDSA-N,0.8181818,7.443697499232712,6.197226274708025,1.2464712245246874,broad,bindingdb|chembl|pubchem_confirmatory|bindingdb|chembl|pubchem_confirmatory,False,False,False,False,
CHJICMVHLRAIPM-FGZHOGPDSA-N,AGPQOUQXIGSZRM-NHCUHLMSSA-N,0.8111111,7.443697499232712,5.941194513324095,1.5025029859086176,moderate,bindingdb|chembl|pubchem_confirmatory|bindingdb|chembl|pubchem_confirmatory,False,False,False,False,
UXQVNBABGKYNBA-GOJCXORZSA-N,XFHAKEMVOHEDCX-NYESITDKSA-N,0.82222223,7.3979400086720375,6.374687549038325,1.0232524596337127,broad,bindingdb|chembl|pubchem_confirmatory|bindingdb|chembl|pubchem_confirmatory,False,False,False,False,
UXQVNBABGKYNBA-GOJCXORZSA-N,XZEQIKBQYLFCFP-OFKODDFHSA-N,0.8043478,7.3979400086720375,5.653255945395151,1.7446840632768863,moderate,bindingdb|chembl|pubchem_confirmatory|bindingdb|chembl|pubchem_confirmatory,False,False,False,False,
DBHABVTZMAXESN-JAEXGXQOSA-N,UGYGQLAFRCVHJW-JWJBQAENSA-N,0.8452381,7.267606240177031,5.685922008220788,1.5816842319562427,moderate,bindingdb|chembl|pubchem_confirmatory|bindingdb|chembl|pubchem_confirmatory,False,False,False,False,
DBHABVTZMAXESN-JAEXGXQOSA-N,RAVBZQAQTVGKIV-XBPDSQQVSA-N,0.8255814,7.267606240177031,5.340844719059372,1.9267615211176592,moderate,bindingdb|chembl|pubchem_confirmatory|bindingdb|chembl|pubchem_confirmatory,False,False,False,False,
SNJFYFRVLRTRRO-XKHRETHESA-N,UGYGQLAFRCVHJW-JWJBQAENSA-N,0.8372093,6.978810700930062,5.685922008220788,1.2928886927092735,broad,bindingdb|chembl|pubchem_confirmatory|bindingdb|chembl|pubchem_confirmatory,False,False,False,False,
XMZMXPGLYRBAJY-DHIUTWEWSA-N,YYPWLWLLFMRPRH-DNQXCXABSA-N,0.8202247,6.552841968657781,7.619788758288394,1.066946789630613,broad,bindingdb|chembl|pubchem_confirmatory|bindingdb|chembl|pubchem_confirmatory,False,False,False,False,
XFHAKEMVOHEDCX-NYESITDKSA-N,GDNYILLQBQRSAV-TWDLTGNASA-N,0.82954544,6.374687549038325,7.3979400086720375,1.0232524596337127,broad,bindingdb|chembl|pubchem_confirmatory|bindingdb|chembl|pubchem_confirmatory,False,False,False,False,
CGUARUGFYOUHGC-DHIUTWEWSA-N,YYPWLWLLFMRPRH-DNQXCXABSA-N,0.83146065,6.565431095965802,7.619788758288394,1.0543576623225919,broad,bindingdb|chembl|pubchem_confirmatory|bindingdb|chembl|pubchem_confirmatory,False,False,False,False,
JPIJBZJIODTWRQ-VMFKXFQHSA-N,XZEQIKBQYLFCFP-OFKODDFHSA-N,0.8064516,7.031517051446065,5.653255945395151,1.378261106050914,broad,bindingdb|chembl|pubchem_confirmatory|bindingdb|chembl|pubchem_confirmatory,False,False,False,False,
SAUWYXZOELIPFN-WOJBJXKFSA-N,RHDCFKUNICJMJR-WOJBJXKFSA-N,0.8064516,7.42021640338319,6.248720896016658,1.171495507366532,broad,bindingdb|chembl|pubchem_confirmatory|bindingdb|chembl|pubchem_confirmatory,False,False,False,False,
UNGGIOPQTRSUQD-WHJRKYDLSA-N,ZVPAYDMRANPHJN-JOOITRFASA-N,0.8333333,6.405607449624573,7.42021640338319,1.014608953758617,broad,bindingdb|chembl|pubchem_confirmatory|bindingdb|chembl|pubchem_confirmatory,False,False,False,False,
UNGGIOPQTRSUQD-WHJRKYDLSA-N,RLVPBVGVJJCCQX-WQRKWZFBSA-N,0.8045977,6.405607449624573,7.4685210829577455,1.0629136333331726,broad,bindingdb|chembl|pubchem_confirmatory|bindingdb|chembl|pubchem_confirmatory,False,False,False,False,
UWMNFZVHPHDLON-JWJBQAENSA-N,DQSIIFQDAFXIGY-BYICHJTDSA-N,0.8064516,5.449649327698385,6.749579997691105,1.2999306699927198,broad,bindingdb|chembl|pubchem_confirmatory|bindingdb|chembl|pubchem_confirmatory,False,False,False,False,
YVKXPOZVAXXMGZ-RDMIVRQXSA-N,ZVPAYDMRANPHJN-JOOITRFASA-N,0.8235294,6.189095719331299,7.42021640338319,1.2311206840518905,broad,bindingdb|chembl|pubchem_confirmatory|bindingdb|chembl|pubchem_confirmatory,False,False,False,False,
YVKXPOZVAXXMGZ-RDMIVRQXSA-N,DCRLZSNERMXQHN-TWDLTGNASA-N,0.8068182,6.189095719331299,7.229147988357855,1.040052269026556,broad,bindingdb|chembl|pubchem_confirmatory|bindingdb|chembl|pubchem_confirmatory,False,False,False,False,
NXVQXGRCWLLKQM-LTFVAXTNSA-N,ZOQLUIOYWQDYNP-CXBZOWBPSA-N,0.8,6.617982957425132,5.51999305704285,1.0979899003822817,broad,bindingdb|chembl|pubchem_confirmatory|bindingdb|chembl|pubchem_confirmatory,False,False,False,False,
RCTUSKCNKLAWJY-CXBZOWBPSA-N,ZVPAYDMRANPHJN-JOOITRFASA-N,0.8181818,6.164309428507575,7.42021640338319,1.2559069748756153,broad,bindingdb|chembl|pubchem_confirmatory|bindingdb|chembl|pubchem_confirmatory,False,False,False,False,
RCTUSKCNKLAWJY-CXBZOWBPSA-N,JVNSTEXLLALCGX-TWDLTGNASA-N,0.8,6.164309428507575,7.346787486224656,1.1824780577170815,broad,bindingdb|chembl|pubchem_confirmatory|bindingdb|chembl|pubchem_confirmatory,False,False,False,False,
IUNWYIOFTGIVGX-JWQCQUIFSA-N,INWUOZDRGJLFAS-JWQCQUIFSA-N,0.8764045,5.8099485822407955,7.443697499232712,1.6337489169919168,moderate,bindingdb|chembl|pubchem_confirmatory|bindingdb|chembl|pubchem_confirmatory,False,False,False,False,
NBMIILGWOONWPW-DHIUTWEWSA-N,MOOVYSRQOGXVFL-DNQXCXABSA-N,0.87058824,6.185086818724926,7.1938200260161125,1.0087332072911863,broad,bindingdb|chembl|pubchem_confirmatory|bindingdb|chembl|pubchem_confirmatory,False,False,False,False,
NBMIILGWOONWPW-DHIUTWEWSA-N,YYPWLWLLFMRPRH-DNQXCXABSA-N,0.82758623,6.185086818724926,7.619788758288394,1.4347019395634675,broad,bindingdb|chembl|pubchem_confirmatory|bindingdb|chembl|pubchem_confirmatory,False,False,False,False,
NBMIILGWOONWPW-DHIUTWEWSA-N,RIQQNRACNTXPGS-WOJBJXKFSA-N,0.8181818,6.185086818724926,7.200659450546418,1.0155726318214917,broad,bindingdb|chembl|pubchem_confirmatory|bindingdb|chembl|pubchem_confirmatory,False,False,False,False,
AJMGZTAKLANPED-CRLCSLCLSA-N,UGYGQLAFRCVHJW-JWJBQAENSA-N,0.8255814,6.886056647693163,5.685922008220788,1.2001346394723749,broad,bindingdb|chembl|pubchem_confirmatory|bindingdb|chembl|pubchem_confirmatory,False,False,False,False,
AJMGZTAKLANPED-CRLCSLCLSA-N,KPILPQIIGPWCIY-CCWBKVMBSA-N,0.8045977,6.886056647693163,7.920818753952375,1.0347621062592118,broad,bindingdb|chembl|pubchem_confirmatory|bindingdb|chembl|pubchem_confirmatory,False,False,False,False,
UGYGQLAFRCVHJW-JWJBQAENSA-N,HKEZNKGHOYLNSE-SGAJGPLNSA-N,0.83908045,5.685922008220788,7.0655015487564325,1.3795795405356444,broad,bindingdb|chembl|pubchem_confirmatory|bindingdb|chembl|pubchem_confirmatory,False,False,False,False,
UGYGQLAFRCVHJW-JWJBQAENSA-N,WAKLAHAMPKKUFW-TWDLTGNASA-N,0.8372093,5.685922008220788,7.275724130399211,1.5898021221784226,moderate,bindingdb|chembl|pubchem_confirmatory|bindingdb|chembl|pubchem_confirmatory,False,False,False,False,
UGYGQLAFRCVHJW-JWJBQAENSA-N,HXZFQFCWZRGQQD-ZCOOMOTNSA-N,0.80898875,5.685922008220788,6.7121982700697735,1.0262762618489853,broad,bindingdb|chembl|pubchem_confirmatory|bindingdb|chembl|pubchem_confirmatory,False,False,False,False,
UGYGQLAFRCVHJW-JWJBQAENSA-N,JZVVYJYLFZYMTO-BTDDGAACSA-N,0.872093,5.685922008220788,7.075720713938118,1.3897987057173298,broad,bindingdb|chembl|pubchem_confirmatory|bindingdb|chembl|pubchem_confirmatory,False,False,False,False,
UGYGQLAFRCVHJW-JWJBQAENSA-N,FSHZDKTYBWMJJC-WZVKSPBRSA-N,0.8021978,5.685922008220788,6.954677021213342,1.2687550129925542,broad,bindingdb|chembl|pubchem_confirmatory|bindingdb|chembl|pubchem_confirmatory,False,False,False,False,
UGYGQLAFRCVHJW-JWJBQAENSA-N,KXWKVMYIGPCWNS-QMCAYLGFSA-N,0.8068182,5.685922008220788,7.3979400086720375,1.7120180004512493,moderate,bindingdb|chembl|bindingdb|chembl|pubchem_confirmatory,False,False,False,False,
UGYGQLAFRCVHJW-JWJBQAENSA-N,KFQUIAVTQVAEHY-BYICHJTDSA-N,0.8181818,5.685922008220788,7.327902142064282,1.6419801338434938,moderate,bindingdb|chembl|bindingdb|chembl|pubchem_confirmatory,False,False,False,False,
UGYGQLAFRCVHJW-JWJBQAENSA-N,RYMUQIKRWINTKY-CCWBKVMBSA-N,0.80898875,5.685922008220788,6.910094888560602,1.2241728803398138,broad,bindingdb|chembl|bindingdb|chembl|pubchem_confirmatory,False,False,False,False,
RHDCFKUNICJMJR-WOJBJXKFSA-N,YYPWLWLLFMRPRH-DNQXCXABSA-N,0.8021978,6.248720896016658,7.619788758288394,1.3710678622717358,broad,bindingdb|chembl|pubchem_confirmatory|bindingdb|chembl|pubchem_confirmatory,False,False,False,False,
RHDCFKUNICJMJR-WOJBJXKFSA-N,DDXWSILQKIIRNC-FGZHOGPDSA-N,0.8043478,6.248720896016658,7.431798275933005,1.1830773799163472,broad,bindingdb|chembl|pubchem_confirmatory|bindingdb|chembl|pubchem_confirmatory,False,False,False,False,
RHDCFKUNICJMJR-WOJBJXKFSA-N,QUKPDDIZVPFOBT-FGZHOGPDSA-N,0.8064516,6.248720896016658,7.2839966563652006,1.0352757603485427,broad,bindingdb|chembl|pubchem_confirmatory|bindingdb|chembl|pubchem_confirmatory,False,False,False,False,
XZEQIKBQYLFCFP-OFKODDFHSA-N,VVJOEHPCXCWWBD-KIKFKFQISA-N,0.8152174,5.653255945395151,6.701146923590294,1.0478909781951424,broad,bindingdb|chembl|pubchem_confirmatory|bindingdb|chembl|pubchem_confirmatory,False,False,False,False,
XZEQIKBQYLFCFP-OFKODDFHSA-N,YORKLVSHRPADJU-VMFKXFQHSA-N,0.8131868,5.653255945395151,7.200659450546418,1.5474035051512667,moderate,bindingdb|chembl|pubchem_confirmatory|bindingdb|chembl|pubchem_confirmatory,False,False,False,False,
XZEQIKBQYLFCFP-OFKODDFHSA-N,PJLWBJYOZPZIFT-ZREWPKOVSA-N,0.85714287,5.653255945395151,7.508638306165726,1.8553823607705748,moderate,bindingdb|chembl|pubchem_confirmatory|bindingdb|chembl|pubchem_confirmatory,False,False,False,False,
XZEQIKBQYLFCFP-OFKODDFHSA-N,LHCGWKJDICUCEG-KTBVXVCESA-N,0.8064516,5.653255945395151,7.6777807052660805,2.0245247598709293,severe,bindingdb|chembl|pubchem_confirmatory|bindingdb|chembl|pubchem_confirmatory,False,False,False,False,0.7716535433070866
ZVPAYDMRANPHJN-JOOITRFASA-N,GCTHRIUGQKSBIH-KNFYQODVSA-N,0.8352941,7.42021640338319,5.841336019186012,1.578880384197178,moderate,bindingdb|chembl|pubchem_confirmatory|bindingdb|chembl|pubchem_confirmatory,False,False,False,False,
NXLODQYXKFLXEG-BTDDGAACSA-N,BCZPEKVMAZSURM-GNTVVGMTSA-N,0.82978725,8.045757490560675,5.4146520889054095,2.6311054016552653,severe,bindingdb|chembl|pubchem_confirmatory|bindingdb|chembl|pubchem_confirmatory,False,False,False,False,0.7984496124031008
HERRCJVQIRTZCB-NHCUHLMSSA-N,AGPQOUQXIGSZRM-NHCUHLMSSA-N,0.8,7.130768280269024,5.941194513324095,1.1895737669449291,broad,bindingdb|chembl|pubchem_confirmatory|bindingdb|chembl|pubchem_confirmatory,False,False,False,False,
RAVBZQAQTVGKIV-XBPDSQQVSA-N,QXAORQAEXXCHPT-TWDLTGNASA-N,0.82954544,5.340844719059372,6.355561410532161,1.0147166914727892,broad,bindingdb|chembl|pubchem_confirmatory|bindingdb|chembl|pubchem_confirmatory,False,False,False,False,
RAVBZQAQTVGKIV-XBPDSQQVSA-N,HKEZNKGHOYLNSE-SGAJGPLNSA-N,0.8202247,5.340844719059372,7.0655015487564325,1.7246568296970608,moderate,bindingdb|chembl|pubchem_confirmatory|bindingdb|chembl|pubchem_confirmatory,False,False,False,False,
RAVBZQAQTVGKIV-XBPDSQQVSA-N,JZVVYJYLFZYMTO-BTDDGAACSA-N,0.85227275,5.340844719059372,7.075720713938118,1.7348759948787462,moderate,bindingdb|chembl|pubchem_confirmatory|bindingdb|chembl|pubchem_confirmatory,False,False,False,False,
RAVBZQAQTVGKIV-XBPDSQQVSA-N,KFQUIAVTQVAEHY-BYICHJTDSA-N,0.8,5.340844719059372,7.327902142064282,1.9870574230049103,moderate,bindingdb|chembl|bindingdb|chembl|pubchem_confirmatory,False,False,False,False,
DNDBZUAXJUAINE-XBPDSQQVSA-N,RLVPBVGVJJCCQX-WQRKWZFBSA-N,0.82417583,6.248720896016658,7.4685210829577455,1.2198001869410877,broad,bindingdb|chembl|pubchem_confirmatory|bindingdb|chembl|pubchem_confirmatory,False,False,False,False,
YBRYCMKAKUNWFO-LTFVAXTNSA-N,UXUIFFMVADUAON-CXBZOWBPSA-N,0.8064516,5.870632404277014,8.221848749616356,2.351216345339342,severe,bindingdb|chembl|pubchem_confirmatory|bindingdb|chembl|pubchem_confirmatory,False,False,False,False,0.7
FQMRJTKRSGTZGA-CRLCSLCLSA-N,IZUMVGWZYCKISG-NYESITDKSA-N,0.91358024,6.320572103387882,7.327902142064282,1.0073300386764004,broad,bindingdb|chembl|pubchem_confirmatory|bindingdb|chembl|pubchem_confirmatory,False,False,False,False,
FQMRJTKRSGTZGA-CRLCSLCLSA-N,KPILPQIIGPWCIY-CCWBKVMBSA-N,0.8255814,6.320572103387882,7.920818753952375,1.6002466505644932,moderate,bindingdb|chembl|pubchem_confirmatory|bindingdb|chembl|pubchem_confirmatory,False,False,False,False,
FQMRJTKRSGTZGA-CRLCSLCLSA-N,GDNYILLQBQRSAV-TWDLTGNASA-N,0.84705883,6.320572103387882,7.3979400086720375,1.0773679052841558,broad,bindingdb|chembl|pubchem_confirmatory|bindingdb|chembl|pubchem_confirmatory,False,False,False,False,
FQMRJTKRSGTZGA-CRLCSLCLSA-N,ZOXJHLRPCHUPBA-CWLQOSRCSA-N,0.80898875,6.320572103387882,7.366531544420414,1.0459594410325321,broad,bindingdb|chembl|pubchem_confirmatory|bindingdb|chembl|pubchem_confirmatory,False,False,False,False,
FQMRJTKRSGTZGA-CRLCSLCLSA-N,IWSZZLVJPYPUBE-WZVKSPBRSA-N,0.84090906,6.320572103387882,7.6020599913279625,1.2814878879400808,broad,bindingdb|chembl|pubchem_confirmatory|bindingdb|chembl|pubchem_confirmatory,False,False,False,False,
FQMRJTKRSGTZGA-CRLCSLCLSA-N,VUUVAWCIUCWINX-CWLQOSRCSA-N,0.80898875,6.320572103387882,7.443697499232712,1.1231253958448306,broad,bindingdb|chembl|pubchem_confirmatory|bindingdb|chembl|pubchem_confirmatory,False,False,False,False,
FQMRJTKRSGTZGA-CRLCSLCLSA-N,GCTSYWMLOVHIIS-STHVYQTBSA-N,0.81609195,6.320572103387882,7.455931955649724,1.1353598522618427,broad,bindingdb|chembl|pubchem_confirmatory|bindingdb|chembl|pubchem_confirmatory,False,False,False,False,
FEAAPSIVYRPJMS-ZHKUBPBOSA-N,IZUMVGWZYCKISG-NYESITDKSA-N,0.8,6.268411234813261,7.327902142064282,1.0594909072510212,broad,bindingdb|chembl|pubchem_confirmatory|bindingdb|chembl|pubchem_confirmatory,False,False,False,False,
RFVFSQZMYPSOSR-FGZHOGPDSA-N,YZFSTNZTPXOGSD-FGZHOGPDSA-N,0.82758623,6.197226274708025,7.337242168318426,1.1400158936104008,broad,bindingdb|chembl|pubchem_confirmatory|bindingdb|chembl|pubchem_confirmatory,False,False,False,False,
RFVFSQZMYPSOSR-FGZHOGPDSA-N,YYPWLWLLFMRPRH-DNQXCXABSA-N,0.85882354,6.197226274708025,7.619788758288394,1.4225624835803687,broad,bindingdb|chembl|pubchem_confirmatory|bindingdb|chembl|pubchem_confirmatory,False,False,False,False,
RFVFSQZMYPSOSR-FGZHOGPDSA-N,RIQQNRACNTXPGS-WOJBJXKFSA-N,0.8488372,6.197226274708025,7.200659450546418,1.003433175838393,broad,bindingdb|chembl|pubchem_confirmatory|bindingdb|chembl|pubchem_confirmatory,False,False,False,False,
RFVFSQZMYPSOSR-FGZHOGPDSA-N,HTDDLGMVXSHEGI-FGZHOGPDSA-N,0.80898875,6.197226274708025,7.356547323513812,1.1593210488057872,broad,bindingdb|chembl|pubchem_confirmatory|bindingdb|chembl|pubchem_confirmatory,False,False,False,False,
RFVFSQZMYPSOSR-FGZHOGPDSA-N,DVRXIZHTJMHFKG-FGZHOGPDSA-N,0.8,6.197226274708025,7.2441251443275085,1.0468988696194836,broad,bindingdb|chembl|pubchem_confirmatory|bindingdb|chembl|pubchem_confirmatory,False,False,False,False,
RFVFSQZMYPSOSR-FGZHOGPDSA-N,QMFHNSWDESLYCB-JWQCQUIFSA-N,0.80898875,6.197226274708025,7.508638306165726,1.3114120314577011,broad,bindingdb|chembl|pubchem_confirmatory|bindingdb|chembl|pubchem_confirmatory,False,False,False,False,
BTXDSXLNJIPVNQ-YCTZWBCQSA-N,AURMUCKGMBTHAD-LLWMTICSSA-N,0.85714287,5.625801742070917,7.481486060122112,1.8556843180511953,moderate,bindingdb|chembl|pubchem_confirmatory|bindingdb|chembl|pubchem_confirmatory,False,False,False,False,
BTXDSXLNJIPVNQ-YCTZWBCQSA-N,QOIAXIUOYVBCSM-HRPAVAKOSA-N,0.9506173,5.625801742070917,7.6020599913279625,1.9762582492570457,moderate,bindingdb|chembl|pubchem_confirmatory|bindingdb|chembl|pubchem_confirmatory,False,False,False,False,
BTXDSXLNJIPVNQ-YCTZWBCQSA-N,ZKMIVNQAWDCHAZ-MZLOAMTASA-N,0.85714287,5.625801742070917,6.7121982700697735,1.0863965279988568,broad,bindingdb|chembl|pubchem_confirmatory|bindingdb|chembl|pubchem_confirmatory,False,False,False,False,
BTXDSXLNJIPVNQ-YCTZWBCQSA-N,TWNBLPAYCWNPTA-DUJJBQMASA-N,0.84705883,5.625801742070917,7.466016198622159,1.8402144565512426,moderate,bindingdb|chembl|pubchem_confirmatory|bindingdb|chembl|pubchem_confirmatory,False,False,False,False,
BTXDSXLNJIPVNQ-YCTZWBCQSA-N,UAMGDEBDZXEASD-LLWMTICSSA-N,0.84705883,5.625801742070917,6.958607314841775,1.3328055727708579,broad,bindingdb|chembl|pubchem_confirmatory|bindingdb|chembl|pubchem_confirmatory,False,False,False,False,
BTXDSXLNJIPVNQ-YCTZWBCQSA-N,WMGNDELACKZRCX-OHDKKKEWSA-N,0.8674699,5.625801742070917,6.6734033943152875,1.0476016522443707,broad,bindingdb|chembl|pubchem_confirmatory|bindingdb|chembl|pubchem_confirmatory,False,False,False,False,
JLGGAYUHFPLCCK-IKXBFRDRSA-N,HKEZNKGHOYLNSE-SGAJGPLNSA-N,0.83146065,5.8655041441653255,7.0655015487564325,1.199997404591107,broad,bindingdb|chembl|pubchem_confirmatory|bindingdb|chembl|pubchem_confirmatory,False,False,False,False,
JLGGAYUHFPLCCK-IKXBFRDRSA-N,LMWREMKYWIZNTE-XBPDSQQVSA-N,0.8333333,5.8655041441653255,7.455931955649724,1.5904278114843988,moderate,bindingdb|chembl|pubchem_confirmatory|bindingdb|chembl|pubchem_confirmatory,False,False,False,False,
JLGGAYUHFPLCCK-IKXBFRDRSA-N,JZVVYJYLFZYMTO-BTDDGAACSA-N,0.82222223,5.8655041441653255,7.075720713938118,1.2102165697727925,broad,bindingdb|chembl|pubchem_confirmatory|bindingdb|chembl|pubchem_confirmatory,False,False,False,False,
ZJDVPOSOCAZXAB-YLBOGKAESA-N,KPILPQIIGPWCIY-CCWBKVMBSA-N,0.8021978,6.886056647693163,7.920818753952375,1.0347621062592118,broad,bindingdb|chembl|pubchem_confirmatory|bindingdb|chembl|pubchem_confirmatory,False,False,False,False,
ZOQLUIOYWQDYNP-CXBZOWBPSA-N,LAAWCIXGNFLUAP-UCDZCMRKSA-N,0.8045977,5.51999305704285,6.576754126063192,1.0567610690203422,broad,bindingdb|chembl|pubchem_confirmatory|bindingdb|chembl|pubchem_confirmatory,False,False,False,False,
AGPQOUQXIGSZRM-NHCUHLMSSA-N,MOOVYSRQOGXVFL-DNQXCXABSA-N,0.82954544,5.941194513324095,7.1938200260161125,1.2526255126920178,broad,bindingdb|chembl|pubchem_confirmatory|bindingdb|chembl|pubchem_confirmatory,False,False,False,False,
AGPQOUQXIGSZRM-NHCUHLMSSA-N,YYPWLWLLFMRPRH-DNQXCXABSA-N,0.82954544,5.941194513324095,7.619788758288394,1.678594244964299,moderate,bindingdb|chembl|pubchem_confirmatory|bindingdb|chembl|pubchem_confirmatory,False,False,False,False,
AGPQOUQXIGSZRM-NHCUHLMSSA-N,RIQQNRACNTXPGS-WOJBJXKFSA-N,0.84090906,5.941194513324095,7.200659450546418,1.2594649372223232,broad,bindingdb|chembl|pubchem_confirmatory|bindingdb|chembl|pubchem_confirmatory,False,False,False,False,
AGPQOUQXIGSZRM-NHCUHLMSSA-N,IQSSSNHYBFHWHB-WOJBJXKFSA-N,0.82417583,5.941194513324095,6.991399828238083,1.0502053149139883,broad,bindingdb|chembl|pubchem_confirmatory|bindingdb|chembl|pubchem_confirmatory,False,False,False,False,
AGPQOUQXIGSZRM-NHCUHLMSSA-N,DDXWSILQKIIRNC-FGZHOGPDSA-N,0.83146065,5.941194513324095,7.431798275933005,1.4906037626089104,broad,bindingdb|chembl|pubchem_confirmatory|bindingdb|chembl|pubchem_confirmatory,False,False,False,False,
AGPQOUQXIGSZRM-NHCUHLMSSA-N,QUKPDDIZVPFOBT-FGZHOGPDSA-N,0.8333333,5.941194513324095,7.2839966563652006,1.342802143041106,broad,bindingdb|chembl|pubchem_confirmatory|bindingdb|chembl|pubchem_confirmatory,False,False,False,False,
LAAWCIXGNFLUAP-UCDZCMRKSA-N,OGGLSYYSKZNXTN-XBPDSQQVSA-N,0.8045977,6.576754126063192,7.823908740944319,1.2471546148811266,broad,bindingdb|chembl|pubchem_confirmatory|bindingdb|chembl|pubchem_confirmatory,False,False,False,False,
KPILPQIIGPWCIY-CCWBKVMBSA-N,VVJOEHPCXCWWBD-KIKFKFQISA-N,0.8,7.920818753952375,6.701146923590294,1.2196718303620813,broad,bindingdb|chembl|pubchem_confirmatory|bindingdb|chembl|pubchem_confirmatory,False,False,False,False,
KPILPQIIGPWCIY-CCWBKVMBSA-N,HOYFQQGGIVDXAF-NYESITDKSA-N,0.8111111,7.920818753952375,6.8326826652518236,1.0881360887005513,broad,bindingdb|chembl|pubchem_confirmatory|bindingdb|chembl|pubchem_confirmatory,False,False,False,False,
KPILPQIIGPWCIY-CCWBKVMBSA-N,ORALVNWJRJMLLQ-SGAJGPLNSA-N,0.82954544,7.920818753952375,6.8297382846050425,1.0910804693473324,broad,bindingdb|chembl|pubchem_confirmatory|bindingdb|chembl|pubchem_confirmatory,False,False,False,False,
HLOFJUKASKMNOA-JWQCQUIFSA-N,UHVYLKQQRRWNSX-DNQXCXABSA-N,0.82978725,7.376750709602099,6.226945306635738,1.1498054029663614,broad,bindingdb|chembl|pubchem_confirmatory|bindingdb|chembl|pubchem_confirmatory,False,False,False,False,
HLWMOTMYVBTHKE-RXEARMEOSA-N,VPRIXAPXYJHZRG-RXEARMEOSA-N,0.8020833,7.214670164989233,6.130181792020672,1.0844883729685613,broad,bindingdb|chembl|pubchem_confirmatory|bindingdb|chembl|pubchem_confirmatory,False,False,False,False,
QRGOMSVAPGKEHW-BTDDGAACSA-N,JUUZXDDQCFPIHG-TWDLTGNASA-N,0.8045977,6.269217724333611,7.292429823902064,1.023212099568453,broad,bindingdb|chembl|pubchem_confirmatory|bindingdb|chembl|pubchem_confirmatory,False,False,False,False,
XMLNOTFMOBYSBU-HXUWFJFHSA-N,OZIZGEWHMPKHEO-XMMPIXPASA-N,0.82758623,6.913640169325252,5.447331783887806,1.4663083854374452,broad,bindingdb|pubchem_confirmatory|bindingdb|pubchem_confirmatory,False,False,False,False,
XMLNOTFMOBYSBU-HXUWFJFHSA-N,UDCDEKJNAMHBFH-HSZRJFAPSA-N,0.85714287,6.913640169325252,4.301029995663981,2.6126101736612704,severe,bindingdb|pubchem_confirmatory|bindingdb|pubchem_confirmatory,False,False,False,False,0.8103448275862069
XMLNOTFMOBYSBU-HXUWFJFHSA-N,DVCKJOQIVOGXEI-XMMPIXPASA-N,0.8372093,6.913640169325252,4.301029995663981,2.6126101736612704,severe,bindingdb|pubchem_confirmatory|bindingdb|pubchem_confirmatory,False,False,False,False,0.7966101694915254
KXYKSZAVMJHLBE-DYESRHJHSA-N,ZJPGSOZQDZHNQR-OXQOHEQNSA-N,0.8095238,6.826813731587726,5.761953896871205,1.064859834716521,broad,bindingdb|pubchem_confirmatory|bindingdb|pubchem_confirmatory,False,False,False,False,
KVTKINWILIQXMO-OAQYLSRUSA-N,OZIZGEWHMPKHEO-XMMPIXPASA-N,0.82954544,7.104577453960593,5.447331783887806,1.6572456700727862,moderate,bindingdb|pubchem_confirmatory|bindingdb|pubchem_confirmatory,False,False,False,False,
KVTKINWILIQXMO-OAQYLSRUSA-N,UDCDEKJNAMHBFH-HSZRJFAPSA-N,0.90361446,7.104577453960593,4.301029995663981,2.8035474582966113,severe,bindingdb|pubchem_confirmatory|bindingdb|pubchem_confirmatory,False,False,False,False,0.8839285714285714
KVTKINWILIQXMO-OAQYLSRUSA-N,DVCKJOQIVOGXEI-XMMPIXPASA-N,0.88235295,7.104577453960593,4.301029995663981,2.8035474582966113,severe,bindingdb|pubchem_confirmatory|bindingdb|pubchem_confirmatory,False,False,False,False,0.868421052631579
KVTKINWILIQXMO-OAQYLSRUSA-N,JHCOCDUNEWCPDJ-IBGZPJMESA-N,0.8181818,7.104577453960593,5.935542010773082,1.1690354431875107,broad,bindingdb|pubchem_confirmatory|bindingdb|pubchem_confirmatory,False,False,False,False,
VCWHGOPUEXSIAX-JOCHJYFZSA-N,OZIZGEWHMPKHEO-XMMPIXPASA-N,0.80898875,7.22548303427145,5.447331783887806,1.7781512503836439,moderate,bindingdb|pubchem_confirmatory|bindingdb|pubchem_confirmatory,False,False,False,False,
VCWHGOPUEXSIAX-JOCHJYFZSA-N,UDCDEKJNAMHBFH-HSZRJFAPSA-N,0.8372093,7.22548303427145,4.301029995663981,2.924453038607469,severe,bindingdb|pubchem_confirmatory|bindingdb|pubchem_confirmatory,False,False,False,False,0.7966101694915254
VCWHGOPUEXSIAX-JOCHJYFZSA-N,DVCKJOQIVOGXEI-XMMPIXPASA-N,0.8181818,7.22548303427145,4.301029995663981,2.924453038607469,severe,bindingdb|pubchem_confirmatory|bindingdb|pubchem_confirmatory,False,False,False,False,0.7833333333333333
VCWHGOPUEXSIAX-JOCHJYFZSA-N,JHCOCDUNEWCPDJ-IBGZPJMESA-N,0.9047619,7.22548303427145,5.935542010773082,1.2899410234983684,broad,bindingdb|pubchem_confirmatory|bindingdb|pubchem_confirmatory,False,False,False,False,
VCWHGOPUEXSIAX-JOCHJYFZSA-N,QGGNDXGZJHUSSA-GOSISDBHSA-N,0.8372093,7.22548303427145,4.991399828238082,2.234083206033368,severe,bindingdb|pubchem_confirmatory|bindingdb|pubchem_confirmatory,False,False,False,True,0.7931034482758621
VCWHGOPUEXSIAX-JOCHJYFZSA-N,QGGNDXGZJHUSSA-SFHVURJKSA-N,0.8372093,7.22548303427145,5.935542010773082,1.2899410234983684,broad,bindingdb|pubchem_confirmatory|bindingdb|pubchem_confirmatory,False,False,False,False,
BVUMJIRBLWLPNT-OAQYLSRUSA-N,UDCDEKJNAMHBFH-HSZRJFAPSA-N,0.8045977,6.785156151952302,4.301029995663981,2.484126156288321,severe,bindingdb|pubchem_confirmatory|bindingdb|pubchem_confirmatory,False,False,False,False,0.7666666666666667
KKEPYHNMZDFGFZ-JOCHJYFZSA-N,OZIZGEWHMPKHEO-XMMPIXPASA-N,0.8111111,6.481486060122112,5.447331783887806,1.0341542762343057,broad,bindingdb|pubchem_confirmatory|bindingdb|pubchem_confirmatory,False,False,False,False,
KKEPYHNMZDFGFZ-JOCHJYFZSA-N,UDCDEKJNAMHBFH-HSZRJFAPSA-N,0.88235295,6.481486060122112,4.301029995663981,2.180456064458131,severe,bindingdb|pubchem_confirmatory|bindingdb|pubchem_confirmatory,False,False,False,False,0.853448275862069
KKEPYHNMZDFGFZ-JOCHJYFZSA-N,DVCKJOQIVOGXEI-XMMPIXPASA-N,0.86206895,6.481486060122112,4.301029995663981,2.180456064458131,severe,bindingdb|pubchem_confirmatory|bindingdb|pubchem_confirmatory,False,False,False,False,0.8389830508474576
SCMQIRWIRWDRLV-AREMUKBSSA-N,OZIZGEWHMPKHEO-XMMPIXPASA-N,0.85393256,6.71669877129645,5.447331783887806,1.2693669874086435,broad,bindingdb|pubchem_confirmatory|bindingdb|pubchem_confirmatory,False,False,False,False,
SCMQIRWIRWDRLV-AREMUKBSSA-N,UDCDEKJNAMHBFH-HSZRJFAPSA-N,0.86206895,6.71669877129645,4.301029995663981,2.4156687756324686,severe,bindingdb|pubchem_confirmatory|bindingdb|pubchem_confirmatory,False,False,False,False,0.8181818181818182
SCMQIRWIRWDRLV-AREMUKBSSA-N,DVCKJOQIVOGXEI-XMMPIXPASA-N,0.8426966,6.71669877129645,4.301029995663981,2.4156687756324686,severe,bindingdb|pubchem_confirmatory|bindingdb|pubchem_confirmatory,False,False,False,False,0.8048780487804879
XGNMHSATZQNFOR-XMMPIXPASA-N,OZIZGEWHMPKHEO-XMMPIXPASA-N,0.8021978,6.647817481888637,5.447331783887806,1.200485698000831,broad,bindingdb|pubchem_confirmatory|bindingdb|pubchem_confirmatory,False,False,False,False,
OZIZGEWHMPKHEO-XMMPIXPASA-N,KYBHPHAXGGSZPB-JOCHJYFZSA-N,0.80898875,5.447331783887806,6.866461091629782,1.4191293077419758,broad,bindingdb|pubchem_confirmatory|bindingdb|pubchem_confirmatory,False,False,False,False,
OZIZGEWHMPKHEO-XMMPIXPASA-N,CQWFGKDJGWSGSK-OAQYLSRUSA-N,0.80898875,5.447331783887806,7.053056729302175,1.6057249454143685,moderate,bindingdb|pubchem_confirmatory|bindingdb|pubchem_confirmatory,False,False,False,False,
OZIZGEWHMPKHEO-XMMPIXPASA-N,IQBSSKFAACESCW-HXUWFJFHSA-N,0.8021978,5.447331783887806,6.7423214251308154,1.294989641243009,broad,bindingdb|pubchem_confirmatory|bindingdb|pubchem_confirmatory,False,False,False,False,
OZIZGEWHMPKHEO-XMMPIXPASA-N,UDCDEKJNAMHBFH-HSZRJFAPSA-N,0.82954544,5.447331783887806,4.301029995663981,1.1463017882238251,broad,bindingdb|pubchem_confirmatory|bindingdb|pubchem_confirmatory,False,False,False,False,
OZIZGEWHMPKHEO-XMMPIXPASA-N,DVCKJOQIVOGXEI-XMMPIXPASA-N,0.8111111,5.447331783887806,4.301029995663981,1.1463017882238251,broad,bindingdb|pubchem_confirmatory|bindingdb|pubchem_confirmatory,False,False,False,False,
KYBHPHAXGGSZPB-JOCHJYFZSA-N,UDCDEKJNAMHBFH-HSZRJFAPSA-N,0.8372093,6.866461091629782,4.301029995663981,2.565431095965801,severe,bindingdb|pubchem_confirmatory|bindingdb|pubchem_confirmatory,False,False,False,False,0.7899159663865546
KYBHPHAXGGSZPB-JOCHJYFZSA-N,DVCKJOQIVOGXEI-XMMPIXPASA-N,0.83908045,6.866461091629782,4.301029995663981,2.565431095965801,severe,bindingdb|pubchem_confirmatory|bindingdb|pubchem_confirmatory,False,False,False,False,0.7916666666666666
BGBBWIFRUCEWMS-HXUWFJFHSA-N,UDCDEKJNAMHBFH-HSZRJFAPSA-N,0.86206895,6.500312917381596,4.301029995663981,2.1992829217176144,severe,bindingdb|pubchem_confirmatory|bindingdb|pubchem_confirmatory,False,False,False,False,0.8389830508474576
BGBBWIFRUCEWMS-HXUWFJFHSA-N,DVCKJOQIVOGXEI-XMMPIXPASA-N,0.8426966,6.500312917381596,4.301029995663981,2.1992829217176144,severe,bindingdb|pubchem_confirmatory|bindingdb|pubchem_confirmatory,False,False,False,False,0.825
CQWFGKDJGWSGSK-OAQYLSRUSA-N,UDCDEKJNAMHBFH-HSZRJFAPSA-N,0.8372093,7.053056729302175,4.301029995663981,2.7520267336381936,severe,bindingdb|pubchem_confirmatory|bindingdb|pubchem_confirmatory,False,False,False,False,0.7899159663865546
CQWFGKDJGWSGSK-OAQYLSRUSA-N,DVCKJOQIVOGXEI-XMMPIXPASA-N,0.8181818,7.053056729302175,4.301029995663981,2.7520267336381936,severe,bindingdb|pubchem_confirmatory|bindingdb|pubchem_confirmatory,False,False,False,False,0.7768595041322314
CQWFGKDJGWSGSK-OAQYLSRUSA-N,MZSMHDUPQNNXTK-FQEVSTJZSA-N,0.8181818,7.053056729302175,4.94692155651658,2.106135172785595,severe,bindingdb|pubchem_confirmatory|bindingdb|pubchem_confirmatory,False,False,False,False,0.775
CQWFGKDJGWSGSK-OAQYLSRUSA-N,JHCOCDUNEWCPDJ-IBGZPJMESA-N,0.8181818,7.053056729302175,5.935542010773082,1.117514718529093,broad,bindingdb|pubchem_confirmatory|bindingdb|pubchem_confirmatory,False,False,False,False,
JHCOCDUNEWCPDJ-LJQANCHMSA-N,UDCDEKJNAMHBFH-HSZRJFAPSA-N,0.8181818,7.0197646112328504,4.301029995663981,2.718734615568869,severe,bindingdb|pubchem_confirmatory|bindingdb|pubchem_confirmatory,False,False,False,False,0.7983193277310925
JHCOCDUNEWCPDJ-LJQANCHMSA-N,DVCKJOQIVOGXEI-XMMPIXPASA-N,0.8,7.0197646112328504,4.301029995663981,2.718734615568869,severe,bindingdb|pubchem_confirmatory|bindingdb|pubchem_confirmatory,False,False,False,False,0.7851239669421488
JHCOCDUNEWCPDJ-LJQANCHMSA-N,JHCOCDUNEWCPDJ-IBGZPJMESA-N,1.0,7.0197646112328504,5.935542010773082,1.0842226004597686,broad,bindingdb|pubchem_confirmatory|bindingdb|pubchem_confirmatory,False,False,False,False,
JHCOCDUNEWCPDJ-LJQANCHMSA-N,YAHQJIWNFQVWGH-UHFFFAOYSA-N,0.8021978,7.0197646112328504,4.896196279044043,2.1235683321888077,severe,bindingdb|pubchem_confirmatory|bindingdb|pubchem_confirmatory,False,False,False,False,0.7622950819672131
JHCOCDUNEWCPDJ-LJQANCHMSA-N,QGGNDXGZJHUSSA-GOSISDBHSA-N,0.92771083,7.0197646112328504,4.991399828238082,2.0283647829947684,severe,bindingdb|pubchem_confirmatory|bindingdb|pubchem_confirmatory,False,False,False,False,0.8918918918918919
JHCOCDUNEWCPDJ-LJQANCHMSA-N,QGGNDXGZJHUSSA-SFHVURJKSA-N,0.92771083,7.0197646112328504,5.935542010773082,1.0842226004597686,broad,bindingdb|pubchem_confirmatory|bindingdb|pubchem_confirmatory,False,False,False,False,
IQBSSKFAACESCW-HXUWFJFHSA-N,UDCDEKJNAMHBFH-HSZRJFAPSA-N,0.872093,6.7423214251308154,4.301029995663981,2.441291429466834,severe,bindingdb|pubchem_confirmatory|bindingdb|pubchem_confirmatory,False,False,False,False,0.853448275862069
IQBSSKFAACESCW-HXUWFJFHSA-N,DVCKJOQIVOGXEI-XMMPIXPASA-N,0.85227275,6.7423214251308154,4.301029995663981,2.441291429466834,severe,bindingdb|pubchem_confirmatory|bindingdb|pubchem_confirmatory,False,False,False,False,0.8389830508474576
UDCDEKJNAMHBFH-HSZRJFAPSA-N,QYUCTVIPCCLAIZ-JOCHJYFZSA-N,0.8181818,4.301029995663981,7.086186147616283,2.785156151952302,severe,bindingdb|pubchem_confirmatory|bindingdb|pubchem_confirmatory,False,False,False,False,0.8
UDCDEKJNAMHBFH-HSZRJFAPSA-N,JHCOCDUNEWCPDJ-IBGZPJMESA-N,0.8181818,4.301029995663981,5.935542010773082,1.6345120151091006,moderate,bindingdb|pubchem_confirmatory|bindingdb|pubchem_confirmatory,False,False,False,False,
DVCKJOQIVOGXEI-XMMPIXPASA-N,QYUCTVIPCCLAIZ-JOCHJYFZSA-N,0.8,4.301029995663981,7.086186147616283,2.785156151952302,severe,bindingdb|pubchem_confirmatory|bindingdb|pubchem_confirmatory,False,False,False,False,0.7868852459016393
DVCKJOQIVOGXEI-XMMPIXPASA-N,JHCOCDUNEWCPDJ-IBGZPJMESA-N,0.8,4.301029995663981,5.935542010773082,1.6345120151091006,moderate,bindingdb|pubchem_confirmatory|bindingdb|pubchem_confirmatory,False,False,False,False,
XFNHWGBLXODYMR-HXUWFJFHSA-N,JHCOCDUNEWCPDJ-IBGZPJMESA-N,0.88505745,7.032920265855503,5.935542010773082,1.097378255082421,broad,bindingdb|pubchem_confirmatory|bindingdb|pubchem_confirmatory,False,False,False,False,
XFNHWGBLXODYMR-HXUWFJFHSA-N,QGGNDXGZJHUSSA-GOSISDBHSA-N,0.8202247,7.032920265855503,4.991399828238082,2.0415204376174207,severe,bindingdb|pubchem_confirmatory|bindingdb|pubchem_confirmatory,False,False,False,True,0.768595041322314
XFNHWGBLXODYMR-HXUWFJFHSA-N,QGGNDXGZJHUSSA-SFHVURJKSA-N,0.8202247,7.032920265855503,5.935542010773082,1.097378255082421,broad,bindingdb|pubchem_confirmatory|bindingdb|pubchem_confirmatory,False,False,False,False,
LWSHCQCRPRKUAU-OXQOHEQNSA-N,JHCOCDUNEWCPDJ-IBGZPJMESA-N,0.8,7.111820506081675,5.935542010773082,1.1762784953085932,broad,bindingdb|pubchem_confirmatory|bindingdb|pubchem_confirmatory,False,False,False,False,
CQJUFPGIBDGKLI-OXJNMPFZSA-N,JHCOCDUNEWCPDJ-IBGZPJMESA-N,0.8,7.029653123769907,5.935542010773082,1.094111112996825,broad,bindingdb|pubchem_confirmatory|bindingdb|pubchem_confirmatory,False,False,False,False,
CQJUFPGIBDGKLI-OXJNMPFZSA-N,PPRCCLDOIXBDTO-IHJBUBKUSA-N,0.83516484,7.029653123769907,5.671620396561263,1.358032727208644,broad,bindingdb|pubchem_confirmatory|bindingdb|pubchem_confirmatory,False,False,False,False,
CQJUFPGIBDGKLI-OXJNMPFZSA-N,QGGNDXGZJHUSSA-GOSISDBHSA-N,0.8181818,7.029653123769907,4.991399828238082,2.038253295531825,severe,bindingdb|pubchem_confirmatory|bindingdb|pubchem_confirmatory,False,False,False,False,0.7583333333333333
CQJUFPGIBDGKLI-OXJNMPFZSA-N,QGGNDXGZJHUSSA-SFHVURJKSA-N,0.8181818,7.029653123769907,5.935542010773082,1.094111112996825,broad,bindingdb|pubchem_confirmatory|bindingdb|pubchem_confirmatory,False,False,False,False,
SWHLJBDSUPWBAV-KCZVDYSFSA-N,SWHLJBDSUPWBAV-ONTIZHBOSA-N,1.0,6.912545815698198,5.3788237182249645,1.533722097473233,moderate,bindingdb|pubchem_confirmatory|bindingdb|pubchem_confirmatory,False,False,False,False,
SWHLJBDSUPWBAV-KCZVDYSFSA-N,LIWXHHMEQAPAGZ-DYXWJJEUSA-N,0.91764706,6.912545815698198,5.8124792791635365,1.1000665365346611,broad,bindingdb|pubchem_confirmatory|bindingdb|pubchem_confirmatory,False,False,False,False,
SWHLJBDSUPWBAV-ONTIZHBOSA-N,JYBMCOIJXAIWHL-KIFXHHALSA-N,0.88372093,5.3788237182249645,6.838631997765026,1.459808279540061,broad,bindingdb|pubchem_confirmatory|bindingdb|pubchem_confirmatory,False,False,False,False,
SWHLJBDSUPWBAV-ONTIZHBOSA-N,LIWXHHMEQAPAGZ-QKNQBKEWSA-N,0.91764706,5.3788237182249645,7.345823458122039,1.9669997398970747,moderate,bindingdb|pubchem_confirmatory|bindingdb|pubchem_confirmatory,False,False,False,False,
SWHLJBDSUPWBAV-ONTIZHBOSA-N,VLGNXBXRHYXIPH-QZNHQXDQSA-N,0.8111111,5.3788237182249645,6.892790030352131,1.5139663121271667,moderate,bindingdb|pubchem_confirmatory|bindingdb|pubchem_confirmatory,False,False,False,False,
SWHLJBDSUPWBAV-ONTIZHBOSA-N,AYSXEZROMVFOGW-WMTXJRDZSA-N,0.82954544,5.3788237182249645,7.234331445240986,1.8555077270160218,moderate,bindingdb|pubchem_confirmatory|bindingdb|pubchem_confirmatory,False,False,False,False,
SWHLJBDSUPWBAV-ONTIZHBOSA-N,FHAWJIIIQAXOSV-VDKIKQQVSA-N,0.9047619,5.3788237182249645,7.156144577376839,1.7773208591518745,moderate,bindingdb|pubchem_confirmatory|bindingdb|pubchem_confirmatory,False,False,False,False,
JHCOCDUNEWCPDJ-IBGZPJMESA-N,YAHQJIWNFQVWGH-UHFFFAOYSA-N,0.8021978,5.935542010773082,4.896196279044043,1.039345731729039,broad,bindingdb|pubchem_confirmatory|bindingdb|pubchem_confirmatory,False,False,False,False,
JYBMCOIJXAIWHL-KIFXHHALSA-N,LIWXHHMEQAPAGZ-DYXWJJEUSA-N,0.8111111,6.838631997765026,5.8124792791635365,1.0261527186014892,broad,bindingdb|pubchem_confirmatory|bindingdb|pubchem_confirmatory,False,False,False,False,
XPTFYASDLNCNGG-GHTZIAJQSA-N,QGGNDXGZJHUSSA-GOSISDBHSA-N,0.872093,6.85078088734462,4.991399828238082,1.8593810591065383,moderate,bindingdb|pubchem_confirmatory|bindingdb|pubchem_confirmatory,False,False,False,False,
TZYIHBPMTYBZIG-HXUWFJFHSA-N,MWKCHBXTNCWCMF-HXUWFJFHSA-N,0.84705883,7.42712839779952,5.655607726314889,1.7715206714846312,moderate,bindingdb|pubchem_confirmatory|bindingdb|pubchem_confirmatory,False,False,False,False,
KPMPCLPZOHGVGR-GVCORALISA-N,ACDAFJAJTHFIQA-AUZMWRNASA-N,0.8488372,7.047691990337874,5.026410376572743,2.0212816137651313,severe,bindingdb|pubchem_confirmatory|bindingdb|pubchem_confirmatory,False,False,False,True,0.7583333333333333
UZXIPWPIVVMIFE-VPTFNQTCSA-N,UBNGGOVNFSJIJG-UHFFFAOYSA-N,0.80851066,4.434152181326482,6.183758700008217,1.749606518681735,moderate,bindingdb|pubchem_confirmatory|bindingdb|pubchem_confirmatory,False,False,False,False,
LIWXHHMEQAPAGZ-DYXWJJEUSA-N,LIWXHHMEQAPAGZ-QKNQBKEWSA-N,1.0,5.8124792791635365,7.345823458122039,1.5333441789585027,moderate,bindingdb|pubchem_confirmatory|bindingdb|pubchem_confirmatory,False,False,False,False,
LIWXHHMEQAPAGZ-DYXWJJEUSA-N,VLGNXBXRHYXIPH-QZNHQXDQSA-N,0.88505745,5.8124792791635365,6.892790030352131,1.0803107511885948,broad,bindingdb|pubchem_confirmatory|bindingdb|pubchem_confirmatory,False,False,False,False,
LIWXHHMEQAPAGZ-DYXWJJEUSA-N,MCKVPEJPNNLEAP-TUNNFDKTSA-N,0.83908045,5.8124792791635365,7.4736607226101555,1.661181443446619,moderate,bindingdb|pubchem_confirmatory|bindingdb|pubchem_confirmatory,False,False,False,False,
LIWXHHMEQAPAGZ-DYXWJJEUSA-N,AYSXEZROMVFOGW-WMTXJRDZSA-N,0.90588236,5.8124792791635365,7.234331445240986,1.42185216607745,broad,bindingdb|pubchem_confirmatory|bindingdb|pubchem_confirmatory,False,False,False,False,
LIWXHHMEQAPAGZ-DYXWJJEUSA-N,FHAWJIIIQAXOSV-VDKIKQQVSA-N,0.82954544,5.8124792791635365,7.156144577376839,1.3436652982133026,broad,bindingdb|pubchem_confirmatory|bindingdb|pubchem_confirmatory,False,False,False,False,
LIWXHHMEQAPAGZ-DYXWJJEUSA-N,WDRJLORLDTWTEV-QZNHQXDQSA-N,0.8,5.8124792791635365,4.301029995663981,1.5114492834995552,moderate,bindingdb|pubchem_confirmatory|bindingdb|pubchem_confirmatory,False,False,False,False,
LIWXHHMEQAPAGZ-QKNQBKEWSA-N,WDRJLORLDTWTEV-QZNHQXDQSA-N,0.8,7.345823458122039,4.301029995663981,3.044793462458058,severe,bindingdb|pubchem_confirmatory|bindingdb|pubchem_confirmatory,False,False,False,False,0.7795275590551181
BCHLSCBZCOCRKN-SFTDATJTSA-N,ZOAONFSVARXNNV-KXLZNQPTSA-N,0.827957,4.404503778174426,6.309803919971486,1.9053001417970599,moderate,bindingdb|pubchem_confirmatory|bindingdb|pubchem_confirmatory,False,False,False,False,
BCHLSCBZCOCRKN-SFTDATJTSA-N,NFPBHTVGQPXGFY-NHCUHLMSSA-N,0.8651685,4.404503778174426,6.619788758288394,2.2152849801139674,severe,bindingdb|pubchem_confirmatory|bindingdb|pubchem_confirmatory,False,False,False,False,0.8583333333333333
ZOAONFSVARXNNV-KXLZNQPTSA-N,IUVPDHXLQQUGMB-DNQXCXABSA-N,0.8061224,6.309803919971486,4.301029995663981,2.008773924307505,severe,bindingdb|pubchem_confirmatory|bindingdb|pubchem_confirmatory,False,False,False,False,0.7910447761194029
VVEYDPSKPPDJTE-UHFFFAOYSA-N,UBNGGOVNFSJIJG-UHFFFAOYSA-N,0.9318182,5.142667503568731,6.183758700008217,1.0410911964394858,broad,bindingdb|pubchem_confirmatory|bindingdb|pubchem_confirmatory,False,False,False,False,
NFPBHTVGQPXGFY-NHCUHLMSSA-N,GNVYARQRIWPRMP-NHCUHLMSSA-N,0.827957,6.619788758288394,5.334419008982047,1.285369749306347,broad,bindingdb|pubchem_confirmatory|bindingdb|pubchem_confirmatory,False,False,False,False,
NFPBHTVGQPXGFY-NHCUHLMSSA-N,IUVPDHXLQQUGMB-DNQXCXABSA-N,0.8020833,6.619788758288394,4.301029995663981,2.3187587626244124,severe,bindingdb|pubchem_confirmatory|bindingdb|pubchem_confirmatory,False,False,False,False,0.7923076923076923
GNVYARQRIWPRMP-NHCUHLMSSA-N,IUVPDHXLQQUGMB-DNQXCXABSA-N,0.8020833,5.334419008982047,4.301029995663981,1.0333890133180654,broad,bindingdb|pubchem_confirmatory|bindingdb|pubchem_confirmatory,False,False,False,False,
SDVJGUMHFXSVBM-OAQYLSRUSA-N,IWDGVJRCXFWFAP-WMZHIEFXSA-N,0.82758623,5.978810700930062,7.528708288941061,1.5498975880109995,moderate,bindingdb|pubchem_confirmatory|bindingdb|pubchem_confirmatory,False,False,False,False,
AIMATAXPIKUIRQ-SKCUWOTOSA-N,JTLQZTSYOZZFAM-XMSQKQJNSA-N,0.82474226,5.392544976785332,6.7594507517174005,1.3669057749320688,broad,bindingdb|pubchem_confirmatory|bindingdb|pubchem_confirmatory,False,False,False,False,
AIMATAXPIKUIRQ-SKCUWOTOSA-N,LHTWCMAYFMQWNL-SKCUWOTOSA-N,0.8854167,5.392544976785332,6.468521082957745,1.075976106172413,broad,bindingdb|pubchem_confirmatory|bindingdb|pubchem_confirmatory,False,False,False,False,
HJVYIMFLDZZYRV-AUZMWRNASA-N,AKJRMUHBZISHMO-HKGBXIQFSA-N,0.8902439,7.920818753952375,6.896196279044043,1.0246224749083321,broad,bindingdb|pubchem_confirmatory|bindingdb|pubchem_confirmatory,False,False,False,False,
HJVYIMFLDZZYRV-AUZMWRNASA-N,WUMXZMJDSNUNQV-NDKUEENFSA-N,0.8023256,7.920818753952375,6.782516055786093,1.1383026981662816,broad,bindingdb|pubchem_confirmatory|bindingdb|pubchem_confirmatory,False,False,False,False,
UDCZJAWDUZQVMO-QGZVFWFLSA-N,MIPJPTHVKYWLQC-QGZVFWFLSA-N,0.83116883,7.259637310505756,6.1249387366083,1.134698573897456,broad,bindingdb|pubchem_confirmatory|bindingdb|pubchem_confirmatory,False,False,False,False,
UDCZJAWDUZQVMO-QGZVFWFLSA-N,SZDAORLNIXLOAG-QFBILLFUSA-N,0.8,7.259637310505756,6.1249387366083,1.134698573897456,broad,bindingdb|pubchem_confirmatory|bindingdb|pubchem_confirmatory,False,False,False,False,
DFTRMYDFWWJHOS-AUSIDOKSSA-N,BCTQQJKXJQMLOA-HYBUGGRVSA-N,0.82978725,8.0,6.892159058960253,1.107840941039747,broad,bindingdb|pubchem_confirmatory|bindingdb|pubchem_confirmatory,False,False,False,False,
HWAGLZNJGHSMPN-SKCUWOTOSA-N,VUBFKCALBZMMKC-GBXCKJPGSA-N,0.8988764,8.0,6.707068386586692,1.292931613413308,broad,bindingdb|pubchem_confirmatory|bindingdb|pubchem_confirmatory,False,False,False,False,
HWAGLZNJGHSMPN-SKCUWOTOSA-N,VUBFKCALBZMMKC-HYBUGGRVSA-N,0.8988764,8.0,6.892159058960253,1.107840941039747,broad,bindingdb|pubchem_confirmatory|bindingdb|pubchem_confirmatory,False,False,False,False,
HWAGLZNJGHSMPN-DFHRPNOPSA-N,VUBFKCALBZMMKC-GBXCKJPGSA-N,0.8988764,8.0,6.707068386586692,1.292931613413308,broad,bindingdb|pubchem_confirmatory|bindingdb|pubchem_confirmatory,False,False,False,False,
HWAGLZNJGHSMPN-DFHRPNOPSA-N,VUBFKCALBZMMKC-HYBUGGRVSA-N,0.8988764,8.0,6.892159058960253,1.107840941039747,broad,bindingdb|pubchem_confirmatory|bindingdb|pubchem_confirmatory,False,False,False,False,
MIPJPTHVKYWLQC-QGZVFWFLSA-N,NCVBQIBENRCKIJ-GOSISDBHSA-N,0.8,6.1249387366083,7.259637310505756,1.134698573897456,broad,bindingdb|pubchem_confirmatory|bindingdb|pubchem_confirmatory,False,False,False,False,
NCVBQIBENRCKIJ-GOSISDBHSA-N,WGSKZOUOTNFXEM-LJQANCHMSA-N,0.8,7.259637310505756,6.1249387366083,1.134698573897456,broad,bindingdb|pubchem_confirmatory|bindingdb|pubchem_confirmatory,False,False,False,False,
MUDGTUROEURMOJ-JOCHJYFZSA-N,FMFNHGMJLLUKKO-UHFFFAOYSA-N,0.8021978,6.522878745280337,8.0,1.4771212547196626,broad,bindingdb|pubchem_confirmatory|chembl|pubchem_confirmatory,False,False,False,False,
QGRRZABEPJXVLV-JOCHJYFZSA-N,RFFRJSYCHSXGKZ-UHFFFAOYSA-N,0.82608694,6.892159058960253,8.0,1.107840941039747,broad,bindingdb|pubchem_confirmatory|chembl|pubchem_confirmatory,False,False,False,False,
QGRRZABEPJXVLV-JOCHJYFZSA-N,QGRRZABEPJXVLV-UHFFFAOYSA-N,1.0,6.892159058960253,8.0,1.107840941039747,broad,bindingdb|pubchem_confirmatory|chembl|pubchem_confirmatory,False,False,False,False,
QGRRZABEPJXVLV-JOCHJYFZSA-N,SPYSMKILPZOVSD-UHFFFAOYSA-N,0.8064516,6.892159058960253,8.0,1.107840941039747,broad,bindingdb|pubchem_confirmatory|chembl|pubchem_confirmatory,False,False,False,False,
YNOWBYGNBXAJIG-AVKWCDSFSA-N,FMFNHGMJLLUKKO-UHFFFAOYSA-N,0.8064516,6.763538146012255,8.0,1.2364618539877448,broad,bindingdb|pubchem_confirmatory|chembl|pubchem_confirmatory,False,False,False,False,
OAHYAAPNEKAMOY-JOCHJYFZSA-N,FMFNHGMJLLUKKO-UHFFFAOYSA-N,0.82222223,6.522878745280337,8.0,1.4771212547196626,broad,bindingdb|pubchem_confirmatory|chembl|pubchem_confirmatory,False,False,False,False,
IKQMSWKUJZSFPH-OAQYLSRUSA-N,DQYBRNLGMWOIAD-UHFFFAOYSA-N,0.8111111,6.522878745280337,8.0,1.4771212547196626,broad,bindingdb|pubchem_confirmatory|chembl|pubchem_confirmatory,False,False,False,False,
IKQMSWKUJZSFPH-OAQYLSRUSA-N,RFFRJSYCHSXGKZ-UHFFFAOYSA-N,0.80898875,6.522878745280337,8.0,1.4771212547196626,broad,bindingdb|pubchem_confirmatory|chembl|pubchem_confirmatory,False,False,False,False,
IKQMSWKUJZSFPH-OAQYLSRUSA-N,QGRRZABEPJXVLV-UHFFFAOYSA-N,0.80898875,6.522878745280337,8.0,1.4771212547196626,broad,bindingdb|pubchem_confirmatory|chembl|pubchem_confirmatory,False,False,False,False,
IKQMSWKUJZSFPH-OAQYLSRUSA-N,SPYSMKILPZOVSD-UHFFFAOYSA-N,0.80898875,6.522878745280337,8.0,1.4771212547196626,broad,bindingdb|pubchem_confirmatory|chembl|pubchem_confirmatory,False,False,False,False,
VBPFHLZFZVJNHB-JOCHJYFZSA-N,WHTVMZKRXKNTRN-HSZRJFAPSA-N,0.8,6.0,7.259637310505756,1.259637310505756,broad,bindingdb|pubchem_confirmatory|bindingdb|pubchem_confirmatory,False,False,False,False,
VBPFHLZFZVJNHB-JOCHJYFZSA-N,BSFBGCOXMUHXIJ-HSZRJFAPSA-N,0.8,6.0,7.259637310505756,1.259637310505756,broad,bindingdb|pubchem_confirmatory|bindingdb|pubchem_confirmatory,False,False,False,False,
VBPFHLZFZVJNHB-JOCHJYFZSA-N,GAMAYSHPSMERTI-HSZRJFAPSA-N,0.8,6.0,7.444727982879317,1.444727982879317,broad,bindingdb|pubchem_confirmatory|bindingdb|pubchem_confirmatory,False,False,False,False,
VBPFHLZFZVJNHB-JOCHJYFZSA-N,FRVOCAPBOGPYLW-JOCHJYFZSA-N,0.82758623,6.0,7.259637310505756,1.259637310505756,broad,bindingdb|pubchem_confirmatory|bindingdb|pubchem_confirmatory,False,False,False,False,
VBPFHLZFZVJNHB-JOCHJYFZSA-N,DQYBRNLGMWOIAD-UHFFFAOYSA-N,0.85393256,6.0,8.0,2.0,severe,bindingdb|pubchem_confirmatory|chembl|pubchem_confirmatory,False,False,False,False,0.8571428571428571
NBBKROISAFEEPG-XMMPIXPASA-N,FRVOCAPBOGPYLW-JOCHJYFZSA-N,0.84090906,6.1249387366083,7.259637310505756,1.134698573897456,broad,bindingdb|pubchem_confirmatory|bindingdb|pubchem_confirmatory,False,False,False,False,
SHCUBGGUWYLEGD-PKTZIBPZSA-N,FMFNHGMJLLUKKO-NHCUHLMSSA-N,0.827957,6.1249387366083,7.259637310505756,1.134698573897456,broad,bindingdb|pubchem_confirmatory|bindingdb|pubchem_confirmatory,False,False,False,False,
SHCUBGGUWYLEGD-PKTZIBPZSA-N,FMFNHGMJLLUKKO-RTWAWAEBSA-N,0.827957,6.1249387366083,7.444727982879317,1.319789246271017,broad,bindingdb|pubchem_confirmatory|bindingdb|pubchem_confirmatory,False,False,False,False,
SHCUBGGUWYLEGD-PKTZIBPZSA-N,FMFNHGMJLLUKKO-UHFFFAOYSA-N,0.827957,6.1249387366083,8.0,1.8750612633917,moderate,bindingdb|pubchem_confirmatory|chembl|pubchem_confirmatory,False,False,False,False,
SHCUBGGUWYLEGD-DHIUTWEWSA-N,FMFNHGMJLLUKKO-NHCUHLMSSA-N,0.827957,6.1249387366083,7.259637310505756,1.134698573897456,broad,bindingdb|pubchem_confirmatory|bindingdb|pubchem_confirmatory,False,False,False,False,
SHCUBGGUWYLEGD-DHIUTWEWSA-N,FMFNHGMJLLUKKO-RTWAWAEBSA-N,0.827957,6.1249387366083,7.444727982879317,1.319789246271017,broad,bindingdb|pubchem_confirmatory|bindingdb|pubchem_confirmatory,False,False,False,False,
SHCUBGGUWYLEGD-DHIUTWEWSA-N,FMFNHGMJLLUKKO-UHFFFAOYSA-N,0.827957,6.1249387366083,8.0,1.8750612633917,moderate,bindingdb|pubchem_confirmatory|chembl|pubchem_confirmatory,False,False,False,False,
FIEGYNHFNCRQQU-XMMPIXPASA-N,FMFNHGMJLLUKKO-NHCUHLMSSA-N,0.8021978,6.1249387366083,7.259637310505756,1.134698573897456,broad,bindingdb|pubchem_confirmatory|bindingdb|pubchem_confirmatory,False,False,False,False,
FIEGYNHFNCRQQU-XMMPIXPASA-N,STLGSAAYAOEUKP-VQCQRNETSA-N,0.8021978,6.1249387366083,7.259637310505756,1.134698573897456,broad,bindingdb|pubchem_confirmatory|bindingdb|pubchem_confirmatory,False,False,False,False,
FIEGYNHFNCRQQU-XMMPIXPASA-N,YNOWBYGNBXAJIG-SIKLNZKXSA-N,0.8202247,6.1249387366083,7.444727982879317,1.319789246271017,broad,bindingdb|pubchem_confirmatory|bindingdb|pubchem_confirmatory,False,False,False,False,
FIEGYNHFNCRQQU-XMMPIXPASA-N,FMFNHGMJLLUKKO-RTWAWAEBSA-N,0.8021978,6.1249387366083,7.444727982879317,1.319789246271017,broad,bindingdb|pubchem_confirmatory|bindingdb|pubchem_confirmatory,False,False,False,False,
FIEGYNHFNCRQQU-XMMPIXPASA-N,FRVOCAPBOGPYLW-JOCHJYFZSA-N,0.8068182,6.1249387366083,7.259637310505756,1.134698573897456,broad,bindingdb|pubchem_confirmatory|bindingdb|pubchem_confirmatory,False,False,False,False,
FIEGYNHFNCRQQU-XMMPIXPASA-N,FMFNHGMJLLUKKO-UHFFFAOYSA-N,0.8021978,6.1249387366083,8.0,1.8750612633917,moderate,bindingdb|pubchem_confirmatory|chembl|pubchem_confirmatory,False,False,False,False,
ODTHJEAOHKNACY-HSZRJFAPSA-N,QGRRZABEPJXVLV-UHFFFAOYSA-N,0.8152174,6.522878745280337,8.0,1.4771212547196626,broad,bindingdb|pubchem_confirmatory|chembl|pubchem_confirmatory,False,False,False,False,
MGVCGZLOUWBFCZ-XMMPIXPASA-N,QGRRZABEPJXVLV-UHFFFAOYSA-N,0.8043478,6.707068386586692,8.0,1.292931613413308,broad,bindingdb|pubchem_confirmatory|chembl|pubchem_confirmatory,False,False,False,False,
MGVCGZLOUWBFCZ-XMMPIXPASA-N,SPYSMKILPZOVSD-UHFFFAOYSA-N,0.82417583,6.707068386586692,8.0,1.292931613413308,broad,bindingdb|pubchem_confirmatory|chembl|pubchem_confirmatory,False,False,False,False,
AVUAFCTYGNPVJP-JOCHJYFZSA-N,YYDSWHOUUXLIPO-HXUWFJFHSA-N,0.80851066,6.522878745280337,8.0,1.4771212547196626,broad,bindingdb|pubchem_confirmatory|chembl|pubchem_confirmatory,False,False,False,False,
AVUAFCTYGNPVJP-JOCHJYFZSA-N,PSSQKPFLUZJLND-UHFFFAOYSA-N,0.8,6.522878745280337,8.0,1.4771212547196626,broad,bindingdb|pubchem_confirmatory|chembl|pubchem_confirmatory,False,False,False,False,
STLGSAAYAOEUKP-VQCQRNETSA-N,FEATWRKTLFIYKF-PKTZIBPZSA-N,0.8105263,7.259637310505756,6.06246936830415,1.197167942201606,broad,bindingdb|pubchem_confirmatory|bindingdb|pubchem_confirmatory,False,False,False,False,
WQJZPMMZGDKLGN-XMMPIXPASA-N,RFFRJSYCHSXGKZ-UHFFFAOYSA-N,0.8202247,6.522878745280337,8.0,1.4771212547196626,broad,bindingdb|pubchem_confirmatory|chembl|pubchem_confirmatory,False,False,False,False,
WQJZPMMZGDKLGN-XMMPIXPASA-N,QGRRZABEPJXVLV-UHFFFAOYSA-N,0.8202247,6.522878745280337,8.0,1.4771212547196626,broad,bindingdb|pubchem_confirmatory|chembl|pubchem_confirmatory,False,False,False,False,
WQJZPMMZGDKLGN-XMMPIXPASA-N,SPYSMKILPZOVSD-UHFFFAOYSA-N,0.88372093,6.522878745280337,8.0,1.4771212547196626,broad,bindingdb|pubchem_confirmatory|chembl|pubchem_confirmatory,False,False,False,False,
WQJZPMMZGDKLGN-XMMPIXPASA-N,PSSQKPFLUZJLND-UHFFFAOYSA-N,0.8021978,6.522878745280337,8.0,1.4771212547196626,broad,bindingdb|pubchem_confirmatory|chembl|pubchem_confirmatory,False,False,False,False,
CEHASYMLIFUBBA-HSZRJFAPSA-N,RFFRJSYCHSXGKZ-UHFFFAOYSA-N,0.8064516,6.522878745280337,8.0,1.4771212547196626,broad,bindingdb|pubchem_confirmatory|chembl|pubchem_confirmatory,False,False,False,False,
FLDHRRMGLNRDGE-JOCHJYFZSA-N,PSSQKPFLUZJLND-UHFFFAOYSA-N,0.8,6.522878745280337,8.0,1.4771212547196626,broad,bindingdb|pubchem_confirmatory|chembl|pubchem_confirmatory,False,False,False,False,
DQYBRNLGMWOIAD-JOCHJYFZSA-N,DQYBRNLGMWOIAD-UHFFFAOYSA-N,1.0,6.892159058960253,8.0,1.107840941039747,broad,bindingdb|pubchem_confirmatory|chembl|pubchem_confirmatory,False,False,False,False,
NNBHDSSLDXDOEY-XMMPIXPASA-N,PSSQKPFLUZJLND-UHFFFAOYSA-N,0.80851066,6.522878745280337,8.0,1.4771212547196626,broad,bindingdb|pubchem_confirmatory|chembl|pubchem_confirmatory,False,False,False,False,
LLDKYQMTBGPVTC-HXUWFJFHSA-N,DQYBRNLGMWOIAD-UHFFFAOYSA-N,0.8111111,6.707068386586692,8.0,1.292931613413308,broad,bindingdb|pubchem_confirmatory|chembl|pubchem_confirmatory,False,False,False,False,
LLDKYQMTBGPVTC-HXUWFJFHSA-N,RFFRJSYCHSXGKZ-UHFFFAOYSA-N,0.80898875,6.707068386586692,8.0,1.292931613413308,broad,bindingdb|pubchem_confirmatory|chembl|pubchem_confirmatory,False,False,False,False,
LLDKYQMTBGPVTC-HXUWFJFHSA-N,QGRRZABEPJXVLV-UHFFFAOYSA-N,0.80898875,6.707068386586692,8.0,1.292931613413308,broad,bindingdb|pubchem_confirmatory|chembl|pubchem_confirmatory,False,False,False,False,
LLDKYQMTBGPVTC-HXUWFJFHSA-N,SPYSMKILPZOVSD-UHFFFAOYSA-N,0.80898875,6.707068386586692,8.0,1.292931613413308,broad,bindingdb|pubchem_confirmatory|chembl|pubchem_confirmatory,False,False,False,False,
KDKQOFDZFUPZKX-OAQYLSRUSA-N,DQYBRNLGMWOIAD-UHFFFAOYSA-N,0.80851066,6.707068386586692,8.0,1.292931613413308,broad,bindingdb|pubchem_confirmatory|chembl|pubchem_confirmatory,False,False,False,False,
BCTQQJKXJQMLOA-HYBUGGRVSA-N,SPYSMKILPZOVSD-UHFFFAOYSA-N,0.80851066,6.892159058960253,8.0,1.107840941039747,broad,bindingdb|pubchem_confirmatory|chembl|pubchem_confirmatory,False,False,False,False,
VUBFKCALBZMMKC-GBXCKJPGSA-N,SPYSMKILPZOVSD-UHFFFAOYSA-N,0.8369565,6.707068386586692,8.0,1.292931613413308,broad,bindingdb|pubchem_confirmatory|chembl|pubchem_confirmatory,False,False,False,False,
VUBFKCALBZMMKC-HYBUGGRVSA-N,SPYSMKILPZOVSD-UHFFFAOYSA-N,0.8369565,6.892159058960253,8.0,1.107840941039747,broad,bindingdb|pubchem_confirmatory|chembl|pubchem_confirmatory,False,False,False,False,
YDNSEHFBYZIAMT-HHHXNRCGSA-N,LTLXUAVVEIWJOB-AREMUKBSSA-N,0.8,6.4089353929735005,7.522878745280337,1.113943352306837,broad,bindingdb|pubchem_confirmatory|bindingdb|pubchem_confirmatory,False,False,False,False,
YDNSEHFBYZIAMT-HHHXNRCGSA-N,WDEZFYQOFULKKL-AREMUKBSSA-N,0.8701299,6.4089353929735005,7.522878745280337,1.113943352306837,broad,bindingdb|pubchem_confirmatory|bindingdb|pubchem_confirmatory,False,False,False,False,
YDNSEHFBYZIAMT-HHHXNRCGSA-N,SISWABZROHQKSF-KAYWLYCHSA-N,0.8227848,6.4089353929735005,7.522878745280337,1.113943352306837,broad,bindingdb|pubchem_confirmatory|bindingdb|pubchem_confirmatory,False,False,False,False,
YDNSEHFBYZIAMT-HHHXNRCGSA-N,NSOVKIJNTQGSNZ-IIGOATNISA-N,0.8072289,6.4089353929735005,7.522878745280337,1.113943352306837,broad,bindingdb|pubchem_confirmatory|bindingdb|pubchem_confirmatory,False,False,False,False,
YDNSEHFBYZIAMT-HHHXNRCGSA-N,QTYHBSNPEVTOCY-MOFFZIGISA-N,0.81707317,6.4089353929735005,7.522878745280337,1.113943352306837,broad,bindingdb|pubchem_confirmatory|bindingdb|pubchem_confirmatory,False,False,False,False,
YDNSEHFBYZIAMT-HHHXNRCGSA-N,TWYDFTDLDAMGKO-SUHSUELASA-N,0.80246913,6.4089353929735005,7.522878745280337,1.113943352306837,broad,bindingdb|bindingdb|pubchem_confirmatory,False,False,False,False,
GMXRDAAVNXOYRT-USNDMVSTSA-N,NAXPVOYEAMEMAE-JTYXWRCWSA-N,0.85714287,6.926935982160881,8.0,1.073064017839119,broad,pubchem_confirmatory|pubchem_confirmatory,True,True,True,False,
GMXRDAAVNXOYRT-USNDMVSTSA-N,NAXPVOYEAMEMAE-IMQOFUTHSA-N,0.85714287,6.926935982160881,8.0,1.073064017839119,broad,bindingdb|pubchem_confirmatory,True,False,True,False,
GMXRDAAVNXOYRT-USNDMVSTSA-N,NAXPVOYEAMEMAE-VNWIGOPPSA-N,0.85714287,6.926935982160881,8.0,1.073064017839119,broad,bindingdb|pubchem_confirmatory,True,False,True,False,
OXRAKUTXYUCYMA-OZIXFKSASA-N,BFPJBBYEFNGGHE-RDVROTLESA-N,0.81609195,6.353318722644277,7.698970004336019,1.345651281691742,broad,bindingdb|pubchem_confirmatory|bindingdb|pubchem_confirmatory,False,False,False,False,
OXRAKUTXYUCYMA-OZIXFKSASA-N,YISYFMRZJHRXII-IIGOATNISA-N,0.82954544,6.353318722644277,7.3979400086720375,1.0446212860277608,broad,bindingdb|pubchem_confirmatory|bindingdb|pubchem_confirmatory,False,False,False,False,
AAJRSBOTZBWOPW-GDLZYMKVSA-N,ZMFZTCYELZMIET-FQLXRVMXSA-N,0.8452381,7.698970004336019,6.481486060122112,1.2174839442139067,broad,bindingdb|pubchem_confirmatory|bindingdb|pubchem_confirmatory,False,False,False,False,
ZMFZTCYELZMIET-FQLXRVMXSA-N,BFPJBBYEFNGGHE-RDVROTLESA-N,0.8023256,6.481486060122112,7.698970004336019,1.2174839442139067,broad,bindingdb|pubchem_confirmatory|bindingdb|pubchem_confirmatory,False,False,False,False,
BFPJBBYEFNGGHE-RDVROTLESA-N,WEWLLXCSTPXCAE-GTJYFZDJSA-N,0.8068182,7.698970004336019,6.455931955649724,1.2430380486862944,broad,bindingdb|pubchem_confirmatory|bindingdb|pubchem_confirmatory,False,False,False,False,
BFPJBBYEFNGGHE-RDVROTLESA-N,GMXRDAAVNXOYRT-CTTNORCBSA-N,0.9375,7.698970004336019,6.698970004336019,1.0,broad,bindingdb|bindingdb|pubchem_confirmatory,False,False,False,False,
SKFSXWQPGUXFOT-SKCUWOTOSA-N,PRTQDZCJSRPOGJ-NEKDWFFYSA-N,0.84705883,7.3979400086720375,6.259637310505756,1.1383026981662816,broad,bindingdb|pubchem_confirmatory|bindingdb|pubchem_confirmatory,False,False,False,False,
KVMPLKNGFPPJEW-HWVXXCOISA-N,DFQZFXZWGBIVAD-CLJLJLNGSA-N,0.81609195,7.309894379144197,4.823908740944319,2.485985638199878,severe,bindingdb|pubchem_confirmatory|pubchem_confirmatory,True,False,True,False,0.7886178861788617
JJGYWKXZFXQJAK-AREMUKBSSA-N,DFLPXAKZLNBNCB-HHHXNRCGSA-N,0.8117647,5.982966660701219,7.045757490560675,1.0627908298594555,broad,bindingdb|pubchem_confirmatory|bindingdb|pubchem_confirmatory,False,False,False,False,
LFNUUCVWQIPJNI-IEPMUOFNSA-N,SIQFSMORDDWOQU-AREMUKBSSA-N,0.8117647,6.939713034397075,5.2182446253475305,1.7214684090495442,moderate,bindingdb|pubchem_confirmatory|pubchem_confirmatory,True,False,True,False,
LFNUUCVWQIPJNI-IEPMUOFNSA-N,GMZVAQJVBFWSIS-RUZDIDTESA-N,0.81395346,6.939713034397075,5.31960865506336,1.620104379333715,moderate,bindingdb|pubchem_confirmatory|pubchem_confirmatory,True,False,True,False,
YMKYZWLTPNNGGI-CLJLJLNGSA-N,DFQZFXZWGBIVAD-CLJLJLNGSA-N,0.81609195,6.585026652029182,4.823908740944319,1.7611179110848632,moderate,bindingdb|pubchem_confirmatory|bindingdb|pubchem_confirmatory,False,False,False,False,
YMKYZWLTPNNGGI-CLJLJLNGSA-N,HDOICFJGKOAPSD-KAYWLYCHSA-N,0.8,6.585026652029182,5.2958494831602,1.2891771688689815,broad,bindingdb|pubchem_confirmatory|bindingdb|pubchem_confirmatory,False,False,False,False,
SIQFSMORDDWOQU-AREMUKBSSA-N,XSVSYKMHEAURFC-HFZDXXHNSA-N,0.8117647,5.2182446253475305,6.3979400086720375,1.179695383324507,broad,bindingdb|pubchem_confirmatory|bindingdb|pubchem_confirmatory,False,False,False,False,
SIQFSMORDDWOQU-AREMUKBSSA-N,XSVSYKMHEAURFC-QFQXNSOFSA-N,0.8117647,5.2182446253475305,7.045757490560675,1.8275128652131443,moderate,bindingdb|pubchem_confirmatory|bindingdb|pubchem_confirmatory,False,False,False,False,
SIQFSMORDDWOQU-AREMUKBSSA-N,CSIRJPXUQDSYOW-HHHXNRCGSA-N,0.8,5.2182446253475305,7.698970004336019,2.480725378988488,severe,bindingdb|pubchem_confirmatory|bindingdb|pubchem_confirmatory,False,False,False,False,0.7603305785123967
SIQFSMORDDWOQU-AREMUKBSSA-N,DFLPXAKZLNBNCB-HHHXNRCGSA-N,0.89873415,5.2182446253475305,7.045757490560675,1.8275128652131443,moderate,bindingdb|pubchem_confirmatory|bindingdb|pubchem_confirmatory,False,False,False,False,
SIQFSMORDDWOQU-AREMUKBSSA-N,LFNUUCVWQIPJNI-SUHSUELASA-N,0.8117647,5.2182446253475305,7.221848749616356,2.0036041242688256,severe,bindingdb|bindingdb|pubchem_confirmatory,False,False,False,True,0.7851239669421488
SIQFSMORDDWOQU-AREMUKBSSA-N,LFNUUCVWQIPJNI-USOMCTOXSA-N,0.8117647,5.2182446253475305,6.657577319177793,1.4393326938302629,broad,bindingdb|bindingdb|pubchem_confirmatory,False,False,False,False,
DFQZFXZWGBIVAD-CLJLJLNGSA-N,ZEDBQHUFQMXLGU-GKBBYZSKSA-N,0.81609195,4.823908740944319,6.552841968657781,1.728933227713462,moderate,bindingdb|pubchem_confirmatory|bindingdb|pubchem_confirmatory,False,False,False,False,
DFQZFXZWGBIVAD-CLJLJLNGSA-N,ZEDBQHUFQMXLGU-LIKDZFNVSA-N,0.81609195,4.823908740944319,6.585026652029182,1.7611179110848632,moderate,bindingdb|pubchem_confirmatory|bindingdb|pubchem_confirmatory,False,False,False,False,
DFQZFXZWGBIVAD-CLJLJLNGSA-N,CQGWPDDLIRVUCO-JWQCQUIFSA-N,0.8352941,4.823908740944319,7.301029995663981,2.4771212547196626,severe,bindingdb|pubchem_confirmatory|bindingdb|pubchem_confirmatory,False,False,False,False,0.8220338983050848
DFQZFXZWGBIVAD-CLJLJLNGSA-N,MKJUETQMTPGHGC-KAYWLYCHSA-N,0.8780488,4.823908740944319,6.958607314841775,2.134698573897456,severe,bindingdb|pubchem_confirmatory|bindingdb|pubchem_confirmatory,False,False,False,False,0.8275862068965517
DFQZFXZWGBIVAD-CLJLJLNGSA-N,KVMPLKNGFPPJEW-RULIXLRNSA-N,0.81609195,4.823908740944319,7.3979400086720375,2.574031267727719,severe,bindingdb|bindingdb|pubchem_confirmatory,False,False,False,True,0.7886178861788617
DFQZFXZWGBIVAD-CLJLJLNGSA-N,KVMPLKNGFPPJEW-JGZPXTCXSA-N,0.81609195,4.823908740944319,7.221848749616356,2.3979400086720375,severe,bindingdb|bindingdb|pubchem_confirmatory,False,False,False,True,0.7886178861788617
XSVSYKMHEAURFC-HFZDXXHNSA-N,GMZVAQJVBFWSIS-RUZDIDTESA-N,0.81395346,6.3979400086720375,5.31960865506336,1.0783313536086778,broad,bindingdb|pubchem_confirmatory|bindingdb|pubchem_confirmatory,False,False,False,False,
XSVSYKMHEAURFC-QFQXNSOFSA-N,GMZVAQJVBFWSIS-RUZDIDTESA-N,0.81395346,7.045757490560675,5.31960865506336,1.7261488354973151,moderate,bindingdb|pubchem_confirmatory|bindingdb|pubchem_confirmatory,False,False,False,False,
XSVSYKMHEAURFC-QFQXNSOFSA-N,FUBHBWLOTIIEOC-QFQXNSOFSA-N,0.81395346,7.045757490560675,5.596879478824182,1.4488780117364932,broad,bindingdb|pubchem_confirmatory|bindingdb|pubchem_confirmatory,False,False,False,False,
CQGWPDDLIRVUCO-JWQCQUIFSA-N,GMZVAQJVBFWSIS-RUZDIDTESA-N,0.8352941,7.301029995663981,5.31960865506336,1.9814213406006216,moderate,bindingdb|pubchem_confirmatory|bindingdb|pubchem_confirmatory,False,False,False,False,
GMZVAQJVBFWSIS-RUZDIDTESA-N,CSIRJPXUQDSYOW-HHHXNRCGSA-N,0.9375,5.31960865506336,7.698970004336019,2.379361349272659,severe,bindingdb|pubchem_confirmatory|bindingdb|pubchem_confirmatory,False,False,False,False,0.8632478632478633
GMZVAQJVBFWSIS-RUZDIDTESA-N,DFLPXAKZLNBNCB-HHHXNRCGSA-N,0.8313253,5.31960865506336,7.045757490560675,1.7261488354973151,moderate,bindingdb|pubchem_confirmatory|bindingdb|pubchem_confirmatory,False,False,False,False,
GMZVAQJVBFWSIS-RUZDIDTESA-N,DXZLTZZZLYIHJG-AREMUKBSSA-N,0.8023256,5.31960865506336,7.3979400086720375,2.078331353608678,severe,bindingdb|pubchem_confirmatory|bindingdb|pubchem_confirmatory,False,False,False,True,0.689922480620155
GMZVAQJVBFWSIS-RUZDIDTESA-N,LFNUUCVWQIPJNI-SUHSUELASA-N,0.81395346,5.31960865506336,7.221848749616356,1.9022400945529965,moderate,bindingdb|bindingdb|pubchem_confirmatory,False,False,False,False,
GMZVAQJVBFWSIS-RUZDIDTESA-N,LFNUUCVWQIPJNI-USOMCTOXSA-N,0.81395346,5.31960865506336,6.657577319177793,1.3379686641144337,broad,bindingdb|bindingdb|pubchem_confirmatory,False,False,False,False,
TWYDFTDLDAMGKO-IEPMUOFNSA-N,NMYIFZHSXIIJDI-ZJGIAAPESA-N,0.8888889,7.20446769648675,5.995678626217357,1.2087890702693933,broad,bindingdb|pubchem_confirmatory|pubchem_confirmatory,True,False,True,False,
YPPQRURPQMXKTK-XDOPXQJJSA-N,ZEFWTEDSWFEURK-HWVXXCOISA-N,0.91358024,6.236572006437063,7.27642098432889,1.0398489778918272,broad,bindingdb|pubchem_confirmatory|pubchem_confirmatory,False,True,True,False,
YPPQRURPQMXKTK-XDOPXQJJSA-N,NAXPVOYEAMEMAE-JTYXWRCWSA-N,0.8352941,6.236572006437063,8.0,1.763427993562937,moderate,bindingdb|pubchem_confirmatory|pubchem_confirmatory,False,True,True,False,
YPPQRURPQMXKTK-XDOPXQJJSA-N,VRHGRZFQXLMFNI-RJIGRWNCSA-N,0.9268293,6.236572006437063,7.301029995663981,1.0644579892269181,broad,bindingdb|pubchem_confirmatory|bindingdb|pubchem_confirmatory,False,False,False,False,
YPPQRURPQMXKTK-XDOPXQJJSA-N,NAXPVOYEAMEMAE-IMQOFUTHSA-N,0.8352941,6.236572006437063,8.0,1.763427993562937,moderate,bindingdb|bindingdb|pubchem_confirmatory,False,False,False,False,
YPPQRURPQMXKTK-XDOPXQJJSA-N,ZEFWTEDSWFEURK-RULIXLRNSA-N,0.91358024,6.236572006437063,7.3979400086720375,1.1613680022349744,broad,bindingdb|bindingdb|pubchem_confirmatory,False,False,False,False,
YPPQRURPQMXKTK-XDOPXQJJSA-N,NAXPVOYEAMEMAE-VNWIGOPPSA-N,0.8352941,6.236572006437063,8.0,1.763427993562937,moderate,bindingdb|bindingdb|pubchem_confirmatory,False,False,False,False,
NMYIFZHSXIIJDI-ZJGIAAPESA-N,YLJGRIPQHGGABG-MDWDQMQMSA-N,0.8068182,5.995678626217357,7.154901959985743,1.1592233337683862,broad,bindingdb|pubchem_confirmatory|bindingdb|pubchem_confirmatory,False,False,False,False,
NMYIFZHSXIIJDI-ZJGIAAPESA-N,XMQMJDOTNCFOLT-HQMADOEBSA-N,0.9382716,5.995678626217357,7.221848749616356,1.2261701233989992,broad,bindingdb|pubchem_confirmatory|bindingdb|pubchem_confirmatory,False,False,False,False,
NMYIFZHSXIIJDI-ZJGIAAPESA-N,YPTZCJCUBUMRGV-NGPVXHTBSA-N,0.8333333,5.995678626217357,7.093543321678572,1.0978646954612152,broad,bindingdb|pubchem_confirmatory|pubchem_confirmatory,False,True,True,False,
NMYIFZHSXIIJDI-ZJGIAAPESA-N,VRHGRZFQXLMFNI-OKNVFKEHSA-N,0.81609195,5.995678626217357,7.154901959985743,1.1592233337683862,broad,bindingdb|pubchem_confirmatory|bindingdb|pubchem_confirmatory,False,False,False,False,
NMYIFZHSXIIJDI-ZJGIAAPESA-N,VRHGRZFQXLMFNI-RJIGRWNCSA-N,0.81609195,5.995678626217357,7.301029995663981,1.3053513694466243,broad,bindingdb|pubchem_confirmatory|bindingdb|pubchem_confirmatory,False,False,False,False,
NMYIFZHSXIIJDI-ZJGIAAPESA-N,YPTZCJCUBUMRGV-UPHHSBJESA-N,0.8333333,5.995678626217357,7.301029995663981,1.3053513694466243,broad,bindingdb|bindingdb|pubchem_confirmatory,False,False,False,False,
NMYIFZHSXIIJDI-ZJGIAAPESA-N,TWYDFTDLDAMGKO-SUHSUELASA-N,0.8888889,5.995678626217357,7.522878745280337,1.5272001190629805,moderate,bindingdb|bindingdb|pubchem_confirmatory,False,False,False,False,
YPPQRURPQMXKTK-HOLBEBDISA-N,NAXPVOYEAMEMAE-JTYXWRCWSA-N,0.8352941,6.2839966563652006,8.0,1.7160033436347994,moderate,bindingdb|pubchem_confirmatory|pubchem_confirmatory,False,True,True,False,
YPPQRURPQMXKTK-HOLBEBDISA-N,VRHGRZFQXLMFNI-RJIGRWNCSA-N,0.9268293,6.2839966563652006,7.301029995663981,1.0170333392987807,broad,bindingdb|pubchem_confirmatory|bindingdb|pubchem_confirmatory,False,False,False,False,
YPPQRURPQMXKTK-HOLBEBDISA-N,NAXPVOYEAMEMAE-IMQOFUTHSA-N,0.8352941,6.2839966563652006,8.0,1.7160033436347994,moderate,bindingdb|bindingdb|pubchem_confirmatory,False,False,False,False,
YPPQRURPQMXKTK-HOLBEBDISA-N,ZEFWTEDSWFEURK-RULIXLRNSA-N,0.91358024,6.2839966563652006,7.3979400086720375,1.113943352306837,broad,bindingdb|bindingdb|pubchem_confirmatory,False,False,False,False,
YPPQRURPQMXKTK-HOLBEBDISA-N,NAXPVOYEAMEMAE-VNWIGOPPSA-N,0.8352941,6.2839966563652006,8.0,1.7160033436347994,moderate,bindingdb|bindingdb|pubchem_confirmatory,False,False,False,False,
NMYIFZHSXIIJDI-RFYMFKDESA-N,TWYDFTDLDAMGKO-SUHSUELASA-N,0.8888889,6.356547323513812,7.522878745280337,1.1663314217665253,broad,bindingdb|bindingdb|pubchem_confirmatory,False,False,False,False,
ZEFWTEDSWFEURK-HWVXXCOISA-N,KDDPWMGTOWJRQX-KRYSULRRSA-N,0.8045977,7.27642098432889,5.97061622231479,1.3058047620141,broad,bindingdb|pubchem_confirmatory|pubchem_confirmatory,True,False,True,False,
PLZPLPCERVJEBV-LIKDZFNVSA-N,VKJALWWCFJIUAH-MWVDVNALSA-N,0.91566265,5.958607314841775,7.096910013008056,1.1383026981662816,broad,bindingdb|pubchem_confirmatory|bindingdb|pubchem_confirmatory,False,False,False,False,
FUBHBWLOTIIEOC-QFQXNSOFSA-N,PRTQDZCJSRPOGJ-QDPGVEIFSA-N,0.9375,5.596879478824182,7.154901959985743,1.5580224811615615,moderate,bindingdb|pubchem_confirmatory|bindingdb|pubchem_confirmatory,False,False,False,False,
FUBHBWLOTIIEOC-QFQXNSOFSA-N,ZMHVWLZJEXXWPY-AJTFRIOCSA-N,0.8095238,5.596879478824182,7.045757490560675,1.4488780117364932,broad,bindingdb|pubchem_confirmatory|bindingdb|pubchem_confirmatory,False,False,False,False,
KDDPWMGTOWJRQX-KRYSULRRSA-N,RAYHOKJHOSRJQD-GTJYFZDJSA-N,0.9285714,5.97061622231479,7.096910013008056,1.126293790693266,broad,bindingdb|pubchem_confirmatory|bindingdb|pubchem_confirmatory,False,False,False,False,
KDDPWMGTOWJRQX-KRYSULRRSA-N,KMLRLTDCVYFJKS-OZIXFKSASA-N,0.89411765,5.97061622231479,7.0,1.0293837776852097,broad,bindingdb|pubchem_confirmatory|bindingdb|pubchem_confirmatory,False,False,False,False,
KDDPWMGTOWJRQX-KRYSULRRSA-N,ZEFWTEDSWFEURK-RULIXLRNSA-N,0.8045977,5.97061622231479,7.3979400086720375,1.4273237863572472,broad,bindingdb|bindingdb|pubchem_confirmatory,False,False,False,False,
KDDPWMGTOWJRQX-KRYSULRRSA-N,ZEFWTEDSWFEURK-JGZPXTCXSA-N,0.8045977,5.97061622231479,7.154901959985743,1.1842857376709528,broad,bindingdb|bindingdb|pubchem_confirmatory,False,False,False,False,
BIEHPBDPBWAUFZ-RUZDIDTESA-N,WDEZFYQOFULKKL-AREMUKBSSA-N,0.8271605,6.251811972993799,7.522878745280337,1.271066772286538,broad,bindingdb|pubchem_confirmatory|bindingdb|pubchem_confirmatory,False,False,False,False,
WYDCZEIMAZCOQF-JWQCQUIFSA-N,NFNSMCDRYSPAPO-CLJLJLNGSA-N,0.8095238,6.309803919971486,7.522878745280337,1.2130748253088512,broad,bindingdb|pubchem_confirmatory|bindingdb|pubchem_confirmatory,False,False,False,False,
WYDCZEIMAZCOQF-JWQCQUIFSA-N,CJVNIKYJWQUIRS-VSGBNLITSA-N,0.8045977,6.309803919971486,7.522878745280337,1.2130748253088512,broad,bindingdb|pubchem_confirmatory|bindingdb|pubchem_confirmatory,False,False,False,False,
CYFOPJXHNCFKBO-WXFUMESZSA-N,KAGCILQUYYIHNJ-DNQXCXABSA-N,0.83516484,7.301029995663981,6.1938200260161125,1.1072099696478688,broad,bindingdb|pubchem_confirmatory|bindingdb|pubchem_confirmatory,False,False,False,False,
CYFOPJXHNCFKBO-WXFUMESZSA-N,BCESHBWCHFYXIL-WXFUMESZSA-N,0.82417583,7.301029995663981,5.950781977329818,1.3502480183341632,broad,bindingdb|pubchem_confirmatory|bindingdb|pubchem_confirmatory,False,False,False,False,
CIIHYWMLMWIWJT-DNQXCXABSA-N,QEOHHAPIPGPIKD-XMMPIXPASA-N,0.83516484,8.0,7.0,1.0,broad,bindingdb|pubchem_confirmatory|bindingdb|pubchem_confirmatory,False,False,False,False,
CIIHYWMLMWIWJT-DNQXCXABSA-N,IIWCKVZWLWDNIR-DNQXCXABSA-N,0.82417583,8.0,5.79317412396815,2.20682587603185,severe,bindingdb|pubchem_confirmatory|bindingdb|pubchem_confirmatory,False,False,False,True,0.7348484848484849
KAGCILQUYYIHNJ-DNQXCXABSA-N,APFXDZBPJMVCRF-PKTZIBPZSA-N,0.8651685,6.1938200260161125,7.698970004336019,1.5051499783199063,moderate,bindingdb|pubchem_confirmatory|bindingdb|pubchem_confirmatory,False,False,False,False,
KAGCILQUYYIHNJ-DNQXCXABSA-N,NQAWFKTVSVIIDK-RPWUZVMVSA-N,0.82222223,6.1938200260161125,7.301029995663981,1.1072099696478688,broad,bindingdb|pubchem_confirmatory|bindingdb|pubchem_confirmatory,False,False,False,False,
QBXBCMGLHGMKAG-GWQXNCQPSA-N,APFXDZBPJMVCRF-DHIUTWEWSA-N,0.8043478,7.761439372640169,6.7447274948966935,1.0167118777434752,broad,bindingdb|pubchem_confirmatory|bindingdb|pubchem_confirmatory,False,False,False,False,
DKBLOHHXXWZULV-ZLNRFVROSA-N,BCESHBWCHFYXIL-WXFUMESZSA-N,0.8333333,7.221848749616356,5.950781977329818,1.271066772286538,broad,bindingdb|pubchem_confirmatory|bindingdb|pubchem_confirmatory,False,False,False,False,
JNZBVJKZOKYVKZ-BPAKYRGESA-N,BCESHBWCHFYXIL-WXFUMESZSA-N,0.8021978,7.240743030061056,5.950781977329818,1.289961052731238,broad,bindingdb|pubchem_confirmatory|bindingdb|pubchem_confirmatory,False,False,False,False,
YZCLJWRMRRFTHD-DNQXCXABSA-N,IIWCKVZWLWDNIR-DNQXCXABSA-N,0.82222223,7.522878745280337,5.79317412396815,1.7297046213121874,moderate,bindingdb|pubchem_confirmatory|bindingdb|pubchem_confirmatory,False,False,False,False,
YZCLJWRMRRFTHD-DNQXCXABSA-N,VMPJJXWAVFAFKU-DHIUTWEWSA-N,0.82222223,7.522878745280337,6.366531544420413,1.1563472008599245,broad,bindingdb|pubchem_confirmatory|bindingdb|pubchem_confirmatory,False,False,False,False,
NQAWFKTVSVIIDK-RPWUZVMVSA-N,BCESHBWCHFYXIL-WXFUMESZSA-N,0.83146065,7.301029995663981,5.950781977329818,1.3502480183341632,broad,bindingdb|pubchem_confirmatory|bindingdb|pubchem_confirmatory,False,False,False,False,
BCESHBWCHFYXIL-SMIHKQSGSA-N,BCESHBWCHFYXIL-WXFUMESZSA-N,1.0,7.154901959985743,5.950781977329818,1.204119982655925,broad,bindingdb|pubchem_confirmatory|bindingdb|pubchem_confirmatory,False,False,False,False,
IGZIDTNYUHLUDZ-GWQXNCQPSA-N,INTIBJQLLPOYKV-HSZRJFAPSA-N,0.8202247,7.261439372640169,5.131355561605174,2.1300838110349947,severe,bindingdb|pubchem_confirmatory|bindingdb|pubchem_confirmatory,False,False,False,False,0.8347107438016529
KLDCGLMAAQKVOZ-DHIUTWEWSA-N,MTKIMZIBIRCFSI-JWQCQUIFSA-N,0.8064516,7.522878745280337,6.4089353929735005,1.113943352306837,broad,bindingdb|pubchem_confirmatory|bindingdb|pubchem_confirmatory,False,False,False,False,
KLDCGLMAAQKVOZ-DHIUTWEWSA-N,VMPJJXWAVFAFKU-DHIUTWEWSA-N,0.8152174,7.522878745280337,6.366531544420413,1.1563472008599245,broad,bindingdb|pubchem_confirmatory|bindingdb|pubchem_confirmatory,False,False,False,False,
YLSQTWLLZHWBRY-HSZRJFAPSA-N,XHAHHEPCIWJFOZ-RUZDIDTESA-N,0.8043478,6.958607314841775,5.892790030352131,1.0658172844896434,broad,bindingdb|pubchem_confirmatory|bindingdb|pubchem_confirmatory,False,False,False,False,
MTKIMZIBIRCFSI-JWQCQUIFSA-N,FIDIKNOAPFECFZ-DNQXCXABSA-N,0.8152174,6.4089353929735005,8.0,1.5910646070264995,moderate,bindingdb|pubchem_confirmatory|bindingdb|pubchem_confirmatory,False,False,False,False,
MTKIMZIBIRCFSI-JWQCQUIFSA-N,GTAJYNPVNWSSOD-DHIUTWEWSA-N,0.82222223,6.4089353929735005,7.522878745280337,1.113943352306837,broad,bindingdb|pubchem_confirmatory|bindingdb|pubchem_confirmatory,False,False,False,False,
XHAHHEPCIWJFOZ-RUZDIDTESA-N,ZWCHQONPPFWELH-XMMPIXPASA-N,0.8131868,5.892790030352131,7.698970004336019,1.8061799739838875,moderate,bindingdb|pubchem_confirmatory|bindingdb|pubchem_confirmatory,False,False,False,False,
XHAHHEPCIWJFOZ-RUZDIDTESA-N,VRWQITKRSFXCGO-HSZRJFAPSA-N,0.8202247,5.892790030352131,7.698970004336019,1.8061799739838875,moderate,bindingdb|pubchem_confirmatory|bindingdb|pubchem_confirmatory,False,False,False,False,
INTIBJQLLPOYKV-HSZRJFAPSA-N,VRWQITKRSFXCGO-HSZRJFAPSA-N,0.8068182,5.131355561605174,7.698970004336019,2.5676144427308447,severe,bindingdb|pubchem_confirmatory|bindingdb|pubchem_confirmatory,False,False,False,False,0.7741935483870968
GTAJYNPVNWSSOD-DHIUTWEWSA-N,GRELTELGHHMRIF-WOJBJXKFSA-N,0.8352941,7.522878745280337,6.346787486224656,1.1760912590556813,broad,bindingdb|pubchem_confirmatory|bindingdb|pubchem_confirmatory,False,False,False,False,
GGMCVRJPNGHOEL-HSZRJFAPSA-N,IUZXRGLRAITQQP-RUZDIDTESA-N,0.81395346,7.3979400086720375,5.528708288941061,1.8692317197309762,moderate,bindingdb|pubchem_confirmatory|bindingdb|pubchem_confirmatory,False,False,False,False,
VMPJJXWAVFAFKU-DHIUTWEWSA-N,XXDNUMUDDCAXNQ-DNQXCXABSA-N,0.8111111,6.366531544420413,7.698970004336019,1.3324384599156058,broad,bindingdb|pubchem_confirmatory|bindingdb|pubchem_confirmatory,False,False,False,False,
FTIUWGQCUFAGIV-JWQCQUIFSA-N,XXDNUMUDDCAXNQ-DNQXCXABSA-N,0.80898875,5.806875401645538,7.698970004336019,1.8920946026904808,moderate,bindingdb|pubchem_confirmatory|bindingdb|pubchem_confirmatory,False,False,False,False,
IUZXRGLRAITQQP-RUZDIDTESA-N,CZVROBPEHUHFMR-XMMPIXPASA-N,0.8068182,5.528708288941061,8.0,2.4712917110589387,severe,bindingdb|pubchem_confirmatory|bindingdb|pubchem_confirmatory,False,False,False,False,0.782258064516129
AFTXBSOULIGDQG-DHIUTWEWSA-N,XXDNUMUDDCAXNQ-DNQXCXABSA-N,0.87058824,6.6020599913279625,7.698970004336019,1.0969100130080562,broad,bindingdb|pubchem_confirmatory|bindingdb|pubchem_confirmatory,False,False,False,False,
GORHVNASFSSFSK-MCSCQSGASA-N,SCGLAMJDMAQZFI-UEFMTQSISA-N,0.85714287,6.42021640338319,7.494850021680094,1.0746336182969038,broad,bindingdb|pubchem_confirmatory|bindingdb|pubchem_confirmatory,False,False,False,False,
ZGYBGKSOBINACM-CXBZOWBPSA-N,OWIDMWNNDFBKCK-CXBZOWBPSA-N,0.84615386,6.798602875679549,5.633763876281707,1.1648389993978423,broad,bindingdb|pubchem_confirmatory|bindingdb|pubchem_confirmatory,False,False,False,False,
FGCVPJWMBIQIDW-WOJBJXKFSA-N,HKKJEORZMCXVRL-NHCUHLMSSA-N,0.82051283,6.042871802323187,7.1249387366083,1.0820669342851126,broad,bindingdb|pubchem_confirmatory|bindingdb|pubchem_confirmatory,False,False,False,False,
BRRKJRBDYXQWFB-PIIWDFAUSA-N,MEBCNFOTLYYPPP-KAYWLYCHSA-N,0.8064516,5.991399828238082,7.075720713938118,1.084320885700036,broad,bindingdb|pubchem_confirmatory|bindingdb|pubchem_confirmatory,False,False,False,False,
INCGGWJZZCIGFP-JWQCQUIFSA-N,UQVKHZQRAXXEEB-ZGFBMJKBSA-N,0.9,6.272458742971444,7.376750709602099,1.1042919666306554,broad,bindingdb|pubchem_confirmatory|bindingdb|pubchem_confirmatory,False,False,False,False,
UQVKHZQRAXXEEB-ZGFBMJKBSA-N,GVXRBNZIIZNXOA-DHIUTWEWSA-N,0.8452381,7.376750709602099,5.442011851775087,1.9347388578270124,moderate,bindingdb|pubchem_confirmatory|bindingdb|pubchem_confirmatory,False,False,False,False,
UQVKHZQRAXXEEB-ZGFBMJKBSA-N,NVFRWSKOJVCCJL-KAYWLYCHSA-N,0.81609195,7.376750709602099,6.270002371976304,1.1067483376257954,broad,bindingdb|pubchem_confirmatory|bindingdb|pubchem_confirmatory,False,False,False,False,
UTUVYCHDBKIHLW-JCHVILAISA-N,CBRGFTHCLTUXJH-CDNDPLPTSA-N,0.8111111,6.823908740944319,7.823908740944319,1.0,broad,bindingdb|pubchem_confirmatory|bindingdb|pubchem_confirmatory,False,False,False,False,
VCRPZYSWYJNSSU-GQVVIVCQSA-N,QMJLQPIVHPNBBG-GESQXHNISA-N,0.8064516,7.3872161432802645,5.984221243610959,1.4029948996693058,broad,bindingdb|pubchem_confirmatory|bindingdb|pubchem_confirmatory,False,False,False,False,
YPEXCJTVBGDWIB-LAAJAHEYSA-N,BZUULJWZOUBZOU-GESQXHNISA-N,0.8255814,5.82915179635669,7.045757490560675,1.2166056942039845,broad,bindingdb|pubchem_confirmatory|bindingdb|pubchem_confirmatory,False,False,False,False,
LYLYPPKAEFAOHQ-QZPZUKOXSA-N,BEYKKJIYABIPQW-GNTVVGMTSA-N,0.8333333,6.486782399932061,7.638272163982407,1.1514897640503463,broad,bindingdb|pubchem_confirmatory|bindingdb|pubchem_confirmatory,False,False,False,False,
LYLYPPKAEFAOHQ-QZPZUKOXSA-N,PEMSBPMDBFZNNE-LGYSXGNESA-N,0.8235294,6.486782399932061,4.823908740944319,1.662873658987742,moderate,bindingdb|pubchem_confirmatory|bindingdb|pubchem_confirmatory,False,False,False,False,
LYLYPPKAEFAOHQ-QZPZUKOXSA-N,BVRLFUCIQFLHLF-GNTVVGMTSA-N,0.8023256,6.486782399932061,7.698970004336019,1.2121876044039581,broad,bindingdb|pubchem_confirmatory|bindingdb|pubchem_confirmatory,False,False,False,False,
HZZSEESTJFZFAX-FIIBKKJESA-N,QMJLQPIVHPNBBG-GESQXHNISA-N,0.8333333,7.6020599913279625,5.984221243610959,1.6178387477170038,moderate,bindingdb|pubchem_confirmatory|bindingdb|pubchem_confirmatory,False,False,False,False,
BEYKKJIYABIPQW-GNTVVGMTSA-N,VJQGMUXNYFGJLZ-GNTVVGMTSA-N,0.82758623,7.638272163982407,6.2182446253475305,1.4200275386348764,broad,bindingdb|pubchem_confirmatory|bindingdb|pubchem_confirmatory,False,False,False,False,
BEYKKJIYABIPQW-GNTVVGMTSA-N,CCGFHNQQZLPVLB-XUMYZKKMSA-N,0.8875,7.638272163982407,6.371611069949688,1.2666610940327185,broad,bindingdb|pubchem_confirmatory|bindingdb|pubchem_confirmatory,False,False,False,False,
BEYKKJIYABIPQW-GNTVVGMTSA-N,PEMSBPMDBFZNNE-LGYSXGNESA-N,0.8235294,7.638272163982407,4.823908740944319,2.8143634230380883,severe,bindingdb|pubchem_confirmatory|bindingdb|pubchem_confirmatory,False,False,False,True,0.717741935483871
QKTGQAATUHYPAK-CDHPUSFOSA-N,VJQGMUXNYFGJLZ-GNTVVGMTSA-N,0.80898875,7.721246399047171,6.2182446253475305,1.5030017736996406,moderate,bindingdb|pubchem_confirmatory|bindingdb|pubchem_confirmatory,False,False,False,False,
QKTGQAATUHYPAK-CDHPUSFOSA-N,CCGFHNQQZLPVLB-XUMYZKKMSA-N,0.8433735,7.721246399047171,6.371611069949688,1.3496353290974827,broad,bindingdb|pubchem_confirmatory|bindingdb|pubchem_confirmatory,False,False,False,False,
QKTGQAATUHYPAK-CDHPUSFOSA-N,BZUARQADRSOWDN-DNZRUQJHSA-N,0.82758623,7.721246399047171,6.242603971206975,1.478642427840196,broad,bindingdb|pubchem_confirmatory|bindingdb|pubchem_confirmatory,False,False,False,False,
QKTGQAATUHYPAK-CDHPUSFOSA-N,ACKMNLXJDCTPTK-STHVYQTBSA-N,0.83908045,7.721246399047171,6.619788758288394,1.1014576407587775,broad,bindingdb|pubchem_confirmatory|bindingdb|pubchem_confirmatory,False,False,False,False,
OSIDIFXRSRXJHO-DHIUTWEWSA-N,MICHKNNGIUGSKT-ZNRVYKQOSA-N,0.8888889,7.853871964321762,6.512861624522813,1.3410103397989488,broad,bindingdb|pubchem_confirmatory|bindingdb|pubchem_confirmatory,False,False,False,False,
PEMSBPMDBFZNNE-LGYSXGNESA-N,BZUARQADRSOWDN-DNZRUQJHSA-N,0.85882354,4.823908740944319,6.242603971206975,1.4186952302626565,broad,bindingdb|pubchem_confirmatory|bindingdb|pubchem_confirmatory,False,False,False,False,
GRQYJPFSBYFLKX-WKBCRJLYSA-N,HMNKHISRBBCLDY-IOAASBHNSA-N,0.81707317,5.917214629683549,7.920818753952375,2.0036041242688256,severe,bindingdb|pubchem_confirmatory|bindingdb|pubchem_confirmatory,False,False,False,False,0.7837837837837838
GZRIKJQVAXILPI-PCMMOIKVSA-N,SDFUHOMTNVQXOK-WDGDBDAFSA-N,0.8915663,5.902395671125589,7.318758762624412,1.4163630914988232,broad,bindingdb|pubchem_confirmatory|bindingdb|pubchem_confirmatory,False,False,False,False,
YWXCIZQGGSWBRZ-JIUSLJTMSA-N,SDFUHOMTNVQXOK-WDGDBDAFSA-N,0.902439,5.916139199133427,7.318758762624412,1.402619563490985,broad,bindingdb|pubchem_confirmatory|bindingdb|pubchem_confirmatory,False,False,False,False,
PXOOLNADBLBDGP-WMXNZVEGSA-N,OFIHEFDHYWXPRX-UOLLPAKTSA-N,0.81609195,5.056851870641437,7.251811972993799,2.194960102352362,severe,bindingdb|pubchem_confirmatory|bindingdb|pubchem_confirmatory,False,False,False,False,0.6846153846153846
JGIRAGINAGOHJA-OSCSHELXSA-N,UZCBFYDFGKWRNX-PWJCZFGMSA-N,0.8518519,6.0347982989740885,7.6020599913279625,1.567261692353874,moderate,bindingdb|pubchem_confirmatory|bindingdb|pubchem_confirmatory,False,False,False,False,
KMWGBLQIEAVFAP-AISLOGHRSA-N,WDJAQBCIWZKCTR-JFTKIIHVSA-N,0.8472222,7.301029995663981,5.809668301829708,1.491361693834273,broad,bindingdb|pubchem_confirmatory|bindingdb|pubchem_confirmatory,False,False,False,False,
WDJAQBCIWZKCTR-JFTKIIHVSA-N,MYSUBDYQOQCEOB-DGAOCWAPSA-N,0.9066667,5.809668301829708,7.522878745280337,1.7132104434506292,moderate,bindingdb|pubchem_confirmatory|bindingdb|pubchem_confirmatory,False,False,False,False,
CUIVGWDDDLBXEZ-KAYWLYCHSA-N,INHPRRFHIJVIBF-KAYWLYCHSA-N,0.8045977,6.568636235841012,7.698970004336019,1.1303337684950066,broad,bindingdb|pubchem_confirmatory|bindingdb|pubchem_confirmatory,False,False,False,False,
WYSDIYFLZKCSHZ-SSEXGKCCSA-N,GZDLWSWXISFWII-SSEXGKCCSA-N,0.8,6.045757490560675,7.301029995663981,1.2552725051033065,broad,bindingdb|pubchem_confirmatory|bindingdb|pubchem_confirmatory,False,False,False,False,
HYUHFUHAYUYPGT-KAYWLYCHSA-N,NVFRWSKOJVCCJL-KAYWLYCHSA-N,0.83516484,7.372363747448347,6.270002371976304,1.102361375472043,broad,bindingdb|pubchem_confirmatory|bindingdb|pubchem_confirmatory,False,False,False,False,
MEIHUOSUSLIWGX-CLJLJLNGSA-N,AWTLWZAEAVGJTR-CLJLJLNGSA-N,0.82417583,7.154901959985743,6.0915149811213505,1.0633869788643926,broad,bindingdb|pubchem_confirmatory|bindingdb|pubchem_confirmatory,False,False,False,False,
SPLNJRGBNNNKHB-WZVKSPBRSA-N,PYJNYZBYHLTDKK-ZVHXTAQDSA-N,0.8152174,6.657577319177793,8.0,1.3424226808222066,broad,bindingdb|pubchem_confirmatory|bindingdb|pubchem_confirmatory,False,False,False,False,
LKYGUHDNDYLJRG-DNQXCXABSA-N,IYTYCUFCBRYNSG-JWQCQUIFSA-N,0.8111111,5.565431095965801,6.853871964321762,1.288440868355961,broad,bindingdb|pubchem_confirmatory|bindingdb|pubchem_confirmatory,False,False,False,False,
CAMGWUOSDJNTKA-FIIBKKJESA-N,PUFJBGHVGPTVEQ-GVBVHUCQSA-N,0.8333333,6.6777807052660805,7.698970004336019,1.0211892990699383,broad,bindingdb|pubchem_confirmatory|bindingdb|pubchem_confirmatory,False,False,False,False,
HJDASXODXGOWIF-RUZDIDTESA-N,CHMUAFHYTBEENP-JWQCQUIFSA-N,0.8255814,6.3979400086720375,4.823908740944319,1.5740312677277188,moderate,bindingdb|pubchem_confirmatory|bindingdb|pubchem_confirmatory,False,False,False,False,
CHMUAFHYTBEENP-JWQCQUIFSA-N,IYTYCUFCBRYNSG-JWQCQUIFSA-N,0.91566265,4.823908740944319,6.853871964321762,2.029963223377443,severe,bindingdb|pubchem_confirmatory|bindingdb|pubchem_confirmatory,False,False,False,False,0.816
WYYPPJBTXFSMLZ-HHHXNRCGSA-N,INHPRRFHIJVIBF-KAYWLYCHSA-N,0.81707317,6.537602002101044,7.698970004336019,1.1613680022349744,broad,bindingdb|pubchem_confirmatory|bindingdb|pubchem_confirmatory,False,False,False,False,
HMDXLSRPXZDELQ-FQLXRVMXSA-N,OKXUCXQGWHRKJF-GDLZYMKVSA-N,0.8518519,7.698970004336019,6.522878745280337,1.1760912590556813,broad,bindingdb|pubchem_confirmatory|bindingdb|pubchem_confirmatory,False,False,False,False,
FBJWSYBVXDAUDA-KAYWLYCHSA-N,AUABDWJIHQLLSF-CLJLJLNGSA-N,0.8111111,5.555955204081924,7.301029995663981,1.7450747915820575,moderate,bindingdb|pubchem_confirmatory|bindingdb|pubchem_confirmatory,False,False,False,False,
AUABDWJIHQLLSF-CLJLJLNGSA-N,FCYFUHRSBFYOLB-AREMUKBSSA-N,0.84090906,7.301029995663981,5.962573502059376,1.338456493604605,broad,bindingdb|pubchem_confirmatory|bindingdb|pubchem_confirmatory,False,False,False,False,
INHPRRFHIJVIBF-KAYWLYCHSA-N,HQXWWODDOAVCQD-KAYWLYCHSA-N,0.8227848,7.698970004336019,6.698970004336019,1.0,broad,bindingdb|pubchem_confirmatory|bindingdb|pubchem_confirmatory,False,False,False,False,
HQXWWODDOAVCQD-KAYWLYCHSA-N,VGRICQXQEUGDHK-LOYHVIPDSA-N,0.82051283,6.698970004336019,5.546681659952963,1.1522883443830558,broad,bindingdb|pubchem_confirmatory|bindingdb|pubchem_confirmatory,False,False,False,False,
SNNNZHWSCFQNSS-HDXVINNVSA-N,CBVFJUTUFKANOV-ZZTVPSNHSA-N,0.82608694,7.33889035263304,6.180456064458131,1.1584342881749095,broad,bindingdb|pubchem_confirmatory|bindingdb|pubchem_confirmatory,False,False,False,False,
WIELPYALLBTMLM-RDVROTLESA-N,YDUZIQDWBSFXRB-GYZOCXDNSA-N,0.8488372,7.451544993495972,5.0835460514500745,2.3679989420458973,severe,bindingdb|pubchem_confirmatory|bindingdb|pubchem_confirmatory,False,False,False,False,0.7983870967741935
ZJFXGBOASCGRSH-JTYXWRCWSA-N,TVRCRZNFCUYEKH-ZIBQXMNCSA-N,0.85057473,7.761439372640169,6.418419312511491,1.3430200601286781,broad,pubchem_confirmatory|pubchem_confirmatory,True,True,True,False,
ZJFXGBOASCGRSH-JTYXWRCWSA-N,TVRCRZNFCUYEKH-LOIHPRHOSA-N,0.85057473,7.761439372640169,6.585026652029182,1.176412720610987,broad,bindingdb|pubchem_confirmatory,True,False,True,False,
ZJFXGBOASCGRSH-JTYXWRCWSA-N,TVRCRZNFCUYEKH-XDUYTMKBSA-N,0.85057473,7.761439372640169,6.251811972993799,1.5096273996463694,moderate,bindingdb|pubchem_confirmatory,True,False,True,False,
IKTYIDRYTBVZJC-CGCOGMFASA-N,CBVFJUTUFKANOV-ZZTVPSNHSA-N,0.8111111,7.740743030061056,6.180456064458131,1.5602869656029252,moderate,bindingdb|pubchem_confirmatory|bindingdb|pubchem_confirmatory,False,False,False,False,
IKTYIDRYTBVZJC-CGCOGMFASA-N,VGXAWPCYYWTEJP-YVVHSEAESA-N,0.83908045,7.740743030061056,6.537602002101044,1.2031410279600117,broad,bindingdb|pubchem_confirmatory|bindingdb|pubchem_confirmatory,False,False,False,False,
IKTYIDRYTBVZJC-CGCOGMFASA-N,LFNUUCVWQIPJNI-USOMCTOXSA-N,0.8604651,7.740743030061056,6.657577319177793,1.0831657108832626,broad,bindingdb|bindingdb|pubchem_confirmatory,False,False,False,False,
QEKRMDWMDCPCMH-GSHKWTBTSA-N,CBVFJUTUFKANOV-ZZTVPSNHSA-N,0.85555553,7.698970004336019,6.180456064458131,1.518513939877888,moderate,bindingdb|pubchem_confirmatory|bindingdb|pubchem_confirmatory,False,False,False,False,
QVCLTMKLLFETPW-MWVDVNALSA-N,ZJFXGBOASCGRSH-VNWIGOPPSA-N,0.8021978,6.853871964321762,8.0,1.1461280356782382,broad,bindingdb|bindingdb|pubchem_confirmatory,False,False,False,False,
GPVGJKCQVQKTCU-KBEGNJGRSA-N,NECOWGBOQHSSNG-KJZSJKLJSA-N,0.85714287,7.3979400086720375,6.3979400086720375,1.0,broad,bindingdb|pubchem_confirmatory|bindingdb|pubchem_confirmatory,False,False,False,False,
CBVFJUTUFKANOV-ZZTVPSNHSA-N,ARXTZUKWNSDEOC-NGPVXHTBSA-N,0.8202247,6.180456064458131,7.221848749616356,1.0413926851582254,broad,bindingdb|pubchem_confirmatory|pubchem_confirmatory,False,True,True,False,
CBVFJUTUFKANOV-ZZTVPSNHSA-N,ARXTZUKWNSDEOC-VEIFUORISA-N,0.8202247,6.180456064458131,7.3979400086720375,1.2174839442139067,broad,bindingdb|bindingdb|pubchem_confirmatory,False,False,False,False,
CSIRJPXUQDSYOW-HHHXNRCGSA-N,PETXMUCWOZPJJW-NEKDWFFYSA-N,0.81609195,7.698970004336019,6.337242168318426,1.361727836017593,broad,bindingdb|pubchem_confirmatory|bindingdb|pubchem_confirmatory,False,False,False,False,
CSIRJPXUQDSYOW-HHHXNRCGSA-N,DTRXNWPMBSOJIN-HHHXNRCGSA-N,0.8117647,7.698970004336019,6.568636235841012,1.1303337684950066,broad,bindingdb|pubchem_confirmatory|bindingdb|pubchem_confirmatory,False,False,False,False,
PETXMUCWOZPJJW-NEKDWFFYSA-N,QVCLTMKLLFETPW-XDAJTCOGSA-N,0.84090906,6.337242168318426,7.522878745280337,1.1856365769619117,broad,bindingdb|pubchem_confirmatory|bindingdb|pubchem_confirmatory,False,False,False,False,
MKJUETQMTPGHGC-KAYWLYCHSA-N,ZJFXGBOASCGRSH-VNWIGOPPSA-N,0.8488372,6.958607314841775,8.0,1.0413926851582254,broad,bindingdb|bindingdb|pubchem_confirmatory,False,False,False,False,
LTLXUAVVEIWJOB-AREMUKBSSA-N,RUHPDBCMUJISAS-XPOHOPQJSA-N,0.8414634,7.522878745280337,6.337242168318426,1.1856365769619117,broad,bindingdb|pubchem_confirmatory|pubchem_confirmatory,False,True,True,False,
LTLXUAVVEIWJOB-AREMUKBSSA-N,LPVKAKCXVFKSDD-HHHXNRCGSA-N,0.8214286,7.522878745280337,5.767003889607846,1.7558748556724915,moderate,bindingdb|pubchem_confirmatory|bindingdb|pubchem_confirmatory,False,False,False,False,
LTLXUAVVEIWJOB-AREMUKBSSA-N,RUHPDBCMUJISAS-KXTWMDTESA-N,0.8414634,7.522878745280337,6.337242168318426,1.1856365769619117,broad,bindingdb|bindingdb|pubchem_confirmatory,False,False,False,False,
TVRCRZNFCUYEKH-ZIBQXMNCSA-N,YDUZIQDWBSFXRB-GYZOCXDNSA-N,0.9382716,6.418419312511491,5.0835460514500745,1.334873261061416,broad,bindingdb|pubchem_confirmatory|pubchem_confirmatory,True,False,True,False,
TVRCRZNFCUYEKH-ZIBQXMNCSA-N,KREMBNXLYXOOPX-CLJLJLNGSA-N,0.8433735,6.418419312511491,7.698970004336019,1.2805506918245282,broad,bindingdb|pubchem_confirmatory|pubchem_confirmatory,True,False,True,False,
TVRCRZNFCUYEKH-ZIBQXMNCSA-N,NAXPVOYEAMEMAE-JTYXWRCWSA-N,0.8255814,6.418419312511491,8.0,1.5815806874885094,moderate,pubchem_confirmatory|pubchem_confirmatory,True,True,True,False,
TVRCRZNFCUYEKH-ZIBQXMNCSA-N,NAXPVOYEAMEMAE-IMQOFUTHSA-N,0.8255814,6.418419312511491,8.0,1.5815806874885094,moderate,bindingdb|pubchem_confirmatory,True,False,True,False,
TVRCRZNFCUYEKH-ZIBQXMNCSA-N,NAXPVOYEAMEMAE-VNWIGOPPSA-N,0.8255814,6.418419312511491,8.0,1.5815806874885094,moderate,bindingdb|pubchem_confirmatory,True,False,True,False,
TVRCRZNFCUYEKH-ZIBQXMNCSA-N,ZJFXGBOASCGRSH-VNWIGOPPSA-N,0.85057473,6.418419312511491,8.0,1.5815806874885094,moderate,bindingdb|pubchem_confirmatory,True,False,True,False,
TVRCRZNFCUYEKH-ZIBQXMNCSA-N,ZJFXGBOASCGRSH-IMQOFUTHSA-N,0.85057473,6.418419312511491,7.522878745280337,1.1044594327688468,broad,bindingdb|pubchem_confirmatory,True,False,True,False,
RUHPDBCMUJISAS-XPOHOPQJSA-N,ARXTZUKWNSDEOC-VEIFUORISA-N,0.8372093,6.337242168318426,7.3979400086720375,1.0606978403536118,broad,bindingdb|pubchem_confirmatory,True,False,True,False,
HDOICFJGKOAPSD-KAYWLYCHSA-N,CFDNEUFZAVYAPY-GCCWUPBUSA-N,0.8,5.2958494831602,6.823908740944319,1.5280592577841183,moderate,bindingdb|pubchem_confirmatory|bindingdb|pubchem_confirmatory,False,False,False,False,
HDOICFJGKOAPSD-KAYWLYCHSA-N,CFDNEUFZAVYAPY-SACAOSOOSA-N,0.8,5.2958494831602,7.301029995663981,2.005180512503781,severe,bindingdb|pubchem_confirmatory|bindingdb|pubchem_confirmatory,False,False,False,False,0.7936507936507936
HDOICFJGKOAPSD-KAYWLYCHSA-N,KREMBNXLYXOOPX-CLJLJLNGSA-N,0.8235294,5.2958494831602,7.698970004336019,2.4031205211758184,severe,bindingdb|pubchem_confirmatory|bindingdb|pubchem_confirmatory,False,False,False,False,0.8235294117647058
HDOICFJGKOAPSD-KAYWLYCHSA-N,NVKZHLKRHQPQSA-CLJLJLNGSA-N,0.8181818,5.2958494831602,7.522878745280337,2.227029262120137,severe,bindingdb|pubchem_confirmatory|bindingdb|pubchem_confirmatory,False,False,False,False,0.8064516129032258
LPVKAKCXVFKSDD-HHHXNRCGSA-N,DXZLTZZZLYIHJG-AREMUKBSSA-N,0.81609195,5.767003889607846,7.3979400086720375,1.6309361190641916,moderate,bindingdb|pubchem_confirmatory|bindingdb|pubchem_confirmatory,False,False,False,False,
YDUZIQDWBSFXRB-GYZOCXDNSA-N,VGXAWPCYYWTEJP-YVVHSEAESA-N,0.86904764,5.0835460514500745,6.537602002101044,1.4540559506509698,broad,bindingdb|pubchem_confirmatory|bindingdb|pubchem_confirmatory,False,False,False,False,
YDUZIQDWBSFXRB-GYZOCXDNSA-N,XFXVYNYRKQIMDF-YJHZZORQSA-N,0.86206895,5.0835460514500745,7.096910013008056,2.0133639615579817,severe,bindingdb|pubchem_confirmatory|bindingdb|pubchem_confirmatory,False,False,False,False,0.8536585365853658
YDUZIQDWBSFXRB-GYZOCXDNSA-N,KREMBNXLYXOOPX-CLJLJLNGSA-N,0.85365856,5.0835460514500745,7.698970004336019,2.615423952885944,severe,bindingdb|pubchem_confirmatory|bindingdb|pubchem_confirmatory,False,False,False,False,0.8448275862068966
YDUZIQDWBSFXRB-GYZOCXDNSA-N,NVKZHLKRHQPQSA-CLJLJLNGSA-N,0.8045977,5.0835460514500745,7.522878745280337,2.439332693830263,severe,bindingdb|pubchem_confirmatory|bindingdb|pubchem_confirmatory,False,False,False,False,0.7967479674796748
YDUZIQDWBSFXRB-GYZOCXDNSA-N,DKUSWZKILNAVSC-REMUIPKLSA-N,0.8235294,5.0835460514500745,6.721246399047171,1.6377003475970966,moderate,bindingdb|pubchem_confirmatory|bindingdb|pubchem_confirmatory,False,False,False,False,
YDUZIQDWBSFXRB-GYZOCXDNSA-N,TVRCRZNFCUYEKH-LOIHPRHOSA-N,0.9382716,5.0835460514500745,6.585026652029182,1.5014806005791073,moderate,bindingdb|bindingdb|pubchem_confirmatory,False,False,False,False,
YDUZIQDWBSFXRB-GYZOCXDNSA-N,TVRCRZNFCUYEKH-XDUYTMKBSA-N,0.9382716,5.0835460514500745,6.251811972993799,1.1682659215437248,broad,bindingdb|bindingdb|pubchem_confirmatory,False,False,False,False,
NECOWGBOQHSSNG-KJZSJKLJSA-N,FEPCLANBBKYTAM-XRBWLTQTSA-N,0.8333333,6.3979400086720375,7.522878745280337,1.1249387366083,broad,bindingdb|pubchem_confirmatory|bindingdb|pubchem_confirmatory,False,False,False,False,
YYXFWQONQMTQES-AJTFRIOCSA-N,PRTQDZCJSRPOGJ-NEKDWFFYSA-N,0.81609195,7.301029995663981,6.259637310505756,1.0413926851582254,broad,bindingdb|pubchem_confirmatory|bindingdb|pubchem_confirmatory,False,False,False,False,
KREMBNXLYXOOPX-CLJLJLNGSA-N,TVRCRZNFCUYEKH-LOIHPRHOSA-N,0.8433735,7.698970004336019,6.585026652029182,1.113943352306837,broad,bindingdb|bindingdb|pubchem_confirmatory,False,False,False,False,
KREMBNXLYXOOPX-CLJLJLNGSA-N,TVRCRZNFCUYEKH-XDUYTMKBSA-N,0.8433735,7.698970004336019,6.251811972993799,1.4471580313422194,broad,bindingdb|bindingdb|pubchem_confirmatory,False,False,False,False,
WTONTAIDCPNCSW-KAYWLYCHSA-N,NFNSMCDRYSPAPO-CLJLJLNGSA-N,0.8313253,6.42021640338319,7.522878745280337,1.1026623418971475,broad,bindingdb|pubchem_confirmatory|bindingdb|pubchem_confirmatory,False,False,False,False,
WTONTAIDCPNCSW-KAYWLYCHSA-N,NAXPVOYEAMEMAE-JTYXWRCWSA-N,0.8023256,6.42021640338319,8.0,1.5797835966168101,moderate,bindingdb|pubchem_confirmatory|pubchem_confirmatory,False,True,True,False,
WTONTAIDCPNCSW-KAYWLYCHSA-N,SISWABZROHQKSF-KAYWLYCHSA-N,0.8518519,6.42021640338319,7.522878745280337,1.1026623418971475,broad,bindingdb|pubchem_confirmatory|bindingdb|pubchem_confirmatory,False,False,False,False,
WTONTAIDCPNCSW-KAYWLYCHSA-N,NAXPVOYEAMEMAE-IMQOFUTHSA-N,0.8023256,6.42021640338319,8.0,1.5797835966168101,moderate,bindingdb|bindingdb|pubchem_confirmatory,False,False,False,False,
WTONTAIDCPNCSW-KAYWLYCHSA-N,NAXPVOYEAMEMAE-VNWIGOPPSA-N,0.8023256,6.42021640338319,8.0,1.5797835966168101,moderate,bindingdb|bindingdb|pubchem_confirmatory,False,False,False,False,
DOSWOHSVUAUVED-HHHXNRCGSA-N,WDEZFYQOFULKKL-AREMUKBSSA-N,0.8271605,6.522878745280337,7.522878745280337,1.0,broad,bindingdb|pubchem_confirmatory|bindingdb|pubchem_confirmatory,False,False,False,False,
NAXPVOYEAMEMAE-JTYXWRCWSA-N,KMLRLTDCVYFJKS-OZIXFKSASA-N,0.8068182,8.0,7.0,1.0,broad,bindingdb|pubchem_confirmatory|pubchem_confirmatory,True,False,True,False,
NAXPVOYEAMEMAE-JTYXWRCWSA-N,GYZBYPQAHQSORI-YOXBCDPKSA-N,0.8023256,8.0,6.886056647693163,1.113943352306837,broad,bindingdb|pubchem_confirmatory|pubchem_confirmatory,True,False,True,False,
NAXPVOYEAMEMAE-JTYXWRCWSA-N,DKUSWZKILNAVSC-REMUIPKLSA-N,0.9375,8.0,6.721246399047171,1.2787536009528289,broad,bindingdb|pubchem_confirmatory|pubchem_confirmatory,True,False,True,False,
NAXPVOYEAMEMAE-JTYXWRCWSA-N,UMVSFFXULUUKML-CLJLJLNGSA-N,0.8117647,8.0,6.7447274948966935,1.2552725051033065,broad,bindingdb|pubchem_confirmatory|pubchem_confirmatory,True,False,True,False,
NAXPVOYEAMEMAE-JTYXWRCWSA-N,YPTZCJCUBUMRGV-VEIFUORISA-N,0.8333333,8.0,6.886056647693163,1.113943352306837,broad,bindingdb|pubchem_confirmatory,True,False,True,False,
NAXPVOYEAMEMAE-JTYXWRCWSA-N,GMXRDAAVNXOYRT-CTTNORCBSA-N,0.85714287,8.0,6.698970004336019,1.3010299956639813,broad,bindingdb|pubchem_confirmatory,True,False,True,False,
NAXPVOYEAMEMAE-JTYXWRCWSA-N,TVRCRZNFCUYEKH-LOIHPRHOSA-N,0.8255814,8.0,6.585026652029182,1.4149733479708182,broad,bindingdb|pubchem_confirmatory,True,False,True,False,
NAXPVOYEAMEMAE-JTYXWRCWSA-N,TVRCRZNFCUYEKH-XDUYTMKBSA-N,0.8255814,8.0,6.251811972993799,1.7481880270062007,moderate,bindingdb|pubchem_confirmatory,True,False,True,False,
KMLRLTDCVYFJKS-OZIXFKSASA-N,NAXPVOYEAMEMAE-IMQOFUTHSA-N,0.8068182,7.0,8.0,1.0,broad,bindingdb|bindingdb|pubchem_confirmatory,False,False,False,False,
KMLRLTDCVYFJKS-OZIXFKSASA-N,NAXPVOYEAMEMAE-VNWIGOPPSA-N,0.8068182,7.0,8.0,1.0,broad,bindingdb|bindingdb|pubchem_confirmatory,False,False,False,False,
GYZBYPQAHQSORI-YOXBCDPKSA-N,NAXPVOYEAMEMAE-IMQOFUTHSA-N,0.8023256,6.886056647693163,8.0,1.113943352306837,broad,bindingdb|bindingdb|pubchem_confirmatory,False,False,False,False,
GYZBYPQAHQSORI-YOXBCDPKSA-N,NAXPVOYEAMEMAE-VNWIGOPPSA-N,0.8023256,6.886056647693163,8.0,1.113943352306837,broad,bindingdb|bindingdb|pubchem_confirmatory,False,False,False,False,
DKUSWZKILNAVSC-REMUIPKLSA-N,NAXPVOYEAMEMAE-IMQOFUTHSA-N,0.9375,6.721246399047171,8.0,1.2787536009528289,broad,bindingdb|bindingdb|pubchem_confirmatory,False,False,False,False,
DKUSWZKILNAVSC-REMUIPKLSA-N,NAXPVOYEAMEMAE-VNWIGOPPSA-N,0.9375,6.721246399047171,8.0,1.2787536009528289,broad,bindingdb|bindingdb|pubchem_confirmatory,False,False,False,False,
UMVSFFXULUUKML-CLJLJLNGSA-N,NAXPVOYEAMEMAE-IMQOFUTHSA-N,0.8117647,6.7447274948966935,8.0,1.2552725051033065,broad,bindingdb|bindingdb|pubchem_confirmatory,False,False,False,False,
UMVSFFXULUUKML-CLJLJLNGSA-N,NAXPVOYEAMEMAE-VNWIGOPPSA-N,0.8117647,6.7447274948966935,8.0,1.2552725051033065,broad,bindingdb|bindingdb|pubchem_confirmatory,False,False,False,False,
KVMIXEURUDKPPT-NHCUHLMSSA-N,DJJKKBZYTMENQM-FGZHOGPDSA-N,0.8375,6.5406075122407685,5.120330794367947,1.420276717872822,broad,bindingdb|pubchem_confirmatory|bindingdb|pubchem_confirmatory,False,False,False,False,
NQHQCWFRELDPSR-MGYSCDMNSA-N,BCGLCWUWBPCKSO-CDNDPLPTSA-N,0.82758623,5.864231485432178,7.473845450176338,1.6096139647441596,moderate,bindingdb|pubchem_confirmatory|bindingdb|pubchem_confirmatory,False,False,False,False,
NQHQCWFRELDPSR-MGYSCDMNSA-N,XLJXWVMVDOASFN-QYHPCCJNSA-N,0.82758623,5.864231485432178,7.508638306165727,1.6444068207335487,moderate,bindingdb|pubchem_confirmatory|bindingdb|pubchem_confirmatory,False,False,False,False,
MVGNNNIEBIWQPN-CLJLJLNGSA-N,OUHJLFOEFIZYPJ-JWQCQUIFSA-N,0.82758623,7.431798275933005,6.213248577854438,1.2185496980785668,broad,bindingdb|pubchem_confirmatory|bindingdb|pubchem_confirmatory,False,False,False,False,
FZTMTGVISYQUJF-DNQXCXABSA-N,ITKGEPPNEGSVBO-XMMPIXPASA-N,0.82758623,6.557520230935552,4.7266514312508985,1.8308687996846533,moderate,bindingdb|pubchem_confirmatory|bindingdb|pubchem_confirmatory,False,False,False,False,
OUHJLFOEFIZYPJ-JWQCQUIFSA-N,ITKGEPPNEGSVBO-XMMPIXPASA-N,0.82758623,6.213248577854438,4.7266514312508985,1.4865971466035397,broad,bindingdb|pubchem_confirmatory|bindingdb|pubchem_confirmatory,False,False,False,False,
URDVKLILWWNSPT-LOYHVIPDSA-N,VTSQFJFCFADIMM-FQLXRVMXSA-N,0.87234044,6.962573502059376,8.397940008672037,1.4353665066126613,broad,bindingdb|pubchem_confirmatory|bindingdb|pubchem_confirmatory,False,False,False,False,
OWZSJTPAELCUTA-LOYHVIPDSA-N,VTSQFJFCFADIMM-FQLXRVMXSA-N,0.8453608,7.207608310501746,8.397940008672037,1.1903316981702918,broad,bindingdb|pubchem_confirmatory|bindingdb|pubchem_confirmatory,False,False,False,False,
MJEVWSCKIVQISM-NHMVCCKCSA-N,VEZZYLYRGWCRGN-NHMVCCKCSA-N,0.814433,8.0,6.950781977329818,1.049218022670182,broad,bindingdb|pubchem_confirmatory|bindingdb|pubchem_confirmatory,False,False,False,False,
DQFHXHFVOQHYQN-HXUWFJFHSA-N,LDFXPUUHGIRAJW-HXUWFJFHSA-N,0.82666665,5.759637310505756,7.0,1.240362689494244,broad,bindingdb|pubchem_confirmatory|bindingdb|pubchem_confirmatory,False,False,False,False,
VMPJLOARTDNYOG-OAQYLSRUSA-N,YEYGBCBODNQPPQ-OAQYLSRUSA-N,0.81578946,6.5,5.259637310505756,1.240362689494244,broad,bindingdb|pubchem_confirmatory|bindingdb|pubchem_confirmatory,False,False,False,False,
CPOUBCIXTQYKFZ-NDEPHWFRSA-N,PJHFHEHDIDEJBH-SANMLTNESA-N,0.82894737,4.854492828590337,6.102372908709558,1.247880080119221,broad,bindingdb|chembl|pubchem_confirmatory|bindingdb|chembl|pubchem_confirmatory,False,False,False,False,
WBVSLOZIPBGMGD-DEOSSOPVSA-N,JEKTVRHJBCGHFJ-PMERELPUSA-N,0.8101266,6.1487416512809245,4.854492828590337,1.2942488226905873,broad,bindingdb|chembl|pubchem_confirmatory|bindingdb|chembl|pubchem_confirmatory,False,False,False,False,
YGGURSRNOHLZLN-SANMLTNESA-N,PJHFHEHDIDEJBH-SANMLTNESA-N,0.84,5.031517051446064,6.102372908709558,1.0708558572634939,broad,bindingdb|chembl|pubchem_confirmatory|bindingdb|chembl|pubchem_confirmatory,False,False,False,False,
PJHFHEHDIDEJBH-SANMLTNESA-N,GTFLWUJOYDUBAI-LJAQVGFWSA-N,0.8181818,6.102372908709558,4.879097182385473,1.2232757263240854,broad,bindingdb|chembl|pubchem_confirmatory|bindingdb|chembl|pubchem_confirmatory,False,False,False,False,
PJHFHEHDIDEJBH-SANMLTNESA-N,KZUGVCMKFKXKJX-MHZLTWQESA-N,0.9166667,6.102372908709558,4.998699066979582,1.103673841729976,broad,bindingdb|chembl|pubchem_confirmatory|bindingdb|chembl|pubchem_confirmatory,False,False,False,False,
PJHFHEHDIDEJBH-SANMLTNESA-N,RWXJNOXHHROAGK-NDEPHWFRSA-N,0.8181818,6.102372908709558,4.618163200001657,1.4842097087079011,broad,bindingdb|chembl|pubchem_confirmatory|bindingdb|chembl|pubchem_confirmatory,False,False,False,False,
QAMZIERTQHLZOB-QFIPXVFZSA-N,KZUGVCMKFKXKJX-MHZLTWQESA-N,0.81578946,6.119186407719209,4.998699066979582,1.1204873407396265,broad,bindingdb|chembl|pubchem_confirmatory|bindingdb|chembl|pubchem_confirmatory,False,False,False,False,
YCRMPLASSUEONU-SGAJGPLNSA-N,PEOALMVPXVMWBD-LCRYKWFRSA-N,0.82417583,7.7447274948966935,6.732828271596986,1.0118992232997073,broad,bindingdb|chembl|bindingdb|chembl,False,False,False,False,
NORYLKDIJBBIBL-DGOOTMLLSA-N,ZDTTWDHETLQVDM-QZPZUKOXSA-N,0.8131868,7.292429823902063,6.231361898752386,1.0610679251496773,broad,bindingdb|chembl|bindingdb|chembl,False,False,False,False,
PKLKAZQHEAVYDH-CCWBKVMBSA-N,RYMUQIKRWINTKY-CCWBKVMBSA-N,0.8988764,7.920818753952375,6.910094888560602,1.010723865391773,broad,bindingdb|chembl|bindingdb|chembl,False,False,False,False,
NAXPVOYEAMEMAE-IMQOFUTHSA-N,YPTZCJCUBUMRGV-VEIFUORISA-N,0.8333333,8.0,6.886056647693163,1.113943352306837,broad,bindingdb|bindingdb,False,False,False,False,
NAXPVOYEAMEMAE-IMQOFUTHSA-N,GMXRDAAVNXOYRT-CTTNORCBSA-N,0.85714287,8.0,6.698970004336019,1.3010299956639813,broad,bindingdb|bindingdb,False,False,False,False,
NAXPVOYEAMEMAE-IMQOFUTHSA-N,TVRCRZNFCUYEKH-LOIHPRHOSA-N,0.8255814,8.0,6.585026652029182,1.4149733479708182,broad,bindingdb|bindingdb,False,False,False,False,
NAXPVOYEAMEMAE-IMQOFUTHSA-N,TVRCRZNFCUYEKH-XDUYTMKBSA-N,0.8255814,8.0,6.251811972993799,1.7481880270062007,moderate,bindingdb|bindingdb,False,False,False,False,
ARXTZUKWNSDEOC-VEIFUORISA-N,RUHPDBCMUJISAS-KXTWMDTESA-N,0.8372093,7.3979400086720375,6.337242168318426,1.0606978403536118,broad,bindingdb|bindingdb,False,False,False,False,
NAXPVOYEAMEMAE-VNWIGOPPSA-N,YPTZCJCUBUMRGV-VEIFUORISA-N,0.8333333,8.0,6.886056647693163,1.113943352306837,broad,bindingdb|bindingdb,False,False,False,False,
NAXPVOYEAMEMAE-VNWIGOPPSA-N,GMXRDAAVNXOYRT-CTTNORCBSA-N,0.85714287,8.0,6.698970004336019,1.3010299956639813,broad,bindingdb|bindingdb,False,False,False,False,
NAXPVOYEAMEMAE-VNWIGOPPSA-N,TVRCRZNFCUYEKH-LOIHPRHOSA-N,0.8255814,8.0,6.585026652029182,1.4149733479708182,broad,bindingdb|bindingdb,False,False,False,False,
NAXPVOYEAMEMAE-VNWIGOPPSA-N,TVRCRZNFCUYEKH-XDUYTMKBSA-N,0.8255814,8.0,6.251811972993799,1.7481880270062007,moderate,bindingdb|bindingdb,False,False,False,False,
ZJFXGBOASCGRSH-VNWIGOPPSA-N,TVRCRZNFCUYEKH-LOIHPRHOSA-N,0.85057473,8.0,6.585026652029182,1.4149733479708182,broad,bindingdb|bindingdb,False,False,False,False,
ZJFXGBOASCGRSH-VNWIGOPPSA-N,TVRCRZNFCUYEKH-XDUYTMKBSA-N,0.85057473,8.0,6.251811972993799,1.7481880270062007,moderate,bindingdb|bindingdb,False,False,False,False,
TVRCRZNFCUYEKH-XDUYTMKBSA-N,ZJFXGBOASCGRSH-IMQOFUTHSA-N,0.85057473,6.251811972993799,7.522878745280337,1.271066772286538,broad,bindingdb|bindingdb,False,False,False,False,
