inchi_key,source_list,n_sources,source_independence_score,is_true_multi_source,multi_source,concordant
PVYJZLYGTZKPJE-UHFFFAOYSA-N,bindingdb|chembl|pubchem_confirmatory,3,0.3,False,True,True
MQUQNUAYKLCRME-INIZCTEOSA-N,bindingdb|chembl|pubchem_confirmatory,3,0.3,False,True,True
YYVYAPXYZVYDHN-UHFFFAOYSA-N,bindingdb|chembl|pubchem_confirmatory,3,0.3,False,True,True
HDXJYJIPXWVRSM-UHFFFAOYSA-N,bindingdb|chembl|pubchem_confirmatory,3,0.3,False,True,True
XQYZDYMELSJDRZ-UHFFFAOYSA-N,bindingdb|chembl|pubchem_confirmatory,3,0.3,False,True,True
JOURGLFWVLLAPY-UHFFFAOYSA-N,bindingdb|chembl|pubchem_confirmatory,3,0.3,False,True,True
AAUANTNCTLBCQX-UHFFFAOYSA-N,bindingdb|pubchem_confirmatory,2,0.5,False,True,True
CXTKLJSFJQGFET-UHFFFAOYSA-N,bindingdb|chembl|pubchem_confirmatory,3,0.3,False,True,True
JMIDETFMZFEBIU-UHFFFAOYSA-N,chembl|pubchem_confirmatory,2,0.7,True,True,True
CTORJSYGWMYYMT-FMIVXFBMSA-N,bindingdb|chembl|pubchem_confirmatory,3,0.3,False,True,True
QCVXKQUVOKEFPR-LVMRBHESSA-N,bindingdb|chembl|pubchem_confirmatory,3,0.3,False,True,True
UIZWTUZQYPXHKI-FCIKTHLFSA-N,bindingdb|chembl|pubchem_confirmatory,3,0.3,False,True,True
HKCDEONSLDDVOM-YIGOKMEQSA-N,bindingdb|chembl|pubchem_confirmatory,3,0.3,False,True,True
ZLBVSEGRTNQHQH-BJHKHANUSA-N,bindingdb|chembl|pubchem_confirmatory,3,0.3,False,True,True
ZLBVSEGRTNQHQH-UUMVYCCLSA-N,bindingdb|chembl|pubchem_confirmatory,3,0.3,False,True,False
YUUMDEZEZWRBSZ-SDNWHVSQSA-N,bindingdb|chembl|pubchem_confirmatory,3,0.3,False,True,True
CFELFOZOBIBTFL-FNORWQNLSA-N,bindingdb|chembl|pubchem_confirmatory,3,0.3,False,True,True
YILCTIBWASNWOQ-HWGSQVGPSA-N,bindingdb|chembl|pubchem_confirmatory,3,0.3,False,True,True
IRUYMSJJXUWNNC-HWGSQVGPSA-N,bindingdb|chembl|pubchem_confirmatory,3,0.3,False,True,True
UUGKYBRZWXZXMI-NZQKXSOJSA-N,bindingdb|chembl|pubchem_confirmatory,3,0.3,False,True,True
UAFUKXALTWNING-CCWPHWCFSA-N,bindingdb|chembl|pubchem_confirmatory,3,0.3,False,True,True
ZXYSZYCQSXFBRN-OAQYLSRUSA-N,bindingdb|chembl|pubchem_confirmatory,3,0.3,False,True,True
ALTLRGQMSDELBI-DBXGMPFESA-N,bindingdb|chembl|pubchem_confirmatory,3,0.3,False,True,False
SYYIWIMFBSKKFG-LYRKDJCHSA-N,bindingdb|chembl|pubchem_confirmatory,3,0.3,False,True,True
BQNAHEIXEFRGPB-LEWOSNPHSA-N,bindingdb|chembl|pubchem_confirmatory,3,0.3,False,True,True
BQNAHEIXEFRGPB-UKTDVOJESA-N,bindingdb|chembl|pubchem_confirmatory,3,0.3,False,True,True
JMHGWNZBVSPKBH-CCEZHUSRSA-N,bindingdb|chembl|pubchem_confirmatory,3,0.3,False,True,True
NMHOAHFONJFYOW-DHZHZOJOSA-N,bindingdb|chembl|pubchem_confirmatory,3,0.3,False,True,True
LRLVNQOHFZEBKU-UHFFFAOYSA-N,pubchem_confirmatory,1,1.0,True,False,True
HXGCRARCNKEOSY-XYOKQWHBSA-N,pubchem_confirmatory,1,1.0,True,False,True
GNIBYTOKZDPDKD-UXBLZVDNSA-N,pubchem_confirmatory,1,1.0,True,False,True
QEEXIXLJHPWWKS-VQHVLOKHSA-N,pubchem_confirmatory,1,1.0,True,False,True
JFZHZPYWXHCWMV-YRNVUSSQSA-N,pubchem_confirmatory,1,1.0,True,False,True
IFBPTVAHWJLMIF-RMKNXTFCSA-N,pubchem_confirmatory,1,1.0,True,False,True
AYBWVYWRUDEULL-YRNVUSSQSA-N,pubchem_confirmatory,1,1.0,True,False,True
OOTBWNFQBGJGJE-PKNBQFBNSA-N,pubchem_confirmatory,1,1.0,True,False,True
XTHXPWUTDREOFX-DHZHZOJOSA-N,bindingdb|chembl|pubchem_confirmatory,3,0.3,False,True,True
SRORMKWAIMNILD-JXMROGBWSA-N,bindingdb|chembl|pubchem_confirmatory,3,0.3,False,True,True
QDWFSZYYBGSFPL-RMKNXTFCSA-N,pubchem_confirmatory,1,1.0,True,False,True
ZGQMFNSJGUKSMH-RMKNXTFCSA-N,pubchem_confirmatory,1,1.0,True,False,True
AXMCPWUTNYFBNX-JXMROGBWSA-N,pubchem_confirmatory,1,1.0,True,False,True
DVZVEWVYKJSGLQ-JXMROGBWSA-N,bindingdb|chembl|pubchem_confirmatory,3,0.3,False,True,True
KGKRADAUBLSKGX-RMKNXTFCSA-N,bindingdb|chembl|pubchem_confirmatory,3,0.3,False,True,True
KOKHUKRPRJOUDM-VAWYXSNFSA-N,pubchem_confirmatory,1,1.0,True,False,True
UHKMDVPFMABSSF-MDZDMXLPSA-N,pubchem_confirmatory,1,1.0,True,False,True
XWGPJMUSEINBJS-FMIVXFBMSA-N,bindingdb|pubchem_confirmatory,2,0.5,False,True,True
IOHPCMKZUWYVRR-UHFFFAOYSA-N,pubchem_confirmatory,1,1.0,True,False,True
BNXSJGWSJQDDBF-ZHACJKMWSA-N,pubchem_confirmatory,1,1.0,True,False,True
PEXDBIHYQXDXJI-DHZHZOJOSA-N,pubchem_confirmatory,1,1.0,True,False,True
HHIREIMBTWZZIC-UXBLZVDNSA-N,pubchem_confirmatory,1,1.0,True,False,True
FMIJZESWHLELRZ-QHHAFSJGSA-N,pubchem_confirmatory,1,1.0,True,False,True
JZPXOBWNMRARPY-UXBLZVDNSA-N,pubchem_confirmatory,1,1.0,True,False,True
JMJKAVVLODTPFH-DHZHZOJOSA-N,pubchem_confirmatory,1,1.0,True,False,True
JDTIOJYXOAHOGM-YRNVUSSQSA-N,pubchem_confirmatory,1,1.0,True,False,True
OPYUXHPJDDVCOV-VOTSOKGWSA-N,pubchem_confirmatory,1,1.0,True,False,True
IUXSHUXSNKTMJT-CMDGGOBGSA-N,pubchem_confirmatory,1,1.0,True,False,True
MVZAXSCUQUDQOZ-VOTSOKGWSA-N,pubchem_confirmatory,1,1.0,True,False,True
HIFRPGQILDWUKB-MDZDMXLPSA-N,pubchem_confirmatory,1,1.0,True,False,True
LCECKOIJXYKUEF-VAWYXSNFSA-N,pubchem_confirmatory,1,1.0,True,False,True
MUEZGOQGKATVOF-DHZHZOJOSA-N,pubchem_confirmatory,1,1.0,True,False,True
WQMVIAANKPKQLN-MDZDMXLPSA-N,pubchem_confirmatory,1,1.0,True,False,True
URBNGDUKOZXTHB-MDZDMXLPSA-N,pubchem_confirmatory,1,1.0,True,False,True
XWHGICCUPYIKPV-RMKNXTFCSA-N,pubchem_confirmatory,1,1.0,True,False,True
PIWUSUPJFLFMBI-RMKNXTFCSA-N,pubchem_confirmatory,1,1.0,True,False,True
PHDSUFCCSOIIQI-BQYQJAHWSA-N,pubchem_confirmatory,1,1.0,True,False,True
ICYDLGJBJNSVSO-BQYQJAHWSA-N,pubchem_confirmatory,1,1.0,True,False,True
UDDVKHQKLTWAQZ-SOFGYWHQSA-N,pubchem_confirmatory,1,1.0,True,False,True
JRULZZDRZJDQRZ-DHZHZOJOSA-N,pubchem_confirmatory,1,1.0,True,False,True
QPGJFWBDVPCCKL-RMKNXTFCSA-N,bindingdb|chembl|pubchem_confirmatory,3,0.3,False,True,True
NNLJKAYFSYMRQJ-SDNWHVSQSA-N,pubchem_confirmatory,1,1.0,True,False,True
WQITXTUCVIYBPJ-XYOKQWHBSA-N,pubchem_confirmatory,1,1.0,True,False,True
QHGYWRLUHAPVLY-JXMROGBWSA-N,pubchem_confirmatory,1,1.0,True,False,True
SGRYIOYJCBVFPQ-CMDGGOBGSA-N,pubchem_confirmatory,1,1.0,True,False,True
GXXIRHSUNYTOEK-ZHACJKMWSA-N,pubchem_confirmatory,1,1.0,True,False,True
PTPAENFLJHKDBN-RMKNXTFCSA-N,pubchem_confirmatory,1,1.0,True,False,True
SNVVJBDVMKULED-RMKNXTFCSA-N,pubchem_confirmatory,1,1.0,True,False,True
BYIAQYOKGZYVCW-DHZHZOJOSA-N,pubchem_confirmatory,1,1.0,True,False,True
VLLAODJMZZKLMC-RMKNXTFCSA-N,pubchem_confirmatory,1,1.0,True,False,True
XYALKHVTWDOCIP-DHZHZOJOSA-N,pubchem_confirmatory,1,1.0,True,False,True
SCZKFKLKRWARKC-ZRDIBKRKSA-N,pubchem_confirmatory,1,1.0,True,False,True
UBOWTZPBRQYUKC-RMKNXTFCSA-N,pubchem_confirmatory,1,1.0,True,False,True
OKTDQBUWNAGMJK-ZHACJKMWSA-N,bindingdb|chembl|pubchem_confirmatory,3,0.3,False,True,True
DKQVCHLCWZICEF-WUKNDPDISA-N,bindingdb|chembl|pubchem_confirmatory,3,0.3,False,True,True
FKCBLHBVVGFCGU-MDZDMXLPSA-N,pubchem_confirmatory,1,1.0,True,False,True
KTTHLZXORVBRPD-OUKQBFOZSA-N,bindingdb|chembl|pubchem_confirmatory,3,0.3,False,True,True
YJSXCBCCMLHNTO-VOTSOKGWSA-N,pubchem_confirmatory,1,1.0,True,False,True
WMEVPFZLDWUACG-DHZHZOJOSA-N,pubchem_confirmatory,1,1.0,True,False,True
NWDXKDFOTMDSRC-OUKQBFOZSA-N,bindingdb|chembl|pubchem_confirmatory,3,0.3,False,True,True
CZONLAMRIACSAU-FOCLMDBBSA-N,pubchem_confirmatory,1,1.0,True,False,True
BYBYRVVGDKFQQJ-OUKQBFOZSA-N,bindingdb|chembl|pubchem_confirmatory,3,0.3,False,True,True
GWCYSRWEBHYEKZ-RMKNXTFCSA-N,pubchem_confirmatory,1,1.0,True,False,True
JBKJJNALQICNAS-VAWYXSNFSA-N,bindingdb|chembl|pubchem_confirmatory,3,0.3,False,True,True
CSSPERHFFUHKKJ-FOCLMDBBSA-N,bindingdb|chembl|pubchem_confirmatory,3,0.3,False,True,True
PALNTWYDQSDNBT-JLHYYAGUSA-N,bindingdb|chembl|pubchem_confirmatory,3,0.3,False,True,True
SLLGHTGHAAYVRN-VAWYXSNFSA-N,pubchem_confirmatory,1,1.0,True,False,True
AJAZUWLLKMHSCU-VAWYXSNFSA-N,bindingdb|chembl|pubchem_confirmatory,3,0.3,False,True,True
PMIMIQXDZGTZJH-VAWYXSNFSA-N,bindingdb|chembl|pubchem_confirmatory,3,0.3,False,True,True
GTYVITQYZFSSKC-VOTSOKGWSA-N,pubchem_confirmatory,1,1.0,True,False,True
YGBQLJBSTXDBTP-CMDGGOBGSA-N,pubchem_confirmatory,1,1.0,True,False,True
QDALAKXJRKKEOW-JXMROGBWSA-N,pubchem_confirmatory,1,1.0,True,False,True
GDLWNQIOKVSTHA-VOTSOKGWSA-N,pubchem_confirmatory,1,1.0,True,False,True
LREQQJIRMNCRHS-ZHACJKMWSA-N,pubchem_confirmatory,1,1.0,True,False,True
DGAHSKAEYBDNIF-MDZDMXLPSA-N,pubchem_confirmatory,1,1.0,True,False,True
DLIJBRSMUFQMSL-CMDGGOBGSA-N,pubchem_confirmatory,1,1.0,True,False,True
BRZZRRDGRRBCLT-CMDGGOBGSA-N,pubchem_confirmatory,1,1.0,True,False,True
YJKUKOMOBQFQSB-BQYQJAHWSA-N,pubchem_confirmatory,1,1.0,True,False,True
OAMUOWWJCOURQM-DHZHZOJOSA-N,pubchem_confirmatory,1,1.0,True,False,True
UYRJFJYXYYMBMK-CMDGGOBGSA-N,pubchem_confirmatory,1,1.0,True,False,True
HNXAGBLLWKPZMU-IZZDOVSWSA-N,pubchem_confirmatory,1,1.0,True,False,True
LIDJLMSIGUFNKV-ZRDIBKRKSA-N,pubchem_confirmatory,1,1.0,True,False,True
NVCIGSZWTPAQJK-OBGWFSINSA-N,bindingdb|chembl|pubchem_confirmatory,3,0.3,False,True,True
YWPYSBUOUCZTKY-OBGWFSINSA-N,bindingdb|chembl|pubchem_confirmatory,3,0.3,False,True,True
DVDKJPVCVFUKQI-BJMVGYQFSA-N,pubchem_confirmatory,1,1.0,True,False,True
XTEOYLKMJHNLHR-KPKJPENVSA-N,pubchem_confirmatory,1,1.0,True,False,True
NHUDXTCVUYOXPX-NTCAYCPXSA-N,pubchem_confirmatory,1,1.0,True,False,True
LFOOQYLSQHDGTB-RMKNXTFCSA-N,pubchem_confirmatory,1,1.0,True,False,True
LUHMBUSHYYZWLJ-DHZHZOJOSA-N,pubchem_confirmatory,1,1.0,True,False,True
PDTPUJZOKQGWNI-OUKQBFOZSA-N,pubchem_confirmatory,1,1.0,True,False,True
RXYSGJWPKPXMPC-SAPNQHFASA-N,pubchem_confirmatory,1,1.0,True,False,True
NMBQTCVRXSWTLB-NTCAYCPXSA-N,pubchem_confirmatory,1,1.0,True,False,True
RIRWGTKSSOUSSU-SAPNQHFASA-N,bindingdb|chembl|pubchem_confirmatory,3,0.3,False,True,True
KDEBGGAZOYIUIR-VAWYXSNFSA-N,pubchem_confirmatory,1,1.0,True,False,True
ZINMBGKQFAEFFP-BUHFOSPRSA-N,pubchem_confirmatory,1,1.0,True,False,True
LDEPQDNWIDCNFJ-OUKQBFOZSA-N,pubchem_confirmatory,1,1.0,True,False,True
YKMNGUSKAYROMJ-FOCLMDBBSA-N,pubchem_confirmatory,1,1.0,True,False,True
GBATXUWZTJMMMK-DTQAZKPQSA-N,pubchem_confirmatory,1,1.0,True,False,True
AERWGZLZSYCHHV-CPNJWEJPSA-N,pubchem_confirmatory,1,1.0,True,False,True
GGWTWLJIAOMXSS-BUHFOSPRSA-N,bindingdb|chembl|pubchem_confirmatory,3,0.3,False,True,True
ADFHTOOXOXGYOP-CCEZHUSRSA-N,bindingdb|chembl|pubchem_confirmatory,3,0.3,False,True,True
LCKPKAFZAFKKNM-VAWYXSNFSA-N,pubchem_confirmatory,1,1.0,True,False,True
XJOMVMGEQAQCKR-ZHACJKMWSA-N,pubchem_confirmatory,1,1.0,True,False,True
XLEGWLJWRCGEOS-ZHACJKMWSA-N,pubchem_confirmatory,1,1.0,True,False,True
HPBFSCYMZGVQHX-UHFFFAOYSA-N,pubchem_confirmatory,1,1.0,True,False,True
MRFREMASBVZLLH-ZHACJKMWSA-N,pubchem_confirmatory,1,1.0,True,False,True
DEWFGLCAZODPBY-BUHFOSPRSA-N,pubchem_confirmatory,1,1.0,True,False,True
KHNQPTWXIUOYQO-CCEZHUSRSA-N,pubchem_confirmatory,1,1.0,True,False,True
SOIKRFVZJBTYMD-FOCLMDBBSA-N,pubchem_confirmatory,1,1.0,True,False,True
QABCOMMXJJOOAU-ZHACJKMWSA-N,pubchem_confirmatory,1,1.0,True,False,True
GZGPTOUZZVQRGQ-BUHFOSPRSA-N,pubchem_confirmatory,1,1.0,True,False,True
JWPZZMFUFKVDBC-OUKQBFOZSA-N,pubchem_confirmatory,1,1.0,True,False,True
IOPPZFFKVQWKDX-WYMLVPIESA-N,pubchem_confirmatory,1,1.0,True,False,True
WYFRPHUDQAIOHU-FMIVXFBMSA-N,pubchem_confirmatory,1,1.0,True,False,True
LCHPNLAIKWSCIX-UHFFFAOYSA-N,pubchem_confirmatory,1,1.0,True,False,True
CKJQDYLHTWSCSK-BQYQJAHWSA-N,pubchem_confirmatory,1,1.0,True,False,True
ANWMKFCGRQUQTB-ZRDIBKRKSA-N,pubchem_confirmatory,1,1.0,True,False,True
KWKREYSMABWNBI-DHZHZOJOSA-N,pubchem_confirmatory,1,1.0,True,False,True
NFESYUIIZFBADJ-FOWTUZBSSA-N,bindingdb|chembl|pubchem_confirmatory,3,0.3,False,True,True
ZCWAIXYOPMSUEV-FYWRMAATSA-N,pubchem_confirmatory,1,1.0,True,False,True
YKLQDRRDILGWLP-DTQAZKPQSA-N,pubchem_confirmatory,1,1.0,True,False,True
ZEBCMZXIJDNJSZ-ZHACJKMWSA-N,bindingdb|chembl|pubchem_confirmatory,3,0.3,False,True,True
CDMBNWWFZGLHDV-OUKQBFOZSA-N,bindingdb|chembl|pubchem_confirmatory,3,0.3,False,True,True
NJWUGKBRZWFDKD-OUKQBFOZSA-N,bindingdb|chembl|pubchem_confirmatory,3,0.3,False,True,True
IJLPRPALLAHIJJ-OUKQBFOZSA-N,bindingdb|chembl|pubchem_confirmatory,3,0.3,False,True,True
AFYLPVZLOIOIPU-VAWYXSNFSA-N,bindingdb|chembl|pubchem_confirmatory,3,0.3,False,True,True
WFIYFDIGJLTFLH-CCEZHUSRSA-N,bindingdb|chembl|pubchem_confirmatory,3,0.3,False,True,True
ZFQZVYUTUKALKZ-SAPNQHFASA-N,bindingdb|chembl|pubchem_confirmatory,3,0.3,False,True,True
XEDDOSQDCUWIGD-BUHFOSPRSA-N,bindingdb|chembl|pubchem_confirmatory,3,0.3,False,True,True
IPHDAWDZQWFHEI-FMIVXFBMSA-N,pubchem_confirmatory,1,1.0,True,False,True
BSYAHANOBLGKKG-CMDGGOBGSA-N,pubchem_confirmatory,1,1.0,True,False,True
YCUWMRUVCRYQRB-RMKNXTFCSA-N,pubchem_confirmatory,1,1.0,True,False,True
KLEILKCHCPKHOE-CQSZACIVSA-N,bindingdb|chembl|pubchem_confirmatory,3,0.3,False,True,True
BYDAANAYEDHEPL-LJQANCHMSA-N,bindingdb|chembl|pubchem_confirmatory,3,0.3,False,True,True
NMPGLLCIUXILAT-OAQYLSRUSA-N,bindingdb|chembl|pubchem_confirmatory,3,0.3,False,True,True
HQFVASRRCCIMKP-GOSISDBHSA-N,bindingdb|chembl|pubchem_confirmatory,3,0.3,False,True,True
BMABZYAAKBUEGW-GOSISDBHSA-N,bindingdb|chembl|pubchem_confirmatory,3,0.3,False,True,True
JKRBIXQZRMQKGT-QGZVFWFLSA-N,bindingdb|chembl|pubchem_confirmatory,3,0.3,False,True,True
LCUPEXFODYVTSB-QGZVFWFLSA-N,bindingdb|chembl|pubchem_confirmatory,3,0.3,False,True,True
WLMZEBAFMZNALU-OAHLLOKOSA-N,bindingdb|chembl|pubchem_confirmatory,3,0.3,False,True,True
ISIFHSWFPIFDOU-JOCHJYFZSA-N,bindingdb|chembl|pubchem_confirmatory,3,0.3,False,True,True
PELLZROKXXBRFB-BWKNWUBXSA-N,bindingdb|chembl|pubchem_confirmatory,3,0.3,False,True,True
PELLZROKXXBRFB-SQJMNOBHSA-N,bindingdb|chembl|pubchem_confirmatory,3,0.3,False,True,True
FUAIFGJJGWSHDK-HXUWFJFHSA-N,bindingdb|chembl|pubchem_confirmatory,3,0.3,False,True,True
RRBNUHHNKGSYCK-OAQYLSRUSA-N,bindingdb|chembl|pubchem_confirmatory,3,0.3,False,True,True
GOIPLEXMQRBWEH-VXKWHMMOSA-N,bindingdb|chembl|pubchem_confirmatory,3,0.3,False,True,True
GOIPLEXMQRBWEH-FGZHOGPDSA-N,bindingdb|chembl|pubchem_confirmatory,3,0.3,False,True,True
FPWGEQLSPBRTNQ-LJQANCHMSA-N,bindingdb|chembl|pubchem_confirmatory,3,0.3,False,True,True
UMUBCTXSVQLVJZ-OAQYLSRUSA-N,bindingdb|chembl|pubchem_confirmatory,3,0.3,False,True,True
GCECAKREZWXITH-OAQYLSRUSA-N,bindingdb|chembl|pubchem_confirmatory,3,0.3,False,True,True
DPMIDWSEOCVVHM-LJQANCHMSA-N,bindingdb|chembl|pubchem_confirmatory,3,0.3,False,True,True
RPOTZZUVWVLDEY-MRXNPFEDSA-N,bindingdb|chembl|pubchem_confirmatory,3,0.3,False,True,True
LMFDAMJQZAJNAR-QGZVFWFLSA-N,bindingdb|chembl|pubchem_confirmatory,3,0.3,False,True,True
VCCDRJHLKXBOSX-OAQYLSRUSA-N,bindingdb|chembl|pubchem_confirmatory,3,0.3,False,True,True
GRDIDJGVQROMRI-OAQYLSRUSA-N,bindingdb|chembl|pubchem_confirmatory,3,0.3,False,True,True
JPMRLXSYLSYYHO-QGZVFWFLSA-N,bindingdb|chembl|pubchem_confirmatory,3,0.3,False,True,True
QRHGLYNKXVBWSX-GOSISDBHSA-N,bindingdb|chembl|pubchem_confirmatory,3,0.3,False,True,True
BKNNLJWGGUPAKD-LJQANCHMSA-N,bindingdb|chembl|pubchem_confirmatory,3,0.3,False,True,True
UTOUDCXQHYIBMX-HXUWFJFHSA-N,bindingdb|chembl|pubchem_confirmatory,3,0.3,False,True,True
OFKJMSGGMDSECO-HXUWFJFHSA-N,bindingdb|chembl|pubchem_confirmatory,3,0.3,False,True,True
DCSVDUNBJWRZMN-HSZRJFAPSA-N,bindingdb|chembl|pubchem_confirmatory,3,0.3,False,True,True
XCZHAYVQPNWMEA-CYNGKWMKSA-N,bindingdb|chembl|pubchem_confirmatory,3,0.3,False,True,True
HYDSEIWPBOQNCR-QGZVFWFLSA-N,bindingdb|chembl|pubchem_confirmatory,3,0.3,False,True,True
JKKWFYBKXZDIST-XMMPIXPASA-N,bindingdb|chembl|pubchem_confirmatory,3,0.3,False,True,True
DPHCVOMXRGIHJC-OAQYLSRUSA-N,bindingdb|chembl|pubchem_confirmatory,3,0.3,False,True,True
SEYBOWTYPXPIIJ-LJQANCHMSA-N,bindingdb|chembl|pubchem_confirmatory,3,0.3,False,True,True
PGZVYIMHRCVOHY-MRXNPFEDSA-N,bindingdb|chembl|pubchem_confirmatory,3,0.3,False,True,True
HRICJVJFSQCKLG-JOCHJYFZSA-N,bindingdb|chembl|pubchem_confirmatory,3,0.3,False,True,True
MRKNBRVMHHBQDH-HSZRJFAPSA-N,bindingdb|chembl|pubchem_confirmatory,3,0.3,False,True,True
UFYPPHZBSWSMLG-GOTSBHOMSA-N,bindingdb|chembl|pubchem_confirmatory,3,0.3,False,True,True
RGJUIBDRXPUBJF-JOCHJYFZSA-N,bindingdb|chembl|pubchem_confirmatory,3,0.3,False,True,True
LNFCGXAEPFPPOJ-OAQYLSRUSA-N,bindingdb|chembl|pubchem_confirmatory,3,0.3,False,True,True
NPWWEJLXEPOBAQ-JOCHJYFZSA-N,bindingdb|chembl|pubchem_confirmatory,3,0.3,False,True,True
DXTWVBCLKNVTEC-HSZRJFAPSA-N,bindingdb|chembl|pubchem_confirmatory,3,0.3,False,True,True
XSNQSTGMYHHRTA-MUUNZHRXSA-N,bindingdb|chembl|pubchem_confirmatory,3,0.3,False,True,True
SRASBFNBAKBPBG-UHFFFAOYSA-N,bindingdb|chembl|pubchem_confirmatory,3,0.3,False,True,True
PJORDXXMJOWLNC-JOCHJYFZSA-N,bindingdb|chembl|pubchem_confirmatory,3,0.3,False,True,True
MKUUMKBIUCSTDG-OAQYLSRUSA-N,bindingdb|chembl|pubchem_confirmatory,3,0.3,False,True,True
BUDQRYVIYVZKPL-CQSZACIVSA-N,bindingdb|chembl|pubchem_confirmatory,3,0.3,False,True,True
NGNFVWSYCSVIAU-OAQYLSRUSA-N,bindingdb|chembl|pubchem_confirmatory,3,0.3,False,True,True
URFOXHUBGWIHHR-OAHLLOKOSA-N,bindingdb|chembl|pubchem_confirmatory,3,0.3,False,True,True
XGQPJYUABLOSNC-GOSISDBHSA-N,bindingdb|chembl|pubchem_confirmatory,3,0.3,False,True,True
PXPXXTJJFPSVAB-QGZVFWFLSA-N,bindingdb|chembl|pubchem_confirmatory,3,0.3,False,True,True
FTNTXJHJFLVKPC-JOCHJYFZSA-N,bindingdb|chembl|pubchem_confirmatory,3,0.3,False,True,True
GHBNQTRIBMVRJK-GOSISDBHSA-N,bindingdb|chembl|pubchem_confirmatory,3,0.3,False,True,True
PDVMSIDYAUUOTR-OAQYLSRUSA-N,bindingdb|chembl|pubchem_confirmatory,3,0.3,False,True,True
BBVQADRJCKBISU-HXUWFJFHSA-N,bindingdb|chembl|pubchem_confirmatory,3,0.3,False,True,True
CFNKLIMHAQIJNK-LJQANCHMSA-N,bindingdb|chembl|pubchem_confirmatory,3,0.3,False,True,True
YKTPMEHSQAIYBI-GOSISDBHSA-N,bindingdb|chembl|pubchem_confirmatory,3,0.3,False,True,True
RVANBTYSVRWDIY-HXUWFJFHSA-N,bindingdb|chembl|pubchem_confirmatory,3,0.3,False,True,True
GTSAFBVOZDANNS-GOSISDBHSA-N,bindingdb|chembl|pubchem_confirmatory,3,0.3,False,True,True
UOGDCLOXIZEUTN-RZPHLTDDSA-N,bindingdb|chembl|pubchem_confirmatory,3,0.3,False,True,True
RJYXPGBCTNRSFH-OLLUBJOZSA-N,bindingdb|chembl|pubchem_confirmatory,3,0.3,False,True,True
GCADLSSUDBPQES-QGZVFWFLSA-N,bindingdb|chembl|pubchem_confirmatory,3,0.3,False,True,True
IGFPOAMSUSTZTO-LJQANCHMSA-N,bindingdb|chembl|pubchem_confirmatory,3,0.3,False,True,True
PZOXAHHNYDCHRG-LJQANCHMSA-N,bindingdb|chembl|pubchem_confirmatory,3,0.3,False,True,True
NDWHOUGLJHUYQV-OPJGWUQDSA-N,bindingdb|chembl|pubchem_confirmatory,3,0.3,False,True,True
ZULKYUSRLRVMAN-NYQDVAGCSA-N,bindingdb|chembl|pubchem_confirmatory,3,0.3,False,True,True
NSBTZFHGLYIRGR-PGRDOPGGSA-N,bindingdb|chembl|pubchem_confirmatory,3,0.3,False,True,True
NSBTZFHGLYIRGR-GCJKJVERSA-N,bindingdb|chembl|pubchem_confirmatory,3,0.3,False,True,True
ABEFGKDQGGCDDP-MAUKXSAKSA-N,bindingdb|chembl|pubchem_confirmatory,3,0.3,False,True,True
SRHAPVGITIDIDQ-YIFZBPKDSA-N,bindingdb|chembl|pubchem_confirmatory,3,0.3,False,True,True
ZKQQYFJAYTYJGA-AYPBNUJASA-N,bindingdb|chembl|pubchem_confirmatory,3,0.3,False,True,True
OFVZLKAFAMDTMG-LJQANCHMSA-N,bindingdb|chembl|pubchem_confirmatory,3,0.3,False,True,True
OSSVXTKQSUKSKL-DMXRNTRESA-N,pubchem_confirmatory,1,1.0,True,False,True
GLXZWUNVEKFCAF-YBGOQADZSA-N,bindingdb|chembl|pubchem_confirmatory,3,0.3,False,True,True
BTBPGGAFTLCQQN-QXTUTYKWSA-N,bindingdb|chembl|pubchem_confirmatory,3,0.3,False,True,True
BXODOOVBVQDFDU-LCLGPDGMSA-N,bindingdb|chembl|pubchem_confirmatory,3,0.3,False,True,True
ZNZIUUCKQWQCAF-CFRFINDLSA-N,bindingdb|chembl|pubchem_confirmatory,3,0.3,False,True,True
HVLSVVNXGQWBCK-ILOWORENSA-N,pubchem_confirmatory,1,1.0,True,False,True
WAFNPCGQURGJSW-AYPBNUJASA-N,bindingdb|chembl|pubchem_confirmatory,3,0.3,False,True,True
DYTDXLGNOLNRQD-NYQDVAGCSA-N,bindingdb|chembl|pubchem_confirmatory,3,0.3,False,True,True
FFIVHYMHKWZEPH-XMLVGPMBSA-N,bindingdb|chembl|pubchem_confirmatory,3,0.3,False,True,True
YWURPRUXLSYNGC-SMNXXWJPSA-N,bindingdb|chembl|pubchem_confirmatory,3,0.3,False,True,True
GKFVHDQJBJVTCF-YXKFXFPPSA-N,bindingdb|chembl|pubchem_confirmatory,3,0.3,False,True,True
PPBOMTVNGSLQDO-SDCVODTPSA-N,bindingdb|chembl|pubchem_confirmatory,3,0.3,False,True,True
PPBOMTVNGSLQDO-XCYARGLMSA-N,bindingdb|chembl|pubchem_confirmatory,3,0.3,False,True,True
IPYXCEGNTZMNDK-ROSOWXQZSA-N,bindingdb|chembl|pubchem_confirmatory,3,0.3,False,True,True
SKKVIYSSHDXDAW-IHLLOCCUSA-N,bindingdb|chembl|pubchem_confirmatory,3,0.3,False,True,True
YVKLZJGBOLZTOR-SMNXXWJPSA-N,bindingdb|chembl|pubchem_confirmatory,3,0.3,False,True,True
XPZWPIJPQPKEBN-LTGNNQTMSA-N,pubchem_confirmatory,1,1.0,True,False,True
JLVWZQBFEQFEKO-RGYTYGDFSA-N,bindingdb|chembl|pubchem_confirmatory,3,0.3,False,True,True
HSCBXMSVWVMRCU-YIFZBPKDSA-N,bindingdb|chembl|pubchem_confirmatory,3,0.3,False,True,True
GSTCBHQXNCPXEG-DETVKUJNSA-N,bindingdb|chembl|pubchem_confirmatory,3,0.3,False,True,True
IHIDRGMFBVKJSP-RMQVNJIYSA-N,bindingdb|chembl|pubchem_confirmatory,3,0.3,False,True,True
QVDGLSUTKBTALB-CVODSWBYSA-N,bindingdb|chembl|pubchem_confirmatory,3,0.3,False,True,True
QVDGLSUTKBTALB-ZWTGLXQFSA-N,bindingdb|chembl|pubchem_confirmatory,3,0.3,False,True,True
ZKDALSPJQMVNLW-CFSSXQINSA-N,bindingdb|chembl|pubchem_confirmatory,3,0.3,False,True,True
MYKLDEMIQYNMSH-GJQIQAERSA-N,bindingdb|chembl|pubchem_confirmatory,3,0.3,False,True,True
YRDBPUHKDOCDQY-OBYHSKRASA-N,bindingdb|chembl|pubchem_confirmatory,3,0.3,False,True,True
WQNMWMAJFABDCS-XMLVGPMBSA-N,bindingdb|chembl|pubchem_confirmatory,3,0.3,False,True,True
UKBOSOUOSATDKD-ZQBYOIRZSA-N,bindingdb|chembl|pubchem_confirmatory,3,0.3,False,True,True
MCCAOGBRAUCEDG-YBOAYWMSSA-N,bindingdb|chembl|pubchem_confirmatory,3,0.3,False,True,True
BXFATEIFCCZSML-WHIIXXIBSA-N,bindingdb|chembl|pubchem_confirmatory,3,0.3,False,True,True
NWQWWHRDJYIQGP-LXGCGDOSSA-N,bindingdb|chembl|pubchem_confirmatory,3,0.3,False,True,True
SQMOWEPOXGCHIZ-RBQRDFNRSA-N,bindingdb|chembl|pubchem_confirmatory,3,0.3,False,True,True
WSJDSPGOIDYZQM-DETVKUJNSA-N,bindingdb|chembl|pubchem_confirmatory,3,0.3,False,True,True
JOGADVNEUUWXSC-XNAIMREJSA-N,bindingdb|chembl|pubchem_confirmatory,3,0.3,False,True,True
LNYBKVXRPOOEJJ-XBFAYFNPSA-N,bindingdb|chembl|pubchem_confirmatory,3,0.3,False,True,True
XUNJOJKTKKNJMQ-FQELHTAISA-N,bindingdb|chembl|pubchem_confirmatory,3,0.3,False,True,True
YGLGGMWLFCYJML-CFCCAZDESA-N,bindingdb|chembl|pubchem_confirmatory,3,0.3,False,True,True
QMBOKUWPZYENSV-ZWDAVXSWSA-N,bindingdb|chembl|pubchem_confirmatory,3,0.3,False,True,True
AGDCCMNPFWCJBB-ZWDAVXSWSA-N,bindingdb|chembl|pubchem_confirmatory,3,0.3,False,True,True
ZLVSZSJEMVIFLF-HOHLIHCMSA-N,bindingdb|chembl|pubchem_confirmatory,3,0.3,False,True,True
WXIZPZPHUZBPGY-FQQGMQMYSA-N,bindingdb|chembl|pubchem_confirmatory,3,0.3,False,True,True
KJYKIROOYZOYSK-JSVDNDDVSA-N,bindingdb|chembl|pubchem_confirmatory,3,0.3,False,True,True
ILZIESXBIQMQTD-LXGCGDOSSA-N,bindingdb|chembl|pubchem_confirmatory,3,0.3,False,True,True
MAOVUGVXBFZYPN-LJQANCHMSA-N,bindingdb|chembl|pubchem_confirmatory,3,0.3,False,True,True
DYAIXBZRTWAULW-OAQYLSRUSA-N,bindingdb|chembl|pubchem_confirmatory,3,0.3,False,True,True
LPNKTRPKPATCJR-XMMPIXPASA-N,bindingdb|chembl|pubchem_confirmatory,3,0.3,False,True,True
RVOKIGHZRCQGOZ-LJQANCHMSA-N,bindingdb|chembl|pubchem_confirmatory,3,0.3,False,True,True
ABNCWOXRPBPWQL-HSZRJFAPSA-N,bindingdb|chembl|pubchem_confirmatory,3,0.3,False,True,True
FNHHMDKIJKMADD-JOCHJYFZSA-N,bindingdb|chembl|pubchem_confirmatory,3,0.3,False,True,True
SEWXINNCHJTBAO-GOSISDBHSA-N,bindingdb|chembl|pubchem_confirmatory,3,0.3,False,True,True
OUZORNRSCHGAFE-HXUWFJFHSA-N,bindingdb|chembl|pubchem_confirmatory,3,0.3,False,True,True
CKOUUCGQMVABMK-UHFFFAOYSA-N,bindingdb|chembl|pubchem_confirmatory,3,0.3,False,True,True
OHRCFNLWSDBDGB-HSZRJFAPSA-N,bindingdb|chembl|pubchem_confirmatory,3,0.3,False,True,True
RGSCGGVWKMPRAH-HSZRJFAPSA-N,bindingdb|chembl|pubchem_confirmatory,3,0.3,False,True,True
LLJDQKFWQKJBBH-XMMPIXPASA-N,bindingdb|chembl|pubchem_confirmatory,3,0.3,False,True,True
DUVCPNSLXBKGOK-XMMPIXPASA-N,bindingdb|chembl|pubchem_confirmatory,3,0.3,False,True,True
ACWUUOYEIGMTNU-RUZDIDTESA-N,bindingdb|chembl|pubchem_confirmatory,3,0.3,False,True,True
KKVRTSJQXDHQFN-HSZRJFAPSA-N,bindingdb|chembl|pubchem_confirmatory,3,0.3,False,True,True
YWTVIWJXOMYZPA-JOCHJYFZSA-N,bindingdb|chembl|pubchem_confirmatory,3,0.3,False,True,True
XNBIYLKHJIDTQO-GOSISDBHSA-N,bindingdb|chembl|pubchem_confirmatory,3,0.3,False,True,True
VYFNBOQRSZRRAU-HSZRJFAPSA-N,bindingdb|chembl|pubchem_confirmatory,3,0.3,False,True,True
ICFNOONQDZIENP-QGZVFWFLSA-N,bindingdb|chembl|pubchem_confirmatory,3,0.3,False,True,True
COHKPALSCLIAPR-HHHXNRCGSA-N,bindingdb|chembl|pubchem_confirmatory,3,0.3,False,True,True
YTXWQOYLAPTGJN-HSZRJFAPSA-N,bindingdb|chembl|pubchem_confirmatory,3,0.3,False,True,True
ZCLYCHNUQSTMGQ-OAQYLSRUSA-N,bindingdb|chembl|pubchem_confirmatory,3,0.3,False,True,True
OXLUHOYSCBHWGY-OAQYLSRUSA-N,bindingdb|chembl|pubchem_confirmatory,3,0.3,False,True,True
ZNYMKZJVXHNQSI-GOSISDBHSA-N,bindingdb|chembl|pubchem_confirmatory,3,0.3,False,True,True
DAKFHRVVDSGNJY-JOCHJYFZSA-N,bindingdb|chembl|pubchem_confirmatory,3,0.3,False,True,True
DZTPOEAYSJRHEE-RUZDIDTESA-N,bindingdb|chembl|pubchem_confirmatory,3,0.3,False,True,True
PMADSXKEAZMBQX-HSZRJFAPSA-N,bindingdb|chembl|pubchem_confirmatory,3,0.3,False,True,True
PVGMNHIPVDKATI-OAQYLSRUSA-N,bindingdb|chembl|pubchem_confirmatory,3,0.3,False,True,True
HBDRRNBBRXMIMO-OAQYLSRUSA-N,bindingdb|chembl|pubchem_confirmatory,3,0.3,False,True,True
XZYSMNJIZWOCEN-JOCHJYFZSA-N,bindingdb|chembl|pubchem_confirmatory,3,0.3,False,True,True
TXNUQCZISZZDAF-GOSISDBHSA-N,bindingdb|chembl|pubchem_confirmatory,3,0.3,False,True,True
SIXNASOGUDJCPK-MUUNZHRXSA-N,bindingdb|chembl|pubchem_confirmatory,3,0.3,False,True,True
SVCMOYNMNMJQEZ-JOCHJYFZSA-N,bindingdb|chembl|pubchem_confirmatory,3,0.3,False,True,True
INQINNINFDUHML-OAQYLSRUSA-N,bindingdb|chembl|pubchem_confirmatory,3,0.3,False,True,True
DNSDGULEECJXHU-XMMPIXPASA-N,bindingdb|chembl|pubchem_confirmatory,3,0.3,False,True,True
ZCYTUUDCLCIFFU-JOCHJYFZSA-N,bindingdb|chembl|pubchem_confirmatory,3,0.3,False,True,True
SXMOEMSMNZHPDJ-JOCHJYFZSA-N,bindingdb|chembl|pubchem_confirmatory,3,0.3,False,True,True
JPSIHVQQDOHBND-OPEAARRCSA-N,bindingdb|chembl|pubchem_confirmatory,3,0.3,False,True,True
FRPLSFQPTZKHJT-LJQANCHMSA-N,bindingdb|chembl|pubchem_confirmatory,3,0.3,False,True,True
UBJJXGHKPLCFOX-LJQANCHMSA-N,bindingdb|chembl|pubchem_confirmatory,3,0.3,False,True,True
ZNASJHDIQMNFLX-OAQYLSRUSA-N,bindingdb|chembl|pubchem_confirmatory,3,0.3,False,True,True
XOFNUPTXNOFDPG-XMMPIXPASA-N,bindingdb|chembl|pubchem_confirmatory,3,0.3,False,True,True
UTFRGBNMOZIUKO-OAQYLSRUSA-N,bindingdb|chembl|pubchem_confirmatory,3,0.3,False,True,True
ZMZSLGXLBRPGHV-HXUWFJFHSA-N,bindingdb|chembl|pubchem_confirmatory,3,0.3,False,True,True
XTGXXFUOGLIOAF-XMMPIXPASA-N,bindingdb|chembl|pubchem_confirmatory,3,0.3,False,True,True
UYHSQCNFDDWIFH-GOSISDBHSA-N,bindingdb|chembl|pubchem_confirmatory,3,0.3,False,True,True
LMWUIOJKUCXVOV-OAQYLSRUSA-N,bindingdb|chembl|pubchem_confirmatory,3,0.3,False,True,True
OARAAMYDTYLSGU-JOCHJYFZSA-N,bindingdb|chembl|pubchem_confirmatory,3,0.3,False,True,True
IBDSILVZHGIJIH-OAQYLSRUSA-N,bindingdb|chembl|pubchem_confirmatory,3,0.3,False,True,True
CAAFCPKEOVNQMF-HHHXNRCGSA-N,bindingdb|chembl|pubchem_confirmatory,3,0.3,False,True,True
LRHSPELXHQWEIP-HSZRJFAPSA-N,bindingdb|chembl|pubchem_confirmatory,3,0.3,False,True,True
SKMZYAUNRDRYTG-XMMPIXPASA-N,bindingdb|chembl|pubchem_confirmatory,3,0.3,False,True,True
JOVKYOUPVIAYRP-XMMPIXPASA-N,bindingdb|chembl|pubchem_confirmatory,3,0.3,False,True,True
RJCBATGNKMOYOK-JOCHJYFZSA-N,bindingdb|chembl|pubchem_confirmatory,3,0.3,False,True,True
BTLAABDBBGNCMJ-JAHKIVTCSA-N,bindingdb|chembl|pubchem_confirmatory,3,0.3,False,True,True
SNRQHCKKVHXRCW-XMMPIXPASA-N,bindingdb|chembl|pubchem_confirmatory,3,0.3,False,True,True
BIMVSQDKWXPMLR-JOCHJYFZSA-N,bindingdb|chembl|pubchem_confirmatory,3,0.3,False,True,True
HWFJPAVPYHDIRJ-OAQYLSRUSA-N,bindingdb|chembl|pubchem_confirmatory,3,0.3,False,True,True
FAYPMOBARCFDCK-OAQYLSRUSA-N,bindingdb|chembl|pubchem_confirmatory,3,0.3,False,True,True
CTLJIHOSAUFIRC-JOCHJYFZSA-N,bindingdb|chembl|pubchem_confirmatory,3,0.3,False,True,True
QNNSIOLCWAIXJR-OAQYLSRUSA-N,bindingdb|chembl|pubchem_confirmatory,3,0.3,False,True,True
QDDUSOYGJOIYSZ-JOCHJYFZSA-N,bindingdb|chembl|pubchem_confirmatory,3,0.3,False,True,True
LBTVBTVQVZDLRY-HXUWFJFHSA-N,bindingdb|chembl|pubchem_confirmatory,3,0.3,False,True,True
HNXLBRXDGGICDV-HSZRJFAPSA-N,bindingdb|chembl|pubchem_confirmatory,3,0.3,False,True,True
LUMRIELZXDVRKO-HSZRJFAPSA-N,bindingdb|chembl|pubchem_confirmatory,3,0.3,False,True,True
VJAGXHWZPQRJCY-LJQANCHMSA-N,bindingdb|chembl|pubchem_confirmatory,3,0.3,False,True,True
ZRSWZNNDDSCGLH-HSZRJFAPSA-N,bindingdb|chembl|pubchem_confirmatory,3,0.3,False,True,True
XMALKZFIQGDQQZ-HSZRJFAPSA-N,bindingdb|chembl|pubchem_confirmatory,3,0.3,False,True,True
QKXPGIJKSMNGCW-XMMPIXPASA-N,bindingdb|chembl|pubchem_confirmatory,3,0.3,False,True,True
GDWLZYCDEIHKCA-XMMPIXPASA-N,bindingdb|chembl|pubchem_confirmatory,3,0.3,False,True,True
ACRAGHMVJLXXBT-LJQANCHMSA-N,bindingdb|chembl|pubchem_confirmatory,3,0.3,False,True,True
ZMZMUDGRIMKYIH-OAQYLSRUSA-N,bindingdb|chembl|pubchem_confirmatory,3,0.3,False,True,True
GMSNVBJAWDKTDI-HSZRJFAPSA-N,bindingdb|chembl|pubchem_confirmatory,3,0.3,False,True,True
RMRVQSUOJZQBLU-XMMPIXPASA-N,bindingdb|chembl|pubchem_confirmatory,3,0.3,False,True,True
ABCSRFKIUISAFM-XMMPIXPASA-N,bindingdb|chembl|pubchem_confirmatory,3,0.3,False,True,True
RQLPGYDUCLQRSB-HSZRJFAPSA-N,bindingdb|chembl|pubchem_confirmatory,3,0.3,False,True,True
OCXHDUPQYRXKON-OAQYLSRUSA-N,bindingdb|chembl|pubchem_confirmatory,3,0.3,False,True,True
PZMACZMODJSAQO-JOCHJYFZSA-N,bindingdb|chembl|pubchem_confirmatory,3,0.3,False,True,True
GDYHAHCJTVYMGA-XMMPIXPASA-N,bindingdb|chembl|pubchem_confirmatory,3,0.3,False,True,True
QYKPJYOALITESI-RUZDIDTESA-N,bindingdb|chembl|pubchem_confirmatory,3,0.3,False,True,True
YEDJRGQIZTXQCL-OAQYLSRUSA-N,bindingdb|chembl|pubchem_confirmatory,3,0.3,False,True,True
IAQYUGQNGHLQBG-GOSISDBHSA-N,bindingdb|chembl|pubchem_confirmatory,3,0.3,False,True,True
CGFLYLKWJPBWJF-OAQYLSRUSA-N,bindingdb|chembl|pubchem_confirmatory,3,0.3,False,True,True
PDGWGVPNNOJNIQ-HSZRJFAPSA-N,bindingdb|chembl|pubchem_confirmatory,3,0.3,False,True,True
VKVTUYYEKWGNIJ-GSVBYQBUSA-N,bindingdb|chembl|pubchem_confirmatory,3,0.3,False,True,True
VOSGQSSBVIFKEG-FLVRFYSZSA-N,bindingdb|chembl|pubchem_confirmatory,3,0.3,False,True,True
QFWBOMMUNUMMHM-ZQSLEGLSSA-N,bindingdb|chembl|pubchem_confirmatory,3,0.3,False,True,True
AALCSHHUTCNKGW-OGSSDNIRSA-N,bindingdb|chembl|pubchem_confirmatory,3,0.3,False,True,True
UXBOMBJUWPNJKI-VPGDJBLGSA-N,bindingdb|chembl|pubchem_confirmatory,3,0.3,False,True,True
PPUKWZVMAPMIIE-BCAKYAHRSA-N,bindingdb|chembl|pubchem_confirmatory,3,0.3,False,True,True
OVSRNLUQOLEZIE-GGQNZWSISA-N,bindingdb|chembl|pubchem_confirmatory,3,0.3,False,True,True
SRYYBRBDGWKKGU-XZLZDHACSA-N,bindingdb|chembl|pubchem_confirmatory,3,0.3,False,True,True
LLDMHMZGFRKOQO-QREUFCTJSA-N,bindingdb|chembl|pubchem_confirmatory,3,0.3,False,True,True
DZODHWMEOAQQHL-CXBZOWBPSA-N,bindingdb|chembl|pubchem_confirmatory,3,0.3,False,True,True
NFJJITFODSAUIU-STHVYQTBSA-N,bindingdb|chembl|pubchem_confirmatory,3,0.3,False,True,True
QSYIHLAQLBZRSQ-CXBZOWBPSA-N,bindingdb|chembl|pubchem_confirmatory,3,0.3,False,True,True
JCPMHIRTLVGLEF-ZHKUBPBOSA-N,bindingdb|chembl|pubchem_confirmatory,3,0.3,False,True,True
UWPKZUACVWNIET-OKOGBZGVSA-N,pubchem_confirmatory,1,1.0,True,False,True
RWPGGKKFOLMMBN-RVRFFIBDSA-N,bindingdb|chembl|pubchem_confirmatory,3,0.3,False,True,True
CYFJQTLRLXTQNM-RVRFFIBDSA-N,bindingdb|chembl|pubchem_confirmatory,3,0.3,False,True,True
MDGLRKHKEFOCSV-TWDLTGNASA-N,bindingdb|chembl|pubchem_confirmatory,3,0.3,False,True,True
JAFAABVNZXJPKU-CXBZOWBPSA-N,bindingdb|chembl|pubchem_confirmatory,3,0.3,False,True,True
QAUUZDMCCODCHT-RVRFFIBDSA-N,bindingdb|chembl|pubchem_confirmatory,3,0.3,False,True,True
JZENRXFHJUNWKE-CAQIZEMESA-N,bindingdb|chembl|pubchem_confirmatory,3,0.3,False,True,True
MAFSLRHKPSMZAH-CXBZOWBPSA-N,bindingdb|chembl|pubchem_confirmatory,3,0.3,False,True,True
ZSXGTWWPEVHLFC-WMXNZVEGSA-N,bindingdb|chembl|pubchem_confirmatory,3,0.3,False,True,True
DQVXDNHAQOHBPN-CXBZOWBPSA-N,bindingdb|chembl|pubchem_confirmatory,3,0.3,False,True,True
OZNQTZLWBHLBBZ-QMCAYLGFSA-N,bindingdb|chembl|pubchem_confirmatory,3,0.3,False,True,True
NVTSBTHHBVUPLA-BTDDGAACSA-N,bindingdb|chembl|pubchem_confirmatory,3,0.3,False,True,True
IPVJJVOGTBSVFD-AXBFEPISSA-N,bindingdb|chembl|pubchem_confirmatory,3,0.3,False,True,True
XJSJJYHZZXYCGC-BTDDGAACSA-N,bindingdb|chembl|pubchem_confirmatory,3,0.3,False,True,True
CYGMEYMEPPSRPM-XKHRETHESA-N,bindingdb|chembl|pubchem_confirmatory,3,0.3,False,True,True
OBIFXEIAEVYMSB-QMCAYLGFSA-N,bindingdb|chembl|pubchem_confirmatory,3,0.3,False,True,True
JKEIYPVKQQIAPG-KCSMBOLQSA-N,bindingdb|chembl|pubchem_confirmatory,3,0.3,False,True,True
NNFATWYPZIORHW-PLNXFPMKSA-N,bindingdb|chembl|pubchem_confirmatory,3,0.3,False,True,True
ZLMWZEIYGGKKOX-AIHPAZCBSA-N,bindingdb|chembl|pubchem_confirmatory,3,0.3,False,True,True
OPZPXKMXGDAXRJ-UCDZCMRKSA-N,bindingdb|chembl|pubchem_confirmatory,3,0.3,False,True,True
CVCAJQMCWJLGGX-QMCAYLGFSA-N,bindingdb|chembl|pubchem_confirmatory,3,0.3,False,True,True
XSXWUHQKTVKDNH-MOBAFLLYSA-N,bindingdb|chembl|pubchem_confirmatory,3,0.3,False,True,True
CHAOXULOIJTKDO-CAQIZEMESA-N,bindingdb|chembl|pubchem_confirmatory,3,0.3,False,True,True
OOJOSVHHBOLVRI-ZHKUBPBOSA-N,bindingdb|chembl|pubchem_confirmatory,3,0.3,False,True,True
UQWMUUQINIWOPZ-QMCAYLGFSA-N,bindingdb|chembl|pubchem_confirmatory,3,0.3,False,True,True
VBSZGLOOYNKPDW-CCWBKVMBSA-N,bindingdb|chembl|pubchem_confirmatory,3,0.3,False,True,True
LOLOIBSCCWXELP-CXBZOWBPSA-N,bindingdb|chembl|pubchem_confirmatory,3,0.3,False,True,True
AVPWZIBZCCOITK-QMCAYLGFSA-N,bindingdb|chembl|pubchem_confirmatory,3,0.3,False,True,True
VTXVFGQAOXJREQ-LGYSXGNESA-N,bindingdb|chembl|pubchem_confirmatory,3,0.3,False,True,True
LTXZMSIYCXEYPM-VDOBOPNRSA-N,bindingdb|chembl|pubchem_confirmatory,3,0.3,False,True,True
UIUWXCXJRGBFRJ-LCRYKWFRSA-N,bindingdb|chembl|pubchem_confirmatory,3,0.3,False,True,True
TUYJSEMXVUJKCO-MOELHUNNSA-N,bindingdb|chembl|pubchem_confirmatory,3,0.3,False,True,True
KJDXJRJCHNLQRD-QRHWFVEJSA-N,pubchem_confirmatory,1,1.0,True,False,True
KSXOARYBGIIQNG-YJFOBXNISA-N,bindingdb|chembl|pubchem_confirmatory,3,0.3,False,True,True
WJDVLJPWHOLTNJ-GFXQXFAQSA-N,bindingdb|chembl|pubchem_confirmatory,3,0.3,False,True,True
XFGAYELYRHXFLA-JWJBQAENSA-N,bindingdb|chembl|pubchem_confirmatory,3,0.3,False,True,True
GMGYJQUDYAYQCZ-JCHVILAISA-N,bindingdb|chembl|pubchem_confirmatory,3,0.3,False,True,True
GTIYCIRMQMJJHK-CXBZOWBPSA-N,bindingdb|chembl|pubchem_confirmatory,3,0.3,False,True,True
PJRUQHONKKWUMK-CXBZOWBPSA-N,bindingdb|chembl|pubchem_confirmatory,3,0.3,False,True,True
SNGZWRFTYBDAGE-JCHVILAISA-N,bindingdb|chembl|pubchem_confirmatory,3,0.3,False,True,True
AUZJOFVCUZBSHC-QMCAYLGFSA-N,bindingdb|chembl|pubchem_confirmatory,3,0.3,False,True,True
AODMOSBPIMDVSK-ZHKUBPBOSA-N,bindingdb|chembl|pubchem_confirmatory,3,0.3,False,True,True
WMRQVFPYFVIBFY-QZPZUKOXSA-N,bindingdb|chembl|pubchem_confirmatory,3,0.3,False,True,True
XYYDQPSSSTUQLO-QZPZUKOXSA-N,bindingdb|chembl|pubchem_confirmatory,3,0.3,False,True,True
FHABCUKXEKDJPD-CCWBKVMBSA-N,bindingdb|chembl|pubchem_confirmatory,3,0.3,False,True,True
OXGPRVSRSOQUGY-LCRYKWFRSA-N,bindingdb|chembl|pubchem_confirmatory,3,0.3,False,True,True
JSHPJXQCYTXWHJ-NRSFRHGKSA-N,bindingdb|chembl|pubchem_confirmatory,3,0.3,False,True,True
YQZHGPRWGGIIMR-UCDZCMRKSA-N,bindingdb|chembl|pubchem_confirmatory,3,0.3,False,True,True
MRVPNXRFTKKSEI-JWJBQAENSA-N,bindingdb|chembl|pubchem_confirmatory,3,0.3,False,True,True
NCGJXHUKPVCETD-WPKRCUIDSA-N,bindingdb|chembl|pubchem_confirmatory,3,0.3,False,True,True
UOSRJFUZIAGZJB-HIGDUGLOSA-N,bindingdb|chembl|pubchem_confirmatory,3,0.3,False,True,True
HQZTZOPQNLYVMV-JWJBQAENSA-N,bindingdb|chembl|pubchem_confirmatory,3,0.3,False,True,True
TYFKTAFRUSUZDA-CXBZOWBPSA-N,bindingdb|chembl|pubchem_confirmatory,3,0.3,False,True,True
PASDYUANUBWDMP-LCRYKWFRSA-N,bindingdb|chembl|pubchem_confirmatory,3,0.3,False,True,True
FKRKLQBOQOROIY-HSZRJFAPSA-N,bindingdb|chembl|pubchem_confirmatory,3,0.3,False,True,True
LXVJSPKQXVTNQH-XMMPIXPASA-N,bindingdb|chembl|pubchem_confirmatory,3,0.3,False,True,True
XQTXXZKKQQEXQJ-JOCHJYFZSA-N,bindingdb|chembl|pubchem_confirmatory,3,0.3,False,True,True
KWPFUYYXEFYSTJ-HSZRJFAPSA-N,bindingdb|chembl|pubchem_confirmatory,3,0.3,False,True,True
DJEOINYZPUBZOI-CXBZOWBPSA-N,bindingdb|chembl|pubchem_confirmatory,3,0.3,False,True,True
XECJCYKKIPPDSU-UCDZCMRKSA-N,bindingdb|chembl|pubchem_confirmatory,3,0.3,False,True,True
JIHNEUQVAGBXJS-CXBZOWBPSA-N,bindingdb|chembl|pubchem_confirmatory,3,0.3,False,True,True
NEMDWMDVLDSTHO-UCDZCMRKSA-N,bindingdb|chembl|pubchem_confirmatory,3,0.3,False,True,True
UVGMVLLXKYRSQH-XTMOMDIJSA-N,bindingdb|chembl|pubchem_confirmatory,3,0.3,False,True,True
AZRWFUXDXQHNGK-YYOKSTDFSA-N,bindingdb|chembl|pubchem_confirmatory,3,0.3,False,True,True
FHUKYWREISJWPC-JFCLEEAPSA-N,bindingdb|chembl|pubchem_confirmatory,3,0.3,False,True,True
UOKIISMNHHOPDY-NRSFRHGKSA-N,bindingdb|chembl|pubchem_confirmatory,3,0.3,False,True,True
KBQGJDDPUYVNGA-JFCLEEAPSA-N,bindingdb|chembl|pubchem_confirmatory,3,0.3,False,True,True
RMDUZWZVFRDCFD-UCDZCMRKSA-N,bindingdb|chembl|pubchem_confirmatory,3,0.3,False,True,True
YITCBNLDNWAOGC-MOELHUNNSA-N,bindingdb|chembl|pubchem_confirmatory,3,0.3,False,True,True
BJWAMXXUDGJGHC-UCDZCMRKSA-N,bindingdb|chembl|pubchem_confirmatory,3,0.3,False,True,True
QHXQCACHAKHICI-UCDZCMRKSA-N,bindingdb|chembl|pubchem_confirmatory,3,0.3,False,True,True
BZXQFVGJLJYMSA-CXBZOWBPSA-N,bindingdb|chembl|pubchem_confirmatory,3,0.3,False,True,True
ZSJAAMDQQGGZCX-JCHVILAISA-N,bindingdb|chembl|pubchem_confirmatory,3,0.3,False,True,True
IXADKGNVSRARPH-QYHPCCJNSA-N,bindingdb|chembl|pubchem_confirmatory,3,0.3,False,True,True
AEGMUFLNOHHCDZ-JCHVILAISA-N,bindingdb|chembl|pubchem_confirmatory,3,0.3,False,True,True
RKLNNGQJROHZOF-GNTVVGMTSA-N,bindingdb|chembl|pubchem_confirmatory,3,0.3,False,True,True
OVKUPCYWVASQOA-GNTVVGMTSA-N,bindingdb|chembl|pubchem_confirmatory,3,0.3,False,True,True
ZXBJJIIIEIDKDF-CDNDPLPTSA-N,bindingdb|chembl|pubchem_confirmatory,3,0.3,False,True,True
QKVYSDCHEISRAD-QMCAYLGFSA-N,bindingdb|chembl|pubchem_confirmatory,3,0.3,False,True,True
WQBKJMLHCGEYDB-CDNDPLPTSA-N,bindingdb|chembl|pubchem_confirmatory,3,0.3,False,True,True
ANBOZDWGAXFRBM-GNTVVGMTSA-N,bindingdb|chembl|pubchem_confirmatory,3,0.3,False,True,True
NJOVLWZEFYPNCP-LGYSXGNESA-N,bindingdb|chembl|pubchem_confirmatory,3,0.3,False,True,True
DGKJGYNYALJIRF-SGAJGPLNSA-N,bindingdb|chembl|pubchem_confirmatory,3,0.3,False,True,True
JFYVYOGTNFXEJG-MANYVHKHSA-N,bindingdb|chembl|pubchem_confirmatory,3,0.3,False,True,True
CKGGNOHHVMNMBY-MOELHUNNSA-N,bindingdb|chembl|pubchem_confirmatory,3,0.3,False,True,True
AQYVEWLUSZANQR-UCDZCMRKSA-N,bindingdb|chembl|pubchem_confirmatory,3,0.3,False,True,True
WPRSPUPNBWJCQY-JWJBQAENSA-N,bindingdb|chembl|pubchem_confirmatory,3,0.3,False,True,True
JZHOCJAOSJYLMW-BYICHJTDSA-N,bindingdb|chembl|pubchem_confirmatory,3,0.3,False,True,True
VOBMJGLLNSFXJJ-GNTVVGMTSA-N,bindingdb|chembl|pubchem_confirmatory,3,0.3,False,True,True
SISJIUNOAHDNFN-CDNDPLPTSA-N,bindingdb|chembl|pubchem_confirmatory,3,0.3,False,True,True
DYIOKVJIADHXSW-UCDZCMRKSA-N,bindingdb|chembl|pubchem_confirmatory,3,0.3,False,True,True
FXXSTXFISOOSPG-GNTVVGMTSA-N,bindingdb|chembl|pubchem_confirmatory,3,0.3,False,True,True
WQNCRDJMLQSQCQ-UCDZCMRKSA-N,bindingdb|chembl|pubchem_confirmatory,3,0.3,False,True,True
PXZNCRDFWANNQW-STHVYQTBSA-N,bindingdb|chembl|pubchem_confirmatory,3,0.3,False,True,True
NMDHUPBWDLBTIY-QYHPCCJNSA-N,bindingdb|chembl|pubchem_confirmatory,3,0.3,False,True,True
TZPKGQDKWPGOGH-VDOBOPNRSA-N,bindingdb|chembl|pubchem_confirmatory,3,0.3,False,True,True
QHSMRYISOOYAKE-UCDZCMRKSA-N,bindingdb|chembl|pubchem_confirmatory,3,0.3,False,True,True
SUTZESLZZKRTBS-GNTVVGMTSA-N,bindingdb|chembl|pubchem_confirmatory,3,0.3,False,True,True
CTLVSRGXPJVXLD-STHVYQTBSA-N,bindingdb|chembl|pubchem_confirmatory,3,0.3,False,True,True
ZKABKONTYQYDFJ-STHVYQTBSA-N,bindingdb|chembl|pubchem_confirmatory,3,0.3,False,True,True
OXZSGUHAEZREAM-UCDZCMRKSA-N,bindingdb|chembl|pubchem_confirmatory,3,0.3,False,True,True
QJVMYSGTPDHYSH-ZVHXTAQDSA-N,bindingdb|chembl|pubchem_confirmatory,3,0.3,False,True,True
QZSNUROVIYECHR-WKNZRQKGSA-N,bindingdb|chembl|pubchem_confirmatory,3,0.3,False,True,True
BRUGVRPTXWEKIC-FWMJEQCYSA-N,chembl|pubchem_confirmatory,2,0.7,True,True,True
UGWYVPVGRAXTPH-GFXQXFAQSA-N,bindingdb|chembl|pubchem_confirmatory,3,0.3,False,True,True
BTTGZHUZCIYSPU-LYLGLVRWSA-N,bindingdb|chembl|pubchem_confirmatory,3,0.3,False,True,True
YRWXMWBBTJFXST-VONPHLAZSA-N,bindingdb|chembl|pubchem_confirmatory,3,0.3,False,True,True
MGWCGBQGLLCLPL-YJFOBXNISA-N,bindingdb|chembl|pubchem_confirmatory,3,0.3,False,True,True
WRRISOAPWUFJDO-BYICHJTDSA-N,bindingdb|chembl|pubchem_confirmatory,3,0.3,False,True,True
UTJJZCTYKITQHX-RVRFFIBDSA-N,bindingdb|chembl|pubchem_confirmatory,3,0.3,False,True,True
RZDGWMUIIPFQLB-MOBAFLLYSA-N,bindingdb|chembl|pubchem_confirmatory,3,0.3,False,True,True
CUTWWUXGKOAWLG-LLNLAZGKSA-N,bindingdb|chembl|pubchem_confirmatory,3,0.3,False,True,True
QEENIWFDMBGDGZ-CXBZOWBPSA-N,bindingdb|chembl|pubchem_confirmatory,3,0.3,False,True,True
RBKLIUIWWDHLKH-XBPDSQQVSA-N,bindingdb|chembl|pubchem_confirmatory,3,0.3,False,True,True
VBAYQQKUNQPSPH-CRLCSLCLSA-N,bindingdb|chembl|pubchem_confirmatory,3,0.3,False,True,True
IFXVSEZMBAULFI-CXBZOWBPSA-N,bindingdb|chembl|pubchem_confirmatory,3,0.3,False,True,True
VNOXHYFBCPBVNN-QZPZUKOXSA-N,bindingdb|chembl|pubchem_confirmatory,3,0.3,False,True,True
NQLMFDAPOICOPB-CCWBKVMBSA-N,bindingdb|chembl|pubchem_confirmatory,3,0.3,False,True,True
UTKKNIQJEBWKCD-CDNDPLPTSA-N,bindingdb|chembl|pubchem_confirmatory,3,0.3,False,True,True
SIUYVVKSTKTRLF-WZVKSPBRSA-N,bindingdb|chembl|pubchem_confirmatory,3,0.3,False,True,True
YDGDWXYCZZBFND-GNTVVGMTSA-N,bindingdb|chembl|pubchem_confirmatory,3,0.3,False,True,True
SCUGDFRJTYZDRU-WZVKSPBRSA-N,bindingdb|chembl|pubchem_confirmatory,3,0.3,False,True,True
RWCSICUFIJOTFM-WZVKSPBRSA-N,bindingdb|chembl|pubchem_confirmatory,3,0.3,False,True,True
DSFPUEHAXRRRDR-CRLCSLCLSA-N,bindingdb|chembl|pubchem_confirmatory,3,0.3,False,True,True
ZJDWUSCAQWPRJW-WHJRKYDLSA-N,bindingdb|chembl|pubchem_confirmatory,3,0.3,False,True,True
AQINLOOQAXAJHV-QMCAYLGFSA-N,bindingdb|chembl|pubchem_confirmatory,3,0.3,False,True,True
QTWUFMGEELXPTQ-KUVLNDGKSA-N,bindingdb|chembl|pubchem_confirmatory,3,0.3,False,True,True
OJLFUWZBYIXXPM-GOJCXORZSA-N,bindingdb|chembl|pubchem_confirmatory,3,0.3,False,True,True
CFGQNPONFGDWHH-NYESITDKSA-N,bindingdb|chembl|pubchem_confirmatory,3,0.3,False,True,True
CKKGVRBRHDHZEH-TWDLTGNASA-N,bindingdb|chembl|pubchem_confirmatory,3,0.3,False,True,True
AJKQQQBHZVUAFQ-SGAJGPLNSA-N,bindingdb|chembl|pubchem_confirmatory,3,0.3,False,True,True
ZRBLDZJEAKNZPG-XBPDSQQVSA-N,bindingdb|chembl|pubchem_confirmatory,3,0.3,False,True,True
IABQTQAIXOVJFU-YLBOGKAESA-N,bindingdb|chembl|pubchem_confirmatory,3,0.3,False,True,True
YOOIOHGUTVMABZ-YXDIFBQUSA-N,bindingdb|chembl|pubchem_confirmatory,3,0.3,False,True,True
RGTFQUSSGOKNRJ-XBPDSQQVSA-N,bindingdb|chembl|pubchem_confirmatory,3,0.3,False,True,True
GIFWSFBAVKCKLC-CRLCSLCLSA-N,bindingdb|chembl|pubchem_confirmatory,3,0.3,False,True,True
OGGIVJQEUXVQLS-SGAJGPLNSA-N,bindingdb|chembl|pubchem_confirmatory,3,0.3,False,True,True
RYVBHJXRSWBAGJ-STHVYQTBSA-N,bindingdb|chembl|pubchem_confirmatory,3,0.3,False,True,True
OKKNAUCMBJPLKF-ZVHXTAQDSA-N,bindingdb|chembl|pubchem_confirmatory,3,0.3,False,True,True
RRMQJWYPRSRVBS-XKHRETHESA-N,bindingdb|chembl|pubchem_confirmatory,3,0.3,False,True,True
ANYDFCLXDPDQFX-SGAJGPLNSA-N,bindingdb|chembl|pubchem_confirmatory,3,0.3,False,True,True
JMIOFHGPMWCDBP-QBCDJPLPSA-N,bindingdb|chembl|pubchem_confirmatory,3,0.3,False,True,True
ZTASIGGLAQXEQS-TWDLTGNASA-N,bindingdb|chembl|pubchem_confirmatory,3,0.3,False,True,True
ZYSARJPKHKKFLA-RDMIVRQXSA-N,bindingdb|chembl|pubchem_confirmatory,3,0.3,False,True,True
GWINBZFGLMZTNY-OCDODTDCSA-N,bindingdb|chembl|pubchem_confirmatory,3,0.3,False,True,True
UMAXDXLQZSYRHA-WPKRCUIDSA-N,bindingdb|chembl|pubchem_confirmatory,3,0.3,False,True,True
ICHOUCOWZHENPS-RXEARMEOSA-N,bindingdb|chembl|pubchem_confirmatory,3,0.3,False,True,True
QDXJEDGMSJOFRD-GNTVVGMTSA-N,bindingdb|chembl|pubchem_confirmatory,3,0.3,False,True,True
UFWQFQVXMLYUGJ-JCHVILAISA-N,bindingdb|chembl|pubchem_confirmatory,3,0.3,False,True,True
HUMNMFMARBMGMO-CDNDPLPTSA-N,bindingdb|chembl|pubchem_confirmatory,3,0.3,False,True,True
NXKRKACLNJFLBY-QYHPCCJNSA-N,bindingdb|chembl|pubchem_confirmatory,3,0.3,False,True,True
MVDGGDKFZXKJNP-YLBOGKAESA-N,bindingdb|chembl|pubchem_confirmatory,3,0.3,False,True,True
BWTBYTFLDISNFI-WFNCXJDMSA-N,bindingdb|chembl|pubchem_confirmatory,3,0.3,False,True,True
SKAYGHXWEBIXKT-NYESITDKSA-N,bindingdb|chembl|pubchem_confirmatory,3,0.3,False,True,True
LGFUASNJOMTCJE-XKHRETHESA-N,bindingdb|chembl|pubchem_confirmatory,3,0.3,False,True,True
BKHDTXBOLKXVNC-FKGNFIDKSA-N,bindingdb|chembl|pubchem_confirmatory,3,0.3,False,True,True
BPPOPKSURNVIQC-JQODSXCXSA-N,bindingdb|chembl|pubchem_confirmatory,3,0.3,False,True,True
MTBCJWLKCKFXBW-CCWBKVMBSA-N,bindingdb|chembl|pubchem_confirmatory,3,0.3,False,True,True
GMFDINNREPARQQ-TWDLTGNASA-N,bindingdb|chembl|pubchem_confirmatory,3,0.3,False,True,True
BATJNZYCQYWECW-XKHRETHESA-N,bindingdb|chembl|pubchem_confirmatory,3,0.3,False,True,True
TWGLZCHEZKNDDP-FGZHOGPDSA-N,bindingdb|chembl|pubchem_confirmatory,3,0.3,False,True,True
FWSJSYDLCKZYSM-STHVYQTBSA-N,bindingdb|chembl|pubchem_confirmatory,3,0.3,False,True,True
KDENAVBJXXVOGC-PWJCZFGMSA-N,bindingdb|chembl|pubchem_confirmatory,3,0.3,False,True,True
GXSGADZJVKDBOS-YLBOGKAESA-N,bindingdb|chembl|pubchem_confirmatory,3,0.3,False,True,True
RPYBUDYJXBOBAX-ABNDPDSASA-N,bindingdb|chembl|pubchem_confirmatory,3,0.3,False,True,True
WHKBRZLJSJSOFT-ABNDPDSASA-N,bindingdb|chembl|pubchem_confirmatory,3,0.3,False,True,True
NRRRFJMMLBPQQP-DOZIQCTLSA-N,bindingdb|chembl|pubchem_confirmatory,3,0.3,False,True,True
ONLJFCNGKMJGCL-JAEXGXQOSA-N,bindingdb|chembl|pubchem_confirmatory,3,0.3,False,True,True
YUHZLTYIGGBRCL-OFKODDFHSA-N,bindingdb|chembl|pubchem_confirmatory,3,0.3,False,True,True
OHUUCVMEELTIEE-OFKODDFHSA-N,bindingdb|chembl|pubchem_confirmatory,3,0.3,False,True,True
MHSRKSKKTOFPAO-HJXGAIAJSA-N,bindingdb|chembl|pubchem_confirmatory,3,0.3,False,True,True
OVSRNLUQOLEZIE-BYICHJTDSA-N,bindingdb|chembl|pubchem_confirmatory,3,0.3,False,True,True
DQLUMIKVJFJGRG-JWQCQUIFSA-N,bindingdb|chembl|pubchem_confirmatory,3,0.3,False,True,True
XXQMZJQGOYFOBO-BYICHJTDSA-N,bindingdb|chembl|pubchem_confirmatory,3,0.3,False,True,True
MPNDXFUWAFIVPX-PKFIBTHBSA-N,pubchem_confirmatory,1,1.0,True,False,True
GMQVUIUJDJDCMN-SHEKFCCPSA-N,bindingdb|chembl|pubchem_confirmatory,3,0.3,False,True,True
FIEZAJCYXPBHSI-DHIUTWEWSA-N,bindingdb|chembl|pubchem_confirmatory,3,0.3,False,True,True
JNSLXLJZKMOIDF-KTBVXVCESA-N,bindingdb|chembl|pubchem_confirmatory,3,0.3,False,True,True
GHUWRCFPABYAAK-DVAYOXQNSA-N,pubchem_confirmatory,1,1.0,True,False,True
ZUPOOTASJDLVFQ-ZHKUBPBOSA-N,bindingdb|chembl|pubchem_confirmatory,3,0.3,False,True,True
IKHAYQWSDVPPKP-BYICHJTDSA-N,bindingdb|chembl|pubchem_confirmatory,3,0.3,False,True,True
SOJJVVVSISIAFX-RXEARMEOSA-N,bindingdb|chembl|pubchem_confirmatory,3,0.3,False,True,True
YKMZUHXAPJHTNI-DOZIQCTLSA-N,bindingdb|chembl|pubchem_confirmatory,3,0.3,False,True,True
GCFNXULBTXKENW-FCBLIUAWSA-N,bindingdb|chembl|pubchem_confirmatory,3,0.3,False,True,True
IHMDYLRLHBLHAI-KIFPUJJZSA-N,pubchem_confirmatory,1,1.0,True,False,True
CUYITFFXXJHXFK-HFUMYMFYSA-N,bindingdb|chembl|pubchem_confirmatory,3,0.3,False,True,True
LSBNTDSSMXNNMS-GVBVHUCQSA-N,bindingdb|chembl|pubchem_confirmatory,3,0.3,False,True,True
DUDFKSXIUGVOGX-QYHPCCJNSA-N,bindingdb|chembl|pubchem_confirmatory,3,0.3,False,True,True
NYCINIBCUDZPKV-STECRBCGSA-N,pubchem_confirmatory,1,1.0,True,False,True
TXXBZCUJUULPDG-UFUHPZKHSA-N,pubchem_confirmatory,1,1.0,True,False,True
FXPQDKPTINGQSR-OUEWZIHUSA-N,pubchem_confirmatory,1,1.0,True,False,True
FNKPWAZXFVEUHG-FBFWPBIQSA-N,pubchem_confirmatory,1,1.0,True,False,True
JQRXRLZJYQFAMA-GSIJDCTESA-N,pubchem_confirmatory,1,1.0,True,False,True
OXTBYMYADRRJRP-XGFNZXMWSA-N,pubchem_confirmatory,1,1.0,True,False,True
GMGVTBDJNOCVIB-CRLCSLCLSA-N,bindingdb|chembl|pubchem_confirmatory,3,0.3,False,True,True
SGXNCTBBEQGZIW-LYLGLVRWSA-N,bindingdb|chembl|pubchem_confirmatory,3,0.3,False,True,True
LBOXUQNXVZJERX-BTDDGAACSA-N,bindingdb|chembl|pubchem_confirmatory,3,0.3,False,True,True
VCFSOMLDMWCLLV-LDZQUKMZSA-N,bindingdb|chembl|pubchem_confirmatory,3,0.3,False,True,True
QSAYKXJENKOKGM-OUEWZIHUSA-N,pubchem_confirmatory,1,1.0,True,False,True
DAJDZXHMLZRRTH-HFUMYMFYSA-N,pubchem_confirmatory,1,1.0,True,False,True
PBOPTXINZBERHK-XBPDSQQVSA-N,bindingdb|chembl|pubchem_confirmatory,3,0.3,False,True,True
GHBJLLIBEQMPHS-UJSRUBBISA-N,bindingdb|chembl|pubchem_confirmatory,3,0.3,False,True,True
HWIRDUXVGVVMRY-DPNVDDISSA-N,pubchem_confirmatory,1,1.0,True,False,True
NBNXHJUWZQQTKU-XGFNZXMWSA-N,pubchem_confirmatory,1,1.0,True,False,True
DLSVVCHVMZBNCZ-OCDODTDCSA-N,bindingdb|chembl|pubchem_confirmatory,3,0.3,False,True,True
NWDISWVJEPHNHP-ZHFHXLPRSA-N,bindingdb|chembl|pubchem_confirmatory,3,0.3,False,True,True
JVOJFVTZVRHNCQ-BGFAZQDSSA-N,bindingdb|chembl|pubchem_confirmatory,3,0.3,False,True,True
UGFJQZZRAAQZFQ-HDRCEPDYSA-N,bindingdb|chembl|pubchem_confirmatory,3,0.3,False,True,True
AMEWEHGOXPSWAC-XBPDSQQVSA-N,bindingdb|chembl|pubchem_confirmatory,3,0.3,False,True,True
VHNLDAZNJDISED-PWJCZFGMSA-N,bindingdb|chembl|pubchem_confirmatory,3,0.3,False,True,True
YCRFPJLRMBEPDQ-ZTFYXODMSA-N,bindingdb|chembl|pubchem_confirmatory,3,0.3,False,True,True
YVQMMOXHVWGWBQ-MDAUBKBASA-N,bindingdb|chembl|pubchem_confirmatory,3,0.3,False,True,True
HWHDUWPUMXQFCC-WNXDWAGHSA-N,pubchem_confirmatory,1,1.0,True,False,True
RNGQLODFAAICJY-KIFPUJJZSA-N,pubchem_confirmatory,1,1.0,True,False,True
VKTVGAAULGZPQR-SGAJGPLNSA-N,bindingdb|chembl|pubchem_confirmatory,3,0.3,False,True,True
UJKIBRAWNCFNST-STECRBCGSA-N,pubchem_confirmatory,1,1.0,True,False,True
VCTOKVCBZZAJHW-JQODSXCXSA-N,pubchem_confirmatory,1,1.0,True,False,True
WHAOEVRENJMUJJ-VJWSGOJGSA-N,pubchem_confirmatory,1,1.0,True,False,True
VCOFVEXDYNMPLD-JWJBQAENSA-N,bindingdb|chembl|pubchem_confirmatory,3,0.3,False,True,True
LPPNJQYMJQDSJL-ZFHLRRFLSA-N,pubchem_confirmatory,1,1.0,True,False,True
VVNHWJBRISECGX-OSCSHELXSA-N,bindingdb|chembl|pubchem_confirmatory,3,0.3,False,True,True
AVDBZWHLRGORIQ-ZTFYXODMSA-N,bindingdb|chembl|pubchem_confirmatory,3,0.3,False,True,True
HCBVNKMUDNUFOW-PWJCZFGMSA-N,bindingdb|chembl|pubchem_confirmatory,3,0.3,False,True,True
NAXQQAMBNIGCCL-KKIGNJJOSA-N,pubchem_confirmatory,1,1.0,True,False,True
YDMWQGLVNLHVGR-LYLGLVRWSA-N,bindingdb|chembl|pubchem_confirmatory,3,0.3,False,True,True
SAJAENPPCRKOKV-FBFWPBIQSA-N,pubchem_confirmatory,1,1.0,True,False,True
BDPLPWSMVKXZJU-GFXQXFAQSA-N,bindingdb|chembl|pubchem_confirmatory,3,0.3,False,True,True
KGKKTVPYARISQS-WNXDWAGHSA-N,pubchem_confirmatory,1,1.0,True,False,True
MQUOAVAHPQJHKI-UJSRUBBISA-N,bindingdb|chembl|pubchem_confirmatory,3,0.3,False,True,True
FSTDCVLSQZQJJD-CRLCSLCLSA-N,bindingdb|chembl|pubchem_confirmatory,3,0.3,False,True,True
ZFAZZLUSSGFODD-CRLCSLCLSA-N,bindingdb|chembl|pubchem_confirmatory,3,0.3,False,True,True
QWUSGXQRLDGCBC-QMNWOKLKSA-N,bindingdb|chembl|pubchem_confirmatory,3,0.3,False,True,True
PXZQDYFULASBHZ-HGMFMZIGSA-N,pubchem_confirmatory,1,1.0,True,False,True
QWESWXXVLNAQAR-GSZOVSESSA-N,bindingdb|chembl|pubchem_confirmatory,3,0.3,False,True,True
HLLWSQZPGMWUKG-GGQNZWSISA-N,bindingdb|chembl|pubchem_confirmatory,3,0.3,False,True,True
WWWKSAXHDUXFAR-GGQNZWSISA-N,bindingdb|chembl|pubchem_confirmatory,3,0.3,False,True,True
FJIJGDJMHYIAGT-QVXFZSQDSA-N,bindingdb|chembl|pubchem_confirmatory,3,0.3,False,True,True
UTFGIZQMTYTLCA-UDJLBTSVSA-N,pubchem_confirmatory,1,1.0,True,False,True
BHADGHJBNCYOMH-WOJBJXKFSA-N,bindingdb|chembl|pubchem_confirmatory,3,0.3,False,True,True
YGBXMBYJIHYZOE-NHCUHLMSSA-N,bindingdb|chembl|pubchem_confirmatory,3,0.3,False,True,True
MRMKRVUBSYMQNE-AEAWWFNXSA-N,pubchem_confirmatory,1,1.0,True,False,True
PYTZZAOFYVNMQD-UJHVSPFSSA-N,pubchem_confirmatory,1,1.0,True,False,True
WMDGKAUBJUTFPM-VPGDJBLGSA-N,bindingdb|chembl|pubchem_confirmatory,3,0.3,False,True,True
GWRHMJQHVNKZKS-CUHSMEASSA-N,bindingdb|chembl|pubchem_confirmatory,3,0.3,False,True,True
VRCSODDMQPDIPX-MRLTYDNFSA-N,bindingdb|chembl|pubchem_confirmatory,3,0.3,False,True,True
MOQQBCVGGOTYTF-OGSSDNIRSA-N,bindingdb|chembl|pubchem_confirmatory,3,0.3,False,True,True
HCVYAIQSYNFWFL-MDLALNFGSA-N,bindingdb|chembl|pubchem_confirmatory,3,0.3,False,True,True
WAIQCACIIRAYQU-ZSADTWRWSA-N,bindingdb|chembl|pubchem_confirmatory,3,0.3,False,True,True
ZHPWXILYNHLQNH-SBAIMNNOSA-N,bindingdb|chembl|pubchem_confirmatory,3,0.3,False,True,True
SSYOFAFJYVGCJY-GENJTUHGSA-N,bindingdb|chembl|pubchem_confirmatory,3,0.3,False,True,True
GYXBCZYUSXNSRU-OGSSDNIRSA-N,bindingdb|chembl|pubchem_confirmatory,3,0.3,False,True,True
XGSVVHFUMVWWQG-NDKUEENFSA-N,bindingdb|chembl|pubchem_confirmatory,3,0.3,False,True,True
AXERDGDCJDSTJP-OGSSDNIRSA-N,bindingdb|chembl|pubchem_confirmatory,3,0.3,False,True,True
QWQIZECTXVUQDF-MDLALNFGSA-N,bindingdb|chembl|pubchem_confirmatory,3,0.3,False,True,True
KDLGZKJKTIWAIC-YYKZIPJASA-N,bindingdb|chembl|pubchem_confirmatory,3,0.3,False,True,True
RBMQJYOMIYSTCA-OWDCXRFMSA-N,bindingdb|chembl|pubchem_confirmatory,3,0.3,False,True,True
WWBBHTZECJILTL-YYKZIPJASA-N,bindingdb|chembl|pubchem_confirmatory,3,0.3,False,True,True
LXYLAHSFLJYOIE-GENJTUHGSA-N,bindingdb|chembl|pubchem_confirmatory,3,0.3,False,True,True
MLKSQWMPAPSVGM-XKKAILOKSA-N,bindingdb|chembl|pubchem_confirmatory,3,0.3,False,True,True
JGODGXQSLRJVSE-VLOVYFPZSA-N,bindingdb|chembl|pubchem_confirmatory,3,0.3,False,True,True
RXOPZPXJRLYRAF-KFACBJOOSA-N,bindingdb|chembl|pubchem_confirmatory,3,0.3,False,True,True
BOZRLVBXVMVJGG-OGSSDNIRSA-N,bindingdb|chembl|pubchem_confirmatory,3,0.3,False,True,True
JQZHZQPKFGNKLT-SBAIMNNOSA-N,bindingdb|chembl|pubchem_confirmatory,3,0.3,False,True,True
FQYBDGIUWAOBIG-JZTDYHMVSA-N,bindingdb|chembl|pubchem_confirmatory,3,0.3,False,True,True
DEHPLCPIDMIDTB-ZSADTWRWSA-N,bindingdb|chembl|pubchem_confirmatory,3,0.3,False,True,True
CRBIDVKDOJCQKH-YYKZIPJASA-N,bindingdb|chembl|pubchem_confirmatory,3,0.3,False,True,True
WOLYRLZFTJKCJP-LCHPKMOASA-N,bindingdb|chembl|pubchem_confirmatory,3,0.3,False,True,True
UNEIAEKVSGNXOY-QIYJARMZSA-N,bindingdb|chembl|pubchem_confirmatory,3,0.3,False,True,True
ZVLXKVSVHOPDCS-ZSADTWRWSA-N,bindingdb|chembl|pubchem_confirmatory,3,0.3,False,True,True
ZHURCSRVAVDQKN-BQBONNFNSA-N,bindingdb|chembl|pubchem_confirmatory,3,0.3,False,True,True
VJMJVJYEADSZJJ-ZSADTWRWSA-N,bindingdb|chembl|pubchem_confirmatory,3,0.3,False,True,True
UJFPCEPGPCMCST-DNQXCXABSA-N,bindingdb|chembl|pubchem_confirmatory,3,0.3,False,True,True
WHNDTUWBSYXEGK-RSISCXAQSA-N,bindingdb|chembl|pubchem_confirmatory,3,0.3,False,True,True
XAKSYUCRTLUDAL-LXPNYDBHSA-N,bindingdb|chembl|pubchem_confirmatory,3,0.3,False,True,True
ZTXCEYISSWLDGP-BYICHJTDSA-N,bindingdb|chembl|pubchem_confirmatory,3,0.3,False,True,True
CABYLYZRNXTPTO-ZGJWRPMSSA-N,bindingdb|chembl|pubchem_confirmatory,3,0.3,False,True,True
LSFPNPKUMFPROJ-CWINVUHXSA-N,bindingdb|chembl|pubchem_confirmatory,3,0.3,False,True,True
QWKDBJJQULYAEH-AJSJLVFWSA-N,bindingdb|chembl|pubchem_confirmatory,3,0.3,False,True,True
QUGDJUDQMAHGNQ-AQEANLGOSA-N,bindingdb|chembl|pubchem_confirmatory,3,0.3,False,True,True
FMNSJJUYYNOGSP-FLVRFYSZSA-N,bindingdb|chembl|pubchem_confirmatory,3,0.3,False,True,True
UYPKAAMIGAGDTF-ZSADTWRWSA-N,bindingdb|chembl|pubchem_confirmatory,3,0.3,False,True,True
DRRUFWZXXXTGKH-SGAJGPLNSA-N,bindingdb|chembl|pubchem_confirmatory,3,0.3,False,True,True
SFIUNGDCAZNMNJ-RXEARMEOSA-N,bindingdb|chembl|pubchem_confirmatory,3,0.3,False,True,True
HDQIYXACGPYCQT-ZHFHXLPRSA-N,bindingdb|chembl|pubchem_confirmatory,3,0.3,False,True,True
UOXUJGWUTQMJMX-DNQXCXABSA-N,bindingdb|chembl|pubchem_confirmatory,3,0.3,False,True,True
GWBRLBIUBIXVRC-UCDZCMRKSA-N,bindingdb|chembl|pubchem_confirmatory,3,0.3,False,True,True
DUCOFCVCSRBZGV-CXBZOWBPSA-N,bindingdb|chembl|pubchem_confirmatory,3,0.3,False,True,True
RQBGGNNHJIRZIX-OFKODDFHSA-N,bindingdb|chembl|pubchem_confirmatory,3,0.3,False,True,True
WNVSDECEZODUPK-JAEXGXQOSA-N,bindingdb|chembl|pubchem_confirmatory,3,0.3,False,True,True
GAZCHCIGJHPWGU-XKHRETHESA-N,bindingdb|chembl|pubchem_confirmatory,3,0.3,False,True,True
GQGZZKPBCOQQQE-RVRFFIBDSA-N,bindingdb|chembl|pubchem_confirmatory,3,0.3,False,True,True
LQMSTRFNKHLNGH-YLBOGKAESA-N,bindingdb|chembl|pubchem_confirmatory,3,0.3,False,True,True
WPXFOTAJQKBSMW-QGSZOSMFSA-N,bindingdb|chembl|pubchem_confirmatory,3,0.3,False,True,True
UVGWWEALXNLMDS-CNBRWIIDSA-N,bindingdb|chembl|pubchem_confirmatory,3,0.3,False,True,True
RTDXVNREPXJNCF-YLBOGKAESA-N,bindingdb|chembl|pubchem_confirmatory,3,0.3,False,True,True
PLFBOMAMLLPALI-BTDDGAACSA-N,bindingdb|chembl|pubchem_confirmatory,3,0.3,False,True,True
QPOKFQWKWLESPE-GVBVHUCQSA-N,bindingdb|chembl|pubchem_confirmatory,3,0.3,False,True,True
ZANMCXUVQQBPMY-GOJCXORZSA-N,bindingdb|chembl|pubchem_confirmatory,3,0.3,False,True,True
AJPFUWWTYJVBKS-IBYOELKQSA-N,bindingdb|chembl|pubchem_confirmatory,3,0.3,False,True,True
JFOZRIZTVHJILV-XYUGXJJYSA-N,bindingdb|chembl|pubchem_confirmatory,3,0.3,False,True,True
QNDOICZZNOXIHY-OXZXHNBXSA-N,bindingdb|chembl|pubchem_confirmatory,3,0.3,False,True,True
ZNVQSQKBGQYGTC-RXEARMEOSA-N,bindingdb|chembl|pubchem_confirmatory,3,0.3,False,True,True
KGFFDCVPLTZLBD-SGAJGPLNSA-N,bindingdb|chembl|pubchem_confirmatory,3,0.3,False,True,True
OKOXWDLOEAWJTJ-KIKFKFQISA-N,bindingdb|chembl|pubchem_confirmatory,3,0.3,False,True,True
UMCJKUJKESZYOB-ZHFHXLPRSA-N,bindingdb|chembl|pubchem_confirmatory,3,0.3,False,True,True
RVGDMJPSJMGWIY-ZTFYXODMSA-N,bindingdb|chembl|pubchem_confirmatory,3,0.3,False,True,True
CFYWZJWWEJKQQD-KUVLNDGKSA-N,bindingdb|chembl|pubchem_confirmatory,3,0.3,False,True,True
DPMLWPYIXXXQOW-NDCDCTFNSA-N,pubchem_confirmatory,1,1.0,True,False,True
MBGOSPNMQJALIK-LYLGLVRWSA-N,bindingdb|chembl|pubchem_confirmatory,3,0.3,False,True,True
UWLSRTCCFPDHCN-HYYKEQEVSA-N,bindingdb|chembl|pubchem_confirmatory,3,0.3,False,True,True
KNCGVYBYWGMIBZ-FKGNFIDKSA-N,bindingdb|chembl|pubchem_confirmatory,3,0.3,False,True,True
WTSASHWPWMRDLY-BTDDGAACSA-N,bindingdb|chembl|pubchem_confirmatory,3,0.3,False,True,True
FOBNOYWWYUHZGJ-CPWPOOERSA-N,bindingdb|chembl|pubchem_confirmatory,3,0.3,False,True,True
VLSAYKYPZJTFPN-VZSJEBCZSA-N,pubchem_confirmatory,1,1.0,True,False,True
XHLACPNZYKGZCU-SHEKFCCPSA-N,bindingdb|chembl|pubchem_confirmatory,3,0.3,False,True,True
QHRUPTVPEYRWIP-PDBCZORNSA-N,bindingdb|chembl|pubchem_confirmatory,3,0.3,False,True,True
XPEMWWRAMRKQBN-IKXBFRDRSA-N,bindingdb|chembl|pubchem_confirmatory,3,0.3,False,True,True
XSOFYILRXPOXMM-CCWBKVMBSA-N,bindingdb|chembl|pubchem_confirmatory,3,0.3,False,True,True
LXTPBYAFKDAHIK-GNTVVGMTSA-N,bindingdb|chembl|pubchem_confirmatory,3,0.3,False,True,True
AFXAUINBCONZRB-CCWBKVMBSA-N,bindingdb|chembl|pubchem_confirmatory,3,0.3,False,True,True
HNAWIPFBXDTQKU-WZVKSPBRSA-N,bindingdb|chembl|pubchem_confirmatory,3,0.3,False,True,True
MWIGXUOGDZFVEQ-TWDLTGNASA-N,bindingdb|chembl|pubchem_confirmatory,3,0.3,False,True,True
IGEXUKUWFYWHIU-XBPDSQQVSA-N,bindingdb|chembl|pubchem_confirmatory,3,0.3,False,True,True
ODVDOMOKFLMJJJ-TWDLTGNASA-N,bindingdb|chembl|pubchem_confirmatory,3,0.3,False,True,True
XHWBRCNZOZCCNC-MDAUBKBASA-N,bindingdb|chembl|pubchem_confirmatory,3,0.3,False,True,True
UCSVBSPNMFAYPO-FIIBKKJESA-N,bindingdb|chembl|pubchem_confirmatory,3,0.3,False,True,True
DXRUKQNLFQHENI-RXEARMEOSA-N,bindingdb|chembl|pubchem_confirmatory,3,0.3,False,True,True
TUCCGPQLRMMEFI-JWQCQUIFSA-N,bindingdb|chembl|pubchem_confirmatory,3,0.3,False,True,True
FQVNUFOLWFHBAH-DNQXCXABSA-N,bindingdb|chembl|pubchem_confirmatory,3,0.3,False,True,True
NCYCXHVKGOHAKO-DNQXCXABSA-N,bindingdb|chembl|pubchem_confirmatory,3,0.3,False,True,True
PEABXDIGBOLOSL-XYFRODSISA-N,bindingdb|chembl|pubchem_confirmatory,3,0.3,False,True,True
HSMYDCUFPOGKDP-DNQXCXABSA-N,bindingdb|chembl|pubchem_confirmatory,3,0.3,False,True,True
LIELNNVJLZDJNV-NTKDMRAZSA-N,bindingdb|chembl|pubchem_confirmatory,3,0.3,False,True,True
ZXEGHRKMLWECLR-XUMYZKKMSA-N,bindingdb|chembl|pubchem_confirmatory,3,0.3,False,True,True
IUAQONCVWILQBW-JCHVILAISA-N,bindingdb|chembl|pubchem_confirmatory,3,0.3,False,True,True
KKEWYQGTRYLSFI-PCMMOIKVSA-N,bindingdb|chembl|pubchem_confirmatory,3,0.3,False,True,True
XCBFJYQGXZLBPR-IKXBFRDRSA-N,bindingdb|chembl|pubchem_confirmatory,3,0.3,False,True,True
PPYDIYQJBOFKJJ-CCWBKVMBSA-N,bindingdb|chembl|pubchem_confirmatory,3,0.3,False,True,True
BVBHTBJFUBWPGW-TWDLTGNASA-N,bindingdb|chembl|pubchem_confirmatory,3,0.3,False,True,True
HEUJGYBHGOVASU-JWJBQAENSA-N,bindingdb|chembl|pubchem_confirmatory,3,0.3,False,True,True
KTRYHAQWFSULQI-OXZXHNBXSA-N,bindingdb|chembl|pubchem_confirmatory,3,0.3,False,True,True
ZCOUENJMOHTSHC-LLNLAZGKSA-N,bindingdb|chembl|pubchem_confirmatory,3,0.3,False,True,True
WIAVUOTUFXVFFW-JCHVILAISA-N,bindingdb|chembl|pubchem_confirmatory,3,0.3,False,True,True
RNYNXJNFKQTMAK-WKNZRQKGSA-N,bindingdb|chembl|pubchem_confirmatory,3,0.3,False,True,True
QBXHEHOCBVRMLN-FWMJEQCYSA-N,bindingdb|chembl|pubchem_confirmatory,3,0.3,False,True,True
ZDBVVDUTDBVYHC-BTDDGAACSA-N,bindingdb|chembl|pubchem_confirmatory,3,0.3,False,True,True
IFKSXQFEQQQIOC-WZVKSPBRSA-N,bindingdb|chembl|pubchem_confirmatory,3,0.3,False,True,True
XYLQIWLJVUGVKK-JQODSXCXSA-O,pubchem_confirmatory,1,1.0,True,False,True
UGEAJVMTCPYFMU-YLBOGKAESA-N,bindingdb|chembl|pubchem_confirmatory,3,0.3,False,True,True
MEGWPQKDSWFZMR-IKXBFRDRSA-N,bindingdb|chembl|pubchem_confirmatory,3,0.3,False,True,True
ACPCILWOAYZKPR-MDAUBKBASA-N,bindingdb|chembl|pubchem_confirmatory,3,0.3,False,True,True
DGBSMVAOYPKILO-FCBLIUAWSA-N,bindingdb|chembl|pubchem_confirmatory,3,0.3,False,True,True
KRGYLTVKMJZURK-DMTRJYJOSA-N,bindingdb|chembl|pubchem_confirmatory,3,0.3,False,True,True
MNRHEYODBDCHHO-OPYALOGVSA-N,bindingdb|chembl|pubchem_confirmatory,3,0.3,False,True,True
VSWOMGIOACEAOU-XKHRETHESA-N,bindingdb|chembl|pubchem_confirmatory,3,0.3,False,True,True
LHBMQLBOCRSDLT-CPWPOOERSA-N,bindingdb|chembl|pubchem_confirmatory,3,0.3,False,True,True
LFPPSFVNBGNNPR-UCDZCMRKSA-N,bindingdb|chembl|pubchem_confirmatory,3,0.3,False,True,True
BNCYUKAOCLWXOL-LDZQUKMZSA-N,bindingdb|chembl|pubchem_confirmatory,3,0.3,False,True,True
KMHVWSYZPXHNLI-JAEXGXQOSA-N,bindingdb|chembl|pubchem_confirmatory,3,0.3,False,True,True
NSOPJJCZPTUTCB-STHVYQTBSA-N,bindingdb|chembl|pubchem_confirmatory,3,0.3,False,True,True
CGWRMBYFKYPJSA-RXEARMEOSA-N,bindingdb|chembl|pubchem_confirmatory,3,0.3,False,True,True
RLWJPYQILYBNJY-KFHGAJFOSA-N,bindingdb|chembl|pubchem_confirmatory,3,0.3,False,True,True
PTICUODAYJPJPK-YADARESESA-N,bindingdb|chembl|pubchem_confirmatory,3,0.3,False,True,True
PUCIUCYCOKGKKK-FDDCHVKYSA-N,bindingdb|chembl|pubchem_confirmatory,3,0.3,False,True,True
OXGZWMSLIJQXKJ-FDDCHVKYSA-N,bindingdb|chembl|pubchem_confirmatory,3,0.3,False,True,True
GHKJSMWBPDCSRI-RXFWQSSRSA-N,bindingdb|pubchem_confirmatory,2,0.5,False,True,True
DAYIZZOZUBSHCK-UQBPGWFLSA-N,bindingdb|chembl|pubchem_confirmatory,3,0.3,False,True,True
ZLAQSPOQONVMRZ-OFKODDFHSA-N,bindingdb|chembl|pubchem_confirmatory,3,0.3,False,True,True
UUCBMATYTOQCBV-CRLCSLCLSA-N,bindingdb|chembl|pubchem_confirmatory,3,0.3,False,True,True
NRANKPSZLVDJKV-YLBOGKAESA-N,bindingdb|chembl|pubchem_confirmatory,3,0.3,False,True,True
YSMXCGSHAOODKA-CPWPOOERSA-N,bindingdb|chembl|pubchem_confirmatory,3,0.3,False,True,True
YAFLYTNZBCPHGU-DMTRJYJOSA-N,bindingdb|chembl|pubchem_confirmatory,3,0.3,False,True,True
YTASUGQMVPWZHX-XKHRETHESA-N,bindingdb|chembl|pubchem_confirmatory,3,0.3,False,True,True
XOIUBWNWSVROLJ-OPYALOGVSA-N,bindingdb|chembl|pubchem_confirmatory,3,0.3,False,True,True
ZZXHCVIIEJEFMW-ABNDPDSASA-N,bindingdb|chembl|pubchem_confirmatory,3,0.3,False,True,True
BXNPEJUZSZNTKY-TWDLTGNASA-N,bindingdb|chembl|pubchem_confirmatory,3,0.3,False,True,True
MBPYGFRYQCLAMO-DMTRJYJOSA-N,bindingdb|chembl|pubchem_confirmatory,3,0.3,False,True,True
WGUJMAVEVPQWBD-YETGJXKVSA-N,bindingdb|chembl|pubchem_confirmatory,3,0.3,False,True,True
HWQPHQBHWXUIDR-WPAFISJISA-N,bindingdb|chembl|pubchem_confirmatory,3,0.3,False,True,True
KLZKHZKXDHZACA-WPAFISJISA-N,bindingdb|chembl|pubchem_confirmatory,3,0.3,False,True,True
BBSMONTWGLJNCJ-XBPDSQQVSA-N,bindingdb|chembl|pubchem_confirmatory,3,0.3,False,True,True
RWDLAAOXQHHKMJ-QMCAYLGFSA-N,bindingdb|chembl|pubchem_confirmatory,3,0.3,False,True,True
ZREADEMHJVTHRN-JWJBQAENSA-N,bindingdb|chembl|pubchem_confirmatory,3,0.3,False,True,True
SNMPVJPFNDSUCO-QMCAYLGFSA-N,bindingdb|chembl|pubchem_confirmatory,3,0.3,False,True,True
DRBKBZPFPMMQSB-VDOBOPNRSA-N,bindingdb|chembl|pubchem_confirmatory,3,0.3,False,True,True
AALCSHHUTCNKGW-BTDDGAACSA-N,bindingdb|chembl|pubchem_confirmatory,3,0.3,False,True,True
WFQOQSAGDMXIKR-QMCAYLGFSA-N,bindingdb|chembl|pubchem_confirmatory,3,0.3,False,True,True
ZERRTSLGDYEDNG-JWJBQAENSA-N,bindingdb|chembl|pubchem_confirmatory,3,0.3,False,True,True
NBLLCKZPUVHFGL-JWJBQAENSA-N,bindingdb|chembl|pubchem_confirmatory,3,0.3,False,True,True
ZZDBZTVYHQTIOV-CXBZOWBPSA-N,bindingdb|chembl|pubchem_confirmatory,3,0.3,False,True,True
BENGTUBUNVDWKF-HIGDUGLOSA-N,bindingdb|chembl|pubchem_confirmatory,3,0.3,False,True,True
MQFKRIWHXNAWKO-PWJCZFGMSA-N,bindingdb|chembl|pubchem_confirmatory,3,0.3,False,True,True
TZIFSJIIAVQGFL-JWJBQAENSA-N,bindingdb|chembl|pubchem_confirmatory,3,0.3,False,True,True
QYBVKCCZBAQJFB-RIMFSCFKSA-N,bindingdb|chembl|pubchem_confirmatory,3,0.3,False,True,True
QWDMOGJYQVLWLV-JCHVILAISA-N,bindingdb|chembl|pubchem_confirmatory,3,0.3,False,True,True
QIRZFASKHQMJSA-HRQYYILTSA-N,bindingdb|chembl|pubchem_confirmatory,3,0.3,False,True,True
GXZZOHLMBBRGAC-QREUFCTJSA-N,bindingdb|chembl|pubchem_confirmatory,3,0.3,False,True,True
XGOFZSGIYCTREC-QZPZUKOXSA-N,bindingdb|chembl|pubchem_confirmatory,3,0.3,False,True,True
QIHNXTAAXWJCDK-CTENDNCJSA-N,bindingdb|chembl|pubchem_confirmatory,3,0.3,False,True,True
NUTFMCIXCMDFQE-QMCAYLGFSA-N,bindingdb|chembl|pubchem_confirmatory,3,0.3,False,True,True
MELVEGKKJYESBX-WMXNZVEGSA-N,bindingdb|chembl|pubchem_confirmatory,3,0.3,False,True,True
KQSGFLUCMVCWHA-PDJLCVSHSA-N,bindingdb|chembl|pubchem_confirmatory,3,0.3,False,True,True
IWFLRVYMORSPDJ-MOBAFLLYSA-N,bindingdb|chembl|pubchem_confirmatory,3,0.3,False,True,True
FHHAVGVCBQATIX-VFVRMCIJSA-N,bindingdb|chembl|pubchem_confirmatory,3,0.3,False,True,True
PDWNMOAFCPTFQR-HIGDUGLOSA-N,bindingdb|chembl|pubchem_confirmatory,3,0.3,False,True,True
DGXHWHGCQHBSGL-QREUFCTJSA-N,bindingdb|chembl|pubchem_confirmatory,3,0.3,False,True,True
ZVODTDNNXABCMU-USEXYCNBSA-N,bindingdb|chembl|pubchem_confirmatory,3,0.3,False,True,True
GDOAKKMZTBOWGN-CTVIBWNGSA-N,bindingdb|chembl|pubchem_confirmatory,3,0.3,False,True,True
LVZIRZOALJFJDC-OYTODEGTSA-N,bindingdb|chembl|pubchem_confirmatory,3,0.3,False,True,True
UPUAJTPIEIEBEZ-BTDDGAACSA-N,bindingdb|chembl|pubchem_confirmatory,3,0.3,False,True,True
CDYFQUKIYRLYSZ-IKXBFRDRSA-N,bindingdb|chembl|pubchem_confirmatory,3,0.3,False,True,True
KUWHBBUUWBJSNP-XKHRETHESA-N,bindingdb|chembl|pubchem_confirmatory,3,0.3,False,True,True
FQQXUOKNGQYCPU-RQDOOIFYSA-N,bindingdb|chembl|pubchem_confirmatory,3,0.3,False,True,True
VCKKUSPDMAQDMH-JNLDVWTHSA-N,bindingdb|chembl|pubchem_confirmatory,3,0.3,False,True,True
CKBYKGSQLPHRGL-QRTSZJHRSA-N,bindingdb|chembl|pubchem_confirmatory,3,0.3,False,True,True
KTYYZHUCVSDMRF-DQTDJASNSA-N,bindingdb|chembl|pubchem_confirmatory,3,0.3,False,True,True
VWEUTKDBJKQUEU-QXBULVENSA-N,bindingdb|chembl|pubchem_confirmatory,3,0.3,False,True,True
FNKLJCCWJXYIOJ-XIKJUVSSSA-N,bindingdb|chembl|pubchem_confirmatory,3,0.3,False,True,True
XQFBQWUFOHVWCG-KNFYQODVSA-N,bindingdb|chembl|pubchem_confirmatory,3,0.3,False,True,True
COPUPBXKZYBZCG-RTBURBONSA-N,bindingdb|chembl|pubchem_confirmatory,3,0.3,False,True,True
AKFLDWOPRDYHRT-ADGSLESKSA-N,bindingdb|chembl|pubchem_confirmatory,3,0.3,False,True,True
WPPGVUDJTWDNTC-WOJBJXKFSA-N,bindingdb|chembl|pubchem_confirmatory,3,0.3,False,True,True
XCWPKXTWFCSJFA-ZSADTWRWSA-N,bindingdb|chembl|pubchem_confirmatory,3,0.3,False,True,True
RZPCBAICXYCBMR-RDMIVRQXSA-N,bindingdb|chembl|pubchem_confirmatory,3,0.3,False,True,True
UCBPFXVKIHHBTN-BYICHJTDSA-N,bindingdb|chembl|pubchem_confirmatory,3,0.3,False,True,True
HHDNBURUBIJEMW-WKNZRQKGSA-N,bindingdb|chembl|pubchem_confirmatory,3,0.3,False,True,True
RCIBAYCZIWNWQM-SHEKFCCPSA-N,bindingdb|chembl|pubchem_confirmatory,3,0.3,False,True,True
IEDKINODSPRODN-MDAUBKBASA-N,bindingdb|chembl|pubchem_confirmatory,3,0.3,False,True,True
OIAQOFSRKAAPTI-CCWBKVMBSA-N,bindingdb|chembl|pubchem_confirmatory,3,0.3,False,True,True
BLSCDGQCXLIBIV-LYLGLVRWSA-N,bindingdb|chembl|pubchem_confirmatory,3,0.3,False,True,True
NAUYBXKFSTUHAC-YLBOGKAESA-N,bindingdb|chembl|pubchem_confirmatory,3,0.3,False,True,True
PXRPFCMSECGUPB-WZVKSPBRSA-N,bindingdb|chembl|pubchem_confirmatory,3,0.3,False,True,True
IZAZHNOYWJACHV-SGAJGPLNSA-N,bindingdb|chembl|pubchem_confirmatory,3,0.3,False,True,True
IKVBVRRECBVBRZ-CCWBKVMBSA-N,bindingdb|chembl|pubchem_confirmatory,3,0.3,False,True,True
GAJPWPWNHDWJIG-CCWBKVMBSA-N,bindingdb|chembl|pubchem_confirmatory,3,0.3,False,True,True
ZNORDXMYJTWINZ-WPHICUJTSA-N,bindingdb|chembl|pubchem_confirmatory,3,0.3,False,True,True
UEOOZYNWPNPFAK-CRLCSLCLSA-N,bindingdb|chembl|pubchem_confirmatory,3,0.3,False,True,True
ZZENROIHBSXRJS-IMKXQEQTSA-N,bindingdb|chembl|pubchem_confirmatory,3,0.3,False,True,True
HQGSQATWZMANFG-KUVLNDGKSA-N,bindingdb|chembl|pubchem_confirmatory,3,0.3,False,True,True
UXMJPDSJUUTCSI-ICUXMSMBSA-N,pubchem_confirmatory,1,1.0,True,False,True
GKUOJRFISXLTRQ-GNTVVGMTSA-N,bindingdb|chembl|pubchem_confirmatory,3,0.3,False,True,True
LHUDKDIZBABXDA-CLJLJLNGSA-N,bindingdb|chembl|pubchem_confirmatory,3,0.3,False,True,True
FZEOGYAVIWYYDZ-PWJCZFGMSA-N,bindingdb|chembl|pubchem_confirmatory,3,0.3,False,True,True
GYCMBNHBTKRSIB-UQBPGWFLSA-N,bindingdb|chembl|pubchem_confirmatory,3,0.3,False,True,True
YEZIKOUBBHSWCS-CDHPUSFOSA-N,bindingdb|chembl|pubchem_confirmatory,3,0.3,False,True,True
VGLBRDYXZMDXEK-DNQXCXABSA-N,bindingdb|chembl|pubchem_confirmatory,3,0.3,False,True,True
MOQMLJZWQICKGZ-MJXQKHDASA-N,bindingdb|chembl|pubchem_confirmatory,3,0.3,False,True,True
XIPWTZKTQUCGST-FKGNFIDKSA-N,bindingdb|chembl|pubchem_confirmatory,3,0.3,False,True,True
WXYKORBUEBXTSR-NYESITDKSA-N,bindingdb|chembl|pubchem_confirmatory,3,0.3,False,True,True
MMKFDGGBCSBYEJ-IKXBFRDRSA-N,bindingdb|chembl|pubchem_confirmatory,3,0.3,False,True,True
JUXIEDUTQMSFCE-BTDDGAACSA-N,bindingdb|chembl|pubchem_confirmatory,3,0.3,False,True,True
XCRYSDRGCKTKKK-KFHGAJFOSA-N,bindingdb|chembl|pubchem_confirmatory,3,0.3,False,True,True
XPRJBHUKCTWLDW-BGFAZQDSSA-N,bindingdb|chembl|pubchem_confirmatory,3,0.3,False,True,True
VGSLOUFPKUYVTO-DOZIQCTLSA-N,bindingdb|chembl|pubchem_confirmatory,3,0.3,False,True,True
OOSDBLUQBHNNAP-LYLGLVRWSA-N,bindingdb|chembl|pubchem_confirmatory,3,0.3,False,True,True
KQJPVUACJHCAPQ-YLBOGKAESA-N,bindingdb|chembl|pubchem_confirmatory,3,0.3,False,True,True
YAQSYISEEZJABY-FTNFKZBYSA-N,bindingdb|chembl|pubchem_confirmatory,3,0.3,False,True,True
MAHKBFIEJHMBLC-CCWBKVMBSA-N,bindingdb|chembl|pubchem_confirmatory,3,0.3,False,True,True
AJJDGVPIHSFDNQ-DHQPCLQBSA-N,bindingdb|chembl|pubchem_confirmatory,3,0.3,False,True,True
BHVGQUDVXLGRTQ-OXZXHNBXSA-N,bindingdb|chembl|pubchem_confirmatory,3,0.3,False,True,True
RVVMVQZEIWHPEH-LLNLAZGKSA-N,bindingdb|chembl|pubchem_confirmatory,3,0.3,False,True,True
GTHNOBOWBMAHSM-WKNZRQKGSA-N,bindingdb|chembl|pubchem_confirmatory,3,0.3,False,True,True
RJOAQJTXSXKPAV-JQODSXCXSA-N,bindingdb|chembl|pubchem_confirmatory,3,0.3,False,True,True
AMGWCJVLEJOFKV-OPYALOGVSA-N,bindingdb|chembl|pubchem_confirmatory,3,0.3,False,True,True
KHOWHTCIAHKTLB-FCBLIUAWSA-N,bindingdb|chembl|pubchem_confirmatory,3,0.3,False,True,True
KONQOFUVCWFTKV-ZLRZWMLCSA-N,bindingdb|chembl|pubchem_confirmatory,3,0.3,False,True,True
FPNFSVRIZWWBKZ-ZVMSRRLHSA-N,bindingdb|chembl|pubchem_confirmatory,3,0.3,False,True,True
FITWGETUFZNIOJ-JAEXGXQOSA-N,bindingdb|chembl|pubchem_confirmatory,3,0.3,False,True,True
DRPQJOIECLSJTP-JTFVCTGRSA-N,bindingdb|chembl|pubchem_confirmatory,3,0.3,False,True,True
KWTMYKOLAJKSJN-NHCUHLMSSA-N,bindingdb|chembl|pubchem_confirmatory,3,0.3,False,True,True
SSFYYRXVHJGELP-JWQCQUIFSA-N,bindingdb|chembl|pubchem_confirmatory,3,0.3,False,True,True
BHZIOOKVIQTSFG-GNTVVGMTSA-N,bindingdb|chembl|pubchem_confirmatory,3,0.3,False,True,True
KWZCSQFUMYTIEJ-KIKFKFQISA-N,bindingdb|chembl|pubchem_confirmatory,3,0.3,False,True,True
YZWVQDBVGQQUMJ-KIKFKFQISA-N,bindingdb|chembl|pubchem_confirmatory,3,0.3,False,True,True
FYGHRDJXFQLRJF-BTDDGAACSA-N,bindingdb|chembl|pubchem_confirmatory,3,0.3,False,True,True
BGIVZZAXQFITLB-KUVLNDGKSA-N,bindingdb|chembl|pubchem_confirmatory,3,0.3,False,True,True
QYIKSVMVKVVFNZ-FSSPXQGWSA-N,bindingdb|chembl|pubchem_confirmatory,3,0.3,False,True,True
QYIKSVMVKVVFNZ-LTRFQDRGSA-N,bindingdb|chembl|pubchem_confirmatory,3,0.3,False,True,True
PSNPCAZINSUMHL-BYICHJTDSA-N,bindingdb|chembl|pubchem_confirmatory,3,0.3,False,True,True
NDGDURBSIQFYPD-CRLCSLCLSA-N,bindingdb|chembl|pubchem_confirmatory,3,0.3,False,True,True
DEXFFBLOUXTKCW-DOZIQCTLSA-N,bindingdb|chembl|pubchem_confirmatory,3,0.3,False,True,True
LOZGZIGLHIIADP-BYICHJTDSA-N,bindingdb|chembl|pubchem_confirmatory,3,0.3,False,True,True
RQWDWPGVQOTTKN-BGFAZQDSSA-N,bindingdb|chembl|pubchem_confirmatory,3,0.3,False,True,True
DYQIQCXLEJFKBQ-CRLCSLCLSA-N,bindingdb|chembl|pubchem_confirmatory,3,0.3,False,True,True
AJTWNHTZZDFKDN-KIKFKFQISA-N,bindingdb|chembl|pubchem_confirmatory,3,0.3,False,True,True
NENPGKZVGTXDEE-OCVJOQBUSA-N,bindingdb|chembl|pubchem_confirmatory,3,0.3,False,True,True
UKHCHAPYTFGCKT-TWDLTGNASA-N,bindingdb|chembl|pubchem_confirmatory,3,0.3,False,True,True
PEVBAXWTFOAFCR-YLBOGKAESA-N,bindingdb|chembl|pubchem_confirmatory,3,0.3,False,True,True
RACXTZOZUFVBBE-BYICHJTDSA-N,bindingdb|chembl|pubchem_confirmatory,3,0.3,False,True,True
NEEVNRSYPWVLMF-KUVLNDGKSA-N,bindingdb|chembl|pubchem_confirmatory,3,0.3,False,True,True
QZJLJWONAWOUEL-VJTFINOGSA-N,bindingdb|chembl|pubchem_confirmatory,3,0.3,False,True,True
DBSRHOPBYFRVSS-CRLCSLCLSA-N,bindingdb|chembl|pubchem_confirmatory,3,0.3,False,True,True
IOWPZLZDXNUXKG-OFKODDFHSA-N,bindingdb|chembl|pubchem_confirmatory,3,0.3,False,True,True
DZUHJHSQFYLSQD-AZHBQHNBSA-N,bindingdb|chembl|pubchem_confirmatory,3,0.3,False,True,True
WQBWVRCRLFHOCM-NSGHHPINSA-N,bindingdb|chembl|pubchem_confirmatory,3,0.3,False,True,True
CGKQDSCOOFMOQJ-BYICHJTDSA-N,bindingdb|chembl|pubchem_confirmatory,3,0.3,False,True,True
AUMYSOPJUHCAAN-ABNDPDSASA-N,bindingdb|chembl|pubchem_confirmatory,3,0.3,False,True,True
ABCQAPKYRRTHNB-CWLQOSRCSA-N,bindingdb|chembl|pubchem_confirmatory,3,0.3,False,True,True
SMADULGDNOCLOP-GISFHXKWSA-N,bindingdb|chembl|pubchem_confirmatory,3,0.3,False,True,True
FCRDLQNTRUCVFZ-HLPYOLTBSA-N,bindingdb|chembl|pubchem_confirmatory,3,0.3,False,True,True
MPSLOBOMQGUYHX-QOOIRANTSA-N,bindingdb|chembl|pubchem_confirmatory,3,0.3,False,True,True
ATNVGQVVCYLJMB-MOBAFLLYSA-N,bindingdb|chembl|pubchem_confirmatory,3,0.3,False,True,True
BYOBPCXDQAORFX-CLJLJLNGSA-N,bindingdb|chembl|pubchem_confirmatory,3,0.3,False,True,True
KOKUWMTYGARMHD-DNQXCXABSA-N,bindingdb|chembl|pubchem_confirmatory,3,0.3,False,True,True
RACXYHGQVUMRFG-DNQXCXABSA-N,bindingdb|chembl|pubchem_confirmatory,3,0.3,False,True,True
VPLWCSAODACYNB-YFHSQZFMSA-N,pubchem_confirmatory,1,1.0,True,False,True
VFFVNFWFTIQHSU-DNQXCXABSA-N,bindingdb|chembl|pubchem_confirmatory,3,0.3,False,True,True
FSVJAUIRIHHDFJ-SFHHYJLWSA-N,bindingdb|chembl|pubchem_confirmatory,3,0.3,False,True,True
TZDGWAFDGCOKCI-NHCUHLMSSA-N,bindingdb|chembl|pubchem_confirmatory,3,0.3,False,True,True
MLSLNFYJISRLRL-FGZHOGPDSA-N,bindingdb|chembl|pubchem_confirmatory,3,0.3,False,True,True
JUWVTNNGHOPEBW-DHIUTWEWSA-N,bindingdb|chembl|pubchem_confirmatory,3,0.3,False,True,True
GWMZDAQYJPTVFF-DNQXCXABSA-N,bindingdb|chembl|pubchem_confirmatory,3,0.3,False,True,True
CNYWCYYUBFHOEY-FGZHOGPDSA-N,bindingdb|chembl|pubchem_confirmatory,3,0.3,False,True,True
OCQTVDAEZVKDGH-WOJBJXKFSA-N,bindingdb|chembl|pubchem_confirmatory,3,0.3,False,True,True
HZGUXEOXGZMLIG-DHIUTWEWSA-N,bindingdb|chembl|pubchem_confirmatory,3,0.3,False,True,True
VBEFVIVXMYJWLS-WOJBJXKFSA-N,bindingdb|chembl|pubchem_confirmatory,3,0.3,False,True,True
GSYVVXPNVSDLFQ-JWUZOTJJSA-N,bindingdb|chembl|pubchem_confirmatory,3,0.3,False,True,True
JITFKFFQQFTFFD-FGZHOGPDSA-N,bindingdb|chembl|pubchem_confirmatory,3,0.3,False,True,True
OIIAEMOYRNVUOH-DNQXCXABSA-N,bindingdb|chembl|pubchem_confirmatory,3,0.3,False,True,True
WGXQPHSRBNUKDC-HEYJASKDSA-N,pubchem_confirmatory,1,1.0,True,False,True
PKMGLEMGPUADSV-DNQXCXABSA-N,bindingdb|chembl|pubchem_confirmatory,3,0.3,False,True,True
IZIPXZSOKBEUJG-JWQCQUIFSA-N,bindingdb|chembl|pubchem_confirmatory,3,0.3,False,True,True
IVWQRCAKMSXJOS-DHIUTWEWSA-N,bindingdb|chembl|pubchem_confirmatory,3,0.3,False,True,True
HONUSIKNDKEKEI-JWQCQUIFSA-N,bindingdb|chembl|pubchem_confirmatory,3,0.3,False,True,True
FOWYFQNSFLXXIU-DHIUTWEWSA-N,bindingdb|chembl|pubchem_confirmatory,3,0.3,False,True,True
LCZLCHOEAQQLPI-DHIUTWEWSA-N,bindingdb|chembl|pubchem_confirmatory,3,0.3,False,True,True
HQVPRPVJHZXVQD-BTDDGAACSA-N,bindingdb|chembl|pubchem_confirmatory,3,0.3,False,True,True
OOCFYUBGNBOKMS-FCBLIUAWSA-N,bindingdb|chembl|pubchem_confirmatory,3,0.3,False,True,True
VLCOOPURWLMPMR-NEKDWFFYSA-N,bindingdb|chembl|pubchem_confirmatory,3,0.3,False,True,True
LQJITFDTEYBGFW-CLJLJLNGSA-N,bindingdb|chembl|pubchem_confirmatory,3,0.3,False,True,True
PRKKNXBCYDJURB-KAYWLYCHSA-N,bindingdb|chembl|pubchem_confirmatory,3,0.3,False,True,True
CXRNIRZAUCAMGL-DHIUTWEWSA-N,bindingdb|chembl|pubchem_confirmatory,3,0.3,False,True,True
MNVHKWIVKBVBTC-DHIUTWEWSA-N,bindingdb|chembl|pubchem_confirmatory,3,0.3,False,True,True
OFPFFNDCAVVHDQ-YFHSQZFMSA-N,pubchem_confirmatory,1,1.0,True,False,True
OKJDPLUIALQUNQ-RDMIVRQXSA-N,bindingdb|chembl|pubchem_confirmatory,3,0.3,False,True,True
IHBIUBGKKHOJSC-FGZHOGPDSA-N,bindingdb|chembl|pubchem_confirmatory,3,0.3,False,True,True
ZOKJBROEATUVMH-DHIUTWEWSA-N,bindingdb|chembl|pubchem_confirmatory,3,0.3,False,True,True
OCPYIAIKLVNXAR-CLJLJLNGSA-N,bindingdb|chembl|pubchem_confirmatory,3,0.3,False,True,True
BACKKCXBCQCHFS-HGQPVNBUSA-N,pubchem_confirmatory,1,1.0,True,False,True
HCOZPAXZEIRQFB-QLGUMYEUSA-N,pubchem_confirmatory,1,1.0,True,False,True
XOHDTKBIUMIWSR-UJHVSPFSSA-N,pubchem_confirmatory,1,1.0,True,False,True
XFMHQFPSYWCBHE-DNQXCXABSA-N,bindingdb|chembl|pubchem_confirmatory,3,0.3,False,True,True
LZICOKAGBKQRSP-DHIUTWEWSA-N,bindingdb|chembl|pubchem_confirmatory,3,0.3,False,True,True
MAABNKMCDMLHGA-DHIUTWEWSA-N,bindingdb|chembl|pubchem_confirmatory,3,0.3,False,True,True
NKEVLTBHNFLXBJ-DHIUTWEWSA-N,bindingdb|chembl|pubchem_confirmatory,3,0.3,False,True,True
OUFWWXMMFXGDOB-RZWFDZHTSA-N,pubchem_confirmatory,1,1.0,True,False,True
OLBDWKCQEPQQNX-NHCUHLMSSA-N,bindingdb|chembl|pubchem_confirmatory,3,0.3,False,True,True
JYHCVWCYBXRDJU-RTBURBONSA-N,bindingdb|chembl|pubchem_confirmatory,3,0.3,False,True,True
FTACXVURXYEGQS-MOBXORJESA-N,bindingdb|chembl|pubchem_confirmatory,3,0.3,False,True,True
NGNAAUPMCBRPSS-NHCUHLMSSA-N,bindingdb|chembl|pubchem_confirmatory,3,0.3,False,True,True
PCKWOWPZFCGMJY-DHIUTWEWSA-N,bindingdb|chembl|pubchem_confirmatory,3,0.3,False,True,True
FJCJATWJKOWTCG-UCDZCMRKSA-N,bindingdb|chembl|pubchem_confirmatory,3,0.3,False,True,True
GHPIWIFMECAGRW-FGZHOGPDSA-N,bindingdb|chembl|pubchem_confirmatory,3,0.3,False,True,True
AODDCABRQMJQRG-DHIUTWEWSA-N,bindingdb|chembl|pubchem_confirmatory,3,0.3,False,True,True
BTWLJCJUDGGJIH-DHIUTWEWSA-N,bindingdb|chembl|pubchem_confirmatory,3,0.3,False,True,True
MLBSBQGXLZIORI-ISKFKSNPSA-N,bindingdb|chembl|pubchem_confirmatory,3,0.3,False,True,True
QBHCBTFAUAFZEJ-DNQXCXABSA-N,bindingdb|chembl|pubchem_confirmatory,3,0.3,False,True,True
SPWDTUYYZDLPHY-KIKFKFQISA-N,bindingdb|chembl|pubchem_confirmatory,3,0.3,False,True,True
LGPTXPNIKSOMJL-HGQPVNBUSA-N,pubchem_confirmatory,1,1.0,True,False,True
SQVJWXYFACEHBV-XMCWYHTOSA-N,pubchem_confirmatory,1,1.0,True,False,True
BHAINUQDNIQWLZ-BYICHJTDSA-N,bindingdb|chembl|pubchem_confirmatory,3,0.3,False,True,True
CYQGOLXENOZDMO-NHCUHLMSSA-N,bindingdb|chembl|pubchem_confirmatory,3,0.3,False,True,True
WQEFJDVVCHYINO-JLMWTWJWSA-N,bindingdb|chembl|pubchem_confirmatory,3,0.3,False,True,True
CMOKIYCEPUDJII-XMQMXRQKSA-N,bindingdb|chembl|pubchem_confirmatory,3,0.3,False,True,True
OMPRKCRBUBPCQV-SGAJGPLNSA-N,bindingdb|chembl|pubchem_confirmatory,3,0.3,False,True,True
QZDGJYFXOSOVAZ-CRLCSLCLSA-N,bindingdb|chembl|pubchem_confirmatory,3,0.3,False,True,True
FOUGZLVZACSZLW-JWQCQUIFSA-N,bindingdb|chembl|pubchem_confirmatory,3,0.3,False,True,True
VLOPKORUKAVFNX-DHIUTWEWSA-N,bindingdb|chembl|pubchem_confirmatory,3,0.3,False,True,True
OBXJMWFPLJHTMR-FGZHOGPDSA-N,bindingdb|pubchem_confirmatory,2,0.5,False,True,True
ZJRSXSHXUPYORR-FGZHOGPDSA-N,bindingdb|chembl|pubchem_confirmatory,3,0.3,False,True,True
LHYPBRAEIBFNIF-DHIUTWEWSA-N,bindingdb|chembl|pubchem_confirmatory,3,0.3,False,True,True
SMGRGOFXIVSZAE-FGZHOGPDSA-N,bindingdb|chembl|pubchem_confirmatory,3,0.3,False,True,True
COAWNECPWYFVRW-DHIUTWEWSA-N,bindingdb|chembl|pubchem_confirmatory,3,0.3,False,True,True
WBFBGTNLTCFDPL-CWLQOSRCSA-N,bindingdb|chembl|pubchem_confirmatory,3,0.3,False,True,True
VQKGRWPWWYGWGN-UCDZCMRKSA-N,bindingdb|chembl|pubchem_confirmatory,3,0.3,False,True,True
NCNREJRBJOTJAJ-JAEXGXQOSA-N,bindingdb|chembl|pubchem_confirmatory,3,0.3,False,True,True
AQSYOIYGMIYYDF-FGZHOGPDSA-N,bindingdb|chembl|pubchem_confirmatory,3,0.3,False,True,True
CUDKDXIXNNKSKM-FGZHOGPDSA-N,bindingdb|chembl|pubchem_confirmatory,3,0.3,False,True,True
ZVUJFSLSYNFTRM-NHCUHLMSSA-N,bindingdb|chembl|pubchem_confirmatory,3,0.3,False,True,True
MFODYGFDGASEOF-FKGNFIDKSA-N,bindingdb|chembl|pubchem_confirmatory,3,0.3,False,True,True
VVDGJZJLHFOSDM-QZPZUKOXSA-N,bindingdb|chembl|pubchem_confirmatory,3,0.3,False,True,True
JSXBHZUHXUOGIX-DNQXCXABSA-N,bindingdb|chembl|pubchem_confirmatory,3,0.3,False,True,True
LBHKKNOHAUQBOK-FGZHOGPDSA-N,bindingdb|chembl|pubchem_confirmatory,3,0.3,False,True,True
QKQIPVXHIOZMIY-FGZHOGPDSA-N,bindingdb|chembl|pubchem_confirmatory,3,0.3,False,True,True
GWHGWDGISRGAFG-PSJAQFSKSA-N,bindingdb|chembl|pubchem_confirmatory,3,0.3,False,True,True
LEWOKXSWVOJMIP-JWQCQUIFSA-N,bindingdb|chembl|pubchem_confirmatory,3,0.3,False,True,True
RFUIUKBTGABVEW-SJGBLRAISA-N,bindingdb|chembl|pubchem_confirmatory,3,0.3,False,True,True
XBNJWGWZXZIHPY-DNQXCXABSA-N,bindingdb|chembl|pubchem_confirmatory,3,0.3,False,True,True
STJCJXWLFNRLLZ-DNQXCXABSA-N,bindingdb|chembl|pubchem_confirmatory,3,0.3,False,True,True
ZYBRETQYISLJHN-DHIUTWEWSA-N,bindingdb|chembl|pubchem_confirmatory,3,0.3,False,True,True
GMWZMOBHHZGINF-DHIUTWEWSA-N,bindingdb|chembl|pubchem_confirmatory,3,0.3,False,True,True
ZJCWDGWTDXHXMA-MDVYPYFFSA-N,bindingdb|chembl|pubchem_confirmatory,3,0.3,False,True,True
UWDBZNSJQWAKOT-DNQXCXABSA-N,bindingdb|chembl|pubchem_confirmatory,3,0.3,False,True,True
QFKZVRRIQISXIK-WOJBJXKFSA-N,bindingdb|chembl|pubchem_confirmatory,3,0.3,False,True,True
LGIMOJHPCNDIKN-BTDDGAACSA-N,bindingdb|chembl|pubchem_confirmatory,3,0.3,False,True,True
LWOJNYRWSSDSPB-KZMKLUTQSA-N,bindingdb|chembl|pubchem_confirmatory,3,0.3,False,True,True
OOLVRVRZBIFCRQ-TWDLTGNASA-N,bindingdb|chembl|pubchem_confirmatory,3,0.3,False,True,True
UNGYPWLQAZQTIO-ZREWPKOVSA-N,bindingdb|chembl|pubchem_confirmatory,3,0.3,False,True,True
IOMMVKRXUYZOBI-JWQCQUIFSA-N,bindingdb|chembl|pubchem_confirmatory,3,0.3,False,True,True
BXRLSNXMYJRLMY-FGZHOGPDSA-N,bindingdb|chembl|pubchem_confirmatory,3,0.3,False,True,True
KOKAUUYJOCBKBF-CLJLJLNGSA-N,bindingdb|chembl|pubchem_confirmatory,3,0.3,False,True,True
WZAFCIVEJCTJTE-ZHFHXLPRSA-N,bindingdb|chembl|pubchem_confirmatory,3,0.3,False,True,True
DWACMAQNFSGHDH-DNQXCXABSA-N,bindingdb|chembl|pubchem_confirmatory,3,0.3,False,True,True
QGDCDTGUIHMKKE-FGZHOGPDSA-N,bindingdb|chembl|pubchem_confirmatory,3,0.3,False,True,True
KGAAPTXFQRZZOK-FGZHOGPDSA-N,bindingdb|chembl|pubchem_confirmatory,3,0.3,False,True,True
QCCOECDITMURMT-DHIUTWEWSA-N,bindingdb|chembl|pubchem_confirmatory,3,0.3,False,True,True
KVULDMHEAQYAFO-DHIUTWEWSA-N,bindingdb|chembl|pubchem_confirmatory,3,0.3,False,True,True
YEHPTBCWOBQPIC-DHIUTWEWSA-N,bindingdb|chembl|pubchem_confirmatory,3,0.3,False,True,True
PKUHFXDYSZDEHM-GOJCXORZSA-N,bindingdb|chembl|pubchem_confirmatory,3,0.3,False,True,True
GLSWADNRFNUBFQ-LDZQUKMZSA-N,bindingdb|chembl|pubchem_confirmatory,3,0.3,False,True,True
IEMPDLLGJJGGEY-UJSRUBBISA-N,bindingdb|chembl|pubchem_confirmatory,3,0.3,False,True,True
BQCOXCWMRKCSQU-ATPQGXJXSA-N,bindingdb|chembl|pubchem_confirmatory,3,0.3,False,True,True
KHEDJSBUTJZPQW-NHCUHLMSSA-N,bindingdb|chembl|pubchem_confirmatory,3,0.3,False,True,True
ZCELOPXRVFVPPB-YFHSQZFMSA-N,bindingdb|chembl|pubchem_confirmatory,3,0.3,False,True,True
MJFZHHQDNRNMTJ-JGTWLXFQSA-N,pubchem_confirmatory,1,1.0,True,False,True
ZYRSSJLEEVARGZ-DXTDIPEASA-N,bindingdb|chembl|pubchem_confirmatory,3,0.3,False,True,True
VKFYNVVOABVQBN-PDKDFQAWSA-N,bindingdb|chembl|pubchem_confirmatory,3,0.3,False,True,True
YMXQRYWCXGGLEU-CJAWVQBSSA-N,bindingdb|chembl|pubchem_confirmatory,3,0.3,False,True,True
DUVHJYLMXCKPHK-VOLXDVAPSA-N,pubchem_confirmatory,1,1.0,True,False,True
MOHUKGGNUYJPGD-ZHFHXLPRSA-N,bindingdb|chembl|pubchem_confirmatory,3,0.3,False,True,True
RGHFBBMNUPPUGI-SHEKFCCPSA-N,bindingdb|chembl|pubchem_confirmatory,3,0.3,False,True,True
YUMASIHOHJRRTA-LGZRUXKASA-N,bindingdb|chembl|pubchem_confirmatory,3,0.3,False,True,True
PTQKXDCLFQXRSI-CLJLJLNGSA-N,bindingdb|chembl|pubchem_confirmatory,3,0.3,False,True,True
IPOLRAWIILPNHR-DNQXCXABSA-N,bindingdb|chembl|pubchem_confirmatory,3,0.3,False,True,True
ZQVOSASUDTZKER-JWQCQUIFSA-N,bindingdb|chembl|pubchem_confirmatory,3,0.3,False,True,True
KKUQAGGSLHLCOZ-FGZHOGPDSA-N,bindingdb|chembl|pubchem_confirmatory,3,0.3,False,True,True
DYCWMALBZOQIGH-DNQXCXABSA-N,bindingdb|chembl|pubchem_confirmatory,3,0.3,False,True,True
IYSAQIFLXITNPE-JWQCQUIFSA-N,bindingdb|chembl|pubchem_confirmatory,3,0.3,False,True,True
REVNNJGKLDYXKU-JWQCQUIFSA-N,bindingdb|chembl|pubchem_confirmatory,3,0.3,False,True,True
WVASGSMCEOZRIR-DNQXCXABSA-N,bindingdb|chembl|pubchem_confirmatory,3,0.3,False,True,True
YFIJOUWJDKVXBZ-PWJCZFGMSA-N,bindingdb|chembl|pubchem_confirmatory,3,0.3,False,True,True
YPOPORNRHOZNPQ-JWQCQUIFSA-N,bindingdb|chembl|pubchem_confirmatory,3,0.3,False,True,True
AUJOCVJLLSQAKE-FGZHOGPDSA-N,bindingdb|chembl|pubchem_confirmatory,3,0.3,False,True,True
QLHBHOHEHMGCDF-DHIUTWEWSA-N,bindingdb|chembl|pubchem_confirmatory,3,0.3,False,True,True
DIBASWHVPICXDK-DHIUTWEWSA-N,bindingdb|chembl|pubchem_confirmatory,3,0.3,False,True,True
IVJZJRXNFCFMOP-UJSRUBBISA-N,bindingdb|chembl|pubchem_confirmatory,3,0.3,False,True,True
XYLKDWYQCVPKMX-IBYOELKQSA-N,bindingdb|chembl|pubchem_confirmatory,3,0.3,False,True,True
JNCHIMZOBMWPDY-IBYOELKQSA-N,bindingdb|chembl|pubchem_confirmatory,3,0.3,False,True,True
YYKUXSUTTPRPDW-IKXBFRDRSA-N,bindingdb|chembl|pubchem_confirmatory,3,0.3,False,True,True
YFUKVVRZIHGSBQ-OTXUZITOSA-N,bindingdb|chembl|pubchem_confirmatory,3,0.3,False,True,True
NUKKMNRQIBXOBC-NYESITDKSA-N,bindingdb|chembl|pubchem_confirmatory,3,0.3,False,True,True
JMNIPEASNDSJGO-CRLCSLCLSA-N,bindingdb|chembl|pubchem_confirmatory,3,0.3,False,True,True
OMXZUGXQOMHNCF-FGZHOGPDSA-N,bindingdb|chembl|pubchem_confirmatory,3,0.3,False,True,True
CNFPBKVORJKJSV-DNQXCXABSA-N,bindingdb|chembl|pubchem_confirmatory,3,0.3,False,True,True
JXMXPUJYTJRGDV-CLJLJLNGSA-N,bindingdb|chembl|pubchem_confirmatory,3,0.3,False,True,True
NYQOQBMOHMMNQN-DNQXCXABSA-N,bindingdb|chembl|pubchem_confirmatory,3,0.3,False,True,True
FAPNLAATJCYFDP-FGZHOGPDSA-N,bindingdb|chembl|pubchem_confirmatory,3,0.3,False,True,True
IPLGXDYEUPNXMY-DHIUTWEWSA-N,bindingdb|chembl|pubchem_confirmatory,3,0.3,False,True,True
NVQWJLLYWYNACL-FGZHOGPDSA-N,bindingdb|chembl|pubchem_confirmatory,3,0.3,False,True,True
PLPFWQNSRAISTQ-JWQCQUIFSA-N,bindingdb|chembl|pubchem_confirmatory,3,0.3,False,True,True
YJDHFJNRECXHCN-FGZHOGPDSA-N,bindingdb|chembl|pubchem_confirmatory,3,0.3,False,True,True
YCIUAHCLNBIULH-WOJBJXKFSA-N,bindingdb|chembl|pubchem_confirmatory,3,0.3,False,True,True
RLSGDEKSXPLERP-FGZHOGPDSA-N,bindingdb|chembl|pubchem_confirmatory,3,0.3,False,True,True
ZLXKVDDXBJNFCQ-IBYOELKQSA-N,bindingdb|chembl|pubchem_confirmatory,3,0.3,False,True,True
OEZBIGCIPJHFPJ-FTNFKZBYSA-N,bindingdb|chembl|pubchem_confirmatory,3,0.3,False,True,True
MRNJWOMRYSTQPG-LCRYKWFRSA-N,bindingdb|chembl|pubchem_confirmatory,3,0.3,False,True,True
IBHLXQIZSUENBL-CDNDPLPTSA-N,bindingdb|chembl|pubchem_confirmatory,3,0.3,False,True,True
JONIBQRXWPIIAE-PDKDFQAWSA-N,bindingdb|chembl|pubchem_confirmatory,3,0.3,False,True,True
KZCHCFMIUFMOAD-JAEXGXQOSA-N,bindingdb|chembl|pubchem_confirmatory,3,0.3,False,True,True
LOIQRZDOZOTNPI-DNQXCXABSA-N,bindingdb|chembl|pubchem_confirmatory,3,0.3,False,True,True
DTYNUPGNVTYZAI-KDKXARBFSA-N,bindingdb|chembl|pubchem_confirmatory,3,0.3,False,True,True
DPGXIPDBLOXXRY-COJIHYBUSA-N,bindingdb|chembl|pubchem_confirmatory,3,0.3,False,True,True
WISDKGHCLUPZLZ-VGNMNXCYSA-N,bindingdb|chembl|pubchem_confirmatory,3,0.3,False,True,True
KGVBPVFLBQYRIL-JWQCQUIFSA-N,bindingdb|chembl|pubchem_confirmatory,3,0.3,False,True,True
HUFKMVTZASLSQE-CLJLJLNGSA-N,bindingdb|chembl|pubchem_confirmatory,3,0.3,False,True,True
MVHJEURFXUNONN-FKGNFIDKSA-N,bindingdb|chembl|pubchem_confirmatory,3,0.3,False,True,True
IMZUCDLSPGNOSE-QRWNQTMYSA-N,bindingdb|chembl|pubchem_confirmatory,3,0.3,False,True,True
MDJNQPFSWJELPC-ZOKSWWLESA-N,bindingdb|chembl|pubchem_confirmatory,3,0.3,False,True,True
VWTHEDREQPOMAU-BUZQTMAISA-N,bindingdb|chembl|pubchem_confirmatory,3,0.3,False,True,True
FIQINKJYMDLKMA-SGAJGPLNSA-N,bindingdb|chembl|pubchem_confirmatory,3,0.3,False,True,True
QIPSDMROQZGMLS-ZHFHXLPRSA-N,bindingdb|chembl|pubchem_confirmatory,3,0.3,False,True,True
LSBANCKHTTUTPD-DHIUTWEWSA-N,bindingdb|chembl|pubchem_confirmatory,3,0.3,False,True,True
PWLKVLJPKAQUAF-DHIUTWEWSA-N,bindingdb|chembl|pubchem_confirmatory,3,0.3,False,True,True
IFNNVFDJSCXACW-KTBVXVCESA-N,bindingdb|chembl|pubchem_confirmatory,3,0.3,False,True,True
DVEFORROUGHELT-BTDDGAACSA-N,bindingdb|chembl|pubchem_confirmatory,3,0.3,False,True,True
QDBKGUOTQOKNEP-DHIUTWEWSA-N,bindingdb|chembl|pubchem_confirmatory,3,0.3,False,True,True
HNYMLHIZFILDSF-DNQXCXABSA-N,bindingdb|chembl|pubchem_confirmatory,3,0.3,False,True,True
FRJDQWBSUQCUBK-DHIUTWEWSA-N,bindingdb|chembl|pubchem_confirmatory,3,0.3,False,True,True
OVWSTVYEFVIVTR-NHCUHLMSSA-N,bindingdb|chembl|pubchem_confirmatory,3,0.3,False,True,True
DVRKHYFUVXMFGX-DHIUTWEWSA-N,bindingdb|chembl|pubchem_confirmatory,3,0.3,False,True,True
JTULWEAUHLWOTF-WOJBJXKFSA-N,bindingdb|chembl|pubchem_confirmatory,3,0.3,False,True,True
UROJQGMBPHPSKP-FSLAYEISSA-N,bindingdb|chembl|pubchem_confirmatory,3,0.3,False,True,True
ZONGJSYABWALEQ-RCUHSBBRSA-N,pubchem_confirmatory,1,1.0,True,False,True
XCGPEMUMEZTCNF-CDNDPLPTSA-N,bindingdb|chembl|pubchem_confirmatory,3,0.3,False,True,True
DNUVEGDZMUTBOD-STHVYQTBSA-N,bindingdb|chembl|pubchem_confirmatory,3,0.3,False,True,True
WRHOMFJKHSWYJS-VDOBOPNRSA-N,bindingdb|chembl|pubchem_confirmatory,3,0.3,False,True,True
MBNHMRJLJRDBBR-BTDDGAACSA-N,bindingdb|chembl|pubchem_confirmatory,3,0.3,False,True,True
CDXRAXIUQYECEJ-AXBFEPISSA-N,bindingdb|chembl|pubchem_confirmatory,3,0.3,False,True,True
KAGFUVKCHCXONF-UWJYRZFCSA-N,bindingdb|chembl|pubchem_confirmatory,3,0.3,False,True,True
POJYPFPOQWSPGY-LCRYKWFRSA-N,bindingdb|chembl|pubchem_confirmatory,3,0.3,False,True,True
WROOEOPIKSPEKA-CNBSLUFQSA-N,pubchem_confirmatory,1,1.0,True,False,True
YWZZTVJESVGKQM-CLJLJLNGSA-N,bindingdb|chembl|pubchem_confirmatory,3,0.3,False,True,True
JXJKFNOFVMYWDP-RZTGKWTMSA-N,bindingdb|chembl|pubchem_confirmatory,3,0.3,False,True,True
NFQQWCMJKGSIHF-DHIUTWEWSA-N,bindingdb|chembl|pubchem_confirmatory,3,0.3,False,True,True
GEBMZPRJGMWZBK-WZVKSPBRSA-N,bindingdb|chembl|pubchem_confirmatory,3,0.3,False,True,True
NVSCGGXJOGXPIQ-MDLRAHOZSA-N,bindingdb|chembl|pubchem_confirmatory,3,0.3,False,True,True
KACOEWCREZWNNC-ZHMHVDEZSA-N,pubchem_confirmatory,1,1.0,True,False,True
FHNXXQPTBOXSLJ-YLBOGKAESA-N,bindingdb|chembl|pubchem_confirmatory,3,0.3,False,True,True
PVFMBEYUIIVURN-JWQCQUIFSA-N,bindingdb|chembl|pubchem_confirmatory,3,0.3,False,True,True
FXIUUSXQEXKKTJ-CLJLJLNGSA-N,bindingdb|chembl|pubchem_confirmatory,3,0.3,False,True,True
WPBMLGSUWMJDQE-NHCUHLMSSA-N,bindingdb|chembl|pubchem_confirmatory,3,0.3,False,True,True
NQFCDOZFNSWPLS-JWQCQUIFSA-N,bindingdb|chembl|pubchem_confirmatory,3,0.3,False,True,True
MGFHIAHKBALMCM-IPKCRJEZSA-N,bindingdb|chembl|pubchem_confirmatory,3,0.3,False,True,True
SAWXYPUCLBASOH-JWQCQUIFSA-N,bindingdb|chembl|pubchem_confirmatory,3,0.3,False,True,True
NJGOBXLGZXKBJB-WZVKSPBRSA-N,bindingdb|chembl|pubchem_confirmatory,3,0.3,False,True,True
DJNAOTXWFYYJKD-XBPDSQQVSA-N,bindingdb|chembl|pubchem_confirmatory,3,0.3,False,True,True
ZYOGXYZSWQWZHO-YOYKLLBYSA-N,pubchem_confirmatory,1,1.0,True,False,True
ZWVJYDPUZGTWAK-KFHGAJFOSA-N,bindingdb|chembl|pubchem_confirmatory,3,0.3,False,True,True
VJLNQIHLEFARKC-BYICHJTDSA-N,bindingdb|chembl|pubchem_confirmatory,3,0.3,False,True,True
VIQRLLGGZJIFRJ-QYHPCCJNSA-N,bindingdb|chembl|pubchem_confirmatory,3,0.3,False,True,True
DCFSDKPJNXCTMP-FTNFKZBYSA-N,bindingdb|chembl|pubchem_confirmatory,3,0.3,False,True,True
JYXKMSCPNYFOMA-JOOITRFASA-N,pubchem_confirmatory,1,1.0,True,False,True
LASXZQRYPSDUIW-DNQXCXABSA-N,bindingdb|chembl|pubchem_confirmatory,3,0.3,False,True,True
BKWWWPHTGGYKSB-DHIUTWEWSA-N,bindingdb|chembl|pubchem_confirmatory,3,0.3,False,True,True
BMJREEPDTZFOAG-JWQCQUIFSA-N,bindingdb|chembl|pubchem_confirmatory,3,0.3,False,True,True
XRUQPAJAUXRFMR-FGZHOGPDSA-N,bindingdb|chembl|pubchem_confirmatory,3,0.3,False,True,True
HNOZNDSKJDORJI-VSGBNLITSA-N,bindingdb|chembl|pubchem_confirmatory,3,0.3,False,True,True
HFLKKYRGTKIGBC-CLJLJLNGSA-N,bindingdb|chembl|pubchem_confirmatory,3,0.3,False,True,True
OHKFEMALIFZMNY-CLJLJLNGSA-N,bindingdb|chembl|pubchem_confirmatory,3,0.3,False,True,True
ALCJCPLSVFCHDP-JWQCQUIFSA-N,bindingdb|chembl|pubchem_confirmatory,3,0.3,False,True,True
OYIIZVYGSOWGOQ-JWQCQUIFSA-N,bindingdb|chembl|pubchem_confirmatory,3,0.3,False,True,True
LDWQWHYIMRBJIR-DHIUTWEWSA-N,bindingdb|chembl|pubchem_confirmatory,3,0.3,False,True,True
PQYNKSMHDHSYSW-NHCUHLMSSA-N,bindingdb|chembl|pubchem_confirmatory,3,0.3,False,True,True
ZNTJJGHCSVMKGP-DHIUTWEWSA-N,bindingdb|chembl|pubchem_confirmatory,3,0.3,False,True,True
CHJICMVHLRAIPM-FGZHOGPDSA-N,bindingdb|chembl|pubchem_confirmatory,3,0.3,False,True,True
FISMKHXLVZKGTJ-DHIUTWEWSA-N,bindingdb|chembl|pubchem_confirmatory,3,0.3,False,True,True
UXQVNBABGKYNBA-GOJCXORZSA-N,bindingdb|chembl|pubchem_confirmatory,3,0.3,False,True,True
MBLHBANEWJXWLO-UCDZCMRKSA-N,bindingdb|chembl|pubchem_confirmatory,3,0.3,False,True,True
MFYRSVFWDPSRCY-BTDDGAACSA-N,bindingdb|chembl|pubchem_confirmatory,3,0.3,False,True,True
DBHABVTZMAXESN-JAEXGXQOSA-N,bindingdb|chembl|pubchem_confirmatory,3,0.3,False,True,True
NNNHKCDADIZYKY-KTSZEMBNSA-N,bindingdb|chembl|pubchem_confirmatory,3,0.3,False,True,True
WQRBJXYUCYBNHD-FGZHOGPDSA-N,bindingdb|chembl|pubchem_confirmatory,3,0.3,False,True,True
MLLUJUSUMJUMDG-JGTWLXFQSA-N,bindingdb|chembl|pubchem_confirmatory,3,0.3,False,True,True
OYJOSPJHXCOGPM-JWQCQUIFSA-N,bindingdb|chembl|pubchem_confirmatory,3,0.3,False,True,True
MYYFPSFVKQLAGZ-DNQXCXABSA-N,bindingdb|chembl|pubchem_confirmatory,3,0.3,False,True,True
ASMUWTVISKPBSG-HJVWBQANSA-N,pubchem_confirmatory,1,1.0,True,False,True
JIXAGVOMKQAIOE-VSGBNLITSA-N,bindingdb|chembl|pubchem_confirmatory,3,0.3,False,True,True
XZUBXRJXXMTVOM-CLJLJLNGSA-N,bindingdb|chembl|pubchem_confirmatory,3,0.3,False,True,True
AKIDFONGUUMHLD-FQLXRVMXSA-N,bindingdb|chembl|pubchem_confirmatory,3,0.3,False,True,True
DEVCRYZPKUAHJL-JWQCQUIFSA-N,bindingdb|chembl|pubchem_confirmatory,3,0.3,False,True,True
JMBVKHUVUHLPFB-JWQCQUIFSA-N,bindingdb|chembl|pubchem_confirmatory,3,0.3,False,True,True
DENPNELCYMMLJC-KAYWLYCHSA-N,bindingdb|chembl|pubchem_confirmatory,3,0.3,False,True,True
JNFRHGUECOKDGS-DNQXCXABSA-N,bindingdb|chembl|pubchem_confirmatory,3,0.3,False,True,True
IFBDXKZWEIUIKL-DNQXCXABSA-N,bindingdb|chembl|pubchem_confirmatory,3,0.3,False,True,True
PKQFWQPYHIYJKU-JWQCQUIFSA-N,bindingdb|chembl|pubchem_confirmatory,3,0.3,False,True,True
AGJWTUGFXIJYLZ-DNQXCXABSA-N,bindingdb|chembl|pubchem_confirmatory,3,0.3,False,True,True
BDSDPYNERZDZSG-JWQCQUIFSA-N,bindingdb|chembl|pubchem_confirmatory,3,0.3,False,True,True
DRNXKAMUBCOJAZ-FGZHOGPDSA-N,bindingdb|chembl|pubchem_confirmatory,3,0.3,False,True,True
GNHMSOGPLIZBDG-DNQXCXABSA-N,bindingdb|chembl|pubchem_confirmatory,3,0.3,False,True,True
UDOSJPHUOVJEJF-MXNGKVSJSA-N,pubchem_confirmatory,1,1.0,True,False,True
FQYLXJQHLUNBOB-CLJLJLNGSA-N,bindingdb|chembl|pubchem_confirmatory,3,0.3,False,True,True
DQBSYMXCAGDDDC-CLJLJLNGSA-N,bindingdb|chembl|pubchem_confirmatory,3,0.3,False,True,True
GNJZJLYNPMYHIM-JWQCQUIFSA-N,bindingdb|chembl|pubchem_confirmatory,3,0.3,False,True,True
UTFLQLDLLGUJTE-GNTVVGMTSA-N,bindingdb|chembl|pubchem_confirmatory,3,0.3,False,True,True
WNYWXQYMYPWCOV-GNTVVGMTSA-N,bindingdb|chembl|pubchem_confirmatory,3,0.3,False,True,True
CHUWHHRBRPOTSC-ZVHXTAQDSA-N,bindingdb|chembl|pubchem_confirmatory,3,0.3,False,True,True
RFKRLNGDVXOCBS-CLJLJLNGSA-N,bindingdb|chembl|pubchem_confirmatory,3,0.3,False,True,True
CVQCUYNZVYNGMV-DHIUTWEWSA-N,bindingdb|chembl|pubchem_confirmatory,3,0.3,False,True,True
UHKKEMITSMSUDM-HJXGAIAJSA-N,bindingdb|chembl|pubchem_confirmatory,3,0.3,False,True,True
DNIQCPAJYUZVDT-SGAJGPLNSA-N,bindingdb|chembl|pubchem_confirmatory,3,0.3,False,True,True
FESZYASDPJHKRE-YLBOGKAESA-N,bindingdb|chembl|pubchem_confirmatory,3,0.3,False,True,True
HFKCEISQPHXXGE-JWQCQUIFSA-N,bindingdb|chembl|pubchem_confirmatory,3,0.3,False,True,True
QJACNYBWFSVYLP-DHIUTWEWSA-N,bindingdb|chembl|pubchem_confirmatory,3,0.3,False,True,True
PYOWCONUPBTAEK-JWQCQUIFSA-N,bindingdb|chembl|pubchem_confirmatory,3,0.3,False,True,True
OXRJSDDSQZFOCV-LYLGLVRWSA-N,bindingdb|chembl|pubchem_confirmatory,3,0.3,False,True,True
CBSKLHKLXNHDIM-NYESITDKSA-N,bindingdb|chembl|pubchem_confirmatory,3,0.3,False,True,True
RIESGSXHVLMSKE-GNTVVGMTSA-N,bindingdb|chembl|pubchem_confirmatory,3,0.3,False,True,True
JBQKCEYFLINFOF-GNTVVGMTSA-N,bindingdb|chembl|pubchem_confirmatory,3,0.3,False,True,True
CJSMLKNTXULGDU-QMCAYLGFSA-N,bindingdb|chembl|pubchem_confirmatory,3,0.3,False,True,True
CYWHKEGPOSUKDA-DNQXCXABSA-N,bindingdb|chembl|pubchem_confirmatory,3,0.3,False,True,True
GGJHTZSDTYMQAL-FGZHOGPDSA-N,bindingdb|chembl|pubchem_confirmatory,3,0.3,False,True,True
RZKNWRGWCWNSND-DHIUTWEWSA-N,bindingdb|chembl|pubchem_confirmatory,3,0.3,False,True,True
VUCPXXXQGPYEMT-FGZHOGPDSA-N,bindingdb|chembl|pubchem_confirmatory,3,0.3,False,True,True
FBGBBVCEVBMNTI-GNTVVGMTSA-N,bindingdb|chembl|pubchem_confirmatory,3,0.3,False,True,True
SNJFYFRVLRTRRO-XKHRETHESA-N,bindingdb|chembl|pubchem_confirmatory,3,0.3,False,True,True
VFJVXDGPJRPCSG-CRLCSLCLSA-N,bindingdb|chembl|pubchem_confirmatory,3,0.3,False,True,True
ORCGIDMDFXUQOB-UCDZCMRKSA-N,bindingdb|chembl|pubchem_confirmatory,3,0.3,False,True,True
LFMNOEPORGXPLT-CRLCSLCLSA-N,bindingdb|chembl|pubchem_confirmatory,3,0.3,False,True,True
XMZMXPGLYRBAJY-DHIUTWEWSA-N,bindingdb|chembl|pubchem_confirmatory,3,0.3,False,True,True
SMKGXZXHXWRPIW-DNQXCXABSA-N,bindingdb|chembl|pubchem_confirmatory,3,0.3,False,True,True
HTYCUXBOTIAFLM-DHIUTWEWSA-N,bindingdb|chembl|pubchem_confirmatory,3,0.3,False,True,True
ALNXDRMKRMQAEY-NYESITDKSA-N,bindingdb|chembl|pubchem_confirmatory,3,0.3,False,True,True
XFHAKEMVOHEDCX-NYESITDKSA-N,bindingdb|chembl|pubchem_confirmatory,3,0.3,False,True,True
ONWLIMZAQDGIJZ-CTENDNCJSA-N,pubchem_confirmatory,1,1.0,True,False,True
PZGIHAFGNYOKPI-QMCAYLGFSA-N,bindingdb|chembl|pubchem_confirmatory,3,0.3,False,True,True
CGUARUGFYOUHGC-DHIUTWEWSA-N,bindingdb|chembl|pubchem_confirmatory,3,0.3,False,True,True
QHYUJOLHYZEIHB-FGZHOGPDSA-N,bindingdb|chembl|pubchem_confirmatory,3,0.3,False,True,True
IUBSTKMPFBBMKJ-JLFBUSBMSA-N,bindingdb|chembl|pubchem_confirmatory,3,0.3,False,True,True
JPIJBZJIODTWRQ-VMFKXFQHSA-N,bindingdb|chembl|pubchem_confirmatory,3,0.3,False,True,True
SAUWYXZOELIPFN-WOJBJXKFSA-N,bindingdb|chembl|pubchem_confirmatory,3,0.3,False,True,True
UNGGIOPQTRSUQD-WHJRKYDLSA-N,bindingdb|chembl|pubchem_confirmatory,3,0.3,False,True,True
TZPOJNFWYXCCQI-YYOKSTDFSA-N,bindingdb|chembl|pubchem_confirmatory,3,0.3,False,True,True
DYXJONFPYHVUNN-QYHPCCJNSA-N,bindingdb|chembl|pubchem_confirmatory,3,0.3,False,True,True
ADHFBWGDPOELQN-QZPZUKOXSA-N,bindingdb|chembl|pubchem_confirmatory,3,0.3,False,True,True
HRDGARHVZUIHFB-BTDDGAACSA-N,bindingdb|chembl|pubchem_confirmatory,3,0.3,False,True,True
KVEMOPLHMDROIZ-KNFYQODVSA-N,bindingdb|chembl|pubchem_confirmatory,3,0.3,False,True,True
UWMNFZVHPHDLON-JWJBQAENSA-N,bindingdb|chembl|pubchem_confirmatory,3,0.3,False,True,True
YVKXPOZVAXXMGZ-RDMIVRQXSA-N,bindingdb|chembl|pubchem_confirmatory,3,0.3,False,True,True
NXVQXGRCWLLKQM-LTFVAXTNSA-N,bindingdb|chembl|pubchem_confirmatory,3,0.3,False,True,True
RQPNXJNJROWZOK-CNBRWIIDSA-N,bindingdb|chembl|pubchem_confirmatory,3,0.3,False,True,True
GGJKTYYRYOQRKE-NYESITDKSA-N,bindingdb|chembl|pubchem_confirmatory,3,0.3,False,True,True
QYNNLAUUFCNKAT-KNFYQODVSA-N,bindingdb|chembl|pubchem_confirmatory,3,0.3,False,True,True
BWNBSTHHJNXNLX-WMXNZVEGSA-N,bindingdb|chembl|pubchem_confirmatory,3,0.3,False,True,True
RCTUSKCNKLAWJY-CXBZOWBPSA-N,bindingdb|chembl|pubchem_confirmatory,3,0.3,False,True,True
RNXSEEPITUAABJ-CXBZOWBPSA-N,bindingdb|chembl|pubchem_confirmatory,3,0.3,False,True,True
SYOGIMMZFBWIKH-IKXBFRDRSA-N,bindingdb|chembl|pubchem_confirmatory,3,0.3,False,True,True
IUNWYIOFTGIVGX-JWQCQUIFSA-N,bindingdb|chembl|pubchem_confirmatory,3,0.3,False,True,True
JPLPPBQBZHFMMU-BYICHJTDSA-N,bindingdb|chembl|pubchem_confirmatory,3,0.3,False,True,True
CZZPLLODQRSVPF-MXSVSAQUSA-N,bindingdb|chembl|pubchem_confirmatory,3,0.3,False,True,True
GQDTZNNWOLZGLW-DHIUTWEWSA-N,bindingdb|chembl|pubchem_confirmatory,3,0.3,False,True,True
URVXOBOYWOPLJZ-FGZHOGPDSA-N,bindingdb|chembl|pubchem_confirmatory,3,0.3,False,True,True
LNQMULRZSWBSFE-CRLCSLCLSA-N,bindingdb|chembl|pubchem_confirmatory,3,0.3,False,True,True
NBMIILGWOONWPW-DHIUTWEWSA-N,bindingdb|chembl|pubchem_confirmatory,3,0.3,False,True,True
AJMGZTAKLANPED-CRLCSLCLSA-N,bindingdb|chembl|pubchem_confirmatory,3,0.3,False,True,True
UGYGQLAFRCVHJW-JWJBQAENSA-N,bindingdb|chembl|pubchem_confirmatory,3,0.3,False,True,True
RHDCFKUNICJMJR-WOJBJXKFSA-N,bindingdb|chembl|pubchem_confirmatory,3,0.3,False,True,True
XZEQIKBQYLFCFP-OFKODDFHSA-N,bindingdb|chembl|pubchem_confirmatory,3,0.3,False,True,True
ZVPAYDMRANPHJN-JOOITRFASA-N,bindingdb|chembl|pubchem_confirmatory,3,0.3,False,True,True
ZKHCVPXOFGJBSJ-CRLCSLCLSA-N,bindingdb|chembl|pubchem_confirmatory,3,0.3,False,True,True
NXLODQYXKFLXEG-BTDDGAACSA-N,bindingdb|chembl|pubchem_confirmatory,3,0.3,False,True,True
HERRCJVQIRTZCB-NHCUHLMSSA-N,bindingdb|chembl|pubchem_confirmatory,3,0.3,False,True,True
SLDBRRSRHWNJQN-DHIUTWEWSA-N,bindingdb|chembl|pubchem_confirmatory,3,0.3,False,True,True
DVTGDRXLJWGNBG-JAEXGXQOSA-N,bindingdb|chembl|pubchem_confirmatory,3,0.3,False,True,True
ZMSWOWOMHFHOAL-FGZHOGPDSA-N,bindingdb|chembl|pubchem_confirmatory,3,0.3,False,True,True
UCTCHNKVJICPNO-CXBZOWBPSA-N,bindingdb|chembl|pubchem_confirmatory,3,0.3,False,True,True
OCPMHWRNFZJGHC-FGZHOGPDSA-N,bindingdb|chembl|pubchem_confirmatory,3,0.3,False,True,True
BJEGYQKJPTWECF-CCWBKVMBSA-N,bindingdb|chembl|pubchem_confirmatory,3,0.3,False,True,True
RAVBZQAQTVGKIV-XBPDSQQVSA-N,bindingdb|chembl|pubchem_confirmatory,3,0.3,False,True,True
IDFMOMDVPSZDLO-CXBZOWBPSA-N,bindingdb|chembl|pubchem_confirmatory,3,0.3,False,True,True
BCZPEKVMAZSURM-GNTVVGMTSA-N,bindingdb|chembl|pubchem_confirmatory,3,0.3,False,True,True
GCTHRIUGQKSBIH-KNFYQODVSA-N,bindingdb|chembl|pubchem_confirmatory,3,0.3,False,True,True
DNDBZUAXJUAINE-XBPDSQQVSA-N,bindingdb|chembl|pubchem_confirmatory,3,0.3,False,True,True
BGOYTKZXAKQZJF-QMCAYLGFSA-N,bindingdb|chembl|pubchem_confirmatory,3,0.3,False,True,True
YBRYCMKAKUNWFO-LTFVAXTNSA-N,bindingdb|chembl|pubchem_confirmatory,3,0.3,False,True,True
IYESMHAPFDTXQX-RDMIVRQXSA-N,bindingdb|chembl|pubchem_confirmatory,3,0.3,False,True,True
HQWBQPXCVMMUFC-KNFYQODVSA-N,bindingdb|chembl|pubchem_confirmatory,3,0.3,False,True,True
NPTHFXSBPCAPRS-FGZHOGPDSA-N,bindingdb|chembl|pubchem_confirmatory,3,0.3,False,True,True
UFCJHQMXNRIBIP-DHIUTWEWSA-N,bindingdb|chembl|pubchem_confirmatory,3,0.3,False,True,True
LVCCSGYGQRIHEA-NHCUHLMSSA-N,bindingdb|chembl|pubchem_confirmatory,3,0.3,False,True,True
DKOYYZVRAQTTMM-NYESITDKSA-N,bindingdb|chembl|pubchem_confirmatory,3,0.3,False,True,True
FQMRJTKRSGTZGA-CRLCSLCLSA-N,bindingdb|chembl|pubchem_confirmatory,3,0.3,False,True,True
VOTLUGZSQHUKNV-GOJCXORZSA-N,bindingdb|chembl|pubchem_confirmatory,3,0.3,False,True,True
VOBZGOGESGOLJC-PWJCZFGMSA-N,bindingdb|chembl|pubchem_confirmatory,3,0.3,False,True,True
CAWGTIIVOBRWCW-GVBVHUCQSA-N,bindingdb|chembl|pubchem_confirmatory,3,0.3,False,True,True
HAUZUIQLFAAVGE-UPHNQAIKSA-N,pubchem_confirmatory,1,1.0,True,False,True
SDTRDYRWEHXHLI-CXBZOWBPSA-N,bindingdb|chembl|pubchem_confirmatory,3,0.3,False,True,True
CHYSJHBTMIWKHQ-TWDLTGNASA-N,bindingdb|chembl|pubchem_confirmatory,3,0.3,False,True,True
FEAAPSIVYRPJMS-ZHKUBPBOSA-N,bindingdb|chembl|pubchem_confirmatory,3,0.3,False,True,True
IYDOJWQRXJBHKN-CRLCSLCLSA-N,bindingdb|chembl|pubchem_confirmatory,3,0.3,False,True,True
CLVCBIICTBDMIC-UNVAFXPUSA-N,pubchem_confirmatory,1,1.0,True,False,True
KSSZMNHNQBRDMR-VVUHTZQYSA-N,pubchem_confirmatory,1,1.0,True,False,True
ZHZZZHYEWUPKKZ-RVRFFIBDSA-N,bindingdb|chembl|pubchem_confirmatory,3,0.3,False,True,True
ZCGLQJCVOMKBQP-UEXTYJSMSA-N,bindingdb|chembl|pubchem_confirmatory,3,0.3,False,True,True
WYNNOZMBLBJTEQ-YSZJZSIDSA-N,bindingdb|chembl|pubchem_confirmatory,3,0.3,False,True,True
RFBCMTJPCIZRQG-YWNLADJTSA-N,bindingdb|chembl|pubchem_confirmatory,3,0.3,False,True,True
VGIFBRLTCFCWBP-HAXPFWMPSA-N,bindingdb|chembl|pubchem_confirmatory,3,0.3,False,True,True
AHYVXMNHBKYVPC-SUDDXJKMSA-N,bindingdb|chembl|pubchem_confirmatory,3,0.3,False,True,True
WXHUKQYYQSAPKF-DNVJHFABSA-N,bindingdb|chembl|pubchem_confirmatory,3,0.3,False,True,True
RFVFSQZMYPSOSR-FGZHOGPDSA-N,bindingdb|chembl|pubchem_confirmatory,3,0.3,False,True,True
ZKDOHXNBYTYCME-BTDDGAACSA-N,bindingdb|chembl|pubchem_confirmatory,3,0.3,False,True,True
IZUMVGWZYCKISG-NYESITDKSA-N,bindingdb|chembl|pubchem_confirmatory,3,0.3,False,True,True
RLVPBVGVJJCCQX-WQRKWZFBSA-N,bindingdb|chembl|pubchem_confirmatory,3,0.3,False,True,True
QELDSKDTDUFBPS-KAYWLYCHSA-N,bindingdb|chembl|pubchem_confirmatory,3,0.3,False,True,True
MMLPDEKUYAOVFR-FGZHOGPDSA-N,bindingdb|chembl|pubchem_confirmatory,3,0.3,False,True,True
UUZVVLJXNOOANM-GVBVHUCQSA-N,bindingdb|chembl|pubchem_confirmatory,3,0.3,False,True,True
VAULKXWBJWIPEH-OXLZJHAVSA-N,bindingdb|chembl|pubchem_confirmatory,3,0.3,False,True,True
BTXDSXLNJIPVNQ-YCTZWBCQSA-N,bindingdb|chembl|pubchem_confirmatory,3,0.3,False,True,True
YAXONZUOWWLDAI-DHIUTWEWSA-N,bindingdb|chembl|pubchem_confirmatory,3,0.3,False,True,True
SRHIUTXEXWDMLU-DNQXCXABSA-N,bindingdb|chembl|pubchem_confirmatory,3,0.3,False,True,True
QFBYOZFGAGNBJL-CLJLJLNGSA-N,bindingdb|chembl|pubchem_confirmatory,3,0.3,False,True,True
RZRZQEANCYDEHB-JWQCQUIFSA-N,bindingdb|chembl|pubchem_confirmatory,3,0.3,False,True,True
MDKVPTKLKBIIHW-DHIUTWEWSA-N,bindingdb|chembl|pubchem_confirmatory,3,0.3,False,True,True
XMVAZJFLSVZUDA-KAYWLYCHSA-N,bindingdb|chembl|pubchem_confirmatory,3,0.3,False,True,True
YUNWIWBMVXYBCA-DNQXCXABSA-N,bindingdb|chembl|pubchem_confirmatory,3,0.3,False,True,True
BURSSDOQIXOZBB-NHCUHLMSSA-N,bindingdb|chembl|pubchem_confirmatory,3,0.3,False,True,True
KBFKGLUPKPVUJA-JWQCQUIFSA-N,bindingdb|chembl|pubchem_confirmatory,3,0.3,False,True,True
KGAZASLZAWOHJN-MXSVSAQUSA-N,bindingdb|chembl|pubchem_confirmatory,3,0.3,False,True,True
OSIOXNKWQWINEM-QAPXZPIJSA-N,bindingdb|chembl|pubchem_confirmatory,3,0.3,False,True,True
JLGGAYUHFPLCCK-IKXBFRDRSA-N,bindingdb|chembl|pubchem_confirmatory,3,0.3,False,True,True
GWPCNDJPVHVXQX-VJTFINOGSA-N,bindingdb|chembl|pubchem_confirmatory,3,0.3,False,True,True
ZJDVPOSOCAZXAB-YLBOGKAESA-N,bindingdb|chembl|pubchem_confirmatory,3,0.3,False,True,True
AUSLYJBESXQFMC-LDZQUKMZSA-N,bindingdb|chembl|pubchem_confirmatory,3,0.3,False,True,True
QXAORQAEXXCHPT-TWDLTGNASA-N,bindingdb|chembl|pubchem_confirmatory,3,0.3,False,True,True
ZOQLUIOYWQDYNP-CXBZOWBPSA-N,bindingdb|chembl|pubchem_confirmatory,3,0.3,False,True,True
AGPQOUQXIGSZRM-NHCUHLMSSA-N,bindingdb|chembl|pubchem_confirmatory,3,0.3,False,True,True
JECWIXIDRXVREH-FGZHOGPDSA-N,bindingdb|chembl|pubchem_confirmatory,3,0.3,False,True,True
IEDUCHTZVMPXRI-TWDLTGNASA-N,bindingdb|chembl|pubchem_confirmatory,3,0.3,False,True,True
HKEZNKGHOYLNSE-SGAJGPLNSA-N,bindingdb|chembl|pubchem_confirmatory,3,0.3,False,True,True
GTTLBCBZNCULLU-JWJBQAENSA-N,bindingdb|chembl|pubchem_confirmatory,3,0.3,False,True,True
LAAWCIXGNFLUAP-UCDZCMRKSA-N,bindingdb|chembl|pubchem_confirmatory,3,0.3,False,True,True
DEGUHJWDRABJRD-ZHFHXLPRSA-N,bindingdb|chembl|pubchem_confirmatory,3,0.3,False,True,True
DOAIXPTUGIKTMT-QMCAYLGFSA-N,bindingdb|chembl|pubchem_confirmatory,3,0.3,False,True,True
DCRLZSNERMXQHN-TWDLTGNASA-N,bindingdb|chembl|pubchem_confirmatory,3,0.3,False,True,True
XJQHQGOKJYZTQH-QMCAYLGFSA-N,bindingdb|chembl|pubchem_confirmatory,3,0.3,False,True,True
OWGZAFALUDOIJG-QMCAYLGFSA-N,bindingdb|chembl|pubchem_confirmatory,3,0.3,False,True,True
HEDIDOJYFQOWOC-DHIUTWEWSA-N,bindingdb|chembl|pubchem_confirmatory,3,0.3,False,True,True
KBWCVJIYVQKXIV-FGZHOGPDSA-N,bindingdb|chembl|pubchem_confirmatory,3,0.3,False,True,True
REQYSKCWEBVXLE-DHIUTWEWSA-N,bindingdb|chembl|pubchem_confirmatory,3,0.3,False,True,True
ONNGAQNBJPOXLV-NHCUHLMSSA-N,bindingdb|chembl|pubchem_confirmatory,3,0.3,False,True,True
WTTSEMQSNLMAIB-NHCUHLMSSA-N,bindingdb|chembl|pubchem_confirmatory,3,0.3,False,True,True
MOOVYSRQOGXVFL-DNQXCXABSA-N,bindingdb|chembl|pubchem_confirmatory,3,0.3,False,True,True
NJUPYDDDWIQXCY-JWQCQUIFSA-N,bindingdb|chembl|pubchem_confirmatory,3,0.3,False,True,True
FHDIDNSOBQHXAS-VZHMAXOSSA-N,bindingdb|chembl|pubchem_confirmatory,3,0.3,False,True,True
YZFSTNZTPXOGSD-FGZHOGPDSA-N,bindingdb|chembl|pubchem_confirmatory,3,0.3,False,True,True
OZDBDVGPTOFGHD-FGZHOGPDSA-N,bindingdb|chembl|pubchem_confirmatory,3,0.3,False,True,True
ISIFSIGATKDBAS-FGZHOGPDSA-N,bindingdb|chembl|pubchem_confirmatory,3,0.3,False,True,True
WAKLAHAMPKKUFW-TWDLTGNASA-N,bindingdb|chembl|pubchem_confirmatory,3,0.3,False,True,True
LMWREMKYWIZNTE-XBPDSQQVSA-N,bindingdb|chembl|pubchem_confirmatory,3,0.3,False,True,True
WORKZBXVEUBCIX-MDUKBICBSA-N,bindingdb|chembl|pubchem_confirmatory,3,0.3,False,True,True
KPILPQIIGPWCIY-CCWBKVMBSA-N,bindingdb|chembl|pubchem_confirmatory,3,0.3,False,True,True
UTUROZLCBXDRCU-LCRYKWFRSA-N,bindingdb|chembl|pubchem_confirmatory,3,0.3,False,True,True
BWGPQCIFSBOYPH-CCWBKVMBSA-N,bindingdb|chembl|pubchem_confirmatory,3,0.3,False,True,True
IUZOVPFMLVKCDP-BNMJUGIKSA-N,bindingdb|chembl|pubchem_confirmatory,3,0.3,False,True,True
AURMUCKGMBTHAD-LLWMTICSSA-N,bindingdb|chembl|pubchem_confirmatory,3,0.3,False,True,True
DQSIIFQDAFXIGY-BYICHJTDSA-N,bindingdb|chembl|pubchem_confirmatory,3,0.3,False,True,True
UJXTUFFKLZNYEW-BTDDGAACSA-N,bindingdb|chembl|pubchem_confirmatory,3,0.3,False,True,True
QOIAXIUOYVBCSM-HRPAVAKOSA-N,bindingdb|chembl|pubchem_confirmatory,3,0.3,False,True,True
NVURLBYAZJMGDU-CLJLJLNGSA-N,bindingdb|chembl|pubchem_confirmatory,3,0.3,False,True,True
ZQLPFNJNAMVOAC-DNQXCXABSA-N,bindingdb|chembl|pubchem_confirmatory,3,0.3,False,True,True
LBAAVOADWVSSEW-QMMNWOAZSA-N,bindingdb|chembl|pubchem_confirmatory,3,0.3,False,True,True
HXZFQFCWZRGQQD-ZCOOMOTNSA-N,bindingdb|chembl|pubchem_confirmatory,3,0.3,False,True,True
XZOGPZXDHJHRHN-WOJBJXKFSA-N,bindingdb|chembl|pubchem_confirmatory,3,0.3,False,True,True
GEVUEBQVKDIKTF-WOJBJXKFSA-N,bindingdb|chembl|pubchem_confirmatory,3,0.3,False,True,True
QWHYKOHPONVUNO-WOJBJXKFSA-N,bindingdb|chembl|pubchem_confirmatory,3,0.3,False,True,True
BARHQTRCOFSNHB-VMFKXFQHSA-N,bindingdb|chembl|pubchem_confirmatory,3,0.3,False,True,True
DBQAAKYKNKFVBT-UCAJRPBESA-N,bindingdb|chembl|pubchem_confirmatory,3,0.3,False,True,True
GPFSFYQHUUMQFE-VTFDQJKESA-N,bindingdb|chembl|pubchem_confirmatory,3,0.3,False,True,True
DGSJEFDVOJBVFN-YXGQNDMDSA-N,bindingdb|chembl|pubchem_confirmatory,3,0.3,False,True,True
JMLWVNXJYFTMCK-KFHGAJFOSA-N,bindingdb|chembl|pubchem_confirmatory,3,0.3,False,True,True
XHEWTJRTUNCNSQ-KFHGAJFOSA-N,bindingdb|chembl|pubchem_confirmatory,3,0.3,False,True,True
ZYVVBHCOBSKKQD-HRQYYILTSA-N,bindingdb|chembl|pubchem_confirmatory,3,0.3,False,True,True
YXDGPBAVPRZDSB-FGZHOGPDSA-N,bindingdb|chembl|pubchem_confirmatory,3,0.3,False,True,True
ABPBASZHGZGBIH-NHCUHLMSSA-N,bindingdb|chembl|pubchem_confirmatory,3,0.3,False,True,True
GFKFNWSXOHMPCZ-KTBVXVCESA-N,bindingdb|chembl|pubchem_confirmatory,3,0.3,False,True,True
VVJOEHPCXCWWBD-KIKFKFQISA-N,bindingdb|chembl|pubchem_confirmatory,3,0.3,False,True,True
FEKKZTRRHZNFKI-NHCUHLMSSA-N,bindingdb|chembl|pubchem_confirmatory,3,0.3,False,True,True
RDQNKROQDKIUHA-INYXTNAKSA-N,bindingdb|chembl|pubchem_confirmatory,3,0.3,False,True,True
JEHWSYBZQACARG-QMCAYLGFSA-N,bindingdb|chembl|pubchem_confirmatory,3,0.3,False,True,True
VYJNVOUCSNVCMF-CRLCSLCLSA-N,bindingdb|chembl|pubchem_confirmatory,3,0.3,False,True,True
ISUZVHWUZVRXCX-NHCUHLMSSA-N,bindingdb|chembl|pubchem_confirmatory,3,0.3,False,True,True
CWLWJNZRCFUUNQ-YXGQNDMDSA-N,bindingdb|chembl|pubchem_confirmatory,3,0.3,False,True,True
MTZMCRXHAIXVMF-LCRYKWFRSA-N,bindingdb|chembl|pubchem_confirmatory,3,0.3,False,True,True
XKZWCVYYFYFPGX-LDZQUKMZSA-N,bindingdb|chembl|pubchem_confirmatory,3,0.3,False,True,True
IHNFBEXVRWTWOA-CRLCSLCLSA-N,bindingdb|chembl|pubchem_confirmatory,3,0.3,False,True,True
DQXJBECVAKWHKH-AKFGCVPNSA-N,bindingdb|chembl|pubchem_confirmatory,3,0.3,False,True,True
YYPWLWLLFMRPRH-DNQXCXABSA-N,bindingdb|chembl|pubchem_confirmatory,3,0.3,False,True,True
RIQQNRACNTXPGS-WOJBJXKFSA-N,bindingdb|chembl|pubchem_confirmatory,3,0.3,False,True,True
MZCFHIAAWMNFTK-NHCUHLMSSA-N,bindingdb|chembl|pubchem_confirmatory,3,0.3,False,True,True
GDNYILLQBQRSAV-TWDLTGNASA-N,bindingdb|chembl|pubchem_confirmatory,3,0.3,False,True,True
YORKLVSHRPADJU-VMFKXFQHSA-N,bindingdb|chembl|pubchem_confirmatory,3,0.3,False,True,True
RTVAPDXTFXTGSJ-LDZQUKMZSA-N,bindingdb|chembl|pubchem_confirmatory,3,0.3,False,True,True
ZOXJHLRPCHUPBA-CWLQOSRCSA-N,bindingdb|chembl|pubchem_confirmatory,3,0.3,False,True,True
BIWGXTGZUUWBHK-RDMIVRQXSA-N,bindingdb|chembl|pubchem_confirmatory,3,0.3,False,True,True
YTKPYQIRCMEYIW-DNQXCXABSA-N,bindingdb|chembl|pubchem_confirmatory,3,0.3,False,True,True
HTDDLGMVXSHEGI-FGZHOGPDSA-N,bindingdb|chembl|pubchem_confirmatory,3,0.3,False,True,True
DVRXIZHTJMHFKG-FGZHOGPDSA-N,bindingdb|chembl|pubchem_confirmatory,3,0.3,False,True,True
JZVVYJYLFZYMTO-BTDDGAACSA-N,bindingdb|chembl|pubchem_confirmatory,3,0.3,False,True,True
BMFIPJAMSGEACW-CCWBKVMBSA-N,bindingdb|chembl|pubchem_confirmatory,3,0.3,False,True,True
HOYFQQGGIVDXAF-NYESITDKSA-N,bindingdb|chembl|pubchem_confirmatory,3,0.3,False,True,True
YJSKNYHAAWIQKH-ZJHIYNNSSA-N,bindingdb|chembl|pubchem_confirmatory,3,0.3,False,True,True
IQSSSNHYBFHWHB-WOJBJXKFSA-N,bindingdb|chembl|pubchem_confirmatory,3,0.3,False,True,True
PJLWBJYOZPZIFT-ZREWPKOVSA-N,bindingdb|chembl|pubchem_confirmatory,3,0.3,False,True,True
JAPCKRKSPYRWRJ-VSGBNLITSA-N,bindingdb|chembl|pubchem_confirmatory,3,0.3,False,True,True
NTAMIYQUEXUDSF-LYJBJCQPSA-N,bindingdb|chembl|pubchem_confirmatory,3,0.3,False,True,True
ZKMIVNQAWDCHAZ-MZLOAMTASA-N,bindingdb|chembl|pubchem_confirmatory,3,0.3,False,True,True
TWNBLPAYCWNPTA-DUJJBQMASA-N,bindingdb|chembl|pubchem_confirmatory,3,0.3,False,True,True
INWUOZDRGJLFAS-JWQCQUIFSA-N,bindingdb|chembl|pubchem_confirmatory,3,0.3,False,True,True
HLOFJUKASKMNOA-JWQCQUIFSA-N,bindingdb|chembl|pubchem_confirmatory,3,0.3,False,True,True
PZOXWCXHJCVZRD-CLJLJLNGSA-N,bindingdb|chembl|pubchem_confirmatory,3,0.3,False,True,True
YARLERFTFZVOAH-DNQXCXABSA-N,bindingdb|chembl|pubchem_confirmatory,3,0.3,False,True,True
CJVNVXSVTSCGDD-CLJLJLNGSA-N,bindingdb|chembl|pubchem_confirmatory,3,0.3,False,True,True
AVXDQTZNZJCLRC-DNQXCXABSA-N,bindingdb|chembl|pubchem_confirmatory,3,0.3,False,True,True
BABGXNDTEONRKP-KSSJMHQNSA-N,bindingdb|chembl|pubchem_confirmatory,3,0.3,False,True,True
OEXSWJNFGQNTFG-FGZHOGPDSA-N,bindingdb|chembl|pubchem_confirmatory,3,0.3,False,True,True
NRMQVMXLJIZNLP-KFHGAJFOSA-N,bindingdb|chembl|pubchem_confirmatory,3,0.3,False,True,True
QNNGRJSWASCEQT-CPWPOOERSA-N,bindingdb|chembl|pubchem_confirmatory,3,0.3,False,True,True
HLWMOTMYVBTHKE-RXEARMEOSA-N,bindingdb|chembl|pubchem_confirmatory,3,0.3,False,True,True
HCIRFWULQUUPKO-RXEARMEOSA-N,bindingdb|chembl|pubchem_confirmatory,3,0.3,False,True,True
IWSZZLVJPYPUBE-WZVKSPBRSA-N,bindingdb|chembl|pubchem_confirmatory,3,0.3,False,True,True
OORFLWJTELJDJP-WFLGTWEUSA-N,bindingdb|chembl|pubchem_confirmatory,3,0.3,False,True,True
VUUVAWCIUCWINX-CWLQOSRCSA-N,bindingdb|chembl|pubchem_confirmatory,3,0.3,False,True,True
UAMGDEBDZXEASD-LLWMTICSSA-N,bindingdb|chembl|pubchem_confirmatory,3,0.3,False,True,True
DDXWSILQKIIRNC-FGZHOGPDSA-N,bindingdb|chembl|pubchem_confirmatory,3,0.3,False,True,True
UHVYLKQQRRWNSX-DNQXCXABSA-N,bindingdb|chembl|pubchem_confirmatory,3,0.3,False,True,True
YLJDLVYCDGHHAW-TWKTUFERSA-N,bindingdb|chembl|pubchem_confirmatory,3,0.3,False,True,True
FKHBAUDDQMKFPK-LDZQUKMZSA-N,bindingdb|chembl|pubchem_confirmatory,3,0.3,False,True,True
QQSJUMSEEMTHQP-TWDLTGNASA-N,bindingdb|chembl|pubchem_confirmatory,3,0.3,False,True,True
AAUHSICUDJELSM-FWLHTVFYSA-N,bindingdb|chembl|pubchem_confirmatory,3,0.3,False,True,True
WMGNDELACKZRCX-OHDKKKEWSA-N,bindingdb|chembl|pubchem_confirmatory,3,0.3,False,True,True
MJASDIXJTLGTSV-WOJBJXKFSA-N,bindingdb|chembl|pubchem_confirmatory,3,0.3,False,True,True
WVSMZASDNOZZOK-CRLCSLCLSA-N,bindingdb|chembl|pubchem_confirmatory,3,0.3,False,True,True
VPRIXAPXYJHZRG-RXEARMEOSA-N,bindingdb|chembl|pubchem_confirmatory,3,0.3,False,True,True
ZMZKRYVQWDUPCE-JWJBQAENSA-N,bindingdb|chembl|pubchem_confirmatory,3,0.3,False,True,True
LBJJCHZJQSVZHS-DNQXCXABSA-N,bindingdb|chembl|pubchem_confirmatory,3,0.3,False,True,True
SJNJIWRLDFKVHT-DHIUTWEWSA-N,bindingdb|chembl|pubchem_confirmatory,3,0.3,False,True,True
PMZFYJOLEOULGB-JWJBQAENSA-N,bindingdb|chembl|pubchem_confirmatory,3,0.3,False,True,True
NBSHFYGASSIHER-DNQXCXABSA-N,bindingdb|chembl|pubchem_confirmatory,3,0.3,False,True,True
YLYDYTKVPINYDN-DHIUTWEWSA-N,bindingdb|chembl|pubchem_confirmatory,3,0.3,False,True,True
TVEUWOYRXFLNTK-DNQXCXABSA-N,bindingdb|chembl|pubchem_confirmatory,3,0.3,False,True,True
QMFHNSWDESLYCB-JWQCQUIFSA-N,bindingdb|chembl|pubchem_confirmatory,3,0.3,False,True,True
GCTSYWMLOVHIIS-STHVYQTBSA-N,bindingdb|chembl|pubchem_confirmatory,3,0.3,False,True,True
ORALVNWJRJMLLQ-SGAJGPLNSA-N,bindingdb|chembl|pubchem_confirmatory,3,0.3,False,True,True
PTRZXOJBZYBLDT-FGZHOGPDSA-N,bindingdb|chembl|pubchem_confirmatory,3,0.3,False,True,True
MMJPTLDCRUEJNC-FGZHOGPDSA-N,bindingdb|chembl|pubchem_confirmatory,3,0.3,False,True,True
ADZYNVDREBAWEO-DHIUTWEWSA-N,bindingdb|chembl|pubchem_confirmatory,3,0.3,False,True,True
RRQZTZQKKRPDLS-DNQXCXABSA-N,bindingdb|chembl|pubchem_confirmatory,3,0.3,False,True,True
XCUPIKUMZRTKAU-DHIUTWEWSA-N,bindingdb|chembl|pubchem_confirmatory,3,0.3,False,True,True
QEFYHTWMHLVBQJ-CCWBKVMBSA-N,bindingdb|chembl|pubchem_confirmatory,3,0.3,False,True,True
MCHBIBJDLRPAQW-CCWBKVMBSA-N,bindingdb|chembl|pubchem_confirmatory,3,0.3,False,True,True
BXTBDGFIEACTGW-CRLCSLCLSA-N,bindingdb|chembl|pubchem_confirmatory,3,0.3,False,True,True
DUFHJZMKUIJMTQ-IZXGGDEESA-N,bindingdb|chembl|pubchem_confirmatory,3,0.3,False,True,True
FSHZDKTYBWMJJC-WZVKSPBRSA-N,bindingdb|chembl|pubchem_confirmatory,3,0.3,False,True,True
JIOWVQAQYIYCRV-RXEARMEOSA-N,bindingdb|chembl|pubchem_confirmatory,3,0.3,False,True,True
AWXFZSUZAAFDQV-CRLCSLCLSA-N,bindingdb|chembl|pubchem_confirmatory,3,0.3,False,True,True
PTTBALOBVLKFGM-NHCUHLMSSA-N,bindingdb|chembl|pubchem_confirmatory,3,0.3,False,True,True
YLPZCTJSKXPNMN-FGZHOGPDSA-N,bindingdb|chembl|pubchem_confirmatory,3,0.3,False,True,True
ZCTYWCIHHNRBOL-DNQXCXABSA-N,bindingdb|chembl|pubchem_confirmatory,3,0.3,False,True,True
LPNYEVWDKZNWTL-LDZQUKMZSA-N,bindingdb|chembl|pubchem_confirmatory,3,0.3,False,True,True
KVAKJWBKNMJJCK-JWJBQAENSA-N,bindingdb|chembl|pubchem_confirmatory,3,0.3,False,True,True
FSICPAQBNLGLOQ-XBPDSQQVSA-N,bindingdb|chembl|pubchem_confirmatory,3,0.3,False,True,True
IMAVTPSWMXQTMH-HIGDUGLOSA-N,bindingdb|chembl|pubchem_confirmatory,3,0.3,False,True,True
FVXJVSVQTBIMLP-JWQCQUIFSA-N,bindingdb|chembl|pubchem_confirmatory,3,0.3,False,True,True
QRGOMSVAPGKEHW-BTDDGAACSA-N,bindingdb|chembl|pubchem_confirmatory,3,0.3,False,True,True
CGDLOECKRZVYBI-XBPDSQQVSA-N,bindingdb|chembl|pubchem_confirmatory,3,0.3,False,True,True
JVNSTEXLLALCGX-TWDLTGNASA-N,bindingdb|chembl|pubchem_confirmatory,3,0.3,False,True,True
OGGLSYYSKZNXTN-XBPDSQQVSA-N,bindingdb|chembl|pubchem_confirmatory,3,0.3,False,True,True
JOKABYJRIUOVAW-BYICHJTDSA-N,bindingdb|chembl|pubchem_confirmatory,3,0.3,False,True,True
JUUZXDDQCFPIHG-TWDLTGNASA-N,bindingdb|chembl|pubchem_confirmatory,3,0.3,False,True,True
WOTRIHMCPYFAAL-IKXBFRDRSA-N,bindingdb|chembl|pubchem_confirmatory,3,0.3,False,True,True
UXUIFFMVADUAON-CXBZOWBPSA-N,bindingdb|chembl|pubchem_confirmatory,3,0.3,False,True,True
BKOVJKDVTRSWCK-JWQCQUIFSA-N,bindingdb|chembl|pubchem_confirmatory,3,0.3,False,True,True
RFCNPNNBRUVFRT-DHIUTWEWSA-N,bindingdb|chembl|pubchem_confirmatory,3,0.3,False,True,True
ILQYXKNEIWZBKP-DHIUTWEWSA-N,bindingdb|chembl|pubchem_confirmatory,3,0.3,False,True,True
JXTWDBJEXUUNOT-FGZHOGPDSA-N,bindingdb|chembl|pubchem_confirmatory,3,0.3,False,True,True
QUKPDDIZVPFOBT-FGZHOGPDSA-N,bindingdb|chembl|pubchem_confirmatory,3,0.3,False,True,True
DQJSVRBIHUAFPF-BYICHJTDSA-N,bindingdb|chembl|pubchem_confirmatory,3,0.3,False,True,True
PJDDNYCBFRRFLF-QZPZUKOXSA-N,bindingdb|chembl|pubchem_confirmatory,3,0.3,False,True,True
CFOVVWJRGMLRSG-BTDDGAACSA-N,bindingdb|chembl|pubchem_confirmatory,3,0.3,False,True,True
WOZJNFIZDLFQEO-NYESITDKSA-N,bindingdb|chembl|pubchem_confirmatory,3,0.3,False,True,True
LHCGWKJDICUCEG-KTBVXVCESA-N,bindingdb|chembl|pubchem_confirmatory,3,0.3,False,True,True
ZSPUZGFFEIPWHL-NHCUHLMSSA-N,bindingdb|chembl|pubchem_confirmatory,3,0.3,False,True,True
AYPZIDFAQSNVAH-QZPZUKOXSA-N,bindingdb|chembl|pubchem_confirmatory,3,0.3,False,True,True
MSGJHQXKXPYRIU-CDNDPLPTSA-N,bindingdb|chembl|pubchem_confirmatory,3,0.3,False,True,True
DXYLRDMXMRDFTH-WFNCXJDMSA-N,bindingdb|chembl|pubchem_confirmatory,3,0.3,False,True,True
NOESNEOACOJOOV-LCRYKWFRSA-N,bindingdb|chembl|pubchem_confirmatory,3,0.3,False,True,True
RONTWMXREPPAIL-DNQXCXABSA-N,bindingdb|chembl|pubchem_confirmatory,3,0.3,False,True,True
ATTNJTRUWLVMCT-DHIUTWEWSA-N,bindingdb|chembl|pubchem_confirmatory,3,0.3,False,True,True
LTVGBCODLSLBIO-XKHRETHESA-N,bindingdb|chembl|pubchem_confirmatory,3,0.3,False,True,True
UACQDUPHYCPIOX-SGAJGPLNSA-N,bindingdb|chembl|pubchem_confirmatory,3,0.3,False,True,True
QGEJKJSQWLJMOB-FUHTXCSMSA-N,bindingdb|chembl|pubchem_confirmatory,3,0.3,False,True,True
BRSGVFMESYIADP-FGZHOGPDSA-N,bindingdb|chembl|pubchem_confirmatory,3,0.3,False,True,True
AVZPYGVYGUQCGL-DHIUTWEWSA-N,bindingdb|chembl|pubchem_confirmatory,3,0.3,False,True,True
DVGOWAMZGQLPCM-UHFFFAOYSA-N,bindingdb|chembl|pubchem_confirmatory,3,0.3,False,True,True
XWEWXJUACSQEKN-LDZQUKMZSA-N,bindingdb|chembl|pubchem_confirmatory,3,0.3,False,True,True
CDWNYDNUJBESIQ-XXLUKPGQSA-N,bindingdb|chembl|pubchem_confirmatory,3,0.3,False,True,True
LEUMWJTXRVOXTD-QZTJIDSGSA-N,bindingdb|chembl|pubchem_confirmatory,3,0.3,False,True,True
CHIULSXBIMEZGO-RGSZASNESA-N,bindingdb|chembl|pubchem_confirmatory,3,0.3,False,True,True
WXZASPIUZKBXFY-HXUWFJFHSA-N,bindingdb|pubchem_confirmatory,2,0.5,False,True,True
UKAJPEGOTXQUMD-OAQYLSRUSA-N,bindingdb|pubchem_confirmatory,2,0.5,False,True,True
XMLNOTFMOBYSBU-HXUWFJFHSA-N,bindingdb|pubchem_confirmatory,2,0.5,False,True,True
KXYKSZAVMJHLBE-DYESRHJHSA-N,bindingdb|pubchem_confirmatory,2,0.5,False,True,True
KVTKINWILIQXMO-OAQYLSRUSA-N,bindingdb|pubchem_confirmatory,2,0.5,False,True,True
VCWHGOPUEXSIAX-JOCHJYFZSA-N,bindingdb|pubchem_confirmatory,2,0.5,False,True,True
BVUMJIRBLWLPNT-OAQYLSRUSA-N,bindingdb|pubchem_confirmatory,2,0.5,False,True,True
IQBWRGJGZDFIDQ-OAQYLSRUSA-N,bindingdb|pubchem_confirmatory,2,0.5,False,True,True
VUADQKAZPHOEIS-JOCHJYFZSA-N,bindingdb|pubchem_confirmatory,2,0.5,False,True,True
KKEPYHNMZDFGFZ-JOCHJYFZSA-N,bindingdb|pubchem_confirmatory,2,0.5,False,True,True
SCMQIRWIRWDRLV-AREMUKBSSA-N,bindingdb|pubchem_confirmatory,2,0.5,False,True,True
XGNMHSATZQNFOR-XMMPIXPASA-N,bindingdb|pubchem_confirmatory,2,0.5,False,True,True
OZIZGEWHMPKHEO-XMMPIXPASA-N,bindingdb|pubchem_confirmatory,2,0.5,False,True,True
DILDYIXYDVXMCG-HSZRJFAPSA-N,bindingdb|pubchem_confirmatory,2,0.5,False,True,True
KYBHPHAXGGSZPB-JOCHJYFZSA-N,bindingdb|pubchem_confirmatory,2,0.5,False,True,True
BGBBWIFRUCEWMS-HXUWFJFHSA-N,bindingdb|pubchem_confirmatory,2,0.5,False,True,True
CQWFGKDJGWSGSK-OAQYLSRUSA-N,bindingdb|pubchem_confirmatory,2,0.5,False,True,True
JHCOCDUNEWCPDJ-LJQANCHMSA-N,bindingdb|pubchem_confirmatory,2,0.5,False,True,True
IQBSSKFAACESCW-HXUWFJFHSA-N,bindingdb|pubchem_confirmatory,2,0.5,False,True,True
UDCDEKJNAMHBFH-HSZRJFAPSA-N,bindingdb|pubchem_confirmatory,2,0.5,False,True,True
DVCKJOQIVOGXEI-XMMPIXPASA-N,bindingdb|pubchem_confirmatory,2,0.5,False,True,True
OMDDANPBPXYYSJ-HSZRJFAPSA-N,bindingdb|pubchem_confirmatory,2,0.5,False,True,True
PUQPMLLLYPHHGG-NTKDMRAZSA-N,bindingdb|pubchem_confirmatory,2,0.5,False,True,True
QYUCTVIPCCLAIZ-JOCHJYFZSA-N,bindingdb|pubchem_confirmatory,2,0.5,False,True,True
QVHYBOQAYXUVMT-JOCHJYFZSA-N,bindingdb|pubchem_confirmatory,2,0.5,False,True,True
XFNHWGBLXODYMR-HXUWFJFHSA-N,bindingdb|pubchem_confirmatory,2,0.5,False,True,True
WZXCLQBSBKAVJH-XMSQKQJNSA-N,bindingdb|pubchem_confirmatory,2,0.5,False,True,True
JHNFSYDCBYICLT-UHFFFAOYSA-N,bindingdb|pubchem_confirmatory,2,0.5,False,True,True
JHNFSYDCBYICLT-PGRDOPGGSA-N,bindingdb|pubchem_confirmatory,2,0.5,False,True,True
MHRGGGXSZCMMTG-WZONZLPQSA-N,bindingdb|pubchem_confirmatory,2,0.5,False,True,True
XXHAPXSCIBBBPR-PGRDOPGGSA-N,bindingdb|pubchem_confirmatory,2,0.5,False,True,True
LWSHCQCRPRKUAU-OXQOHEQNSA-N,bindingdb|pubchem_confirmatory,2,0.5,False,True,True
KRLRWYRMFNQFKF-JPYJTQIMSA-N,bindingdb|pubchem_confirmatory,2,0.5,False,True,True
MGFULCHIVWSAFC-NTKDMRAZSA-N,bindingdb|pubchem_confirmatory,2,0.5,False,True,True
MZSMHDUPQNNXTK-FQEVSTJZSA-N,bindingdb|pubchem_confirmatory,2,0.5,False,True,True
LWKDTIUSCBBPCG-CJFMBICVSA-N,bindingdb|pubchem_confirmatory,2,0.5,False,True,True
CQJUFPGIBDGKLI-OXJNMPFZSA-N,bindingdb|pubchem_confirmatory,2,0.5,False,True,True
SWHLJBDSUPWBAV-KCZVDYSFSA-N,bindingdb|pubchem_confirmatory,2,0.5,False,True,True
JGOGHWHZWSGYBV-PXDATVDWSA-N,bindingdb|pubchem_confirmatory,2,0.5,False,True,True
SFQQMZRSUPNMBQ-HYBUGGRVSA-N,bindingdb|pubchem_confirmatory,2,0.5,False,True,True
BCGMTOIOJNVTKW-LAUBAEHRSA-N,bindingdb|pubchem_confirmatory,2,0.5,False,True,True
SWHLJBDSUPWBAV-ONTIZHBOSA-N,bindingdb|pubchem_confirmatory,2,0.5,False,True,True
JHCOCDUNEWCPDJ-IBGZPJMESA-N,bindingdb|pubchem_confirmatory,2,0.5,False,True,True
ZJPGSOZQDZHNQR-OXQOHEQNSA-N,bindingdb|pubchem_confirmatory,2,0.5,False,True,True
PPRCCLDOIXBDTO-IHJBUBKUSA-N,bindingdb|pubchem_confirmatory,2,0.5,False,True,True
IPDOWOAIYVONGQ-WZONZLPQSA-N,bindingdb|pubchem_confirmatory,2,0.5,False,True,True
JYBMCOIJXAIWHL-KIFXHHALSA-N,bindingdb|pubchem_confirmatory,2,0.5,False,True,True
XPTFYASDLNCNGG-GHTZIAJQSA-N,bindingdb|pubchem_confirmatory,2,0.5,False,True,True
YAHQJIWNFQVWGH-UHFFFAOYSA-N,bindingdb|pubchem_confirmatory,2,0.5,False,True,True
SWQNQGAIXPALEI-WSCWJOSJSA-N,bindingdb|pubchem_confirmatory,2,0.5,False,True,True
TZYIHBPMTYBZIG-HXUWFJFHSA-N,bindingdb|pubchem_confirmatory,2,0.5,False,True,True
KPMPCLPZOHGVGR-GVCORALISA-N,bindingdb|pubchem_confirmatory,2,0.5,False,True,True
IZWSKLKZFQXMPX-CQOQZXRMSA-N,bindingdb|pubchem_confirmatory,2,0.5,False,True,True
XBYPOVVZOAPQHJ-IOZGHAEBSA-N,bindingdb|pubchem_confirmatory,2,0.5,False,True,True
XAOKFYSOUKWMDB-LJQANCHMSA-N,bindingdb|pubchem_confirmatory,2,0.5,False,True,True
ACDAFJAJTHFIQA-AUZMWRNASA-N,bindingdb|pubchem_confirmatory,2,0.5,False,True,True
MWKCHBXTNCWCMF-HXUWFJFHSA-N,bindingdb|pubchem_confirmatory,2,0.5,False,True,True
UZXIPWPIVVMIFE-VPTFNQTCSA-N,bindingdb|pubchem_confirmatory,2,0.5,False,True,True
LIWXHHMEQAPAGZ-DYXWJJEUSA-N,bindingdb|pubchem_confirmatory,2,0.5,False,True,True
LIWXHHMEQAPAGZ-QKNQBKEWSA-N,bindingdb|pubchem_confirmatory,2,0.5,False,True,True
VLGNXBXRHYXIPH-QZNHQXDQSA-N,bindingdb|pubchem_confirmatory,2,0.5,False,True,True
HYXGXRFLUCYXGK-QZNHQXDQSA-N,bindingdb|pubchem_confirmatory,2,0.5,False,True,True
MXYIVEQDQCAYBV-UHFFFAOYSA-N,bindingdb|pubchem_confirmatory,2,0.5,False,True,True
YNEYFMOMVYWYKX-UHFFFAOYSA-N,bindingdb|pubchem_confirmatory,2,0.5,False,True,True
FQMQPBXDDVYXTE-UHFFFAOYSA-N,bindingdb|pubchem_confirmatory,2,0.5,False,True,True
JNLPXNRIBTUKRO-NOZRDPDXSA-N,bindingdb|pubchem_confirmatory,2,0.5,False,True,True
BCHLSCBZCOCRKN-SFTDATJTSA-N,bindingdb|pubchem_confirmatory,2,0.5,False,True,True
ZOAONFSVARXNNV-KXLZNQPTSA-N,bindingdb|pubchem_confirmatory,2,0.5,False,True,True
ZCUJOVREJPYFKX-UHFFFAOYSA-N,bindingdb|pubchem_confirmatory,2,0.5,False,True,True
VVEYDPSKPPDJTE-UHFFFAOYSA-N,bindingdb|pubchem_confirmatory,2,0.5,False,True,True
AWXRQJFFUVYUSC-UHFFFAOYSA-N,bindingdb|pubchem_confirmatory,2,0.5,False,True,True
BGZXCMGMVWBNGH-UHFFFAOYSA-N,bindingdb|pubchem_confirmatory,2,0.5,False,True,True
LVKDWQCZWDRYAJ-UHFFFAOYSA-N,bindingdb|pubchem_confirmatory,2,0.5,False,True,True
DUTIAKDUQLBQLF-UHFFFAOYSA-N,bindingdb|pubchem_confirmatory,2,0.5,False,True,True
UBNGGOVNFSJIJG-UHFFFAOYSA-N,bindingdb|pubchem_confirmatory,2,0.5,False,True,True
MCKVPEJPNNLEAP-TUNNFDKTSA-N,bindingdb|pubchem_confirmatory,2,0.5,False,True,True
NFPBHTVGQPXGFY-NHCUHLMSSA-N,bindingdb|pubchem_confirmatory,2,0.5,False,True,True
GNVYARQRIWPRMP-NHCUHLMSSA-N,bindingdb|pubchem_confirmatory,2,0.5,False,True,True
MRMUPMQQCMGCSR-XBBZPSQXSA-N,bindingdb|pubchem_confirmatory,2,0.5,False,True,True
IUVPDHXLQQUGMB-DNQXCXABSA-N,bindingdb|pubchem_confirmatory,2,0.5,False,True,True
AYSXEZROMVFOGW-WMTXJRDZSA-N,bindingdb|pubchem_confirmatory,2,0.5,False,True,True
FHAWJIIIQAXOSV-VDKIKQQVSA-N,bindingdb|pubchem_confirmatory,2,0.5,False,True,True
QGGNDXGZJHUSSA-GOSISDBHSA-N,bindingdb|pubchem_confirmatory,2,0.5,False,True,True
QGGNDXGZJHUSSA-SFHVURJKSA-N,bindingdb|pubchem_confirmatory,2,0.5,False,True,True
ZCUJOVREJPYFKX-SFHVURJKSA-N,bindingdb|pubchem_confirmatory,2,0.5,False,True,True
ZQEQAXMFNATMTP-HXUWFJFHSA-N,bindingdb|pubchem_confirmatory,2,0.5,False,True,True
DUAFSQPXILOOTI-TUNNFDKTSA-N,bindingdb|pubchem_confirmatory,2,0.5,False,True,True
WDRJLORLDTWTEV-QZNHQXDQSA-N,bindingdb|pubchem_confirmatory,2,0.5,False,True,True
MYDCGVFZHVUGIW-NRFANRHFSA-N,bindingdb|pubchem_confirmatory,2,0.5,False,True,True
ILYJIRVCBDCULR-PXNSSMCTSA-N,bindingdb|pubchem_confirmatory,2,0.5,False,True,True
NUEAAZSTJBGEHQ-CYBMUJFWSA-N,bindingdb|pubchem_confirmatory,2,0.5,False,True,True
IPWSRMNHUQXFCC-DYESRHJHSA-N,bindingdb|pubchem_confirmatory,2,0.5,False,True,True
SDVJGUMHFXSVBM-OAQYLSRUSA-N,bindingdb|pubchem_confirmatory,2,0.5,False,True,True
JJUCEYRRPZMKHB-JOCHJYFZSA-N,bindingdb|pubchem_confirmatory,2,0.5,False,True,True
YWOMIFATQIXZPV-QEHFTRCTSA-N,bindingdb|pubchem_confirmatory,2,0.5,False,True,True
CACDCDCFPDBQNS-GBXCKJPGSA-N,bindingdb|pubchem_confirmatory,2,0.5,False,True,True
NWNUHUZHFUVQFH-BLVBGGGKSA-N,bindingdb|pubchem_confirmatory,2,0.5,False,True,True
FYEFLJIQYXTNSF-GBXCKJPGSA-N,bindingdb|pubchem_confirmatory,2,0.5,False,True,True
BYPWRWZVKSAHNM-IOPFROOUSA-N,bindingdb|pubchem_confirmatory,2,0.5,False,True,True
ZESHTVJKVRSQDC-KWQRXZIBSA-N,bindingdb|pubchem_confirmatory,2,0.5,False,True,True
YCMAPGLZISSYQG-AUPBHPDMSA-N,bindingdb|pubchem_confirmatory,2,0.5,False,True,True
IWDGVJRCXFWFAP-WMZHIEFXSA-N,bindingdb|pubchem_confirmatory,2,0.5,False,True,True
OBMPVGBNKKRXFD-JOCHJYFZSA-N,bindingdb|pubchem_confirmatory,2,0.5,False,True,True
SUACTQDQPDZYNH-OAQYLSRUSA-N,bindingdb|pubchem_confirmatory,2,0.5,False,True,True
VLAXNKASDDXGFU-LJQANCHMSA-N,bindingdb|pubchem_confirmatory,2,0.5,False,True,True
JHPILXZFCTXTJO-HXUWFJFHSA-N,bindingdb|pubchem_confirmatory,2,0.5,False,True,True
DSXRVVRSVRAOIL-JOCHJYFZSA-N,bindingdb|pubchem_confirmatory,2,0.5,False,True,True
ORHNQFJPYYXDJR-OAQYLSRUSA-N,bindingdb|pubchem_confirmatory,2,0.5,False,True,True
KCUCBRVBSOMZGW-JOCHJYFZSA-N,bindingdb|pubchem_confirmatory,2,0.5,False,True,True
QUKNMHICHUGWKM-WMTXJRDZSA-N,bindingdb|pubchem_confirmatory,2,0.5,False,True,True
IKLUFHSVEHWRIL-JOCHJYFZSA-N,bindingdb|pubchem_confirmatory,2,0.5,False,True,True
JANIOWYFFJOKKJ-HXUWFJFHSA-N,bindingdb|pubchem_confirmatory,2,0.5,False,True,True
OOXOOQYWDGLOFI-OAQYLSRUSA-N,bindingdb|pubchem_confirmatory,2,0.5,False,True,True
MVNOPNOWBICIBM-UYBRWVLZSA-N,bindingdb|pubchem_confirmatory,2,0.5,False,True,True
JNZMSEMMCJLQJE-AUSIDOKSSA-N,bindingdb|pubchem_confirmatory,2,0.5,False,True,True
CUZVZVKMZZYDDJ-MXKZQLQBSA-N,bindingdb|pubchem_confirmatory,2,0.5,False,True,True
HTKKYXSIBWISIC-NOLMGDQDSA-N,bindingdb|pubchem_confirmatory,2,0.5,False,True,True
VHVSINLEPVKCGE-RJBATXRKSA-N,bindingdb|pubchem_confirmatory,2,0.5,False,True,True
NYLPSOPWSNEQRS-NLAJUNGTSA-N,bindingdb|pubchem_confirmatory,2,0.5,False,True,True
HLHLGTJUNPLXBO-QFQXNSOFSA-N,bindingdb|pubchem_confirmatory,2,0.5,False,True,True
RTGZWMNHBFBIGZ-IJUOOPNOSA-N,bindingdb|pubchem_confirmatory,2,0.5,False,True,True
NKFUTBODMKTLKM-AJTFRIOCSA-N,bindingdb|pubchem_confirmatory,2,0.5,False,True,True
YOMLBHKZWSBROS-GKUAJQTLSA-N,bindingdb|pubchem_confirmatory,2,0.5,False,True,True
UPSRXDDEICTCOK-HYBUGGRVSA-N,bindingdb|pubchem_confirmatory,2,0.5,False,True,True
AHUBKUAPGXMBLM-JNWAGDLKSA-N,bindingdb|pubchem_confirmatory,2,0.5,False,True,True
ZYEFVWXVSGVGEZ-INVGSZFYSA-N,bindingdb|pubchem_confirmatory,2,0.5,False,True,True
YOGOHMLNLARTQV-LZVBSIPISA-N,bindingdb|pubchem_confirmatory,2,0.5,False,True,True
UVIHPOPDIHNXCA-WZONZLPQSA-N,bindingdb|pubchem_confirmatory,2,0.5,False,True,True
IXNVLOICARTBBV-RDKWVBGNSA-N,bindingdb|pubchem_confirmatory,2,0.5,False,True,True
GWXJCNMAFKNIFU-JSZNEXRFSA-N,bindingdb|pubchem_confirmatory,2,0.5,False,True,True
CUIZCXOHKFWNCA-RSYUDSDASA-N,bindingdb|pubchem_confirmatory,2,0.5,False,True,True
PNCXOMKSILFJND-RSYUDSDASA-N,bindingdb|pubchem_confirmatory,2,0.5,False,True,True
ULESTUCRNZLJGI-RWCYZESJSA-N,bindingdb|pubchem_confirmatory,2,0.5,False,True,True
YCYZGTHDJXCADQ-KGNQOXMFSA-N,bindingdb|pubchem_confirmatory,2,0.5,False,True,True
VLPXAZNANZCPPI-RWCYZESJSA-N,bindingdb|pubchem_confirmatory,2,0.5,False,True,True
PKSDJNHNASRKAS-FPNSGZSPSA-N,bindingdb|pubchem_confirmatory,2,0.5,False,True,True
WIDLJFICMXWJPW-CXGGQIANSA-N,bindingdb|pubchem_confirmatory,2,0.5,False,True,True
VYPGWMOYHNRYEM-ABQQVPPMSA-N,bindingdb|pubchem_confirmatory,2,0.5,False,True,True
RPVMTDOKBAOUGE-XDWAHJFPSA-N,bindingdb|pubchem_confirmatory,2,0.5,False,True,True
HFNXGMZLICIMHV-LEFDFYFUSA-N,bindingdb|pubchem_confirmatory,2,0.5,False,True,True
RYAUBGLWFDMUCK-FLDZJMNKSA-N,bindingdb|pubchem_confirmatory,2,0.5,False,True,True
RMVCLEHKZIRGDV-MHYOBEBPSA-N,bindingdb|pubchem_confirmatory,2,0.5,False,True,True
GVFUXXYOKBXJOV-NTKDMRAZSA-N,bindingdb|pubchem_confirmatory,2,0.5,False,True,True
DDBBFEDMZTYISF-WZONZLPQSA-N,bindingdb|pubchem_confirmatory,2,0.5,False,True,True
HSMAWHUKLLSXEE-YHALAERNSA-N,bindingdb|pubchem_confirmatory,2,0.5,False,True,True
VUVRDSCGILYJOW-ZVNOTNKZSA-N,bindingdb|pubchem_confirmatory,2,0.5,False,True,True
XNVYSBUZBSRWKG-QFQXNSOFSA-N,bindingdb|pubchem_confirmatory,2,0.5,False,True,True
HGBSRVBKBKEIKB-FQRUVTKNSA-N,bindingdb|pubchem_confirmatory,2,0.5,False,True,True
RTBCGEZTCOEMPZ-NIYFSFCBSA-N,bindingdb|pubchem_confirmatory,2,0.5,False,True,True
CJNSBDCTRLIGJH-WZONZLPQSA-N,bindingdb|pubchem_confirmatory,2,0.5,False,True,True
FLFBRFVTKHTNQT-AJTFRIOCSA-N,bindingdb|pubchem_confirmatory,2,0.5,False,True,True
SHGSQOIZPJMMIE-QDPGVEIFSA-N,bindingdb|pubchem_confirmatory,2,0.5,False,True,True
RJKYIVXCJVPMQQ-QDPGVEIFSA-N,bindingdb|pubchem_confirmatory,2,0.5,False,True,True
PUWYYEAXBBATRI-AUSIDOKSSA-N,bindingdb|pubchem_confirmatory,2,0.5,False,True,True
BKXGAGMFHKMOCJ-WZONZLPQSA-N,bindingdb|pubchem_confirmatory,2,0.5,False,True,True
AIMATAXPIKUIRQ-SKCUWOTOSA-N,bindingdb|pubchem_confirmatory,2,0.5,False,True,True
GPLHNPXWICABTG-MVOZIGHISA-N,bindingdb|pubchem_confirmatory,2,0.5,False,True,True
GPLHNPXWICABTG-SXDGJLEOSA-N,bindingdb|pubchem_confirmatory,2,0.5,False,True,True
GUMTUBAOBUKIJB-HYBUGGRVSA-N,bindingdb|pubchem_confirmatory,2,0.5,False,True,True
OQFQRKDGTZBKFT-QFQXNSOFSA-N,bindingdb|pubchem_confirmatory,2,0.5,False,True,True
KLWIETMUBYNZFC-YHYVQYDKSA-N,bindingdb|pubchem_confirmatory,2,0.5,False,True,True
WWCAAAUUHLBUSP-NTKDMRAZSA-N,bindingdb|pubchem_confirmatory,2,0.5,False,True,True
UDEDBTNUDNFHJX-WZONZLPQSA-N,bindingdb|pubchem_confirmatory,2,0.5,False,True,True
BLBCJTGPVZKNCG-RJBATXRKSA-N,bindingdb|pubchem_confirmatory,2,0.5,False,True,True
LRKMWULUBAKXMP-YIXXDRMTSA-N,bindingdb|pubchem_confirmatory,2,0.5,False,True,True
IYALDIOOYMNARK-NQLBUQGNSA-N,bindingdb|pubchem_confirmatory,2,0.5,False,True,True
YKTLSAWNSNAXIN-LZCPXLSCSA-N,bindingdb|pubchem_confirmatory,2,0.5,False,True,True
YAIONNFNAIKNMQ-PXDATVDWSA-N,bindingdb|pubchem_confirmatory,2,0.5,False,True,True
YDKHCKJZIFMKAK-ATIYNZHBSA-N,bindingdb|pubchem_confirmatory,2,0.5,False,True,True
CZGLIGMHMQUAJO-PXDATVDWSA-N,bindingdb|pubchem_confirmatory,2,0.5,False,True,True
LMQZBLYWPKMDRY-QFQXNSOFSA-N,bindingdb|pubchem_confirmatory,2,0.5,False,True,True
YJIWDXJHVNGHOS-AJTFRIOCSA-N,bindingdb|pubchem_confirmatory,2,0.5,False,True,True
ZEWXIOPXHDYVHT-AUSIDOKSSA-N,bindingdb|pubchem_confirmatory,2,0.5,False,True,True
UMIKFEDMZBIKHH-HYBUGGRVSA-N,bindingdb|pubchem_confirmatory,2,0.5,False,True,True
OQNRGJIEYNSFGA-XMSQKQJNSA-N,bindingdb|pubchem_confirmatory,2,0.5,False,True,True
OTZZTSFTLCCKNX-AUSIDOKSSA-N,bindingdb|pubchem_confirmatory,2,0.5,False,True,True
LVWNRRLZLNCNJP-PXDATVDWSA-N,bindingdb|pubchem_confirmatory,2,0.5,False,True,True
RWOPAJCYXBRYKS-IWIJADAVSA-N,bindingdb|pubchem_confirmatory,2,0.5,False,True,True
UXHLLJKPDUTWLE-RJBATXRKSA-N,bindingdb|pubchem_confirmatory,2,0.5,False,True,True
BEQPNHJGQLQGIM-OPZHNOORSA-N,bindingdb|pubchem_confirmatory,2,0.5,False,True,True
TVDNAWCKMLGALC-RJBATXRKSA-N,bindingdb|pubchem_confirmatory,2,0.5,False,True,True
UYLYSLVZEWXGHZ-AUSIDOKSSA-N,bindingdb|pubchem_confirmatory,2,0.5,False,True,True
XLZYNLWRYAEHGT-XMSQKQJNSA-N,bindingdb|pubchem_confirmatory,2,0.5,False,True,True
JTLQZTSYOZZFAM-XMSQKQJNSA-N,bindingdb|pubchem_confirmatory,2,0.5,False,True,True
DGRZKYMMXZZAAS-AUSIDOKSSA-N,bindingdb|pubchem_confirmatory,2,0.5,False,True,True
CKMDBVJBBNLRCY-ATIYNZHBSA-N,bindingdb|pubchem_confirmatory,2,0.5,False,True,True
ZRNPYLPPRSFZTM-QFQXNSOFSA-N,bindingdb|pubchem_confirmatory,2,0.5,False,True,True
UGUDGWMATJJOAS-HYBUGGRVSA-N,bindingdb|pubchem_confirmatory,2,0.5,False,True,True
VUWYLTPEIYKWHV-QFQXNSOFSA-N,bindingdb|pubchem_confirmatory,2,0.5,False,True,True
XTPNOPJEVIPPHH-AUSIDOKSSA-N,bindingdb|pubchem_confirmatory,2,0.5,False,True,True
LHTWCMAYFMQWNL-SKCUWOTOSA-N,bindingdb|pubchem_confirmatory,2,0.5,False,True,True
DQJPAEFVADJSBH-AUSIDOKSSA-N,bindingdb|pubchem_confirmatory,2,0.5,False,True,True
LYRQDAZBZYZFIZ-CJFMBICVSA-N,bindingdb|pubchem_confirmatory,2,0.5,False,True,True
IWHJWKQBKKOVCE-DNRIFNMESA-N,bindingdb|pubchem_confirmatory,2,0.5,False,True,True
ASQGFANEDMYUKK-PQQPKJSBSA-N,bindingdb|pubchem_confirmatory,2,0.5,False,True,True
OMGHTRFPCBLHOD-GIBDUUHHSA-N,bindingdb|pubchem_confirmatory,2,0.5,False,True,True
SXQOCSPCUUBGKD-GIBDUUHHSA-N,bindingdb|pubchem_confirmatory,2,0.5,False,True,True
SISXVMXWDWVACZ-UFFXRUGOSA-N,bindingdb|pubchem_confirmatory,2,0.5,False,True,True
NPBOFSBLSNTZLR-JTBFMICSSA-N,bindingdb|pubchem_confirmatory,2,0.5,False,True,True
WXJVIANQSTXYQW-AREMUKBSSA-N,bindingdb|pubchem_confirmatory,2,0.5,False,True,True
UVMDCPZEHDKBPP-AUSIDOKSSA-N,bindingdb|pubchem_confirmatory,2,0.5,False,True,True
ZWYQAHLPBBUUMC-DISSZYSNSA-N,bindingdb|pubchem_confirmatory,2,0.5,False,True,True
MTCYUZPXAXHFEU-PXDATVDWSA-N,bindingdb|pubchem_confirmatory,2,0.5,False,True,True
SDWUZBXDMJTQLM-CJFMBICVSA-N,bindingdb|pubchem_confirmatory,2,0.5,False,True,True
LIXPNEXQVIKJHS-ATIYNZHBSA-N,bindingdb|pubchem_confirmatory,2,0.5,False,True,True
WRENGWABZKPEIU-HYBUGGRVSA-N,bindingdb|pubchem_confirmatory,2,0.5,False,True,True
BDRQEGWZTVLHPI-SAQVGAHLSA-N,bindingdb|pubchem_confirmatory,2,0.5,False,True,True
YIUTYFHWNVNFKV-GMNDGQHTSA-N,pubchem_confirmatory,1,1.0,True,False,True
PUDNJEPLLSZMLH-UCRBNFBUSA-N,pubchem_confirmatory,1,1.0,True,False,True
BBUWOTVOSWGBEU-YJNPJNMISA-N,pubchem_confirmatory,1,1.0,True,False,True
XDQHXYJSQGISGP-WBYYKFCASA-N,pubchem_confirmatory,1,1.0,True,False,True
AUADQYHLGGWAST-WQTPVJRFSA-N,pubchem_confirmatory,1,1.0,True,False,True
JLMXHLBHJXINQD-CZOQGKOKSA-N,pubchem_confirmatory,1,1.0,True,False,True
YYQNLADCXBBSSY-WWYWXPHQSA-N,pubchem_confirmatory,1,1.0,True,False,True
YYQNLADCXBBSSY-JOLLGGGOSA-N,pubchem_confirmatory,1,1.0,True,False,True
BJMCGQQKWVBYPV-WQTPVJRFSA-N,pubchem_confirmatory,1,1.0,True,False,True
NJFALQNPHLBHBZ-WBYYKFCASA-N,pubchem_confirmatory,1,1.0,True,False,True
ZZJYFNPBUMYMDN-WBYYKFCASA-N,pubchem_confirmatory,1,1.0,True,False,True
YVUWCXWUBGODRK-LZCPXLSCSA-N,bindingdb|pubchem_confirmatory,2,0.5,False,True,True
LLQUEEICLSLTDZ-UFFXRUGOSA-N,bindingdb|pubchem_confirmatory,2,0.5,False,True,True
ZPJHWDOGUYYOCW-ZJSHBSNOSA-N,bindingdb|pubchem_confirmatory,2,0.5,False,True,True
YKDVHHVZWVNBMQ-MYBGGXRSSA-N,bindingdb|pubchem_confirmatory,2,0.5,False,True,True
XCOIIECIWYWQAT-UFFXRUGOSA-N,bindingdb|pubchem_confirmatory,2,0.5,False,True,True
MLVILFCGROUFSL-NKNQFRNOSA-N,bindingdb|pubchem_confirmatory,2,0.5,False,True,True
ASYGZGREHXXPJY-MXKZQLQBSA-N,bindingdb|pubchem_confirmatory,2,0.5,False,True,True
GAFPZRLDBQWLEY-NHFMZCEXSA-N,bindingdb|pubchem_confirmatory,2,0.5,False,True,True
WYKOTJAOGYGVPG-AWIVUPEPSA-N,bindingdb|pubchem_confirmatory,2,0.5,False,True,True
QIRQPEPPENUMPF-HJNVTSSZSA-N,bindingdb|pubchem_confirmatory,2,0.5,False,True,True
PSFVCEGUQKWBNX-HYBUGGRVSA-N,bindingdb|pubchem_confirmatory,2,0.5,False,True,True
VRONXKKAPPJXLH-GKUAJQTLSA-N,bindingdb|pubchem_confirmatory,2,0.5,False,True,True
SLFACOMHIQKHKF-XSRCTALUSA-N,bindingdb|pubchem_confirmatory,2,0.5,False,True,True
XTLMEWQOHTZSSQ-UOOXCUFBSA-N,bindingdb|pubchem_confirmatory,2,0.5,False,True,True
BOECCVMOZRCUCW-FDYRDFEWSA-N,bindingdb|pubchem_confirmatory,2,0.5,False,True,True
YGHHZZDEXMLAEE-HXUWFJFHSA-N,bindingdb|pubchem_confirmatory,2,0.5,False,True,True
FRGQNTLZTNSXOP-LAUBAEHRSA-N,bindingdb|pubchem_confirmatory,2,0.5,False,True,True
KPFDEQHOOROSRO-OXJNMPFZSA-N,bindingdb|pubchem_confirmatory,2,0.5,False,True,True
RGPGCPYSKUKPSW-SQJMNOBHSA-N,bindingdb|pubchem_confirmatory,2,0.5,False,True,True
XURCLAXHXDQSOV-LJQANCHMSA-N,bindingdb|pubchem_confirmatory,2,0.5,False,True,True
OMKZFFYFIFAEBF-OAQYLSRUSA-N,bindingdb|pubchem_confirmatory,2,0.5,False,True,True
GXRIYXZIRHWXGH-JBRSBNLGSA-N,bindingdb|pubchem_confirmatory,2,0.5,False,True,True
HWMDEWXECGCNHJ-NBGIEHNGSA-N,bindingdb|pubchem_confirmatory,2,0.5,False,True,True
YFKLYFKWXWPOMW-YADARESESA-N,bindingdb|pubchem_confirmatory,2,0.5,False,True,True
SYABSNLUCIBNBW-SQJMNOBHSA-N,bindingdb|pubchem_confirmatory,2,0.5,False,True,True
DOBUFQCURIHFSH-YADARESESA-N,bindingdb|pubchem_confirmatory,2,0.5,False,True,True
WPWGXCUDOGIFRB-HFZDXXHNSA-N,bindingdb|pubchem_confirmatory,2,0.5,False,True,True
UFARJIXNXCTHAD-BKMJKUGQSA-N,bindingdb|pubchem_confirmatory,2,0.5,False,True,True
VWAZCFJVBLNVDM-WMZHIEFXSA-N,bindingdb|pubchem_confirmatory,2,0.5,False,True,True
NHQHPWMDPPUXGR-BKMJKUGQSA-N,bindingdb|pubchem_confirmatory,2,0.5,False,True,True
XHZYDKNWAOJCLJ-BKMJKUGQSA-N,bindingdb|pubchem_confirmatory,2,0.5,False,True,True
WTDKTNHNVYLXBH-WMZHIEFXSA-N,bindingdb|pubchem_confirmatory,2,0.5,False,True,True
FYZYGYVWWSWTHB-HFZDXXHNSA-N,bindingdb|pubchem_confirmatory,2,0.5,False,True,True
WRVXFNVAKNRVDN-GBXCKJPGSA-N,bindingdb|pubchem_confirmatory,2,0.5,False,True,True
RDROMQNRZJWKQN-HFZDXXHNSA-N,bindingdb|pubchem_confirmatory,2,0.5,False,True,True
IOXWGGAINMMJMQ-KDYSTLNUSA-N,bindingdb|pubchem_confirmatory,2,0.5,False,True,True
WAGXVGPLXAWXFS-HHHXNRCGSA-N,bindingdb|pubchem_confirmatory,2,0.5,False,True,True
YONYBCVJKHHLCE-RUZDIDTESA-N,bindingdb|pubchem_confirmatory,2,0.5,False,True,True
UEEPPKYMHYAOHR-JOCHJYFZSA-N,bindingdb|pubchem_confirmatory,2,0.5,False,True,True
YOMNOCWFBOYSHV-GBXCKJPGSA-N,bindingdb|pubchem_confirmatory,2,0.5,False,True,True
SMHKVAPMJPJEPY-YADARESESA-N,bindingdb|pubchem_confirmatory,2,0.5,False,True,True
GWOPCFYINOITJP-FDDCHVKYSA-N,bindingdb|pubchem_confirmatory,2,0.5,False,True,True
PNMUBHIWHVSZSK-PWUYWRBVSA-N,bindingdb|pubchem_confirmatory,2,0.5,False,True,True
LWJUNPDCWFHHPY-NEKDWFFYSA-N,bindingdb|pubchem_confirmatory,2,0.5,False,True,True
DCWONHKPZRUFJT-OAQYLSRUSA-N,bindingdb|pubchem_confirmatory,2,0.5,False,True,True
LWLPQADPOLAOQJ-PGRDOPGGSA-N,bindingdb|pubchem_confirmatory,2,0.5,False,True,True
QXHIHKBJYDTUMQ-IZUFOGEXSA-N,bindingdb|pubchem_confirmatory,2,0.5,False,True,True
HBQVPYKLHYLQKU-XIJGOZNCSA-N,bindingdb|pubchem_confirmatory,2,0.5,False,True,True
HDERIXMXKGKROA-YADARESESA-N,bindingdb|pubchem_confirmatory,2,0.5,False,True,True
WAEIQEBYXCECOM-NEKDWFFYSA-N,bindingdb|pubchem_confirmatory,2,0.5,False,True,True
QXHIHKBJYDTUMQ-YCRNBWNJSA-N,bindingdb|pubchem_confirmatory,2,0.5,False,True,True
QXHIHKBJYDTUMQ-SFYKDHMMSA-N,bindingdb|pubchem_confirmatory,2,0.5,False,True,True
PFNDSALLWCTSCH-ZECRLDNTSA-N,pubchem_confirmatory,1,1.0,True,False,True
MGBWCRRBQWOHAP-WZSCFAGYSA-N,pubchem_confirmatory,1,1.0,True,False,True
LCFQAKXCEXEDDU-QMRFNYJTSA-N,pubchem_confirmatory,1,1.0,True,False,True
YOSVQIPVTZEQFN-RRJIUTJNSA-N,pubchem_confirmatory,1,1.0,True,False,True
PQYPVYLLCZIAAE-BWAGFHJFSA-N,pubchem_confirmatory,1,1.0,True,False,True
IJGLEGHJYSFYEE-ZOYVCNMZSA-N,pubchem_confirmatory,1,1.0,True,False,True
VIBUIXOZYVNCIW-ZOGBDMNLSA-N,pubchem_confirmatory,1,1.0,True,False,True
PILJMVSCVPOULO-UNCXHPMXSA-N,pubchem_confirmatory,1,1.0,True,False,True
ONLYCFUHPIFRGJ-IMVKUFQJSA-N,pubchem_confirmatory,1,1.0,True,False,True
YVXORZZJQQADSN-SKFUIJEOSA-N,pubchem_confirmatory,1,1.0,True,False,True
MEBUSOSHQDLZTO-SKFUIJEOSA-N,pubchem_confirmatory,1,1.0,True,False,True
YMBFYRFMFJMXJB-YQLJFJGKSA-N,pubchem_confirmatory,1,1.0,True,False,True
DCYQDTVUELGXCW-XLUUBMHYSA-N,pubchem_confirmatory,1,1.0,True,False,True
LFHDZNKHUOLINQ-CZOQGKOKSA-N,pubchem_confirmatory,1,1.0,True,False,True
XXBQBQBNLBPNJU-CZOQGKOKSA-N,pubchem_confirmatory,1,1.0,True,False,True
PJOKJMKPZXQSHS-CZOQGKOKSA-N,pubchem_confirmatory,1,1.0,True,False,True
GWQXCHAEZGADIJ-AKSQRFLHSA-N,pubchem_confirmatory,1,1.0,True,False,True
KIXKMXVZIOFSGT-LICYEUHVSA-N,pubchem_confirmatory,1,1.0,True,False,True
XDQHXYJSQGISGP-MQUVIWKCSA-N,pubchem_confirmatory,1,1.0,True,False,True
IFLXSINNDKWWKI-PLNFTNRRSA-N,pubchem_confirmatory,1,1.0,True,False,True
HWVVOFUEJCARRO-HQNFRFEVSA-N,pubchem_confirmatory,1,1.0,True,False,True
LTYNIYBRTYGLBC-IOTFABBMSA-N,pubchem_confirmatory,1,1.0,True,False,True
FYBNYGJFTMMBRN-PLNFTNRRSA-N,pubchem_confirmatory,1,1.0,True,False,True
KPLUGYHUPKNQPI-PLNFTNRRSA-N,pubchem_confirmatory,1,1.0,True,False,True
MGPFUBIXJDMGPE-UCRBNFBUSA-N,pubchem_confirmatory,1,1.0,True,False,True
RWSAIPTUGLXTQK-LKRYVOINSA-N,pubchem_confirmatory,1,1.0,True,False,True
CKINKBLJYCITJY-SQSVJPPKSA-N,pubchem_confirmatory,1,1.0,True,False,True
NNMHFHZOXZPGKW-FHULUBRZSA-N,pubchem_confirmatory,1,1.0,True,False,True
YIUTYFHWNVNFKV-OTBWLPETSA-N,pubchem_confirmatory,1,1.0,True,False,True
YIUTYFHWNVNFKV-MOIZKARTSA-N,pubchem_confirmatory,1,1.0,True,False,True
FYJWAOBLQMZHSM-CZOQGKOKSA-N,pubchem_confirmatory,1,1.0,True,False,True
JDBRPXYNNLFJMS-WQTPVJRFSA-N,pubchem_confirmatory,1,1.0,True,False,True
PNNOIETUGBXYFF-WQTPVJRFSA-N,pubchem_confirmatory,1,1.0,True,False,True
VSNXLJCINCZNGS-ZOGBDMNLSA-N,pubchem_confirmatory,1,1.0,True,False,True
OGFMCHMUTBVKKY-XOUWMQEHSA-N,pubchem_confirmatory,1,1.0,True,False,True
AMVPDYRLVKUNIT-ZOGBDMNLSA-N,pubchem_confirmatory,1,1.0,True,False,True
LLUXEAVZZKSWRK-SQSVJPPKSA-N,pubchem_confirmatory,1,1.0,True,False,True
SSDLYMGCSCTEQF-WQTPVJRFSA-N,pubchem_confirmatory,1,1.0,True,False,True
DLCRTWBWVRWAOW-UCRBNFBUSA-N,pubchem_confirmatory,1,1.0,True,False,True
HDXXLIVEWODPMN-UCRBNFBUSA-N,pubchem_confirmatory,1,1.0,True,False,True
DQNLFFPZCRXJPI-ZOGBDMNLSA-N,pubchem_confirmatory,1,1.0,True,False,True
RTPCRZFGAPFECK-ZOGBDMNLSA-N,pubchem_confirmatory,1,1.0,True,False,True
ZFRQMRCSPOQMDY-ZOGBDMNLSA-N,pubchem_confirmatory,1,1.0,True,False,True
JDVRZNXNUWXDCL-ZOGBDMNLSA-N,pubchem_confirmatory,1,1.0,True,False,True
DWTAOGUQVXJQHS-UCRBNFBUSA-N,pubchem_confirmatory,1,1.0,True,False,True
OHQGFBZPOUJKCA-UCRBNFBUSA-N,pubchem_confirmatory,1,1.0,True,False,True
QMLMJLSUYUDGTB-UCRBNFBUSA-N,pubchem_confirmatory,1,1.0,True,False,True
XODQWSDULGEXER-JDBUVZGPSA-N,pubchem_confirmatory,1,1.0,True,False,True
RHPSIPFSVPURJS-FOTNASDISA-N,pubchem_confirmatory,1,1.0,True,False,True
RHPSIPFSVPURJS-CYKVULKJSA-N,pubchem_confirmatory,1,1.0,True,False,True
UJTQYQLYPNEBMM-JPEVHGAISA-N,bindingdb|pubchem_confirmatory,2,0.5,False,True,True
UCGGMFLLXAXMSA-HKGBXIQFSA-N,bindingdb|pubchem_confirmatory,2,0.5,False,True,True
HJVYIMFLDZZYRV-AUZMWRNASA-N,bindingdb|pubchem_confirmatory,2,0.5,False,True,True
VODPLDTWMZSPNB-PRNYMFJNSA-N,bindingdb|pubchem_confirmatory,2,0.5,False,True,True
DFRXDCSOZQHYAU-YIOSSIBISA-N,bindingdb|pubchem_confirmatory,2,0.5,False,True,True
ZWIAESBSGAIVDW-NDKUEENFSA-N,bindingdb|pubchem_confirmatory,2,0.5,False,True,True
FAKZLEOJTWMVSN-JZIKNROVSA-N,bindingdb|pubchem_confirmatory,2,0.5,False,True,True
CMQWSBAXXALMTC-AUZMWRNASA-N,bindingdb|pubchem_confirmatory,2,0.5,False,True,True
KIBZKMCXHPYPHZ-IGISAERJSA-N,bindingdb|pubchem_confirmatory,2,0.5,False,True,True
UWUVVCHTUJBFLE-TYJKYYPBSA-N,bindingdb|pubchem_confirmatory,2,0.5,False,True,True
UTUSLQBFYBDOMT-KQUPGTECSA-N,bindingdb|pubchem_confirmatory,2,0.5,False,True,True
IVASBRWHQYHLPL-WYSLSVGLSA-N,bindingdb|pubchem_confirmatory,2,0.5,False,True,True
SISHJFJFVJDMHT-NDKUEENFSA-N,bindingdb|pubchem_confirmatory,2,0.5,False,True,True
LDSVNPSREJHGDG-IUBQTAPSSA-N,bindingdb|pubchem_confirmatory,2,0.5,False,True,True
UXMXWUNQSRXWGJ-IUBQTAPSSA-N,bindingdb|pubchem_confirmatory,2,0.5,False,True,True
AKJRMUHBZISHMO-HKGBXIQFSA-N,bindingdb|pubchem_confirmatory,2,0.5,False,True,True
WUMXZMJDSNUNQV-NDKUEENFSA-N,bindingdb|pubchem_confirmatory,2,0.5,False,True,True
OBSQPMBXCPWFHA-GTTZXYGSSA-N,bindingdb|pubchem_confirmatory,2,0.5,False,True,True
BGCRNIJCOVTIBD-KLNWILNISA-N,bindingdb|pubchem_confirmatory,2,0.5,False,True,True
OQSKHEIMHLTVNN-KLNWILNISA-N,bindingdb|pubchem_confirmatory,2,0.5,False,True,True
FPGYTBLIQLDNFK-KFOHMRLHSA-N,bindingdb|pubchem_confirmatory,2,0.5,False,True,True
XKSGTYRCTXASKW-RPAZBDDQSA-N,bindingdb|pubchem_confirmatory,2,0.5,False,True,True
XNQHVJOLKSRRLY-KVYOAWSJSA-N,bindingdb|pubchem_confirmatory,2,0.5,False,True,True
AMMUITPQFDEUJP-SWWFSWNPSA-N,bindingdb|pubchem_confirmatory,2,0.5,False,True,True
ZAKAHILPOZRHQU-QZTJIDSGSA-N,bindingdb|pubchem_confirmatory,2,0.5,False,True,True
NEHYHWNSTMHJTE-NFHUAXAMSA-N,bindingdb|pubchem_confirmatory,2,0.5,False,True,True
YPXBNWXLJSPJQX-IAGOWNOFSA-N,bindingdb|pubchem_confirmatory,2,0.5,False,True,True
KDTKBJICSDWMAL-HZPDHXFCSA-N,bindingdb|pubchem_confirmatory,2,0.5,False,True,True
PCUSAHFKZUSQDL-VJBLKOIQSA-N,bindingdb|pubchem_confirmatory,2,0.5,False,True,True
WSESUCNWWBAUIH-WOJBJXKFSA-N,bindingdb|pubchem_confirmatory,2,0.5,False,True,True
OSIUANACYCCNCV-WJPVBLRZSA-N,bindingdb|pubchem_confirmatory,2,0.5,False,True,True
JZFTYGONYNFMAD-GSDGAUQMSA-N,bindingdb|pubchem_confirmatory,2,0.5,False,True,True
DQGUPMKNSOTKRJ-GSDGAUQMSA-N,bindingdb|pubchem_confirmatory,2,0.5,False,True,True
IIAMTGMLHSLYFN-VJBLKOIQSA-N,bindingdb|pubchem_confirmatory,2,0.5,False,True,True
BJABAWQMYVBWRL-HIIGZGGBSA-N,bindingdb|pubchem_confirmatory,2,0.5,False,True,True
GRKUPZPOSQTAPO-HKGBXIQFSA-N,bindingdb|pubchem_confirmatory,2,0.5,False,True,True
SWODMSMUSYWLHH-HKGBXIQFSA-N,bindingdb|pubchem_confirmatory,2,0.5,False,True,True
WEKOBRIJDZLNEF-UKPISFLSSA-N,bindingdb|pubchem_confirmatory,2,0.5,False,True,True
IAPOQLPGVURKKZ-VJBLKOIQSA-N,bindingdb|pubchem_confirmatory,2,0.5,False,True,True
RIYZVRYTRRAPNZ-UKPISFLSSA-N,bindingdb|pubchem_confirmatory,2,0.5,False,True,True
FCKWKMBZSBEFAZ-KLNWILNISA-N,bindingdb|pubchem_confirmatory,2,0.5,False,True,True
MOALSGPXFLABGC-VJBLKOIQSA-N,bindingdb|pubchem_confirmatory,2,0.5,False,True,True
ONPLNGUGKDPXMF-VJBLKOIQSA-N,bindingdb|pubchem_confirmatory,2,0.5,False,True,True
CWEJGFLIVNSSFI-AUZMWRNASA-N,bindingdb|pubchem_confirmatory,2,0.5,False,True,True
PHMVINYOFRRKFR-XPHRQAEKSA-N,bindingdb|pubchem_confirmatory,2,0.5,False,True,True
QCRLHXAAIIEUMT-KLNWILNISA-N,bindingdb|pubchem_confirmatory,2,0.5,False,True,True
SDLGZAGDBPBEEF-RUZDIDTESA-N,bindingdb|pubchem_confirmatory,2,0.5,False,True,True
GQIGCAZCFDCIMF-RUZDIDTESA-N,bindingdb|pubchem_confirmatory,2,0.5,False,True,True
GLWBCBFCDMHPMP-HSZRJFAPSA-N,bindingdb|pubchem_confirmatory,2,0.5,False,True,True
UDCZJAWDUZQVMO-QGZVFWFLSA-N,bindingdb|pubchem_confirmatory,2,0.5,False,True,True
DFTRMYDFWWJHOS-AUSIDOKSSA-N,bindingdb|pubchem_confirmatory,2,0.5,False,True,True
HWAGLZNJGHSMPN-SKCUWOTOSA-N,bindingdb|pubchem_confirmatory,2,0.5,False,True,True
HWAGLZNJGHSMPN-DFHRPNOPSA-N,bindingdb|pubchem_confirmatory,2,0.5,False,True,True
JLNUELQXAWUXPA-WOJBJXKFSA-N,bindingdb|pubchem_confirmatory,2,0.5,False,True,True
OFGLSBNKSQHREF-IBGZPJMESA-N,bindingdb|pubchem_confirmatory,2,0.5,False,True,True
DMMISAFXPXAAAV-BWKNWUBXSA-N,bindingdb|pubchem_confirmatory,2,0.5,False,True,True
DXCIAASWXPENNK-IBGZPJMESA-N,bindingdb|pubchem_confirmatory,2,0.5,False,True,True
UVFFNQDTNYNSOW-WIYYLYMNSA-N,bindingdb|pubchem_confirmatory,2,0.5,False,True,True
SQMIBZLRDFMZFZ-OFNKIYASSA-N,bindingdb|pubchem_confirmatory,2,0.5,False,True,True
CDBXAUGXTYEGOC-MHZLTWQESA-N,bindingdb|pubchem_confirmatory,2,0.5,False,True,True
KWIAQQUVDLIMIE-MHZLTWQESA-N,bindingdb|pubchem_confirmatory,2,0.5,False,True,True
UGUKWMXQVBWOLY-QHCPKHFHSA-N,bindingdb|pubchem_confirmatory,2,0.5,False,True,True
WBCCJNJWNJVUJD-MHZLTWQESA-N,bindingdb|pubchem_confirmatory,2,0.5,False,True,True
WPRRSSXPBRMXNU-MHZLTWQESA-N,bindingdb|pubchem_confirmatory,2,0.5,False,True,True
KEBFCTNHFQLWPI-QFIPXVFZSA-N,bindingdb|pubchem_confirmatory,2,0.5,False,True,True
XXYDJADHSZBACI-VWLOTQADSA-N,bindingdb|pubchem_confirmatory,2,0.5,False,True,True
FEVIMWKHIZOJKP-YFUNYDNQSA-N,bindingdb|pubchem_confirmatory,2,0.5,False,True,True
IHICPRITNHGJMK-GOSISDBHSA-N,bindingdb|pubchem_confirmatory,2,0.5,False,True,True
FKIUJYUNZVNKKC-GOSISDBHSA-N,bindingdb|pubchem_confirmatory,2,0.5,False,True,True
PJMIIVNQZITCIM-LJQANCHMSA-N,bindingdb|pubchem_confirmatory,2,0.5,False,True,True
NAHUEHDPAYKUFC-MRXNPFEDSA-N,bindingdb|pubchem_confirmatory,2,0.5,False,True,True
CKJLSDOHPGMDTO-UHFFFAOYSA-N,bindingdb|pubchem_confirmatory,2,0.5,False,True,True
POGULWWRDBSAKD-UHFFFAOYSA-N,bindingdb|pubchem_confirmatory,2,0.5,False,True,True
OCIHVOPEKGPLTO-UHFFFAOYSA-N,bindingdb|pubchem_confirmatory,2,0.5,False,True,True
BTJKEACCHIGMPB-HXUWFJFHSA-N,bindingdb|pubchem_confirmatory,2,0.5,False,True,True
ZBWXTEXNMKRCOJ-QFIPXVFZSA-N,bindingdb|pubchem_confirmatory,2,0.5,False,True,True
GIULMMSEEDMYFG-QFIPXVFZSA-N,bindingdb|pubchem_confirmatory,2,0.5,False,True,True
LARDFWXNOVHHCR-GOSISDBHSA-N,bindingdb|pubchem_confirmatory,2,0.5,False,True,True
JKCGAUGQZHYWTE-NRFANRHFSA-N,bindingdb|pubchem_confirmatory,2,0.5,False,True,True
BTZLRGSIKDYAEP-PERKSNPHSA-N,bindingdb|pubchem_confirmatory,2,0.5,False,True,True
CIQGBHJMJPWVDZ-ZDFQTVLFSA-N,bindingdb|pubchem_confirmatory,2,0.5,False,True,True
CIQGBHJMJPWVDZ-KUKJJJIBSA-N,bindingdb|pubchem_confirmatory,2,0.5,False,True,True
GJGMACGPUUPGEY-QGZVFWFLSA-N,bindingdb|pubchem_confirmatory,2,0.5,False,True,True
JMOWCAAJIURAIX-QGZVFWFLSA-N,bindingdb|pubchem_confirmatory,2,0.5,False,True,True
KXORAWBBRZHLGF-MRXNPFEDSA-N,bindingdb|pubchem_confirmatory,2,0.5,False,True,True
NGNVROYRKLFSFO-GOSISDBHSA-N,bindingdb|pubchem_confirmatory,2,0.5,False,True,True
RWSNXAKJOOUGIW-OAHLLOKOSA-N,bindingdb|pubchem_confirmatory,2,0.5,False,True,True
HSVYIINOGNXBAF-CQSZACIVSA-N,bindingdb|pubchem_confirmatory,2,0.5,False,True,True
IKJMEODKPRDSEU-CQSZACIVSA-N,bindingdb|pubchem_confirmatory,2,0.5,False,True,True
ZNDOTDMSMGQIRY-MRXNPFEDSA-N,bindingdb|pubchem_confirmatory,2,0.5,False,True,True
VIWAVTJCEMXXSD-OAHLLOKOSA-N,bindingdb|pubchem_confirmatory,2,0.5,False,True,True
VSUOJBFGFSPGJH-OAHLLOKOSA-N,bindingdb|pubchem_confirmatory,2,0.5,False,True,True
RVYQMCQZUJTWCF-QGZVFWFLSA-N,bindingdb|pubchem_confirmatory,2,0.5,False,True,True
LCSFKIYKFZUCMW-MRXNPFEDSA-N,bindingdb|pubchem_confirmatory,2,0.5,False,True,True
PHHFLBJXWBASPA-QGZVFWFLSA-N,bindingdb|pubchem_confirmatory,2,0.5,False,True,True
SFORXOHEZOCFPF-QGZVFWFLSA-N,bindingdb|pubchem_confirmatory,2,0.5,False,True,True
CPZTVTNQAONWIY-OAHLLOKOSA-N,bindingdb|pubchem_confirmatory,2,0.5,False,True,True
FSWKGPVEKSBSQV-OAHLLOKOSA-N,bindingdb|pubchem_confirmatory,2,0.5,False,True,True
GGPLLNWSKTVFGI-MRXNPFEDSA-N,bindingdb|pubchem_confirmatory,2,0.5,False,True,True
DNKNBSGHBNHBTP-OAHLLOKOSA-N,bindingdb|pubchem_confirmatory,2,0.5,False,True,True
OXIIVXYCZIOIQU-OAHLLOKOSA-N,bindingdb|pubchem_confirmatory,2,0.5,False,True,True
PODBEFGDRZBSHE-MRXNPFEDSA-N,bindingdb|pubchem_confirmatory,2,0.5,False,True,True
BPTRUIORDPDNFI-OAHLLOKOSA-N,bindingdb|pubchem_confirmatory,2,0.5,False,True,True
BOAQIJHPSWEUJK-QGZVFWFLSA-N,bindingdb|pubchem_confirmatory,2,0.5,False,True,True
GWWKYBLGMYDNIH-GOSISDBHSA-N,bindingdb|pubchem_confirmatory,2,0.5,False,True,True
OAAKCMIJQBHMRE-QGZVFWFLSA-N,bindingdb|pubchem_confirmatory,2,0.5,False,True,True
RJZCGXUDBPUTBA-MUMRKEEXSA-N,bindingdb|pubchem_confirmatory,2,0.5,False,True,True
GNQUHEGPEMQHLJ-QGZVFWFLSA-N,bindingdb|pubchem_confirmatory,2,0.5,False,True,True
FSOAGAKJFRZJAZ-CQSZACIVSA-N,bindingdb|pubchem_confirmatory,2,0.5,False,True,True
FLDNYEMVCVLQMI-OAHLLOKOSA-N,bindingdb|pubchem_confirmatory,2,0.5,False,True,True
SVOAWTLDSVLLES-JZYQJFMBSA-N,bindingdb|pubchem_confirmatory,2,0.5,False,True,True
IOYVIHRTLNFWRZ-OAHLLOKOSA-N,bindingdb|pubchem_confirmatory,2,0.5,False,True,True
QTYSSIWSJMUYTB-HXUWFJFHSA-N,bindingdb|pubchem_confirmatory,2,0.5,False,True,True
AUBUZFRPOSSOJN-HXUWFJFHSA-N,bindingdb|pubchem_confirmatory,2,0.5,False,True,True
GECMYQBXUITEJG-LJQANCHMSA-N,bindingdb|pubchem_confirmatory,2,0.5,False,True,True
JESBOMLDJCKBAM-JOCHJYFZSA-N,bindingdb|pubchem_confirmatory,2,0.5,False,True,True
QUWVVBWVBDQFLL-GOSISDBHSA-N,bindingdb|pubchem_confirmatory,2,0.5,False,True,True
KEQXCTWCDHSYTC-LJQANCHMSA-N,bindingdb|pubchem_confirmatory,2,0.5,False,True,True
OJZATKVQZOFAOF-GOSISDBHSA-N,bindingdb|pubchem_confirmatory,2,0.5,False,True,True
KNFAUNLMPSYLQT-JOCHJYFZSA-N,bindingdb|pubchem_confirmatory,2,0.5,False,True,True
IIEOBHNRPQUNSW-QGZVFWFLSA-N,bindingdb|pubchem_confirmatory,2,0.5,False,True,True
CGJWCWPGBRGADX-HXUWFJFHSA-N,bindingdb|pubchem_confirmatory,2,0.5,False,True,True
GCIZMHPSWKVAFG-OAQYLSRUSA-N,bindingdb|pubchem_confirmatory,2,0.5,False,True,True
VDOAEAGRPJXRIU-GOSISDBHSA-N,bindingdb|pubchem_confirmatory,2,0.5,False,True,True
WZEHFNJEMMJSSE-GOSISDBHSA-N,bindingdb|pubchem_confirmatory,2,0.5,False,True,True
CQNJKNBQUUFKBJ-LJQANCHMSA-N,bindingdb|pubchem_confirmatory,2,0.5,False,True,True
RJBDHCVBZYSUQY-NLLIIVPZSA-N,bindingdb|pubchem_confirmatory,2,0.5,False,True,True
ORSRFFTULICJJU-GOSISDBHSA-N,bindingdb|pubchem_confirmatory,2,0.5,False,True,True
DDGRIECZDDCVQO-DAMGRWPNSA-N,bindingdb|pubchem_confirmatory,2,0.5,False,True,True
OSOROGQEJBFLSS-WLIZHVBXSA-N,bindingdb|pubchem_confirmatory,2,0.5,False,True,False
NRUFHLHDDOYRLX-HIACHEIYSA-N,bindingdb|pubchem_confirmatory,2,0.5,False,True,True
RNDPOYAQBJXSJL-JOCHJYFZSA-N,bindingdb|pubchem_confirmatory,2,0.5,False,True,True
KJZQSRGUDLWLNB-QGZVFWFLSA-N,bindingdb|pubchem_confirmatory,2,0.5,False,True,True
WXVWOIZPYCCNRK-GOSISDBHSA-N,bindingdb|pubchem_confirmatory,2,0.5,False,True,True
MXMZWFGCQDKJIW-JKTWZELDSA-N,bindingdb|pubchem_confirmatory,2,0.5,False,True,True
DIRTWDZFIVPXJS-QGZVFWFLSA-N,bindingdb|pubchem_confirmatory,2,0.5,False,True,True
RJYQREWMFXLJJB-MPQSDHOMSA-N,bindingdb|pubchem_confirmatory,2,0.5,False,True,True
XNHQXEXKYNNWFL-MRXNPFEDSA-N,bindingdb|pubchem_confirmatory,2,0.5,False,True,True
WJJCJRZALPLFSH-QGZVFWFLSA-N,bindingdb|pubchem_confirmatory,2,0.5,False,True,True
IOJFFBDSKDENQE-LJQANCHMSA-N,bindingdb|pubchem_confirmatory,2,0.5,False,True,True
ZMWUXGNOPCLVDN-OAHLLOKOSA-N,bindingdb|pubchem_confirmatory,2,0.5,False,True,True
SOOPZWBFFBTCCV-GOSISDBHSA-N,bindingdb|pubchem_confirmatory,2,0.5,False,True,True
QPNNMLYXONASME-GOSISDBHSA-N,bindingdb|pubchem_confirmatory,2,0.5,False,True,True
TZRCGFQKPUEATO-MRXNPFEDSA-N,bindingdb|pubchem_confirmatory,2,0.5,False,True,True
FGJMZPCGYDLECH-GOSISDBHSA-N,bindingdb|pubchem_confirmatory,2,0.5,False,True,True
HMVIRNHBLWCPGV-GOSISDBHSA-N,bindingdb|pubchem_confirmatory,2,0.5,False,True,True
DDHWZXHKMXHEBG-QGZVFWFLSA-N,bindingdb|pubchem_confirmatory,2,0.5,False,True,True
JOVVAHYETADWLX-MRXNPFEDSA-N,bindingdb|pubchem_confirmatory,2,0.5,False,True,True
GKFBYTOASSBINH-GOSISDBHSA-N,bindingdb|pubchem_confirmatory,2,0.5,False,True,True
ZJLNOWCVQPHYEV-OAHLLOKOSA-N,bindingdb|pubchem_confirmatory,2,0.5,False,True,True
NCDXFMQNWMFCAP-QGZVFWFLSA-N,bindingdb|pubchem_confirmatory,2,0.5,False,True,True
ZJSSAJMLRPXZGW-MRXNPFEDSA-N,bindingdb|pubchem_confirmatory,2,0.5,False,True,True
SPEHRWXOLQGCHR-GOSISDBHSA-N,bindingdb|pubchem_confirmatory,2,0.5,False,True,True
GEKPOXBFRFCPPU-GOSISDBHSA-N,bindingdb|pubchem_confirmatory,2,0.5,False,True,True
YYHHMFCTUCISEE-HXUWFJFHSA-N,bindingdb|pubchem_confirmatory,2,0.5,False,True,True
UZVIKTGGJSCASL-LJQANCHMSA-N,bindingdb|pubchem_confirmatory,2,0.5,False,True,True
NEXMIDGMSQXXEN-LJQANCHMSA-N,bindingdb|pubchem_confirmatory,2,0.5,False,True,True
BEDVMULOVZHESD-GOSISDBHSA-N,bindingdb|pubchem_confirmatory,2,0.5,False,True,True
ZPDCABYAKMMGFC-GOSISDBHSA-N,bindingdb|pubchem_confirmatory,2,0.5,False,True,True
BAZBKTMXDBPVGR-LJQANCHMSA-N,bindingdb|pubchem_confirmatory,2,0.5,False,True,True
MPTIETMPLYQEGT-HXUWFJFHSA-N,bindingdb|pubchem_confirmatory,2,0.5,False,True,True
JMBGSAUQXKEKNL-SMTUWPOXSA-N,bindingdb|pubchem_confirmatory,2,0.5,False,True,True
MUTWJPUTDIAKTJ-GOSISDBHSA-N,bindingdb|pubchem_confirmatory,2,0.5,False,True,True
IIBJQHDPQUFOEH-MRXNPFEDSA-N,bindingdb|pubchem_confirmatory,2,0.5,False,True,True
UTVJVEBHGXPQJB-QGZVFWFLSA-N,bindingdb|pubchem_confirmatory,2,0.5,False,True,True
CLONDOGOQPBJCJ-QGZVFWFLSA-N,bindingdb|pubchem_confirmatory,2,0.5,False,True,True
MIPJPTHVKYWLQC-QGZVFWFLSA-N,bindingdb|pubchem_confirmatory,2,0.5,False,True,True
KBLXVLLTAYOALH-MRXNPFEDSA-N,bindingdb|pubchem_confirmatory,2,0.5,False,True,True
SJNCUSFRUFPKGF-GOSISDBHSA-N,bindingdb|pubchem_confirmatory,2,0.5,False,True,True
BBRFLYZZWMDXPZ-QGZVFWFLSA-N,bindingdb|pubchem_confirmatory,2,0.5,False,True,True
NCVBQIBENRCKIJ-GOSISDBHSA-N,bindingdb|pubchem_confirmatory,2,0.5,False,True,True
WSYXOJRTFFNJOR-GOSISDBHSA-N,bindingdb|pubchem_confirmatory,2,0.5,False,True,True
BVBWQMDEBGMLOC-LJQANCHMSA-N,bindingdb|pubchem_confirmatory,2,0.5,False,True,True
HCQNCHOHTPMYQO-LJQANCHMSA-N,bindingdb|pubchem_confirmatory,2,0.5,False,True,True
OLMXZVTZPNXUST-GOSISDBHSA-N,bindingdb|pubchem_confirmatory,2,0.5,False,True,True
MLVVMCBWFCPYLY-QGZVFWFLSA-N,bindingdb|pubchem_confirmatory,2,0.5,False,True,True
XACFYWHOXIXHRE-GOSISDBHSA-N,bindingdb|pubchem_confirmatory,2,0.5,False,True,True
LSWDSSONMOVGRD-GOSISDBHSA-N,bindingdb|pubchem_confirmatory,2,0.5,False,True,True
SXZCDSJDYCHXBZ-GOSISDBHSA-N,bindingdb|pubchem_confirmatory,2,0.5,False,True,True
NIXQUSWOFRGKHQ-QGZVFWFLSA-N,bindingdb|pubchem_confirmatory,2,0.5,False,True,True
KEJJFRXLZMFEOR-QGZVFWFLSA-N,bindingdb|pubchem_confirmatory,2,0.5,False,True,True
XMUQREWUNMZQON-GOSISDBHSA-N,bindingdb|pubchem_confirmatory,2,0.5,False,True,True
NYDSVPCCQDMXIQ-QFBILLFUSA-N,bindingdb|pubchem_confirmatory,2,0.5,False,True,True
NYDSVPCCQDMXIQ-VQIMIIECSA-N,bindingdb|pubchem_confirmatory,2,0.5,False,True,True
RSVAZLUMKVWQRE-LJQANCHMSA-N,bindingdb|pubchem_confirmatory,2,0.5,False,True,True
WOXMUSQRZRONES-LJQANCHMSA-N,bindingdb|pubchem_confirmatory,2,0.5,False,True,True
SUZZTHVZHLCUHR-LJQANCHMSA-N,bindingdb|pubchem_confirmatory,2,0.5,False,True,True
PXSNJFXUFTUJNH-GOSISDBHSA-N,bindingdb|pubchem_confirmatory,2,0.5,False,True,True
HGZJDOZHMXLBHT-LJQANCHMSA-N,bindingdb|pubchem_confirmatory,2,0.5,False,True,True
XDZGDYUJHNICCK-GOSISDBHSA-N,bindingdb|pubchem_confirmatory,2,0.5,False,True,True
SZDAORLNIXLOAG-VQIMIIECSA-N,bindingdb|pubchem_confirmatory,2,0.5,False,True,True
SZDAORLNIXLOAG-QFBILLFUSA-N,bindingdb|pubchem_confirmatory,2,0.5,False,True,True
SWZUDNMFFNSZDW-WOJBJXKFSA-N,bindingdb|pubchem_confirmatory,2,0.5,False,True,True
SWZUDNMFFNSZDW-UXHICEINSA-N,bindingdb|pubchem_confirmatory,2,0.5,False,True,True
CEXZQALPARZBQD-QGZVFWFLSA-N,bindingdb|pubchem_confirmatory,2,0.5,False,True,True
STZUKWVXSZOYBA-QGZVFWFLSA-N,bindingdb|pubchem_confirmatory,2,0.5,False,True,True
FFVPIMCRNBXAHR-GOSISDBHSA-N,bindingdb|pubchem_confirmatory,2,0.5,False,True,True
HRQDRDHLDJDNKO-HXUWFJFHSA-N,bindingdb|pubchem_confirmatory,2,0.5,False,True,True
WVNJPTIQOLNXNH-LJQANCHMSA-N,bindingdb|pubchem_confirmatory,2,0.5,False,True,True
ZPNVBZHDDVXTFI-LJQANCHMSA-N,bindingdb|pubchem_confirmatory,2,0.5,False,True,True
FHRVEEPTTXBEHP-LJQANCHMSA-N,bindingdb|pubchem_confirmatory,2,0.5,False,True,True
ICLOYRCVKQTLPW-LJQANCHMSA-N,bindingdb|pubchem_confirmatory,2,0.5,False,True,True
BKQLXFMMBQDQDC-HXUWFJFHSA-N,bindingdb|pubchem_confirmatory,2,0.5,False,True,True
NMGXZRBNZDRZPW-HXUWFJFHSA-N,bindingdb|pubchem_confirmatory,2,0.5,False,True,True
IJNIMFQDZTXPHZ-LJQANCHMSA-N,bindingdb|pubchem_confirmatory,2,0.5,False,True,True
AERHSFWGDRCOAX-QGZVFWFLSA-N,bindingdb|pubchem_confirmatory,2,0.5,False,True,True
SSZWXODMDKFLIW-LJQANCHMSA-N,bindingdb|pubchem_confirmatory,2,0.5,False,True,True
WGSKZOUOTNFXEM-LJQANCHMSA-N,bindingdb|pubchem_confirmatory,2,0.5,False,True,True
MUDGTUROEURMOJ-JOCHJYFZSA-N,bindingdb|pubchem_confirmatory,2,0.5,False,True,True
QGRRZABEPJXVLV-JOCHJYFZSA-N,bindingdb|pubchem_confirmatory,2,0.5,False,True,False
YNOWBYGNBXAJIG-AVKWCDSFSA-N,bindingdb|pubchem_confirmatory,2,0.5,False,True,True
OAHYAAPNEKAMOY-JOCHJYFZSA-N,bindingdb|pubchem_confirmatory,2,0.5,False,True,True
IKQMSWKUJZSFPH-OAQYLSRUSA-N,bindingdb|pubchem_confirmatory,2,0.5,False,True,True
VBPFHLZFZVJNHB-JOCHJYFZSA-N,bindingdb|pubchem_confirmatory,2,0.5,False,True,True
WHTVMZKRXKNTRN-HSZRJFAPSA-N,bindingdb|pubchem_confirmatory,2,0.5,False,True,True
ZYWAIWFONVDGEM-YADHBBJMSA-N,bindingdb|pubchem_confirmatory,2,0.5,False,True,True
ZYWAIWFONVDGEM-FGZHOGPDSA-N,bindingdb|pubchem_confirmatory,2,0.5,False,True,True
NBBKROISAFEEPG-XMMPIXPASA-N,bindingdb|pubchem_confirmatory,2,0.5,False,True,True
SHCUBGGUWYLEGD-PKTZIBPZSA-N,bindingdb|pubchem_confirmatory,2,0.5,False,True,True
SHCUBGGUWYLEGD-DHIUTWEWSA-N,bindingdb|pubchem_confirmatory,2,0.5,False,True,True
FIEGYNHFNCRQQU-XMMPIXPASA-N,bindingdb|pubchem_confirmatory,2,0.5,False,True,True
QGTREPKHLMSJOK-XMMPIXPASA-N,bindingdb|pubchem_confirmatory,2,0.5,False,True,True
ODTHJEAOHKNACY-HSZRJFAPSA-N,bindingdb|pubchem_confirmatory,2,0.5,False,True,True
BSFBGCOXMUHXIJ-HSZRJFAPSA-N,bindingdb|pubchem_confirmatory,2,0.5,False,True,True
MGVCGZLOUWBFCZ-XMMPIXPASA-N,bindingdb|pubchem_confirmatory,2,0.5,False,True,True
BROLCAPXBHVBJI-OAQYLSRUSA-N,bindingdb|pubchem_confirmatory,2,0.5,False,True,True
VEUVAKCDFZYTFE-OAQYLSRUSA-N,bindingdb|pubchem_confirmatory,2,0.5,False,True,True
FMFNHGMJLLUKKO-NHCUHLMSSA-N,bindingdb|pubchem_confirmatory,2,0.5,False,True,True
UNIPONPXXDBNDE-HSZRJFAPSA-N,bindingdb|pubchem_confirmatory,2,0.5,False,True,True
AVUAFCTYGNPVJP-JOCHJYFZSA-N,bindingdb|pubchem_confirmatory,2,0.5,False,True,True
RSRTZGDEPIBMBX-HSZRJFAPSA-N,bindingdb|pubchem_confirmatory,2,0.5,False,True,True
STLGSAAYAOEUKP-VQCQRNETSA-N,bindingdb|pubchem_confirmatory,2,0.5,False,True,True
BGFMKYKLKSBVEF-JOCHJYFZSA-N,bindingdb|pubchem_confirmatory,2,0.5,False,True,True
SQYFPVANJLVEPE-OAQYLSRUSA-N,bindingdb|pubchem_confirmatory,2,0.5,False,True,True
DRGRGHVNSRGNIH-OAQYLSRUSA-N,bindingdb|pubchem_confirmatory,2,0.5,False,True,True
RZIRBCCLBUXXFF-HXUWFJFHSA-N,bindingdb|pubchem_confirmatory,2,0.5,False,True,True
PAFUNVRYJZIYIR-OAQYLSRUSA-N,bindingdb|pubchem_confirmatory,2,0.5,False,True,True
KSUOFXAJRPMBTD-GWQXNCQPSA-N,bindingdb|pubchem_confirmatory,2,0.5,False,True,True
WQJZPMMZGDKLGN-XMMPIXPASA-N,bindingdb|pubchem_confirmatory,2,0.5,False,True,True
GGGGFNAYXFXEFY-JOCHJYFZSA-N,bindingdb|pubchem_confirmatory,2,0.5,False,True,True
CEHASYMLIFUBBA-HSZRJFAPSA-N,bindingdb|pubchem_confirmatory,2,0.5,False,True,True
IMVXOABHCURZBU-JOCHJYFZSA-N,bindingdb|pubchem_confirmatory,2,0.5,False,True,True
OBAXZLKVTJAQQK-GWQXNCQPSA-N,bindingdb|pubchem_confirmatory,2,0.5,False,True,True
GYQNCJGUXJYFBR-VQCQRNETSA-N,bindingdb|pubchem_confirmatory,2,0.5,False,True,True
RFFRJSYCHSXGKZ-OAQYLSRUSA-N,bindingdb|pubchem_confirmatory,2,0.5,False,True,True
FEATWRKTLFIYKF-PKTZIBPZSA-N,bindingdb|pubchem_confirmatory,2,0.5,False,True,True
VSJKBHQEDSMKMV-OAQYLSRUSA-N,bindingdb|pubchem_confirmatory,2,0.5,False,True,True
YNOWBYGNBXAJIG-SIKLNZKXSA-N,bindingdb|pubchem_confirmatory,2,0.5,False,True,True
BXPCGZRREZQYDR-LMNIDFBRSA-N,bindingdb|pubchem_confirmatory,2,0.5,False,True,True
BXPCGZRREZQYDR-XMSQKQJNSA-N,bindingdb|pubchem_confirmatory,2,0.5,False,True,True
MWUZLOAMYXNNJA-JOCHJYFZSA-N,bindingdb|pubchem_confirmatory,2,0.5,False,True,True
FKPVTDCPXBSTCG-JOCHJYFZSA-N,bindingdb|pubchem_confirmatory,2,0.5,False,True,True
DJTCKAPEJKCPAA-JOCHJYFZSA-N,bindingdb|pubchem_confirmatory,2,0.5,False,True,True
FLDHRRMGLNRDGE-JOCHJYFZSA-N,bindingdb|pubchem_confirmatory,2,0.5,False,True,True
JLHJOGHJVIWZAT-LMNIDFBRSA-N,bindingdb|pubchem_confirmatory,2,0.5,False,True,True
GAMAYSHPSMERTI-HSZRJFAPSA-N,bindingdb|pubchem_confirmatory,2,0.5,False,True,True
DODAJOSRNVKMCM-OAQYLSRUSA-N,bindingdb|pubchem_confirmatory,2,0.5,False,True,True
MITUXPORPLIBTC-XMSQKQJNSA-N,bindingdb|pubchem_confirmatory,2,0.5,False,True,True
DQYBRNLGMWOIAD-JOCHJYFZSA-N,bindingdb|pubchem_confirmatory,2,0.5,False,True,False
MITUXPORPLIBTC-PGRDOPGGSA-N,bindingdb|pubchem_confirmatory,2,0.5,False,True,True
NNBHDSSLDXDOEY-XMMPIXPASA-N,bindingdb|pubchem_confirmatory,2,0.5,False,True,True
PSSQKPFLUZJLND-HSZRJFAPSA-N,bindingdb|pubchem_confirmatory,2,0.5,False,True,True
LLDKYQMTBGPVTC-HXUWFJFHSA-N,bindingdb|pubchem_confirmatory,2,0.5,False,True,True
FMFNHGMJLLUKKO-RTWAWAEBSA-N,bindingdb|pubchem_confirmatory,2,0.5,False,True,True
KDKQOFDZFUPZKX-OAQYLSRUSA-N,bindingdb|pubchem_confirmatory,2,0.5,False,True,True
MRAZZAVLMJGGTL-PGRDOPGGSA-N,bindingdb|pubchem_confirmatory,2,0.5,False,True,True
MRAZZAVLMJGGTL-XMSQKQJNSA-N,bindingdb|pubchem_confirmatory,2,0.5,False,True,True
FRVOCAPBOGPYLW-JOCHJYFZSA-N,bindingdb|pubchem_confirmatory,2,0.5,False,True,True
VBQAISSBZHOEII-OAQYLSRUSA-N,bindingdb|pubchem_confirmatory,2,0.5,False,True,True
BCTQQJKXJQMLOA-GBXCKJPGSA-N,bindingdb|pubchem_confirmatory,2,0.5,False,True,True
BCTQQJKXJQMLOA-HYBUGGRVSA-N,bindingdb|pubchem_confirmatory,2,0.5,False,True,False
PBJKYPZBIVADDX-OAQYLSRUSA-N,bindingdb|pubchem_confirmatory,2,0.5,False,True,True
HBTGTXFYEACWRB-KBMIEXCESA-N,bindingdb|pubchem_confirmatory,2,0.5,False,True,True
HBTGTXFYEACWRB-CLOONOSVSA-N,bindingdb|pubchem_confirmatory,2,0.5,False,True,True
LCYBTQCRXPQMPS-LJQANCHMSA-N,bindingdb|pubchem_confirmatory,2,0.5,False,True,True
MOSOJTAQCZYCIN-FOIFJWKZSA-N,bindingdb|pubchem_confirmatory,2,0.5,False,True,True
GTVDDPZDFWYOIP-GFTAOQHMSA-N,bindingdb|pubchem_confirmatory,2,0.5,False,True,True
VUBFKCALBZMMKC-GBXCKJPGSA-N,bindingdb|pubchem_confirmatory,2,0.5,False,True,True
VUBFKCALBZMMKC-HYBUGGRVSA-N,bindingdb|pubchem_confirmatory,2,0.5,False,True,False
URHFZXAEHCNLKG-JOCHJYFZSA-N,bindingdb|pubchem_confirmatory,2,0.5,False,True,True
JDHPMTXXGYSQJC-JOCHJYFZSA-N,bindingdb|pubchem_confirmatory,2,0.5,False,True,True
SRGWEQKWOPQIRN-JARBLVMWSA-N,bindingdb|pubchem_confirmatory,2,0.5,False,True,True
KTWBTLAWWIAAFF-RUZDIDTESA-N,bindingdb|pubchem_confirmatory,2,0.5,False,True,False
IMUXWEVGVNKJNS-NRFANRHFSA-N,bindingdb|pubchem_confirmatory,2,0.5,False,True,True
XIMMRDMYGGWLQH-FQEVSTJZSA-N,bindingdb|pubchem_confirmatory,2,0.5,False,True,True
GZBBBAVDCOKBOC-DEOSSOPVSA-N,bindingdb|pubchem_confirmatory,2,0.5,False,True,False
ZKEUXGUFPRBSCQ-QGZVFWFLSA-N,bindingdb|pubchem_confirmatory,2,0.5,False,True,True
RCQTVOHSCQSVHI-OAHLLOKOSA-N,bindingdb|pubchem_confirmatory,2,0.5,False,True,True
ZOVYEOSSOOJZNB-QGZVFWFLSA-N,bindingdb|pubchem_confirmatory,2,0.5,False,True,True
UBXLZWVQUZRFHW-QGZVFWFLSA-N,bindingdb|pubchem_confirmatory,2,0.5,False,True,True
YDNSEHFBYZIAMT-HHHXNRCGSA-N,bindingdb|pubchem_confirmatory,2,0.5,False,True,True
CPDMYPFTNFIVHW-HHHXNRCGSA-N,bindingdb|pubchem_confirmatory,2,0.5,False,True,True
BUQQHRSSCZOTJC-KAYWLYCHSA-N,bindingdb|pubchem_confirmatory,2,0.5,False,True,True
DRFOLETWURAROG-KAYWLYCHSA-N,bindingdb|pubchem_confirmatory,2,0.5,False,True,True
HCTLKVZDSKMWPI-HHHXNRCGSA-N,bindingdb|pubchem_confirmatory,2,0.5,False,True,True
MHKZTFMUCWXJJM-XYHWDMEOSA-N,pubchem_confirmatory,1,1.0,True,False,True
GMXRDAAVNXOYRT-USNDMVSTSA-N,pubchem_confirmatory,1,1.0,True,False,True
PXPQFCFYLOEZPV-MOFFZIGISA-N,bindingdb|pubchem_confirmatory,2,0.5,False,True,True
OXRAKUTXYUCYMA-OZIXFKSASA-N,bindingdb|pubchem_confirmatory,2,0.5,False,True,True
IAFUWMLPVUBCBV-CGCOGMFASA-N,bindingdb|pubchem_confirmatory,2,0.5,False,True,True
MXBVRVAJZGACRJ-MUUNZHRXSA-N,bindingdb|pubchem_confirmatory,2,0.5,False,True,True
AAJRSBOTZBWOPW-GDLZYMKVSA-N,bindingdb|pubchem_confirmatory,2,0.5,False,True,True
ZMFZTCYELZMIET-FQLXRVMXSA-N,bindingdb|pubchem_confirmatory,2,0.5,False,True,True
BFPJBBYEFNGGHE-RDVROTLESA-N,bindingdb|pubchem_confirmatory,2,0.5,False,True,True
SKFSXWQPGUXFOT-SKCUWOTOSA-N,bindingdb|pubchem_confirmatory,2,0.5,False,True,True
PGEGCKMBGITENY-KPGYKUMBSA-N,bindingdb|pubchem_confirmatory,2,0.5,False,True,True
SKFSXWQPGUXFOT-RBISFHTESA-N,bindingdb|pubchem_confirmatory,2,0.5,False,True,True
PGEGCKMBGITENY-GJJMEYSYSA-N,bindingdb|pubchem_confirmatory,2,0.5,False,True,True
LVKRFCGQXGOGIO-VSGBNLITSA-N,bindingdb|pubchem_confirmatory,2,0.5,False,True,True
BAODMOBRXUEXHT-HHHXNRCGSA-N,bindingdb|pubchem_confirmatory,2,0.5,False,True,True
VIOGQAPMDAUXMS-KAYWLYCHSA-N,bindingdb|pubchem_confirmatory,2,0.5,False,True,True
XKOQSLVBGIMYKN-QWOIGCLMSA-N,bindingdb|pubchem_confirmatory,2,0.5,False,True,True
DADWJMZECNHSRL-CWVCZNRYSA-N,bindingdb|pubchem_confirmatory,2,0.5,False,True,True
VMWNIXQHLMWFRW-HHHXNRCGSA-N,bindingdb|pubchem_confirmatory,2,0.5,False,True,True
ABPLBQSMYAWSDB-KAYWLYCHSA-N,bindingdb|pubchem_confirmatory,2,0.5,False,True,True
YISYFMRZJHRXII-IIGOATNISA-N,bindingdb|pubchem_confirmatory,2,0.5,False,True,True
WEWLLXCSTPXCAE-GTJYFZDJSA-N,bindingdb|pubchem_confirmatory,2,0.5,False,True,True
VBSWAUQINPNDCI-CLJLJLNGSA-N,bindingdb|pubchem_confirmatory,2,0.5,False,True,True
KVMPLKNGFPPJEW-HWVXXCOISA-N,pubchem_confirmatory,1,1.0,True,False,True
QJHCQHOSFJHTOT-UHTJZSEESA-N,bindingdb|pubchem_confirmatory,2,0.5,False,True,True
JJGYWKXZFXQJAK-AREMUKBSSA-N,bindingdb|pubchem_confirmatory,2,0.5,False,True,True
LFNUUCVWQIPJNI-IEPMUOFNSA-N,pubchem_confirmatory,1,1.0,True,False,True
YMKYZWLTPNNGGI-CLJLJLNGSA-N,bindingdb|pubchem_confirmatory,2,0.5,False,True,True
SIQFSMORDDWOQU-AREMUKBSSA-N,bindingdb|pubchem_confirmatory,2,0.5,False,True,True
DFQZFXZWGBIVAD-CLJLJLNGSA-N,bindingdb|pubchem_confirmatory,2,0.5,False,True,True
XSVSYKMHEAURFC-HFZDXXHNSA-N,bindingdb|pubchem_confirmatory,2,0.5,False,True,True
ZEDBQHUFQMXLGU-GKBBYZSKSA-N,bindingdb|pubchem_confirmatory,2,0.5,False,True,True
XSVSYKMHEAURFC-QFQXNSOFSA-N,bindingdb|pubchem_confirmatory,2,0.5,False,True,True
ZEDBQHUFQMXLGU-LIKDZFNVSA-N,bindingdb|pubchem_confirmatory,2,0.5,False,True,True
CQGWPDDLIRVUCO-JWQCQUIFSA-N,bindingdb|pubchem_confirmatory,2,0.5,False,True,True
GMZVAQJVBFWSIS-RUZDIDTESA-N,bindingdb|pubchem_confirmatory,2,0.5,False,True,True
TWYDFTDLDAMGKO-IEPMUOFNSA-N,pubchem_confirmatory,1,1.0,True,False,True
YPPQRURPQMXKTK-XDOPXQJJSA-N,bindingdb|pubchem_confirmatory,2,0.5,False,True,True
NMYIFZHSXIIJDI-ZJGIAAPESA-N,bindingdb|pubchem_confirmatory,2,0.5,False,True,True
YPPQRURPQMXKTK-HOLBEBDISA-N,bindingdb|pubchem_confirmatory,2,0.5,False,True,True
NMYIFZHSXIIJDI-RFYMFKDESA-N,bindingdb|pubchem_confirmatory,2,0.5,False,True,True
YLJGRIPQHGGABG-MDWDQMQMSA-N,bindingdb|pubchem_confirmatory,2,0.5,False,True,True
RDISGKDBXNRXEZ-AREMUKBSSA-N,bindingdb|pubchem_confirmatory,2,0.5,False,True,True
ZEFWTEDSWFEURK-HWVXXCOISA-N,pubchem_confirmatory,1,1.0,True,False,True
PLZPLPCERVJEBV-LIKDZFNVSA-N,bindingdb|pubchem_confirmatory,2,0.5,False,True,True
FUBHBWLOTIIEOC-QFQXNSOFSA-N,bindingdb|pubchem_confirmatory,2,0.5,False,True,True
PLZPLPCERVJEBV-GKBBYZSKSA-N,bindingdb|pubchem_confirmatory,2,0.5,False,True,True
FUBHBWLOTIIEOC-HFZDXXHNSA-N,bindingdb|pubchem_confirmatory,2,0.5,False,True,True
KDDPWMGTOWJRQX-KRYSULRRSA-N,bindingdb|pubchem_confirmatory,2,0.5,False,True,True
NCLAAPCNBVUGDN-RCEYKGAOSA-N,bindingdb|pubchem_confirmatory,2,0.5,False,True,True
BIEHPBDPBWAUFZ-RUZDIDTESA-N,bindingdb|pubchem_confirmatory,2,0.5,False,True,True
WYDCZEIMAZCOQF-JWQCQUIFSA-N,bindingdb|pubchem_confirmatory,2,0.5,False,True,True
HXMFREZILWTLNO-JWQCQUIFSA-N,bindingdb|pubchem_confirmatory,2,0.5,False,True,True
NJIZQLYOSFZOGC-GQVVIVCQSA-N,bindingdb|pubchem_confirmatory,2,0.5,False,True,True
CYFOPJXHNCFKBO-WXFUMESZSA-N,bindingdb|pubchem_confirmatory,2,0.5,False,True,True
YWVMZSUTMJFQOO-NRWPOFLRSA-N,bindingdb|pubchem_confirmatory,2,0.5,False,True,True
OJADNJGVKBJUIW-LYWQJQBASA-N,bindingdb|pubchem_confirmatory,2,0.5,False,True,True
GNLNNCWVFJCDTI-XMMPIXPASA-N,bindingdb|pubchem_confirmatory,2,0.5,False,True,True
CQVIRQXKSDGPOF-DNQXCXABSA-N,bindingdb|pubchem_confirmatory,2,0.5,False,True,True
CIIHYWMLMWIWJT-DNQXCXABSA-N,bindingdb|pubchem_confirmatory,2,0.5,False,True,True
QEOHHAPIPGPIKD-XMMPIXPASA-N,bindingdb|pubchem_confirmatory,2,0.5,False,True,True
KAGCILQUYYIHNJ-RPWUZVMVSA-N,bindingdb|pubchem_confirmatory,2,0.5,False,True,True
CYFOPJXHNCFKBO-SMIHKQSGSA-N,bindingdb|pubchem_confirmatory,2,0.5,False,True,True
KAGCILQUYYIHNJ-DNQXCXABSA-N,bindingdb|pubchem_confirmatory,2,0.5,False,True,True
RMDZEYGVJXVEHQ-MQNHUJCZSA-N,bindingdb|pubchem_confirmatory,2,0.5,False,True,True
DIJJZENEBLRQKH-BPAKYRGESA-N,bindingdb|pubchem_confirmatory,2,0.5,False,True,True
QBXBCMGLHGMKAG-GWQXNCQPSA-N,bindingdb|pubchem_confirmatory,2,0.5,False,True,True
QJNIOIAUPWMKOU-QENMJEOYSA-N,bindingdb|pubchem_confirmatory,2,0.5,False,True,True
DKBLOHHXXWZULV-ZLNRFVROSA-N,bindingdb|pubchem_confirmatory,2,0.5,False,True,True
APFXDZBPJMVCRF-PKTZIBPZSA-N,bindingdb|pubchem_confirmatory,2,0.5,False,True,True
APFXDZBPJMVCRF-DHIUTWEWSA-N,bindingdb|pubchem_confirmatory,2,0.5,False,True,True
JNZBVJKZOKYVKZ-BPAKYRGESA-N,bindingdb|pubchem_confirmatory,2,0.5,False,True,True
ZWMCVIZGYFDPSW-JWQCQUIFSA-N,bindingdb|pubchem_confirmatory,2,0.5,False,True,True
OKROUWZDMIYAIL-RUZDIDTESA-N,bindingdb|pubchem_confirmatory,2,0.5,False,True,True
MFIDEXGRKUPUPR-NRWPOFLRSA-N,bindingdb|pubchem_confirmatory,2,0.5,False,True,True
OULRGCVEKWBPTA-LYWQJQBASA-N,bindingdb|pubchem_confirmatory,2,0.5,False,True,True
QKLBKJCZKCYZIX-XMMPIXPASA-N,bindingdb|pubchem_confirmatory,2,0.5,False,True,True
YZCLJWRMRRFTHD-DNQXCXABSA-N,bindingdb|pubchem_confirmatory,2,0.5,False,True,True
IKNRDUUFQHLWSP-XMMPIXPASA-N,bindingdb|pubchem_confirmatory,2,0.5,False,True,True
IIWCKVZWLWDNIR-DNQXCXABSA-N,bindingdb|pubchem_confirmatory,2,0.5,False,True,True
NQAWFKTVSVIIDK-RPWUZVMVSA-N,bindingdb|pubchem_confirmatory,2,0.5,False,True,True
BCESHBWCHFYXIL-SMIHKQSGSA-N,bindingdb|pubchem_confirmatory,2,0.5,False,True,True
NQAWFKTVSVIIDK-DNQXCXABSA-N,bindingdb|pubchem_confirmatory,2,0.5,False,True,True
BCESHBWCHFYXIL-WXFUMESZSA-N,bindingdb|pubchem_confirmatory,2,0.5,False,True,True
PRQDIUUVPLUXRG-MQNHUJCZSA-N,bindingdb|pubchem_confirmatory,2,0.5,False,True,True
IGZIDTNYUHLUDZ-GWQXNCQPSA-N,bindingdb|pubchem_confirmatory,2,0.5,False,True,True
KLDCGLMAAQKVOZ-DHIUTWEWSA-N,bindingdb|pubchem_confirmatory,2,0.5,False,True,True
YLSQTWLLZHWBRY-HSZRJFAPSA-N,bindingdb|pubchem_confirmatory,2,0.5,False,True,True
MTKIMZIBIRCFSI-JWQCQUIFSA-N,bindingdb|pubchem_confirmatory,2,0.5,False,True,True
XHAHHEPCIWJFOZ-RUZDIDTESA-N,bindingdb|pubchem_confirmatory,2,0.5,False,True,True
INTIBJQLLPOYKV-HSZRJFAPSA-N,bindingdb|pubchem_confirmatory,2,0.5,False,True,True
FIDIKNOAPFECFZ-DNQXCXABSA-N,bindingdb|pubchem_confirmatory,2,0.5,False,True,True
ZWCHQONPPFWELH-XMMPIXPASA-N,bindingdb|pubchem_confirmatory,2,0.5,False,True,True
VRWQITKRSFXCGO-HSZRJFAPSA-N,bindingdb|pubchem_confirmatory,2,0.5,False,True,True
GTAJYNPVNWSSOD-DHIUTWEWSA-N,bindingdb|pubchem_confirmatory,2,0.5,False,True,True
LXCFVANXUHNYJR-QENMJEOYSA-N,bindingdb|pubchem_confirmatory,2,0.5,False,True,True
QNGJVCCTAMVJFX-YTSZEIANSA-N,bindingdb|pubchem_confirmatory,2,0.5,False,True,True
RZXRNZDVUACQLP-POVBZKEPSA-N,bindingdb|pubchem_confirmatory,2,0.5,False,True,True
QNGJVCCTAMVJFX-KDSCZNHLSA-N,bindingdb|pubchem_confirmatory,2,0.5,False,True,True
GGMCVRJPNGHOEL-HSZRJFAPSA-N,bindingdb|pubchem_confirmatory,2,0.5,False,True,True
VMPJJXWAVFAFKU-DHIUTWEWSA-N,bindingdb|pubchem_confirmatory,2,0.5,False,True,True
FTIUWGQCUFAGIV-JWQCQUIFSA-N,bindingdb|pubchem_confirmatory,2,0.5,False,True,True
IUZXRGLRAITQQP-RUZDIDTESA-N,bindingdb|pubchem_confirmatory,2,0.5,False,True,True
AFTXBSOULIGDQG-DHIUTWEWSA-N,bindingdb|pubchem_confirmatory,2,0.5,False,True,True
JWNHQWFHZPTXSC-QENMJEOYSA-N,bindingdb|pubchem_confirmatory,2,0.5,False,True,True
XXDNUMUDDCAXNQ-DNQXCXABSA-N,bindingdb|pubchem_confirmatory,2,0.5,False,True,True
CZVROBPEHUHFMR-XMMPIXPASA-N,bindingdb|pubchem_confirmatory,2,0.5,False,True,True
XOLAWWUOASQDJW-GWQXNCQPSA-N,bindingdb|pubchem_confirmatory,2,0.5,False,True,True
GRELTELGHHMRIF-WOJBJXKFSA-N,bindingdb|pubchem_confirmatory,2,0.5,False,True,True
FWTBPROGHVFNAI-DHIUTWEWSA-N,bindingdb|pubchem_confirmatory,2,0.5,False,True,True
GIXOIFVRHYOSGB-KXNZUKPASA-N,bindingdb|pubchem_confirmatory,2,0.5,False,True,True
GORHVNASFSSFSK-MCSCQSGASA-N,bindingdb|pubchem_confirmatory,2,0.5,False,True,True
YOYDPVUNRIUSEI-CDNDPLPTSA-N,bindingdb|pubchem_confirmatory,2,0.5,False,True,True
RAZVUSORHXVZNY-NFDBJIOVSA-N,bindingdb|pubchem_confirmatory,2,0.5,False,True,True
VTVMQRLFFHMHQN-STHVYQTBSA-N,bindingdb|pubchem_confirmatory,2,0.5,False,True,True
SCGLAMJDMAQZFI-UEFMTQSISA-N,bindingdb|pubchem_confirmatory,2,0.5,False,True,True
RBTZNVIWXIVMMY-JCHVILAISA-N,bindingdb|pubchem_confirmatory,2,0.5,False,True,True
ZTPIEMNVEJJKRU-WMXNZVEGSA-N,bindingdb|pubchem_confirmatory,2,0.5,False,True,True
TXKRUQCELJEQGL-WPKRCUIDSA-N,bindingdb|pubchem_confirmatory,2,0.5,False,True,True
ZGYBGKSOBINACM-CXBZOWBPSA-N,bindingdb|pubchem_confirmatory,2,0.5,False,True,True
ZQVYYHNNMKSGCO-JCHVILAISA-N,bindingdb|pubchem_confirmatory,2,0.5,False,True,True
OWIDMWNNDFBKCK-CXBZOWBPSA-N,bindingdb|pubchem_confirmatory,2,0.5,False,True,True
HRRQSXKYMQQMNF-LTFVAXTNSA-N,bindingdb|pubchem_confirmatory,2,0.5,False,True,True
FGCVPJWMBIQIDW-WOJBJXKFSA-N,bindingdb|pubchem_confirmatory,2,0.5,False,True,True
VXGWSUUVDGKYMR-RTBURBONSA-N,bindingdb|pubchem_confirmatory,2,0.5,False,True,True
CBLFTZBVQORRHU-JWQCQUIFSA-N,bindingdb|pubchem_confirmatory,2,0.5,False,True,True
HKKJEORZMCXVRL-NHCUHLMSSA-N,bindingdb|pubchem_confirmatory,2,0.5,False,True,True
YJWYWNBNOKFJIH-JWQCQUIFSA-N,bindingdb|pubchem_confirmatory,2,0.5,False,True,True
KDMFAUGIKFMSFI-FGZHOGPDSA-N,bindingdb|pubchem_confirmatory,2,0.5,False,True,True
DGHLWJSWFXMKAH-JWQCQUIFSA-N,bindingdb|pubchem_confirmatory,2,0.5,False,True,True
ZGIGZTBLIACNHH-JWQCQUIFSA-N,bindingdb|pubchem_confirmatory,2,0.5,False,True,True
HFZRSAHIIAPJCK-JNLMOAAUSA-N,bindingdb|pubchem_confirmatory,2,0.5,False,True,True
RAUODIQCNRADFS-DVUYKQPWSA-N,bindingdb|pubchem_confirmatory,2,0.5,False,True,True
RRGUGGBIAUXHHF-PWJCZFGMSA-N,bindingdb|pubchem_confirmatory,2,0.5,False,True,True
UYVLYDONXPNIBJ-UOLLPAKTSA-N,bindingdb|pubchem_confirmatory,2,0.5,False,True,True
FPPWTSCRQIYKIK-MOBAFLLYSA-N,bindingdb|pubchem_confirmatory,2,0.5,False,True,True
BSJSARGHUZBAQN-YDJYNLAZSA-N,bindingdb|pubchem_confirmatory,2,0.5,False,True,True
BRRKJRBDYXQWFB-PIIWDFAUSA-N,bindingdb|pubchem_confirmatory,2,0.5,False,True,True
MEBCNFOTLYYPPP-KAYWLYCHSA-N,bindingdb|pubchem_confirmatory,2,0.5,False,True,True
KZTCOZXARZUPLB-KAYWLYCHSA-N,bindingdb|pubchem_confirmatory,2,0.5,False,True,True
HENJFDQZUYYMMH-DNQXCXABSA-N,bindingdb|pubchem_confirmatory,2,0.5,False,True,True
INCGGWJZZCIGFP-JWQCQUIFSA-N,bindingdb|pubchem_confirmatory,2,0.5,False,True,True
UQVKHZQRAXXEEB-ZGFBMJKBSA-N,bindingdb|pubchem_confirmatory,2,0.5,False,True,True
QHDHVSAAMPCLMC-JWQCQUIFSA-N,bindingdb|pubchem_confirmatory,2,0.5,False,True,True
AQVIUKGCJSPUHC-MVOZIGHISA-N,bindingdb|pubchem_confirmatory,2,0.5,False,True,True
GVXRBNZIIZNXOA-DHIUTWEWSA-N,bindingdb|pubchem_confirmatory,2,0.5,False,True,True
GMYCIZNMVILQMJ-INXVGGANSA-N,bindingdb|pubchem_confirmatory,2,0.5,False,True,True
MXXZCPWFJOMMTG-INYXTNAKSA-N,bindingdb|pubchem_confirmatory,2,0.5,False,True,True
NYHWRDHUVJPSRH-PSGUAHCZSA-N,bindingdb|pubchem_confirmatory,2,0.5,False,True,True
SEIQNLLYUUFGMR-WVSXHZKHSA-N,bindingdb|pubchem_confirmatory,2,0.5,False,True,True
QWQNRWYTWVVVKW-CDHPUSFOSA-N,bindingdb|pubchem_confirmatory,2,0.5,False,True,True
UTUVYCHDBKIHLW-JCHVILAISA-N,bindingdb|pubchem_confirmatory,2,0.5,False,True,True
GDOMBMVTELLZRR-QZPZUKOXSA-N,bindingdb|pubchem_confirmatory,2,0.5,False,True,True
NEMICLZENKIVSE-FTNFKZBYSA-N,bindingdb|pubchem_confirmatory,2,0.5,False,True,True
VCRPZYSWYJNSSU-GQVVIVCQSA-N,bindingdb|pubchem_confirmatory,2,0.5,False,True,True
YPEXCJTVBGDWIB-LAAJAHEYSA-N,bindingdb|pubchem_confirmatory,2,0.5,False,True,True
LYLYPPKAEFAOHQ-QZPZUKOXSA-N,bindingdb|pubchem_confirmatory,2,0.5,False,True,True
PNCUCIKWLLCTEX-LCRYKWFRSA-N,bindingdb|pubchem_confirmatory,2,0.5,False,True,True
JGELPWURMLLOCN-HRQYYILTSA-N,bindingdb|pubchem_confirmatory,2,0.5,False,True,True
ZZUKJEASKMKFEG-HMEZYPPSSA-N,bindingdb|pubchem_confirmatory,2,0.5,False,True,True
VBKFITNZCZJPNP-FNIJTUCQSA-N,bindingdb|pubchem_confirmatory,2,0.5,False,True,True
VQPKFVUDFUPNEJ-VTSNEHBMSA-N,bindingdb|pubchem_confirmatory,2,0.5,False,True,True
GAUOGSGTTRSESB-WOJBJXKFSA-N,bindingdb|pubchem_confirmatory,2,0.5,False,True,True
NUBMIFZXQRYZAL-NHCUHLMSSA-N,bindingdb|pubchem_confirmatory,2,0.5,False,True,True
BHVGTMSWPMOASV-FGZHOGPDSA-N,bindingdb|pubchem_confirmatory,2,0.5,False,True,True
KLLWOUFWGFKAQU-NHCUHLMSSA-N,bindingdb|pubchem_confirmatory,2,0.5,False,True,True
XJJUFXQFQGAXLI-HYYKEQEVSA-N,bindingdb|pubchem_confirmatory,2,0.5,False,True,True
XFUVKFKOJLDGAK-VDOBOPNRSA-N,bindingdb|pubchem_confirmatory,2,0.5,False,True,True
RTKMKXDVHWRHGM-JWJBQAENSA-N,bindingdb|pubchem_confirmatory,2,0.5,False,True,True
YAHDNAGEAQJSJL-MOBAFLLYSA-N,bindingdb|pubchem_confirmatory,2,0.5,False,True,True
JYQQGGXDHHQIPX-PSGUAHCZSA-N,bindingdb|pubchem_confirmatory,2,0.5,False,True,True
CMUVUUAULCTUDX-FMCJVZMUSA-N,bindingdb|pubchem_confirmatory,2,0.5,False,True,True
HZZSEESTJFZFAX-FIIBKKJESA-N,bindingdb|pubchem_confirmatory,2,0.5,False,True,True
PQLIRCKDXBMLNW-MXJXRJBTSA-N,bindingdb|pubchem_confirmatory,2,0.5,False,True,True
BEYKKJIYABIPQW-GNTVVGMTSA-N,bindingdb|pubchem_confirmatory,2,0.5,False,True,True
FQNPQBRWUABDKV-UCDZCMRKSA-N,bindingdb|pubchem_confirmatory,2,0.5,False,True,True
QKTGQAATUHYPAK-CDHPUSFOSA-N,bindingdb|pubchem_confirmatory,2,0.5,False,True,True
CBRGFTHCLTUXJH-CDNDPLPTSA-N,bindingdb|pubchem_confirmatory,2,0.5,False,True,True
ZBSGVRAFXWQNGP-IREOKEETSA-N,bindingdb|pubchem_confirmatory,2,0.5,False,True,True
DTDYGMKTBBBGHM-CCWBKVMBSA-N,bindingdb|pubchem_confirmatory,2,0.5,False,True,True
VJQGMUXNYFGJLZ-GNTVVGMTSA-N,bindingdb|pubchem_confirmatory,2,0.5,False,True,True
CCGFHNQQZLPVLB-XUMYZKKMSA-N,bindingdb|pubchem_confirmatory,2,0.5,False,True,True
LGTZDUMESLCDMT-GNTVVGMTSA-N,bindingdb|pubchem_confirmatory,2,0.5,False,True,True
FUYAUXQTHPSEKB-JCHVILAISA-N,bindingdb|pubchem_confirmatory,2,0.5,False,True,True
KPRAAPMYRNLGGD-QREUFCTJSA-N,bindingdb|pubchem_confirmatory,2,0.5,False,True,True
AAXUJZLJKVYLTJ-JUTXSZQBSA-N,bindingdb|pubchem_confirmatory,2,0.5,False,True,True
VKUZFDYLFGSFIK-LGYSXGNESA-N,bindingdb|pubchem_confirmatory,2,0.5,False,True,True
MSGNLUUXDIYPKN-WOJBJXKFSA-N,bindingdb|pubchem_confirmatory,2,0.5,False,True,True
JJRFMBRPLJCMJS-JWQCQUIFSA-N,bindingdb|pubchem_confirmatory,2,0.5,False,True,True
DRLPXDRPECOKMU-NHCUHLMSSA-N,bindingdb|pubchem_confirmatory,2,0.5,False,True,True
BWARCCBBHLGKFR-JWQCQUIFSA-N,bindingdb|pubchem_confirmatory,2,0.5,False,True,True
ZAOGCLYSMDCDSB-DHIUTWEWSA-N,bindingdb|pubchem_confirmatory,2,0.5,False,True,True
BQKLRXQCKQPHHO-DHIUTWEWSA-N,bindingdb|pubchem_confirmatory,2,0.5,False,True,True
DXDADULZCLUGLT-FGZHOGPDSA-N,bindingdb|pubchem_confirmatory,2,0.5,False,True,True
YDOYMOKGZXXUEF-DNQXCXABSA-N,bindingdb|pubchem_confirmatory,2,0.5,False,True,True
XJDKJTCXXURNSJ-DHIUTWEWSA-N,bindingdb|pubchem_confirmatory,2,0.5,False,True,True
FBAGIVVBEFROHJ-GVBVHUCQSA-N,bindingdb|pubchem_confirmatory,2,0.5,False,True,True
ARCARXWHGBXYFM-WZVKSPBRSA-N,bindingdb|pubchem_confirmatory,2,0.5,False,True,True
HNWYKTQSJBFCGK-QREUFCTJSA-N,bindingdb|pubchem_confirmatory,2,0.5,False,True,True
QKEOGPVMLXQGKG-DNQXCXABSA-N,bindingdb|pubchem_confirmatory,2,0.5,False,True,True
RYVHQTFSLWDVJB-JWQCQUIFSA-N,bindingdb|pubchem_confirmatory,2,0.5,False,True,True
JGSQWICXEUDAFK-JWQCQUIFSA-N,bindingdb|pubchem_confirmatory,2,0.5,False,True,True
RVNJCCFEDWRUFU-KAYWLYCHSA-N,bindingdb|pubchem_confirmatory,2,0.5,False,True,True
ZAPQTRQNQJRORK-UWDVWBIHSA-N,bindingdb|pubchem_confirmatory,2,0.5,False,True,True
KRKPGPVWOGSSNU-LTFVAXTNSA-N,bindingdb|pubchem_confirmatory,2,0.5,False,True,True
OSIDIFXRSRXJHO-DHIUTWEWSA-N,bindingdb|pubchem_confirmatory,2,0.5,False,True,True
MICHKNNGIUGSKT-ZNRVYKQOSA-N,bindingdb|pubchem_confirmatory,2,0.5,False,True,True
KQBCQOMQWJOBNL-LGYSXGNESA-N,bindingdb|pubchem_confirmatory,2,0.5,False,True,True
IQFZRAHCMOCJEW-RPIHGYCXSA-N,bindingdb|pubchem_confirmatory,2,0.5,False,True,True
NAJQUSSFNQOLTO-OWZGOFHBSA-N,bindingdb|pubchem_confirmatory,2,0.5,False,True,True
AEPXHBGZAJNWCD-CQIJPRSPSA-N,bindingdb|pubchem_confirmatory,2,0.5,False,True,True
PBCNIWXQYOQSRR-WSEHWORBSA-N,bindingdb|pubchem_confirmatory,2,0.5,False,True,True
POAWXFFJITUGHV-NHCUHLMSSA-N,bindingdb|pubchem_confirmatory,2,0.5,False,True,True
UABWDNSSGISSPD-RZDHNTQGSA-N,bindingdb|pubchem_confirmatory,2,0.5,False,True,True
NCYYXRBGQIBVID-QYGXFBIXSA-N,bindingdb|pubchem_confirmatory,2,0.5,False,True,True
NDOZHNQYMHXLRT-UCDZCMRKSA-N,bindingdb|pubchem_confirmatory,2,0.5,False,True,True
QMJLQPIVHPNBBG-GESQXHNISA-N,bindingdb|pubchem_confirmatory,2,0.5,False,True,True
PEMSBPMDBFZNNE-LGYSXGNESA-N,bindingdb|pubchem_confirmatory,2,0.5,False,True,True
BZUARQADRSOWDN-DNZRUQJHSA-N,bindingdb|pubchem_confirmatory,2,0.5,False,True,True
UEDMEDWCDGUTJA-OWZGOFHBSA-N,bindingdb|pubchem_confirmatory,2,0.5,False,True,True
CLBNQSBDXXHWNP-RTBURBONSA-N,bindingdb|pubchem_confirmatory,2,0.5,False,True,True
WBYSEZLDVJBVIW-CNBHCMJISA-N,bindingdb|pubchem_confirmatory,2,0.5,False,True,True
DUGOGYQZCDKYMG-UHFFFAOYSA-N,bindingdb|pubchem_confirmatory,2,0.5,False,True,True
KUBYIASRCJQGFU-MRXNPFEDSA-N,bindingdb|pubchem_confirmatory,2,0.5,False,True,True
ZNBAYYQJZBTASR-XTMOMDIJSA-N,bindingdb|pubchem_confirmatory,2,0.5,False,True,True
COCXMFIOZAWLCR-NOKYJCPASA-N,bindingdb|pubchem_confirmatory,2,0.5,False,True,True
UICJDXRVZARMJQ-PCMMOIKVSA-N,bindingdb|pubchem_confirmatory,2,0.5,False,True,True
UWILLTGTIVWKCC-WGDRDRTISA-N,bindingdb|pubchem_confirmatory,2,0.5,False,True,True
PCPXMAYTHLEUQW-CTTIVYBISA-N,bindingdb|pubchem_confirmatory,2,0.5,False,True,True
UFUJZEFGLWTWFP-JFYRUQIUSA-N,bindingdb|pubchem_confirmatory,2,0.5,False,True,True
WOVXEPZFWJLPNK-JIUSLJTMSA-N,bindingdb|pubchem_confirmatory,2,0.5,False,True,True
MAKFNTVGMPRZJE-MKFOLIAMSA-N,bindingdb|pubchem_confirmatory,2,0.5,False,True,True
LUTCYBOUQVTJML-BLHVWRTFSA-N,bindingdb|pubchem_confirmatory,2,0.5,False,True,True
ILOAQSSOOLEGJD-MKFOLIAMSA-N,bindingdb|pubchem_confirmatory,2,0.5,False,True,True
CYOCPVFHUBDEAY-MMARFKFQSA-N,bindingdb|pubchem_confirmatory,2,0.5,False,True,True
RVPJDRQKRKDWEX-WDGDBDAFSA-N,bindingdb|pubchem_confirmatory,2,0.5,False,True,True
STCGCWPMTPMYLL-JIUSLJTMSA-N,bindingdb|pubchem_confirmatory,2,0.5,False,True,True
NOTKZBFUCKDKMK-FKGNFIDKSA-N,bindingdb|pubchem_confirmatory,2,0.5,False,True,True
GMPHZLNVRHCXMI-UJSRUBBISA-N,bindingdb|pubchem_confirmatory,2,0.5,False,True,True
AODLNZDCRCWXAT-QDBUNJQASA-N,bindingdb|pubchem_confirmatory,2,0.5,False,True,True
HNNGZQDOFRZSED-IKXBFRDRSA-N,bindingdb|pubchem_confirmatory,2,0.5,False,True,True
OBNJSRJTGNAMKJ-CNBRWIIDSA-N,bindingdb|pubchem_confirmatory,2,0.5,False,True,True
CVXUXRJDUNLXCO-IHEGYKPESA-N,bindingdb|pubchem_confirmatory,2,0.5,False,True,True
VPXGXLHENYKVLJ-WOJBJXKFSA-N,bindingdb|pubchem_confirmatory,2,0.5,False,True,True
CEFCJDUVZSHMNB-JWQCQUIFSA-N,bindingdb|pubchem_confirmatory,2,0.5,False,True,True
MSRCQHVRHYQCMN-JWQCQUIFSA-N,bindingdb|pubchem_confirmatory,2,0.5,False,True,True
CMMYMUZJKMPPSW-DHIUTWEWSA-N,bindingdb|pubchem_confirmatory,2,0.5,False,True,True
BTNYWUBMJJLQKU-DNQXCXABSA-N,bindingdb|pubchem_confirmatory,2,0.5,False,True,True
DFRCFJCMQDGHRO-KAYWLYCHSA-N,bindingdb|pubchem_confirmatory,2,0.5,False,True,True
QSZMSKGCJFDZFK-KAYWLYCHSA-N,bindingdb|pubchem_confirmatory,2,0.5,False,True,True
WCNVOYAEMGASOB-NOKYJCPASA-N,bindingdb|pubchem_confirmatory,2,0.5,False,True,True
GRQYJPFSBYFLKX-WKBCRJLYSA-N,bindingdb|pubchem_confirmatory,2,0.5,False,True,True
SIRWCTXBNDIKLO-WOJBJXKFSA-N,bindingdb|pubchem_confirmatory,2,0.5,False,True,True
JAQXEUXBNPEXPR-XTMOMDIJSA-N,bindingdb|pubchem_confirmatory,2,0.5,False,True,True
CYZCLBFPQUQZFG-MKFOLIAMSA-N,bindingdb|pubchem_confirmatory,2,0.5,False,True,True
PEDHKVPQEVDWMG-PCMMOIKVSA-N,bindingdb|pubchem_confirmatory,2,0.5,False,True,True
AJIIPRWRKKMBEX-BLHVWRTFSA-N,bindingdb|pubchem_confirmatory,2,0.5,False,True,True
KTCRRXBJPFQLPB-JIUSLJTMSA-N,bindingdb|pubchem_confirmatory,2,0.5,False,True,True
JEKVEEQHCFMZPV-JIUSLJTMSA-N,bindingdb|pubchem_confirmatory,2,0.5,False,True,True
UCEYJQBEAJMKDC-JFYRUQIUSA-N,bindingdb|pubchem_confirmatory,2,0.5,False,True,True
AFZOLKLTKSQWLA-WGDRDRTISA-N,bindingdb|pubchem_confirmatory,2,0.5,False,True,True
GHPKJQPIFUGYGL-PMZKYIBISA-N,bindingdb|pubchem_confirmatory,2,0.5,False,True,True
QZCWIJDDDCKWNU-CTTIVYBISA-N,bindingdb|pubchem_confirmatory,2,0.5,False,True,True
GZRIKJQVAXILPI-PCMMOIKVSA-N,bindingdb|pubchem_confirmatory,2,0.5,False,True,True
YWXCIZQGGSWBRZ-JIUSLJTMSA-N,bindingdb|pubchem_confirmatory,2,0.5,False,True,True
SDFUHOMTNVQXOK-WDGDBDAFSA-N,bindingdb|pubchem_confirmatory,2,0.5,False,True,True
VAICVMCVQIKRLM-NHCUHLMSSA-N,bindingdb|pubchem_confirmatory,2,0.5,False,True,True
JQVWMXOMKVCDMK-JWQCQUIFSA-N,bindingdb|pubchem_confirmatory,2,0.5,False,True,True
DJBYETYTSCWPFP-DNQXCXABSA-N,bindingdb|pubchem_confirmatory,2,0.5,False,True,True
TWAPHFBDQWQATJ-NFDBJIOVSA-N,bindingdb|pubchem_confirmatory,2,0.5,False,True,True
SGQZAKINKBAOBI-SCPLRKQGSA-N,bindingdb|pubchem_confirmatory,2,0.5,False,True,True
JQAXWVNWOAPWJR-QYHPCCJNSA-N,bindingdb|pubchem_confirmatory,2,0.5,False,True,True
FPJLYKYEPVVTSU-MOBAFLLYSA-N,bindingdb|pubchem_confirmatory,2,0.5,False,True,True
PDNLGXZOAZNKIK-SGAJGPLNSA-N,bindingdb|pubchem_confirmatory,2,0.5,False,True,True
WVEOHYANMDQZDU-VDOBOPNRSA-N,bindingdb|pubchem_confirmatory,2,0.5,False,True,True
UZLOBDQJNXMOCW-STHVYQTBSA-N,bindingdb|pubchem_confirmatory,2,0.5,False,True,True
MAPJZXDVJGPLNB-XBEWDXHHSA-N,bindingdb|pubchem_confirmatory,2,0.5,False,True,True
PXOOLNADBLBDGP-WMXNZVEGSA-N,bindingdb|pubchem_confirmatory,2,0.5,False,True,True
DJNAOPCJJPIXBC-KNFYQODVSA-N,bindingdb|pubchem_confirmatory,2,0.5,False,True,True
AOPRHCXTDZOPCA-WOJBJXKFSA-N,bindingdb|pubchem_confirmatory,2,0.5,False,True,True
GIKCZRSWNXCSEE-DHIUTWEWSA-N,bindingdb|pubchem_confirmatory,2,0.5,False,True,True
YAKMEJDUURJVAG-CVOKNGKCSA-N,bindingdb|pubchem_confirmatory,2,0.5,False,True,True
PMEXMUMJMDQZAA-XYUGXJJYSA-N,bindingdb|pubchem_confirmatory,2,0.5,False,True,True
KDLUIAOGIDWVHT-ZTFYXODMSA-N,bindingdb|pubchem_confirmatory,2,0.5,False,True,True
QKTXMWGUJUVNRS-VCKMPICQSA-N,bindingdb|pubchem_confirmatory,2,0.5,False,True,True
HKCNTKQDYVGJOC-VFVRMCIJSA-N,bindingdb|pubchem_confirmatory,2,0.5,False,True,True
KDMSBEOGWJGJSY-YASXMZIQSA-N,bindingdb|pubchem_confirmatory,2,0.5,False,True,True
JGIRAGINAGOHJA-OSCSHELXSA-N,bindingdb|pubchem_confirmatory,2,0.5,False,True,True
RTBRQHJGLKKSKW-PWJCZFGMSA-N,bindingdb|pubchem_confirmatory,2,0.5,False,True,True
KMWGBLQIEAVFAP-AISLOGHRSA-N,bindingdb|pubchem_confirmatory,2,0.5,False,True,True
UZCBFYDFGKWRNX-PWJCZFGMSA-N,bindingdb|pubchem_confirmatory,2,0.5,False,True,True
OFIHEFDHYWXPRX-UOLLPAKTSA-N,bindingdb|pubchem_confirmatory,2,0.5,False,True,True
WDJAQBCIWZKCTR-JFTKIIHVSA-N,bindingdb|pubchem_confirmatory,2,0.5,False,True,True
UVSNOMMPEVXHSQ-MOBAFLLYSA-N,bindingdb|pubchem_confirmatory,2,0.5,False,True,True
MYSUBDYQOQCEOB-DGAOCWAPSA-N,bindingdb|pubchem_confirmatory,2,0.5,False,True,True
VDXXKUDCVIGQFO-JWJBQAENSA-N,bindingdb|pubchem_confirmatory,2,0.5,False,True,True
QEVRHIQZLDMONN-XBPDSQQVSA-N,bindingdb|pubchem_confirmatory,2,0.5,False,True,True
INDHGXNCOWKNAO-WMXNZVEGSA-N,bindingdb|pubchem_confirmatory,2,0.5,False,True,True
VOUXMFQXPPJHEC-CAQIZEMESA-N,bindingdb|pubchem_confirmatory,2,0.5,False,True,True
NGJYXVCSKJHNAT-YHNKWQPZSA-N,bindingdb|pubchem_confirmatory,2,0.5,False,True,True
DJBXBKTXSGNGRL-KAYWLYCHSA-N,bindingdb|pubchem_confirmatory,2,0.5,False,True,True
NSBMKRUFBCWBQW-JWQCQUIFSA-N,bindingdb|pubchem_confirmatory,2,0.5,False,True,True
ZYHOXQXLKURBFP-KAYWLYCHSA-N,bindingdb|pubchem_confirmatory,2,0.5,False,True,True
AOVMLGUEORGVEQ-DNQXCXABSA-N,bindingdb|pubchem_confirmatory,2,0.5,False,True,True
ZQKMLZBSCJLBKE-JWQCQUIFSA-N,bindingdb|pubchem_confirmatory,2,0.5,False,True,True
CQUZOKANUQURHT-DNQXCXABSA-N,bindingdb|pubchem_confirmatory,2,0.5,False,True,True
LLSDVBJQORCMAV-ILBGXUMGSA-N,bindingdb|pubchem_confirmatory,2,0.5,False,True,True
HMNKHISRBBCLDY-IOAASBHNSA-N,bindingdb|pubchem_confirmatory,2,0.5,False,True,True
UUQVZRCSPHBFQY-KNFYQODVSA-N,bindingdb|pubchem_confirmatory,2,0.5,False,True,True
MYPHUWSZEOZNPV-SGAJGPLNSA-N,bindingdb|pubchem_confirmatory,2,0.5,False,True,True
DRRJBQKJGSJZDL-CDNDPLPTSA-N,bindingdb|pubchem_confirmatory,2,0.5,False,True,True
NLUKINQSKLDEHF-DHIUTWEWSA-N,bindingdb|pubchem_confirmatory,2,0.5,False,True,True
LNDKBCRRABBAKT-HSZRJFAPSA-N,bindingdb|pubchem_confirmatory,2,0.5,False,True,True
FNZQYIQTKMKQPJ-KAYWLYCHSA-N,bindingdb|pubchem_confirmatory,2,0.5,False,True,True
YRLABLNRTXOAPC-VSGBNLITSA-N,bindingdb|pubchem_confirmatory,2,0.5,False,True,True
WDTIOTGJJKOBFJ-FQLXRVMXSA-N,bindingdb|pubchem_confirmatory,2,0.5,False,True,True
MCKBVNJFBZDTKN-KAYWLYCHSA-N,bindingdb|pubchem_confirmatory,2,0.5,False,True,True
CLNAMNKXZHHWES-KAYWLYCHSA-N,bindingdb|pubchem_confirmatory,2,0.5,False,True,True
OUONHKWJNSCISW-VSGBNLITSA-N,bindingdb|pubchem_confirmatory,2,0.5,False,True,True
YZPQKKHPQOAFMD-LOYHVIPDSA-N,bindingdb|pubchem_confirmatory,2,0.5,False,True,True
CUIVGWDDDLBXEZ-KAYWLYCHSA-N,bindingdb|pubchem_confirmatory,2,0.5,False,True,True
LWGPAUPNTXSILG-FQLXRVMXSA-N,bindingdb|pubchem_confirmatory,2,0.5,False,True,True
XINIEHUQJJJGRI-KAYWLYCHSA-N,bindingdb|pubchem_confirmatory,2,0.5,False,True,True
VWBQVPRIEYUFIW-VSGBNLITSA-N,bindingdb|pubchem_confirmatory,2,0.5,False,True,True
WOIVRPPJCPKCGB-KAYWLYCHSA-N,bindingdb|pubchem_confirmatory,2,0.5,False,True,True
CCJDFDOFKBFOEX-LOYHVIPDSA-N,bindingdb|pubchem_confirmatory,2,0.5,False,True,True
WOIUZKMNMHGNIX-JWQCQUIFSA-N,bindingdb|pubchem_confirmatory,2,0.5,False,True,True
DTUIFPQRSXCTLF-JWQCQUIFSA-N,bindingdb|pubchem_confirmatory,2,0.5,False,True,True
DWGYNGMFXLQXRO-FQLXRVMXSA-N,bindingdb|pubchem_confirmatory,2,0.5,False,True,True
IINBVAXVPPBSDM-CLJLJLNGSA-N,bindingdb|pubchem_confirmatory,2,0.5,False,True,True
XBHJVDYHKUCCIM-KAYWLYCHSA-N,bindingdb|pubchem_confirmatory,2,0.5,False,True,True
VRNVTEOYQGFXTP-MUUNZHRXSA-N,bindingdb|pubchem_confirmatory,2,0.5,False,True,True
BSJCORAVQPXISH-SSEXGKCCSA-N,bindingdb|pubchem_confirmatory,2,0.5,False,True,True
AIWMXAANOBDPTP-HHHXNRCGSA-N,bindingdb|pubchem_confirmatory,2,0.5,False,True,True
AOTPTCIYQJSKMG-GDLZYMKVSA-N,bindingdb|pubchem_confirmatory,2,0.5,False,True,True
GILXUAFTZOUSSE-HHHXNRCGSA-N,bindingdb|pubchem_confirmatory,2,0.5,False,True,True
WYSDIYFLZKCSHZ-SSEXGKCCSA-N,bindingdb|pubchem_confirmatory,2,0.5,False,True,True
WHQKMXRLPFGYCJ-HHHXNRCGSA-N,bindingdb|pubchem_confirmatory,2,0.5,False,True,True
ICYKQAJMSOQVMQ-GDLZYMKVSA-N,bindingdb|pubchem_confirmatory,2,0.5,False,True,True
LKXFMWKULCBJBR-GDLZYMKVSA-N,bindingdb|pubchem_confirmatory,2,0.5,False,True,True
BWFIJHSEYXAOEU-RUZDIDTESA-N,bindingdb|pubchem_confirmatory,2,0.5,False,True,True
PBIHTMHSZJUSGQ-RUZDIDTESA-N,bindingdb|pubchem_confirmatory,2,0.5,False,True,True
MYKUERKHSVKKBS-AREMUKBSSA-N,bindingdb|pubchem_confirmatory,2,0.5,False,True,True
OUUXBBWJVPNTJX-HHHXNRCGSA-N,bindingdb|pubchem_confirmatory,2,0.5,False,True,True
HYUHFUHAYUYPGT-KAYWLYCHSA-N,bindingdb|pubchem_confirmatory,2,0.5,False,True,True
NVFRWSKOJVCCJL-KAYWLYCHSA-N,bindingdb|pubchem_confirmatory,2,0.5,False,True,True
MEIHUOSUSLIWGX-CLJLJLNGSA-N,bindingdb|pubchem_confirmatory,2,0.5,False,True,True
YANWDWFRBBWQGZ-CLJLJLNGSA-N,bindingdb|pubchem_confirmatory,2,0.5,False,True,True
RYRRXBKAUSPYCI-DNQXCXABSA-N,bindingdb|pubchem_confirmatory,2,0.5,False,True,True
YSMZIYRQGIXNLY-RUZDIDTESA-N,bindingdb|pubchem_confirmatory,2,0.5,False,True,True
OTHLRQNOMNTMNM-RUZDIDTESA-N,bindingdb|pubchem_confirmatory,2,0.5,False,True,True
RGFRWFMECIQECE-MUUNZHRXSA-N,bindingdb|pubchem_confirmatory,2,0.5,False,True,True
URJPGAGRMWQIFI-MUUNZHRXSA-N,bindingdb|pubchem_confirmatory,2,0.5,False,True,True
YOBOQIBYUYARGA-HHHXNRCGSA-N,bindingdb|pubchem_confirmatory,2,0.5,False,True,True
LTNBZWOGYMKVFQ-AREMUKBSSA-N,bindingdb|pubchem_confirmatory,2,0.5,False,True,True
OAYDATPOJOXRTN-AREMUKBSSA-N,bindingdb|pubchem_confirmatory,2,0.5,False,True,True
WSRACAJDXQXLKY-XMMPIXPASA-N,bindingdb|pubchem_confirmatory,2,0.5,False,True,True
KHXXINBEOGDPLZ-FMCJVZMUSA-N,bindingdb|pubchem_confirmatory,2,0.5,False,True,True
SPLNJRGBNNNKHB-WZVKSPBRSA-N,bindingdb|pubchem_confirmatory,2,0.5,False,True,True
BVRLFUCIQFLHLF-GNTVVGMTSA-N,bindingdb|pubchem_confirmatory,2,0.5,False,True,True
WECRGBCZCZYRJF-ZSTYLACZSA-N,bindingdb|pubchem_confirmatory,2,0.5,False,True,True
CNODBLALLSMBRP-FIIBKKJESA-N,bindingdb|pubchem_confirmatory,2,0.5,False,True,True
VQHWBPCJIRXGBG-GQVVIVCQSA-N,bindingdb|pubchem_confirmatory,2,0.5,False,True,True
BZUULJWZOUBZOU-GESQXHNISA-N,bindingdb|pubchem_confirmatory,2,0.5,False,True,True
ASWLGDXYLNMCNX-LAAJAHEYSA-N,bindingdb|pubchem_confirmatory,2,0.5,False,True,True
CCSYXYPYOLCCGL-UEFMTQSISA-N,bindingdb|pubchem_confirmatory,2,0.5,False,True,True
QATDHQWRPCIJEB-UYSSGXRJSA-N,bindingdb|pubchem_confirmatory,2,0.5,False,True,True
YOQGSBYFJNAVCH-QREUFCTJSA-N,bindingdb|pubchem_confirmatory,2,0.5,False,True,True
RDZGJJDXTKKAAY-XMMPIXPASA-N,bindingdb|pubchem_confirmatory,2,0.5,False,True,True
OVTMUDITKOZDEL-HSZRJFAPSA-N,bindingdb|pubchem_confirmatory,2,0.5,False,True,True
WTWFFTJQZVUGMI-RUZDIDTESA-N,bindingdb|pubchem_confirmatory,2,0.5,False,True,True
DDISOFOWXOCGAV-XMMPIXPASA-N,bindingdb|pubchem_confirmatory,2,0.5,False,True,True
SAGPREMUDAMTHH-RUZDIDTESA-N,bindingdb|pubchem_confirmatory,2,0.5,False,True,True
BHKFMOQYGYWGJS-JOKZUWQNSA-N,bindingdb|pubchem_confirmatory,2,0.5,False,True,True
ARPNHXPGQHBQLE-MKPMLQLGSA-N,bindingdb|pubchem_confirmatory,2,0.5,False,True,True
LPXNCTCNHOMRFA-HSZRJFAPSA-N,bindingdb|pubchem_confirmatory,2,0.5,False,True,True
AABZZNUUBZZERX-JOCHJYFZSA-N,bindingdb|pubchem_confirmatory,2,0.5,False,True,True
IJLJUQZPTWRFBL-OAQYLSRUSA-N,bindingdb|pubchem_confirmatory,2,0.5,False,True,True
YGKPHMYDOHTPGA-JOCHJYFZSA-N,bindingdb|pubchem_confirmatory,2,0.5,False,True,True
KZKCEUKYTVURJF-RUZDIDTESA-N,bindingdb|pubchem_confirmatory,2,0.5,False,True,True
GUSUUGYRVUCECB-XMMPIXPASA-N,bindingdb|pubchem_confirmatory,2,0.5,False,True,True
SBFWUBVOOZHDBQ-HSZRJFAPSA-N,bindingdb|pubchem_confirmatory,2,0.5,False,True,True
LMLNKABZNNGJBC-OAQYLSRUSA-N,bindingdb|pubchem_confirmatory,2,0.5,False,True,True
PGVYCEPKYGDDHY-XMMPIXPASA-N,bindingdb|pubchem_confirmatory,2,0.5,False,True,True
XNKTVEOCZUUTMO-XMMPIXPASA-N,bindingdb|pubchem_confirmatory,2,0.5,False,True,True
PDWKFQUZVYNJOS-XMMPIXPASA-N,bindingdb|pubchem_confirmatory,2,0.5,False,True,True
WMUWJXHTFVVKCD-HSZRJFAPSA-N,bindingdb|pubchem_confirmatory,2,0.5,False,True,True
LUVXQLCJCISRGY-XMMPIXPASA-N,bindingdb|pubchem_confirmatory,2,0.5,False,True,True
JOGDZBOVPGHXSD-QZTJIDSGSA-N,bindingdb|pubchem_confirmatory,2,0.5,False,True,True
LKYGUHDNDYLJRG-DNQXCXABSA-N,bindingdb|pubchem_confirmatory,2,0.5,False,True,True
PPNMARDWHLEQST-GOSISDBHSA-N,bindingdb|pubchem_confirmatory,2,0.5,False,True,True
RVQVOSQSPHGWHI-XMMPIXPASA-N,bindingdb|pubchem_confirmatory,2,0.5,False,True,True
AKYMBDMINLTULZ-CEMKGQCASA-N,bindingdb|pubchem_confirmatory,2,0.5,False,True,True
UDHDMBBBCVHZOQ-STHVYQTBSA-N,bindingdb|pubchem_confirmatory,2,0.5,False,True,True
LHILBPDUWJOHJO-QZPZUKOXSA-N,bindingdb|pubchem_confirmatory,2,0.5,False,True,True
CQAPOSFTJXTYJJ-CCWBKVMBSA-N,bindingdb|pubchem_confirmatory,2,0.5,False,True,True
CAMGWUOSDJNTKA-FIIBKKJESA-N,bindingdb|pubchem_confirmatory,2,0.5,False,True,True
RIQJOWVVTDETBQ-WJBWUKACSA-N,bindingdb|pubchem_confirmatory,2,0.5,False,True,True
GTQMERFSYAONMY-FMCJVZMUSA-N,bindingdb|pubchem_confirmatory,2,0.5,False,True,True
DKHJRFWIGCTDOO-STHVYQTBSA-N,bindingdb|pubchem_confirmatory,2,0.5,False,True,True
AFLXUSSCRWLQHJ-PMVAUVNFSA-N,bindingdb|pubchem_confirmatory,2,0.5,False,True,True
ACKMNLXJDCTPTK-STHVYQTBSA-N,bindingdb|pubchem_confirmatory,2,0.5,False,True,True
PYJNYZBYHLTDKK-ZVHXTAQDSA-N,bindingdb|pubchem_confirmatory,2,0.5,False,True,True
DSHBRCUJDMKWOP-WJBWUKACSA-N,bindingdb|pubchem_confirmatory,2,0.5,False,True,True
DUBAYMPAYPRMSJ-GNTVVGMTSA-N,bindingdb|pubchem_confirmatory,2,0.5,False,True,True
RJVCCXGVOWRTQF-GQVVIVCQSA-N,bindingdb|pubchem_confirmatory,2,0.5,False,True,True
SGWHZCFRQYAGPT-JCHVILAISA-N,bindingdb|pubchem_confirmatory,2,0.5,False,True,True
WBRUNYRTKJTTSR-RUZDIDTESA-N,bindingdb|pubchem_confirmatory,2,0.5,False,True,True
HJDASXODXGOWIF-RUZDIDTESA-N,bindingdb|pubchem_confirmatory,2,0.5,False,True,True
WIZMCNXCBWAIFC-HSZRJFAPSA-N,bindingdb|pubchem_confirmatory,2,0.5,False,True,True
YLYJYOCXJFPHKH-XMMPIXPASA-N,bindingdb|pubchem_confirmatory,2,0.5,False,True,True
QVBKXUIGEWPCQK-JOCHJYFZSA-N,bindingdb|pubchem_confirmatory,2,0.5,False,True,True
VVOVQVNRQICVNQ-JOCHJYFZSA-N,bindingdb|pubchem_confirmatory,2,0.5,False,True,True
CHDVDQVMXKFVPT-RUZDIDTESA-N,bindingdb|pubchem_confirmatory,2,0.5,False,True,True
MEELFESDPLJUSA-RUZDIDTESA-N,bindingdb|pubchem_confirmatory,2,0.5,False,True,True
LIBZPKRXTOYRBH-RUZDIDTESA-N,bindingdb|pubchem_confirmatory,2,0.5,False,True,True
MXQZEUOOWVBNDC-ZNHVGUMHSA-N,bindingdb|pubchem_confirmatory,2,0.5,False,True,True
OZRRLRJQIPBQPF-LTFVAXTNSA-N,bindingdb|pubchem_confirmatory,2,0.5,False,True,True
QQZBTNYWZVELSA-JCHVILAISA-N,bindingdb|pubchem_confirmatory,2,0.5,False,True,True
CHMUAFHYTBEENP-JWQCQUIFSA-N,bindingdb|pubchem_confirmatory,2,0.5,False,True,True
ZPKBUSMWNOANCW-DHIUTWEWSA-N,bindingdb|pubchem_confirmatory,2,0.5,False,True,True
IYTYCUFCBRYNSG-JWQCQUIFSA-N,bindingdb|pubchem_confirmatory,2,0.5,False,True,True
HUZDRWMPSVXREC-DNQXCXABSA-N,bindingdb|pubchem_confirmatory,2,0.5,False,True,True
VJJYSBQMFWNUOJ-JWQCQUIFSA-N,bindingdb|pubchem_confirmatory,2,0.5,False,True,True
TYDUGDFOMSBRBS-RXEARMEOSA-N,bindingdb|pubchem_confirmatory,2,0.5,False,True,True
RPXIUKRGVXNCAW-TWDLTGNASA-N,bindingdb|pubchem_confirmatory,2,0.5,False,True,True
ROFNTSWZZNLASR-MANYVHKHSA-N,bindingdb|pubchem_confirmatory,2,0.5,False,True,True
ZENHDGKLCQQXHW-VONPHLAZSA-N,bindingdb|pubchem_confirmatory,2,0.5,False,True,True
PKYOADBVPKQUFC-XBPDSQQVSA-N,bindingdb|pubchem_confirmatory,2,0.5,False,True,True
KJVLZPNVCLCLST-KFHGAJFOSA-N,bindingdb|pubchem_confirmatory,2,0.5,False,True,True
PUFJBGHVGPTVEQ-GVBVHUCQSA-N,bindingdb|pubchem_confirmatory,2,0.5,False,True,True
LQDIHBYBNOFFJQ-WZVKSPBRSA-N,bindingdb|pubchem_confirmatory,2,0.5,False,True,True
GPXXVTFBBOBRJH-GVBVHUCQSA-N,bindingdb|pubchem_confirmatory,2,0.5,False,True,True
ZVAAFNKMZLRERI-SGAJGPLNSA-N,bindingdb|pubchem_confirmatory,2,0.5,False,True,True
WCAWAVRIOPSSGM-BYICHJTDSA-N,bindingdb|pubchem_confirmatory,2,0.5,False,True,True
SQCBIDYDQLUZPR-ZVHXTAQDSA-N,bindingdb|pubchem_confirmatory,2,0.5,False,True,True
DGHXZIPLKHIDPO-QYHPCCJNSA-N,bindingdb|pubchem_confirmatory,2,0.5,False,True,True
MILCHBDSTPKEOO-QREUFCTJSA-N,bindingdb|pubchem_confirmatory,2,0.5,False,True,True
QZKCFCGKIRAYHJ-GDLZYMKVSA-N,bindingdb|pubchem_confirmatory,2,0.5,False,True,True
GZDLWSWXISFWII-SSEXGKCCSA-N,bindingdb|pubchem_confirmatory,2,0.5,False,True,True
GNHJXZXUZXQZNM-MUUNZHRXSA-N,bindingdb|pubchem_confirmatory,2,0.5,False,True,True
CQFRUHHINUYADJ-MUUNZHRXSA-N,bindingdb|pubchem_confirmatory,2,0.5,False,True,True
MNFVYTACDFWFHT-AREMUKBSSA-N,bindingdb|pubchem_confirmatory,2,0.5,False,True,True
WYYPPJBTXFSMLZ-HHHXNRCGSA-N,bindingdb|pubchem_confirmatory,2,0.5,False,True,True
FOWAZEHRQFKFGE-HHHXNRCGSA-N,bindingdb|pubchem_confirmatory,2,0.5,False,True,True
XRSVKVLMWCVLCC-HHHXNRCGSA-N,bindingdb|pubchem_confirmatory,2,0.5,False,True,True
CXECPTMZWVBWQZ-JCHVILAISA-N,bindingdb|pubchem_confirmatory,2,0.5,False,True,True
AFTKACYQUIBNTO-SGAJGPLNSA-N,bindingdb|pubchem_confirmatory,2,0.5,False,True,True
AWTLWZAEAVGJTR-CLJLJLNGSA-N,bindingdb|pubchem_confirmatory,2,0.5,False,True,True
XMGXYJKLJRWEBN-KAYWLYCHSA-N,bindingdb|pubchem_confirmatory,2,0.5,False,True,True
LDLZHURWZUOHPH-CLJLJLNGSA-N,bindingdb|pubchem_confirmatory,2,0.5,False,True,True
HMDXLSRPXZDELQ-FQLXRVMXSA-N,bindingdb|pubchem_confirmatory,2,0.5,False,True,True
FBJWSYBVXDAUDA-KAYWLYCHSA-N,bindingdb|pubchem_confirmatory,2,0.5,False,True,True
AUABDWJIHQLLSF-CLJLJLNGSA-N,bindingdb|pubchem_confirmatory,2,0.5,False,True,True
ZFPXRSJPMOOUNC-AREMUKBSSA-N,bindingdb|pubchem_confirmatory,2,0.5,False,True,True
ZZAQXURRTOATDO-HHHXNRCGSA-N,bindingdb|pubchem_confirmatory,2,0.5,False,True,True
HWPJVXVLFHVLDC-AREMUKBSSA-N,bindingdb|pubchem_confirmatory,2,0.5,False,True,True
OKXUCXQGWHRKJF-GDLZYMKVSA-N,bindingdb|pubchem_confirmatory,2,0.5,False,True,True
PARZGVAGFLTUQN-HHHXNRCGSA-N,bindingdb|pubchem_confirmatory,2,0.5,False,True,True
FCYFUHRSBFYOLB-AREMUKBSSA-N,bindingdb|pubchem_confirmatory,2,0.5,False,True,True
NWNUHFGTNFPUCR-HHHXNRCGSA-N,bindingdb|pubchem_confirmatory,2,0.5,False,True,True
RLWBKTOBCDDASH-XMMPIXPASA-N,bindingdb|pubchem_confirmatory,2,0.5,False,True,True
XLNCDUMNNBBHOY-FQLXRVMXSA-N,bindingdb|pubchem_confirmatory,2,0.5,False,True,True
KXJGJSGDIFGYME-KAYWLYCHSA-N,bindingdb|pubchem_confirmatory,2,0.5,False,True,True
INHPRRFHIJVIBF-KAYWLYCHSA-N,bindingdb|pubchem_confirmatory,2,0.5,False,True,True
XGMNWIBBFHDNRS-FQLXRVMXSA-N,bindingdb|pubchem_confirmatory,2,0.5,False,True,True
CYDWYVLIGIMJDE-VSGBNLITSA-N,bindingdb|pubchem_confirmatory,2,0.5,False,True,True
BNNOREAGIWQLQY-JWQCQUIFSA-N,bindingdb|pubchem_confirmatory,2,0.5,False,True,True
HQXWWODDOAVCQD-KAYWLYCHSA-N,bindingdb|pubchem_confirmatory,2,0.5,False,True,True
VGRICQXQEUGDHK-LOYHVIPDSA-N,bindingdb|pubchem_confirmatory,2,0.5,False,True,True
MEVOUKHUYPLOAP-JWQCQUIFSA-N,bindingdb|pubchem_confirmatory,2,0.5,False,True,True
UXUJLJVEONEPJM-CLJLJLNGSA-N,bindingdb|pubchem_confirmatory,2,0.5,False,True,True
BFASKTKXGSFMEN-JWQCQUIFSA-N,bindingdb|pubchem_confirmatory,2,0.5,False,True,True
JMZAYKQGMWBAEJ-KAYWLYCHSA-N,bindingdb|pubchem_confirmatory,2,0.5,False,True,True
JRAABIGIYYQCLU-KAYWLYCHSA-N,bindingdb|pubchem_confirmatory,2,0.5,False,True,True
XDHMEIMQJCVCID-OAQYLSRUSA-N,bindingdb|pubchem_confirmatory,2,0.5,False,True,True
ZNHVHAXWYLYERM-QFOBXASPSA-N,bindingdb|pubchem_confirmatory,2,0.5,False,True,True
JSNWUTNRQLBEFK-ACVCQEAVSA-N,bindingdb|pubchem_confirmatory,2,0.5,False,True,True
GROSSJVCUDLGOI-AFDYICAQSA-N,bindingdb|pubchem_confirmatory,2,0.5,False,True,True
YWENUXBYJSJDLD-WVMUPECGSA-N,bindingdb|pubchem_confirmatory,2,0.5,False,True,True
PLJYOTSJMDCDRZ-FBLFFUNLSA-N,bindingdb|pubchem_confirmatory,2,0.5,False,True,True
GMNKPNRIRZOZHU-UYEDPJPISA-N,bindingdb|pubchem_confirmatory,2,0.5,False,True,True
SNNNZHWSCFQNSS-HDXVINNVSA-N,bindingdb|pubchem_confirmatory,2,0.5,False,True,True
WIELPYALLBTMLM-RDVROTLESA-N,bindingdb|pubchem_confirmatory,2,0.5,False,True,True
ZJFXGBOASCGRSH-JTYXWRCWSA-N,pubchem_confirmatory,1,1.0,True,False,True
IKTYIDRYTBVZJC-CGCOGMFASA-N,bindingdb|pubchem_confirmatory,2,0.5,False,True,True
QEKRMDWMDCPCMH-GSHKWTBTSA-N,bindingdb|pubchem_confirmatory,2,0.5,False,True,True
QVCLTMKLLFETPW-MWVDVNALSA-N,bindingdb|pubchem_confirmatory,2,0.5,False,True,True
GPVGJKCQVQKTCU-KBEGNJGRSA-N,bindingdb|pubchem_confirmatory,2,0.5,False,True,True
XFDJIOQCIWNVHB-SEMUNPCUSA-N,bindingdb|pubchem_confirmatory,2,0.5,False,True,True
CBVFJUTUFKANOV-ZZTVPSNHSA-N,bindingdb|pubchem_confirmatory,2,0.5,False,True,True
CSIRJPXUQDSYOW-HHHXNRCGSA-N,bindingdb|pubchem_confirmatory,2,0.5,False,True,True
PETXMUCWOZPJJW-QDPGVEIFSA-N,bindingdb|pubchem_confirmatory,2,0.5,False,True,True
PETXMUCWOZPJJW-NEKDWFFYSA-N,bindingdb|pubchem_confirmatory,2,0.5,False,True,True
QVCLTMKLLFETPW-XDAJTCOGSA-N,bindingdb|pubchem_confirmatory,2,0.5,False,True,True
YBTBDYKSJNXBGG-KAYWLYCHSA-N,bindingdb|pubchem_confirmatory,2,0.5,False,True,True
ARXTZUKWNSDEOC-NGPVXHTBSA-N,pubchem_confirmatory,1,1.0,True,False,True
APYRWCZSHVVKRE-VDLMLRQJSA-N,pubchem_confirmatory,1,1.0,True,False,True
DFLPXAKZLNBNCB-HHHXNRCGSA-N,bindingdb|pubchem_confirmatory,2,0.5,False,True,True
MKJUETQMTPGHGC-KAYWLYCHSA-N,bindingdb|pubchem_confirmatory,2,0.5,False,True,True
QGSUJZNFKIUCGI-ZBGHLPLLSA-N,bindingdb|pubchem_confirmatory,2,0.5,False,True,True
LTLXUAVVEIWJOB-AREMUKBSSA-N,bindingdb|pubchem_confirmatory,2,0.5,False,True,True
TVRCRZNFCUYEKH-ZIBQXMNCSA-N,pubchem_confirmatory,1,1.0,True,False,True
RUHPDBCMUJISAS-XPOHOPQJSA-N,pubchem_confirmatory,1,1.0,True,False,True
HDOICFJGKOAPSD-KAYWLYCHSA-N,bindingdb|pubchem_confirmatory,2,0.5,False,True,True
LPVKAKCXVFKSDD-HHHXNRCGSA-N,bindingdb|pubchem_confirmatory,2,0.5,False,True,True
YDUZIQDWBSFXRB-GYZOCXDNSA-N,bindingdb|pubchem_confirmatory,2,0.5,False,True,True
VGXAWPCYYWTEJP-YVVHSEAESA-N,bindingdb|pubchem_confirmatory,2,0.5,False,True,True
XFXVYNYRKQIMDF-YJHZZORQSA-N,bindingdb|pubchem_confirmatory,2,0.5,False,True,True
NECOWGBOQHSSNG-KJZSJKLJSA-N,bindingdb|pubchem_confirmatory,2,0.5,False,True,True
CFDNEUFZAVYAPY-GCCWUPBUSA-N,bindingdb|pubchem_confirmatory,2,0.5,False,True,True
YYXFWQONQMTQES-WXVAWEFUSA-N,bindingdb|pubchem_confirmatory,2,0.5,False,True,True
CFDNEUFZAVYAPY-SACAOSOOSA-N,bindingdb|pubchem_confirmatory,2,0.5,False,True,True
YYXFWQONQMTQES-AJTFRIOCSA-N,bindingdb|pubchem_confirmatory,2,0.5,False,True,True
KREMBNXLYXOOPX-CLJLJLNGSA-N,bindingdb|pubchem_confirmatory,2,0.5,False,True,True
NVKZHLKRHQPQSA-CLJLJLNGSA-N,bindingdb|pubchem_confirmatory,2,0.5,False,True,True
DXZLTZZZLYIHJG-AREMUKBSSA-N,bindingdb|pubchem_confirmatory,2,0.5,False,True,True
SIIPIXAPMMRJJU-KAYWLYCHSA-N,bindingdb|pubchem_confirmatory,2,0.5,False,True,True
VQMXONSUYBYMGA-FQLXRVMXSA-N,bindingdb|pubchem_confirmatory,2,0.5,False,True,True
LZDZYNKGEYBGLW-GDLZYMKVSA-N,bindingdb|pubchem_confirmatory,2,0.5,False,True,True
GGJSPGBMCSAIDG-VSGBNLITSA-N,bindingdb|pubchem_confirmatory,2,0.5,False,True,True
JUSNVANUAVZORF-MUUNZHRXSA-N,bindingdb|pubchem_confirmatory,2,0.5,False,True,True
WTONTAIDCPNCSW-KAYWLYCHSA-N,bindingdb|pubchem_confirmatory,2,0.5,False,True,True
DOSWOHSVUAUVED-HHHXNRCGSA-N,bindingdb|pubchem_confirmatory,2,0.5,False,True,True
JBJNQCBJKWHJBA-HHHXNRCGSA-N,bindingdb|pubchem_confirmatory,2,0.5,False,True,True
NFNSMCDRYSPAPO-CLJLJLNGSA-N,bindingdb|pubchem_confirmatory,2,0.5,False,True,True
WDEZFYQOFULKKL-AREMUKBSSA-N,bindingdb|pubchem_confirmatory,2,0.5,False,True,True
XMQMJDOTNCFOLT-HQMADOEBSA-N,bindingdb|pubchem_confirmatory,2,0.5,False,True,True
HAMGMJYAAXCLDN-MUUNZHRXSA-N,bindingdb|pubchem_confirmatory,2,0.5,False,True,True
CJVNIKYJWQUIRS-VSGBNLITSA-N,bindingdb|pubchem_confirmatory,2,0.5,False,True,True
YPTZCJCUBUMRGV-NGPVXHTBSA-N,pubchem_confirmatory,1,1.0,True,False,True
NAXPVOYEAMEMAE-JTYXWRCWSA-N,pubchem_confirmatory,1,1.0,True,False,True
QYKCVISYGFTDBH-FQLXRVMXSA-N,bindingdb|pubchem_confirmatory,2,0.5,False,True,True
DPUKLPJXBRSCKY-GDLZYMKVSA-N,bindingdb|pubchem_confirmatory,2,0.5,False,True,True
XMQMJDOTNCFOLT-FAOMPSFFSA-N,bindingdb|pubchem_confirmatory,2,0.5,False,True,True
VRHGRZFQXLMFNI-OKNVFKEHSA-N,bindingdb|pubchem_confirmatory,2,0.5,False,True,True
VRHGRZFQXLMFNI-RJIGRWNCSA-N,bindingdb|pubchem_confirmatory,2,0.5,False,True,True
SISWABZROHQKSF-KAYWLYCHSA-N,bindingdb|pubchem_confirmatory,2,0.5,False,True,True
PTCLELAYDLLLIJ-GVBVHUCQSA-N,bindingdb|pubchem_confirmatory,2,0.5,False,True,True
PRTQDZCJSRPOGJ-NEKDWFFYSA-N,bindingdb|pubchem_confirmatory,2,0.5,False,True,True
DTRXNWPMBSOJIN-HHHXNRCGSA-N,bindingdb|pubchem_confirmatory,2,0.5,False,True,True
FEPCLANBBKYTAM-XRBWLTQTSA-N,bindingdb|pubchem_confirmatory,2,0.5,False,True,True
NSOVKIJNTQGSNZ-IIGOATNISA-N,bindingdb|pubchem_confirmatory,2,0.5,False,True,True
RAYHOKJHOSRJQD-GTJYFZDJSA-N,bindingdb|pubchem_confirmatory,2,0.5,False,True,True
VKJALWWCFJIUAH-XDAJTCOGSA-N,bindingdb|pubchem_confirmatory,2,0.5,False,True,True
PRTQDZCJSRPOGJ-QDPGVEIFSA-N,bindingdb|pubchem_confirmatory,2,0.5,False,True,True
VKJALWWCFJIUAH-MWVDVNALSA-N,bindingdb|pubchem_confirmatory,2,0.5,False,True,True
QTYHBSNPEVTOCY-MOFFZIGISA-N,bindingdb|pubchem_confirmatory,2,0.5,False,True,True
KMLRLTDCVYFJKS-OZIXFKSASA-N,bindingdb|pubchem_confirmatory,2,0.5,False,True,True
RRZJHUZYOBHJNV-MUUNZHRXSA-N,bindingdb|pubchem_confirmatory,2,0.5,False,True,True
GYZBYPQAHQSORI-YOXBCDPKSA-N,bindingdb|pubchem_confirmatory,2,0.5,False,True,True
DKUSWZKILNAVSC-REMUIPKLSA-N,bindingdb|pubchem_confirmatory,2,0.5,False,True,True
OEPRRKRVKRWOQF-YZMUISPRSA-N,bindingdb|pubchem_confirmatory,2,0.5,False,True,True
AHAOMBQJJMWMOB-AREMUKBSSA-N,bindingdb|pubchem_confirmatory,2,0.5,False,True,True
UMVSFFXULUUKML-CLJLJLNGSA-N,bindingdb|pubchem_confirmatory,2,0.5,False,True,True
HAMJZNOCBRKLFH-JPBRTVAWSA-N,bindingdb|pubchem_confirmatory,2,0.5,False,True,True
ZMHVWLZJEXXWPY-AJTFRIOCSA-N,bindingdb|pubchem_confirmatory,2,0.5,False,True,True
FLNCJRNPDIQGRM-SACAOSOOSA-N,bindingdb|pubchem_confirmatory,2,0.5,False,True,True
MWHSINSADPVBGZ-OVNMXNLTSA-N,bindingdb|pubchem_confirmatory,2,0.5,False,True,True
GXEMNQLGKITEKY-VSGBNLITSA-N,bindingdb|pubchem_confirmatory,2,0.5,False,True,True
YUGWOFBXSWQFQK-MANYVHKHSA-N,bindingdb|pubchem_confirmatory,2,0.5,False,True,True
QLUFXYYIDQXVQU-RQAPJLMPSA-N,bindingdb|pubchem_confirmatory,2,0.5,False,True,True
OJBRNJYASMQFBO-KAYWLYCHSA-N,bindingdb|pubchem_confirmatory,2,0.5,False,True,True
VFDNBOXXJNKPFW-OAQYLSRUSA-N,bindingdb|pubchem_confirmatory,2,0.5,False,True,True
MUIARBJPPYSFSA-NHCUHLMSSA-N,bindingdb|pubchem_confirmatory,2,0.5,False,True,True
QABKNLFXYFFUKH-NHCUHLMSSA-N,bindingdb|pubchem_confirmatory,2,0.5,False,True,True
OKKBYOPSXRIXKK-OAQYLSRUSA-N,bindingdb|pubchem_confirmatory,2,0.5,False,True,True
URPCKBJLBWWJPQ-HSZRJFAPSA-N,bindingdb|pubchem_confirmatory,2,0.5,False,True,True
NHMBMQBPTMRHTK-JOCHJYFZSA-N,bindingdb|pubchem_confirmatory,2,0.5,False,True,True
TWNYKGSRJNYVIK-NHCUHLMSSA-N,bindingdb|pubchem_confirmatory,2,0.5,False,True,True
FBXUNPZUNGNSMN-WOJBJXKFSA-N,bindingdb|pubchem_confirmatory,2,0.5,False,True,True
KVMIXEURUDKPPT-NHCUHLMSSA-N,bindingdb|pubchem_confirmatory,2,0.5,False,True,True
DJJKKBZYTMENQM-FGZHOGPDSA-N,bindingdb|pubchem_confirmatory,2,0.5,False,True,True
IEFNZAQIDIMUPU-NHCUHLMSSA-N,bindingdb|pubchem_confirmatory,2,0.5,False,True,True
NLBWUWGNYJSLTE-BPAKYRGESA-N,bindingdb|pubchem_confirmatory,2,0.5,False,True,True
YBEMOCBGFFGDAH-FGZHOGPDSA-N,bindingdb|pubchem_confirmatory,2,0.5,False,True,True
BQHPYPBHAUZTDT-DNQXCXABSA-N,bindingdb|pubchem_confirmatory,2,0.5,False,True,True
JMKJBVPBLVPMHW-DNQXCXABSA-N,bindingdb|pubchem_confirmatory,2,0.5,False,True,True
ARYBGZMSHXRBOQ-JWQCQUIFSA-N,bindingdb|pubchem_confirmatory,2,0.5,False,True,True
TUDGDJRDIRQZGT-DNQXCXABSA-N,bindingdb|pubchem_confirmatory,2,0.5,False,True,True
YPKIWHXVGAGBLC-FGZHOGPDSA-N,bindingdb|pubchem_confirmatory,2,0.5,False,True,True
BRYMJXNQKDQEAQ-JCHVILAISA-N,bindingdb|pubchem_confirmatory,2,0.5,False,True,True
NQHQCWFRELDPSR-MGYSCDMNSA-N,bindingdb|pubchem_confirmatory,2,0.5,False,True,True
BQQCOVPGQSMJES-CLJLJLNGSA-N,bindingdb|pubchem_confirmatory,2,0.5,False,True,True
BCGLCWUWBPCKSO-CDNDPLPTSA-N,bindingdb|pubchem_confirmatory,2,0.5,False,True,True
MVGNNNIEBIWQPN-CLJLJLNGSA-N,bindingdb|pubchem_confirmatory,2,0.5,False,True,True
XLJXWVMVDOASFN-QYHPCCJNSA-N,bindingdb|pubchem_confirmatory,2,0.5,False,True,True
UHXBBZXFNKGBQQ-CPZIVXJKSA-N,bindingdb|pubchem_confirmatory,2,0.5,False,True,True
FZTMTGVISYQUJF-DNQXCXABSA-N,bindingdb|pubchem_confirmatory,2,0.5,False,True,True
OUHJLFOEFIZYPJ-JWQCQUIFSA-N,bindingdb|pubchem_confirmatory,2,0.5,False,True,True
ODNZFEBIBYCHQD-JGVIILGRSA-N,bindingdb|pubchem_confirmatory,2,0.5,False,True,True
ITKGEPPNEGSVBO-XMMPIXPASA-N,bindingdb|pubchem_confirmatory,2,0.5,False,True,True
XBUAROXBMMOLSP-JWQCQUIFSA-N,bindingdb|pubchem_confirmatory,2,0.5,False,True,True
PTLWJWJPPNDCMM-ZHFHXLPRSA-N,bindingdb|pubchem_confirmatory,2,0.5,False,True,True
KCKSQXXHRFEJPJ-JWQCQUIFSA-N,bindingdb|pubchem_confirmatory,2,0.5,False,True,True
FETADTQMAMCUBJ-XBPDSQQVSA-N,bindingdb|pubchem_confirmatory,2,0.5,False,True,True
VQPYXWSDGRECHG-TWDLTGNASA-N,bindingdb|pubchem_confirmatory,2,0.5,False,True,True
CCUATAPILJLNAO-DNQXCXABSA-N,bindingdb|pubchem_confirmatory,2,0.5,False,True,True
WJTGWYRYHLTKTK-FCBLIUAWSA-N,bindingdb|pubchem_confirmatory,2,0.5,False,True,True
CCTOSKMYYJIKCY-JWQCQUIFSA-N,bindingdb|pubchem_confirmatory,2,0.5,False,True,True
PDKVNQUVULGNCC-FIRIVFDPSA-N,bindingdb|pubchem_confirmatory,2,0.5,False,True,True
NTMPOBJJLHBUER-YZZZMAPSSA-N,bindingdb|pubchem_confirmatory,2,0.5,False,True,True
URDVKLILWWNSPT-LOYHVIPDSA-N,bindingdb|pubchem_confirmatory,2,0.5,False,True,True
PXSFPKKTPXMXEL-WBJFKPHRSA-N,bindingdb|pubchem_confirmatory,2,0.5,False,True,True
VZHSPUWKMPTQJY-LOYHVIPDSA-N,bindingdb|pubchem_confirmatory,2,0.5,False,True,True
QXUGPCRCOYOEQC-FIRIVFDPSA-N,bindingdb|pubchem_confirmatory,2,0.5,False,True,True
BAACMINFRYGEOW-MODGDONCSA-N,bindingdb|pubchem_confirmatory,2,0.5,False,True,True
OWZSJTPAELCUTA-LOYHVIPDSA-N,bindingdb|pubchem_confirmatory,2,0.5,False,True,True
SOUDLJVEBAMIIN-ACZRSVQJSA-N,bindingdb|pubchem_confirmatory,2,0.5,False,True,True
VTSQFJFCFADIMM-FQLXRVMXSA-N,bindingdb|pubchem_confirmatory,2,0.5,False,True,True
MJEVWSCKIVQISM-NHMVCCKCSA-N,bindingdb|pubchem_confirmatory,2,0.5,False,True,True
VEZZYLYRGWCRGN-NHMVCCKCSA-N,bindingdb|pubchem_confirmatory,2,0.5,False,True,True
SVAJFUONVUFFPS-VSGBNLITSA-N,bindingdb|pubchem_confirmatory,2,0.5,False,True,True
YLHZIGFFQMDKLR-MDAUBKBASA-N,bindingdb|pubchem_confirmatory,2,0.5,False,True,True
HAFZSDAXQFQHKW-KAYWLYCHSA-N,bindingdb|pubchem_confirmatory,2,0.5,False,True,True
ZRASDNFEONITRH-ZHFHXLPRSA-N,bindingdb|pubchem_confirmatory,2,0.5,False,True,True
FDDGLONZWVFBMI-RDHWPSBWSA-N,bindingdb|pubchem_confirmatory,2,0.5,False,True,True
FDDGLONZWVFBMI-PQRMCGFUSA-N,bindingdb|pubchem_confirmatory,2,0.5,False,True,True
MPGFEFZASUKBJA-CDISPVAFSA-N,bindingdb|pubchem_confirmatory,2,0.5,False,True,True
INJZPMFSLXVHHA-WIISGGPLSA-N,bindingdb|pubchem_confirmatory,2,0.5,False,True,True
WCPXOJTYDVBBDT-IWGZPIKUSA-N,bindingdb|pubchem_confirmatory,2,0.5,False,True,True
GXGQLCLUCHQMFB-UONXBRBJSA-N,bindingdb|pubchem_confirmatory,2,0.5,False,True,True
MFBNVSSMAJQYTO-AHWVRZQESA-N,bindingdb|pubchem_confirmatory,2,0.5,False,True,True
GBGNRJWWXVCZOB-FPSALIRRSA-N,bindingdb|pubchem_confirmatory,2,0.5,False,True,True
BIJFVWNUHUJPCU-NESNGIIPSA-N,bindingdb|pubchem_confirmatory,2,0.5,False,True,True
KZKLJHZXCXYNPM-ZWUPQFPUSA-N,bindingdb|pubchem_confirmatory,2,0.5,False,True,True
CTMKGFXRSMZDIB-SQGQPVMHSA-N,bindingdb|pubchem_confirmatory,2,0.5,False,True,True
BPDIWPXYWOBUKD-LOYHVIPDSA-N,bindingdb|pubchem_confirmatory,2,0.5,False,True,True
XKLVHLDZERVUOM-PYKDQWMASA-N,bindingdb|pubchem_confirmatory,2,0.5,False,True,True
DQFHXHFVOQHYQN-HXUWFJFHSA-N,bindingdb|pubchem_confirmatory,2,0.5,False,True,True
KHDOCWSGAMXNIE-UHFFFAOYSA-N,bindingdb|pubchem_confirmatory,2,0.5,False,True,True
KWWRZQBFPHGLLU-GOSISDBHSA-N,bindingdb|pubchem_confirmatory,2,0.5,False,True,True
BJGNGAUQQVLOFK-OAQYLSRUSA-N,bindingdb|pubchem_confirmatory,2,0.5,False,True,True
JUAAXXWFYBKTOK-JOCHJYFZSA-N,bindingdb|pubchem_confirmatory,2,0.5,False,True,True
KVVLHOAFZBAXJA-OAQYLSRUSA-N,bindingdb|pubchem_confirmatory,2,0.5,False,True,True
OTTXISGXVQCDKH-MRXNPFEDSA-N,bindingdb|pubchem_confirmatory,2,0.5,False,True,True
YTWWPSKDZIWWGS-HSZRJFAPSA-N,bindingdb|pubchem_confirmatory,2,0.5,False,True,True
INNIPFBUZSIMHT-JOCHJYFZSA-N,bindingdb|pubchem_confirmatory,2,0.5,False,True,True
LIIIMFCUVRIFDK-HSZRJFAPSA-N,bindingdb|pubchem_confirmatory,2,0.5,False,True,True
QVUBWUSXYZDOKJ-JOCHJYFZSA-N,bindingdb|pubchem_confirmatory,2,0.5,False,True,True
BHNCFTVRTDAWMG-HXUWFJFHSA-N,bindingdb|pubchem_confirmatory,2,0.5,False,True,True
LBTLXLUYSGUICZ-HSZRJFAPSA-N,bindingdb|pubchem_confirmatory,2,0.5,False,True,True
IJJMOGUYFPBFLU-HSZRJFAPSA-N,bindingdb|pubchem_confirmatory,2,0.5,False,True,True
OURALECKKSXVBI-HXUWFJFHSA-N,bindingdb|pubchem_confirmatory,2,0.5,False,True,True
OIPUCNKRUQAQOG-HXUWFJFHSA-N,bindingdb|pubchem_confirmatory,2,0.5,False,True,True
ZVYWQARDVBIPNE-JOCHJYFZSA-N,bindingdb|pubchem_confirmatory,2,0.5,False,True,True
VMPJLOARTDNYOG-OAQYLSRUSA-N,bindingdb|pubchem_confirmatory,2,0.5,False,True,True
XQEFZYJZQWLHPA-HXUWFJFHSA-N,bindingdb|pubchem_confirmatory,2,0.5,False,True,True
MZZIBKVZKGOPOK-GOSISDBHSA-N,bindingdb|pubchem_confirmatory,2,0.5,False,True,True
NPZVTWIYGOQTMM-WRSRUZKNSA-N,bindingdb|pubchem_confirmatory,2,0.5,False,True,True
WMVKZLRWPDNEEV-UHFFFAOYSA-N,bindingdb|pubchem_confirmatory,2,0.5,False,True,True
YEYGBCBODNQPPQ-OAQYLSRUSA-N,bindingdb|pubchem_confirmatory,2,0.5,False,True,True
ATMQYASCICEAIR-QGZVFWFLSA-N,bindingdb|chembl|pubchem_confirmatory,3,0.3,False,True,True
FHRGHWJREIVLTF-OXJNMPFZSA-N,bindingdb|chembl|pubchem_confirmatory,3,0.3,False,True,True
XCHVAFMDSDWGKU-QGZVFWFLSA-N,bindingdb|chembl|pubchem_confirmatory,3,0.3,False,True,True
VWCKDLAMHWKXFJ-HXUWFJFHSA-N,bindingdb|chembl|pubchem_confirmatory,3,0.3,False,True,True
JQGQSIFPSQABNF-GOSISDBHSA-N,bindingdb|chembl|pubchem_confirmatory,3,0.3,False,True,True
UZZCYFPUQONPSM-HXUWFJFHSA-N,bindingdb|chembl|pubchem_confirmatory,3,0.3,False,True,True
XOPFZBSGTNUENT-UHFFFAOYSA-N,bindingdb|chembl|pubchem_confirmatory,3,0.3,False,True,True
CCJHJEGQQRESRQ-UHFFFAOYSA-N,bindingdb|chembl|pubchem_confirmatory,3,0.3,False,True,True
NGLHWLJAOJUKDB-UHFFFAOYSA-N,bindingdb|chembl|pubchem_confirmatory,3,0.3,False,True,True
LDFIAHIZNOGABR-UHFFFAOYSA-N,bindingdb|chembl|pubchem_confirmatory,3,0.3,False,True,True
CIUJUXIRJKCLNI-UHFFFAOYSA-N,bindingdb|chembl|pubchem_confirmatory,3,0.3,False,True,True
UTLSDQLDTDZRJB-BJMVGYQFSA-N,bindingdb|chembl|pubchem_confirmatory,3,0.3,False,True,True
KKRHFNFLOSUOPU-UHFFFAOYSA-N,bindingdb|chembl|pubchem_confirmatory,3,0.3,False,True,True
TVWVXTPUYKCYDY-UHFFFAOYSA-N,bindingdb|chembl|pubchem_confirmatory,3,0.3,False,True,True
BDYDINKSILYBOL-WMZHIEFXSA-N,bindingdb|chembl|pubchem_confirmatory,3,0.3,False,True,True
LJJCYRVBDASIDX-DEOSSOPVSA-N,bindingdb|chembl|pubchem_confirmatory,3,0.3,False,True,True
SOZMHIJABUOUSN-ORMVGFHCSA-N,bindingdb|chembl|pubchem_confirmatory,3,0.3,False,True,True
BEBWDQKWFGMXJE-JJRALNOCSA-N,bindingdb|chembl|pubchem_confirmatory,3,0.3,False,True,True
RNPHDOGEBPEBJL-BWRKVPRGSA-N,bindingdb|chembl|pubchem_confirmatory,3,0.3,False,True,True
KSRIRFYXGRVHIQ-NHFPRBITSA-N,bindingdb|chembl|pubchem_confirmatory,3,0.3,False,True,True
XVDOJGKFRPGAMA-XOAKMBAOSA-N,bindingdb|chembl|pubchem_confirmatory,3,0.3,False,True,True
DEXCMYZIMLJRHD-MLUOZVFJSA-N,bindingdb|chembl|pubchem_confirmatory,3,0.3,False,True,True
XXWKQQADEORQKB-TZFJXLEPSA-N,bindingdb|chembl|pubchem_confirmatory,3,0.3,False,True,True
WSECFSPSIZWXKX-SGURQHNMSA-N,bindingdb|chembl|pubchem_confirmatory,3,0.3,False,True,True
AWLWGEWTGVCELL-IAVHNDNQSA-N,bindingdb|chembl|pubchem_confirmatory,3,0.3,False,True,True
XLFRTKXSXYRMCR-NQLGDYOOSA-N,bindingdb|chembl|pubchem_confirmatory,3,0.3,False,True,True
AYPOFBCPZVCFFN-RBZQAINGSA-N,bindingdb|chembl|pubchem_confirmatory,3,0.3,False,True,True
JQVQFHRHFJDUQB-WUYKWKHLSA-N,bindingdb|chembl|pubchem_confirmatory,3,0.3,False,True,True
OPOIXJXKOVEMMK-SGURQHNMSA-N,bindingdb|chembl|pubchem_confirmatory,3,0.3,False,True,True
LDFXPUUHGIRAJW-HXUWFJFHSA-N,bindingdb|pubchem_confirmatory,2,0.5,False,True,True
YTNOZLXUKPRAIR-UHFFFAOYSA-N,bindingdb|pubchem_confirmatory,2,0.5,False,True,True
KCQDMTUOIGYZJW-UHFFFAOYSA-N,bindingdb|chembl|pubchem_confirmatory,3,0.3,False,True,True
YENZISCKOLNUNL-OFNKIYASSA-N,bindingdb|chembl|pubchem_confirmatory,3,0.3,False,True,True
YYDSWHOUUXLIPO-HXUWFJFHSA-N,chembl|pubchem_confirmatory,2,0.7,True,True,True
FWKPAEDBNWIWNN-HSZRJFAPSA-N,chembl|pubchem_confirmatory,2,0.7,True,True,True
KGASJTZJKUTRKA-HXUWFJFHSA-N,chembl|pubchem_confirmatory,2,0.7,True,True,True
QQJBUMHLLPCNES-HXUWFJFHSA-N,chembl|pubchem_confirmatory,2,0.7,True,True,True
LDAFREJPMJXRPV-LJQANCHMSA-N,chembl|pubchem_confirmatory,2,0.7,True,True,True
SOIIUZAYVFXKQU-HXUWFJFHSA-N,chembl|pubchem_confirmatory,2,0.7,True,True,True
DQYBRNLGMWOIAD-UHFFFAOYSA-N,chembl|pubchem_confirmatory,2,0.7,True,True,True
RFFRJSYCHSXGKZ-UHFFFAOYSA-N,chembl|pubchem_confirmatory,2,0.7,True,True,True
FMFNHGMJLLUKKO-UHFFFAOYSA-N,chembl|pubchem_confirmatory,2,0.7,True,True,True
QGRRZABEPJXVLV-UHFFFAOYSA-N,chembl|pubchem_confirmatory,2,0.7,True,True,True
SPYSMKILPZOVSD-UHFFFAOYSA-N,chembl|pubchem_confirmatory,2,0.7,True,True,True
PSSQKPFLUZJLND-UHFFFAOYSA-N,chembl|pubchem_confirmatory,2,0.7,True,True,True
XERIXIFQJJFPGS-UHFFFAOYSA-N,bindingdb|chembl|pubchem_confirmatory,3,0.3,False,True,True
NJSZICRJHDQNCG-QGZVFWFLSA-N,bindingdb|chembl|pubchem_confirmatory,3,0.3,False,True,True
BPWATVWOHQZVRP-NSHDSACASA-N,bindingdb|chembl|pubchem_confirmatory,3,0.3,False,True,True
OLFDULIIJWCYCK-NSHDSACASA-N,bindingdb|chembl|pubchem_confirmatory,3,0.3,False,True,True
ROSPXSVYPPWPER-FQEVSTJZSA-N,bindingdb|chembl|pubchem_confirmatory,3,0.3,False,True,True
AEHNGMWCWNFYGA-VWLOTQADSA-N,bindingdb|chembl|pubchem_confirmatory,3,0.3,False,True,True
SJULYGXYEMITLA-SANMLTNESA-N,bindingdb|chembl|pubchem_confirmatory,3,0.3,False,True,True
RNVGQUCPIOCOLA-CIFBLZBGSA-N,bindingdb|chembl|pubchem_confirmatory,3,0.3,False,True,True
OMNPZEKDRDIEOQ-NRFANRHFSA-N,bindingdb|chembl|pubchem_confirmatory,3,0.3,False,True,True
SIKMFSCAHDNGSX-SANMLTNESA-N,bindingdb|chembl|pubchem_confirmatory,3,0.3,False,True,True
DOGQFSIYZSBGIT-QHCPKHFHSA-N,bindingdb|chembl|pubchem_confirmatory,3,0.3,False,True,True
CPOUBCIXTQYKFZ-NDEPHWFRSA-N,bindingdb|chembl|pubchem_confirmatory,3,0.3,False,True,True
UKMDSKISUOFSSN-SANMLTNESA-N,bindingdb|chembl|pubchem_confirmatory,3,0.3,False,True,True
GBABZCBYODXOKT-SANMLTNESA-N,bindingdb|chembl|pubchem_confirmatory,3,0.3,False,True,True
WQQYYEAXCGSTEG-QHCPKHFHSA-N,bindingdb|chembl|pubchem_confirmatory,3,0.3,False,True,True
WBVSLOZIPBGMGD-DEOSSOPVSA-N,bindingdb|chembl|pubchem_confirmatory,3,0.3,False,True,True
DWPKJMZNKNGEPT-PMERELPUSA-N,bindingdb|chembl|pubchem_confirmatory,3,0.3,False,True,True
CWLQVFRMYVBVQR-VWLOTQADSA-N,bindingdb|chembl|pubchem_confirmatory,3,0.3,False,True,True
LBPHQNXLYXBJPB-IBGZPJMESA-N,bindingdb|chembl|pubchem_confirmatory,3,0.3,False,True,True
QEDRWCZKWJJCHF-IBGZPJMESA-N,bindingdb|chembl|pubchem_confirmatory,3,0.3,False,True,True
QSOANCWMQYCQPM-SFHVURJKSA-N,bindingdb|chembl|pubchem_confirmatory,3,0.3,False,True,True
RAQKNQGJRDRXAH-SFTDATJTSA-N,bindingdb|chembl|pubchem_confirmatory,3,0.3,False,True,True
PRZSMYDCTDEWSN-SFHVURJKSA-N,bindingdb|chembl|pubchem_confirmatory,3,0.3,False,True,True
YGGURSRNOHLZLN-SANMLTNESA-N,bindingdb|chembl|pubchem_confirmatory,3,0.3,False,True,True
KMIRIWMQABSUPL-FQEVSTJZSA-N,bindingdb|chembl|pubchem_confirmatory,3,0.3,False,True,True
SXPYPXNLXOZOHG-QFIPXVFZSA-N,bindingdb|chembl|pubchem_confirmatory,3,0.3,False,True,True
JEKTVRHJBCGHFJ-PMERELPUSA-N,bindingdb|chembl|pubchem_confirmatory,3,0.3,False,True,True
QOTBHKUABHMCMR-SANMLTNESA-N,bindingdb|chembl|pubchem_confirmatory,3,0.3,False,True,True
YHJJOLOVMCPJEK-SANMLTNESA-N,bindingdb|chembl|pubchem_confirmatory,3,0.3,False,True,True
PJHFHEHDIDEJBH-SANMLTNESA-N,bindingdb|chembl|pubchem_confirmatory,3,0.3,False,True,True
ZDGDTEUUOXKROF-QHCPKHFHSA-N,bindingdb|chembl|pubchem_confirmatory,3,0.3,False,True,True
QAMZIERTQHLZOB-QFIPXVFZSA-N,bindingdb|chembl|pubchem_confirmatory,3,0.3,False,True,True
XROHWYCHEUBBDR-MHZLTWQESA-N,bindingdb|chembl|pubchem_confirmatory,3,0.3,False,True,True
VHPAZOVJJOZCLD-QHCPKHFHSA-N,bindingdb|chembl|pubchem_confirmatory,3,0.3,False,True,True
XRXJMFYWQKEMHA-SANMLTNESA-N,bindingdb|chembl|pubchem_confirmatory,3,0.3,False,True,True
MBUPAWYIYXGPCY-QHCPKHFHSA-N,bindingdb|chembl|pubchem_confirmatory,3,0.3,False,True,True
RCLARCLPTIUJGB-LJAQVGFWSA-N,bindingdb|chembl|pubchem_confirmatory,3,0.3,False,True,True
RXABGCFSEVZQBM-MHZLTWQESA-N,bindingdb|chembl|pubchem_confirmatory,3,0.3,False,True,True
SLTJFRJEBDWGCV-FQEVSTJZSA-N,bindingdb|chembl|pubchem_confirmatory,3,0.3,False,True,True
RBZZBCNIQBLEAZ-SANMLTNESA-N,bindingdb|chembl|pubchem_confirmatory,3,0.3,False,True,True
KGLNTJBSYGPAQJ-SANMLTNESA-N,bindingdb|chembl|pubchem_confirmatory,3,0.3,False,True,True
GTFLWUJOYDUBAI-LJAQVGFWSA-N,bindingdb|chembl|pubchem_confirmatory,3,0.3,False,True,True
FTQKRNRRSRXYAW-VWLOTQADSA-N,bindingdb|chembl|pubchem_confirmatory,3,0.3,False,True,True
KZUGVCMKFKXKJX-MHZLTWQESA-N,bindingdb|chembl|pubchem_confirmatory,3,0.3,False,True,True
RWXJNOXHHROAGK-NDEPHWFRSA-N,bindingdb|chembl|pubchem_confirmatory,3,0.3,False,True,True
VDHXSLHHCSTMGO-HNNXBMFYSA-N,chembl|pubchem_confirmatory,2,0.7,True,True,True
QHGIRHHYXMSBAA-SFHVURJKSA-N,chembl|pubchem_confirmatory,2,0.7,True,True,True
CZNJLZHFEMUNBU-HNNXBMFYSA-N,chembl|pubchem_confirmatory,2,0.7,True,True,True
QTNKNBCYZAJJCL-SFHVURJKSA-N,chembl|pubchem_confirmatory,2,0.7,True,True,True
ZXKZQAWKAXBIOW-SFHVURJKSA-N,chembl|pubchem_confirmatory,2,0.7,True,True,True
QVQLUTLQWGEXFG-HNNXBMFYSA-N,chembl|pubchem_confirmatory,2,0.7,True,True,True
WNHMXJIINSBZFX-SFHVURJKSA-N,chembl|pubchem_confirmatory,2,0.7,True,True,True
PZPLTWPXLXBYJL-SFHVURJKSA-N,chembl|pubchem_confirmatory,2,0.7,True,True,True
PXJXCBYHGJEEJH-OXJNMPFZSA-N,chembl|pubchem_confirmatory,2,0.7,True,True,True
OBWPHUHZPTUUFY-UHFFFAOYSA-N,bindingdb|chembl|pubchem_confirmatory,3,0.3,False,True,True
GRZLMBNRDLTGCD-UHFFFAOYSA-N,bindingdb|chembl|pubchem_confirmatory,3,0.3,False,True,True
RNSKAVUKRKPYGK-UHFFFAOYSA-N,bindingdb|chembl|pubchem_confirmatory,3,0.3,False,True,True
HVCBKNIGIAIONV-UHFFFAOYSA-N,bindingdb|chembl|pubchem_confirmatory,3,0.3,False,True,True
GHTSDFVXGDTGAV-UHFFFAOYSA-N,bindingdb|chembl|pubchem_confirmatory,3,0.3,False,True,True
UMMNKCUSQIKSGP-UHFFFAOYSA-N,bindingdb|chembl|pubchem_confirmatory,3,0.3,False,True,True
HAEQQPWTMBVMLJ-UHFFFAOYSA-N,bindingdb|chembl|pubchem_confirmatory,3,0.3,False,True,True
QHJBNEFEIDZZCN-UHFFFAOYSA-N,bindingdb|chembl|pubchem_confirmatory,3,0.3,False,True,True
HMERIDRZXRVXIZ-UHFFFAOYSA-N,bindingdb|chembl|pubchem_confirmatory,3,0.3,False,True,True
VFJSDBUJXJBRRA-UHFFFAOYSA-N,bindingdb|chembl|pubchem_confirmatory,3,0.3,False,True,True
VUCFCRGOVAAFJN-NSHDSACASA-N,bindingdb|chembl|pubchem_confirmatory,3,0.3,False,True,True
RNKUFKLZNUHJKO-INIZCTEOSA-N,bindingdb|chembl|pubchem_confirmatory,3,0.3,False,True,True
IMRNUHDAZKODPJ-NSHDSACASA-N,bindingdb|chembl|pubchem_confirmatory,3,0.3,False,True,True
HBEIARVCIYYMOR-NSHDSACASA-N,bindingdb|chembl|pubchem_confirmatory,3,0.3,False,True,True
VPPKASORXGKPDU-HNNXBMFYSA-N,bindingdb|chembl|pubchem_confirmatory,3,0.3,False,True,True
SARPVRSDFMPZPF-UHFFFAOYSA-N,bindingdb|chembl|pubchem_confirmatory,3,0.3,False,True,True
ZIGXSTQPULUMFD-UHFFFAOYSA-N,bindingdb|chembl|pubchem_confirmatory,3,0.3,False,True,True
WIMIJIUBOOEMPC-HNNXBMFYSA-N,bindingdb|chembl|pubchem_confirmatory,3,0.3,False,True,True
HAIYEFMGUXOXIY-UHFFFAOYSA-N,bindingdb|chembl|pubchem_confirmatory,3,0.3,False,True,True
SDHVJUNLHOVWRK-HNNXBMFYSA-N,bindingdb|chembl|pubchem_confirmatory,3,0.3,False,True,True
ZRLDFUHXUJOSFA-UHFFFAOYSA-N,bindingdb|chembl|pubchem_confirmatory,3,0.3,False,True,True
AHDXCBUOFCCIOH-UHFFFAOYSA-N,bindingdb|chembl|pubchem_confirmatory,3,0.3,False,True,True
WHWRPJIORHPXHS-UHFFFAOYSA-N,bindingdb|chembl|pubchem_confirmatory,3,0.3,False,True,True
SNBPARNTIPIAEU-ZETCQYMHSA-N,bindingdb|chembl|pubchem_confirmatory,3,0.3,False,True,True
SPEHNMIVJCEDKE-VIFPVBQESA-N,bindingdb|chembl|pubchem_confirmatory,3,0.3,False,True,True
BFTJZPPYQCJEJO-JTQLQIEISA-N,bindingdb|chembl|pubchem_confirmatory,3,0.3,False,True,True
KBOPZPXVLCULAV-UHFFFAOYSA-N,bindingdb|chembl,2,0.6,True,True,True
RYLFERIMAZCADF-NTEUORMPSA-N,chembl,1,1.0,True,False,True
CYDMQBQPVICBEU-XRNKAMNCSA-N,chembl,1,1.0,True,False,True
MQTOSJVFKKJCRP-BICOPXKESA-N,bindingdb|chembl,2,0.6,True,True,True
JBIWCJUYHHGXTC-AKNGSSGZSA-N,chembl,1,1.0,True,False,True
OFVLGDICTFRJMM-WESIUVDSSA-N,chembl,1,1.0,True,False,True
VHOGYURTWQBHIL-UHFFFAOYSA-N,bindingdb|chembl,2,0.6,True,True,True
ATKURNZHHVJOEJ-UHFFFAOYSA-N,chembl,1,1.0,True,False,True
IEDVJHCEMCRBQM-UHFFFAOYSA-N,bindingdb|chembl,2,0.6,True,True,True
GECHUMIMRBOMGK-UHFFFAOYSA-N,bindingdb|chembl,2,0.6,True,True,True
KDLRVYVGXIQJDK-AWPVFWJPSA-N,chembl,1,1.0,True,False,True
DYKFCLLONBREIL-KVUCHLLUSA-N,chembl,1,1.0,True,False,True
BPWATVWOHQZVRP-UHFFFAOYSA-N,chembl,1,1.0,True,False,True
NUGMNTQVDBMPEN-RMKNXTFCSA-N,bindingdb|chembl,2,0.6,True,True,True
ZLGIFGMQKAADIC-RMKNXTFCSA-N,bindingdb|chembl,2,0.6,True,True,True
YDEBKDHQZGZWFE-VOTSOKGWSA-N,bindingdb|chembl,2,0.6,True,True,True
OAKOVENJQUMSSP-OUKQBFOZSA-N,bindingdb|chembl,2,0.6,True,True,True
FXPYZBJXFKHAMD-VAWYXSNFSA-N,bindingdb|chembl,2,0.6,True,True,True
HZWOPHYRQAVKDW-PKNBQFBNSA-N,bindingdb|chembl,2,0.6,True,True,True
GQUMYNJQPXMCLS-UXBLZVDNSA-N,bindingdb|chembl,2,0.6,True,True,True
CZZQCTJRWCGYOM-GFXQXFAQSA-N,bindingdb|chembl,2,0.6,True,True,True
YCRMPLASSUEONU-SGAJGPLNSA-N,bindingdb|chembl,2,0.6,True,True,True
IIBXCAFLVSBPDI-IZZDOVSWSA-N,bindingdb|chembl,2,0.6,True,True,True
BPJZWYQGXLWYJW-MDZDMXLPSA-N,bindingdb|chembl,2,0.6,True,True,True
PFPQEUAJFUXCTI-BUHFOSPRSA-N,bindingdb|chembl,2,0.6,True,True,True
NQYQQQWYHSWMTD-BUHFOSPRSA-N,bindingdb|chembl,2,0.6,True,True,True
WCOZZUZDUPYGJI-VAWYXSNFSA-N,bindingdb|chembl,2,0.6,True,True,True
ZCRRDBTVEZUYDL-ZHACJKMWSA-N,bindingdb|chembl,2,0.6,True,True,True
LOEXUSVIWSCCBG-OUKQBFOZSA-N,bindingdb|chembl,2,0.6,True,True,True
QJFKUUMRDQJUNX-FMIVXFBMSA-N,bindingdb|chembl,2,0.6,True,True,True
HTGQZAUTISWGMG-RMKNXTFCSA-N,bindingdb|chembl,2,0.6,True,True,True
WBVOLKSUHPCNDE-DHZHZOJOSA-N,bindingdb|chembl,2,0.6,True,True,True
DTSXXPKXJJANNA-CMDGGOBGSA-N,bindingdb|chembl,2,0.6,True,True,True
CBMQAWZEHLKOQT-ZHACJKMWSA-N,bindingdb|chembl,2,0.6,True,True,True
SRKIQLOBBOTVGA-DHZHZOJOSA-N,bindingdb|chembl,2,0.6,True,True,True
KSDWHCKHPLWNBX-ZRDIBKRKSA-N,bindingdb|chembl,2,0.6,True,True,True
WTWHVUQRYQJVRM-RMKNXTFCSA-N,bindingdb|chembl,2,0.6,True,True,True
XESCZJQXWCFRHJ-VAWYXSNFSA-N,bindingdb|chembl,2,0.6,True,True,True
VQBNCRXWHQSPBU-VOTSOKGWSA-N,bindingdb|chembl,2,0.6,True,True,True
KOLUAOQQVUCBJJ-CMDGGOBGSA-N,bindingdb|chembl,2,0.6,True,True,True
QEWZVAPXNKWYEC-DHZHZOJOSA-N,bindingdb|chembl,2,0.6,True,True,True
WVGHMXKTXLCQGY-NTCAYCPXSA-N,bindingdb|chembl,2,0.6,True,True,True
INUOOSQJDOAIOE-ZHACJKMWSA-N,bindingdb|chembl,2,0.6,True,True,True
DQQVMYBNHGJTCB-ZRDIBKRKSA-N,bindingdb|chembl,2,0.6,True,True,True
PHFBVAYTCGKKPB-WYMLVPIESA-N,bindingdb|chembl,2,0.6,True,True,True
KAKYUQWVDCKBEI-UXBLZVDNSA-N,bindingdb|chembl,2,0.6,True,True,True
LNPPSCCHVKSHLX-YRNVUSSQSA-N,bindingdb|chembl,2,0.6,True,True,True
MQPPGEDUMWADHH-RMKNXTFCSA-N,bindingdb|chembl,2,0.6,True,True,True
VDIYQSXFCUFYKY-VAWYXSNFSA-N,bindingdb|chembl,2,0.6,True,True,True
LYHXOVMBOCPEQK-DHZHZOJOSA-N,bindingdb|chembl,2,0.6,True,True,True
JLKIGFTWXXRPMT-UHFFFAOYSA-N,bindingdb|chembl,2,0.6,True,True,True
RPFABSIPTHSNOM-CMDGGOBGSA-N,bindingdb|chembl,2,0.6,True,True,True
UCSJYZPVAKXKNQ-HZYVHMACSA-N,chembl,1,1.0,True,False,True
OSSVXTKQSUKSKL-UYLJJQDDSA-N,bindingdb|chembl,2,0.6,True,True,True
FBOZXECLQNJBKD-ZDUSSCGKSA-N,bindingdb|chembl,2,0.6,True,True,True
LMEKQMALGUDUQG-UHFFFAOYSA-N,bindingdb|chembl,2,0.6,True,True,True
VZHHYRNMJNWPKX-KPKJPENVSA-N,bindingdb|chembl,2,0.6,True,True,True
NORYLKDIJBBIBL-DGOOTMLLSA-N,bindingdb|chembl,2,0.6,True,True,True
WAFVQVKFCWNAGU-DHZHZOJOSA-N,bindingdb|chembl,2,0.6,True,True,True
XMXQBEIZVKEUFL-XYOKQWHBSA-N,bindingdb|chembl,2,0.6,True,True,True
WPXIRWBIPXVBLA-RMKNXTFCSA-N,bindingdb|chembl,2,0.6,True,True,True
WJOOYBOPBBEGPI-UHFFFAOYSA-N,bindingdb|chembl,2,0.6,True,True,True
LFCAQMDLVAXWQJ-DHZHZOJOSA-N,bindingdb|chembl,2,0.6,True,True,True
UOERWAOIWPFBRM-OUKQBFOZSA-N,bindingdb|chembl,2,0.6,True,True,True
UYIRNXCZJCQHPZ-ZHACJKMWSA-N,bindingdb|chembl,2,0.6,True,True,True
YBQNSCWXHJWERQ-UXBLZVDNSA-N,bindingdb|chembl,2,0.6,True,True,True
DVADAALIWBNZPS-BQYQJAHWSA-N,bindingdb|chembl,2,0.6,True,True,True
AMNQBYGNUCOYKU-SOFGYWHQSA-N,bindingdb|chembl,2,0.6,True,True,True
HLDOVVWQFAUYHZ-RMKNXTFCSA-N,bindingdb|chembl,2,0.6,True,True,True
QLZJIYJKDHEGTK-CMDGGOBGSA-N,bindingdb|chembl,2,0.6,True,True,True
DKZYUGXMOMDOGR-MDZDMXLPSA-N,bindingdb|chembl,2,0.6,True,True,True
DJNODPHIERPNSL-VOTSOKGWSA-N,bindingdb|chembl,2,0.6,True,True,True
MTZCDOKXQOQLCC-CMDGGOBGSA-N,bindingdb|chembl,2,0.6,True,True,True
NTNPLNBIOAUCSF-BJMVGYQFSA-N,bindingdb|chembl,2,0.6,True,True,True
XOVCOBSURGZBAS-CPNJWEJPSA-N,bindingdb|chembl,2,0.6,True,True,True
CQOGESLXUFCNAJ-RMKNXTFCSA-N,bindingdb|chembl,2,0.6,True,True,True
GOCGCXQKABAYPB-YRNVUSSQSA-N,bindingdb|chembl,2,0.6,True,True,True
ANZGNVWPAHETBJ-FOCLMDBBSA-N,bindingdb|chembl,2,0.6,True,True,True
RWVIQNUBYKAHQF-QHHAFSJGSA-N,bindingdb|chembl,2,0.6,True,True,True
MMIBLLZYVXRJBH-PHAHWRSJSA-N,bindingdb|chembl,2,0.6,True,True,True
OLIFOXDQXBKCJE-TWDLTGNASA-N,bindingdb|chembl,2,0.6,True,True,True
RUHISKAQQPXKFY-HYYKEQEVSA-N,bindingdb|chembl,2,0.6,True,True,True
HIZIUWWWBSPLHC-KECVGCMWSA-N,bindingdb|chembl,2,0.6,True,True,True
PYMUTJVSYNKPAV-VOTSOKGWSA-N,bindingdb|chembl,2,0.6,True,True,True
XNMQOHUOVRJQHF-DHZHZOJOSA-N,bindingdb|chembl,2,0.6,True,True,True
VVWGPQZBDQVQRC-RMKNXTFCSA-N,bindingdb|chembl,2,0.6,True,True,True
ZUOYOUZECMBHBR-MDZDMXLPSA-N,bindingdb|chembl,2,0.6,True,True,True
OUZQOKSVINHKKH-JXMROGBWSA-N,bindingdb|chembl,2,0.6,True,True,True
QUJIMYXGRCETPJ-NTCAYCPXSA-N,bindingdb|chembl,2,0.6,True,True,True
HGDUYLMPOUWPKC-UHFFFAOYSA-N,bindingdb|chembl,2,0.6,True,True,True
YIJGNIIQDRGGFT-DTQAZKPQSA-N,bindingdb|chembl,2,0.6,True,True,True
XVKBQQHOTIOWGS-FMIVXFBMSA-N,bindingdb|chembl,2,0.6,True,True,True
UKBNPYFOTWCCJG-CMDGGOBGSA-N,bindingdb|chembl,2,0.6,True,True,True
CHCSYZMBITZHNF-VOTSOKGWSA-N,bindingdb|chembl,2,0.6,True,True,True
CMYJZYNWNNSYCJ-VAWYXSNFSA-N,bindingdb|chembl,2,0.6,True,True,True
UTIWQCCMBJPWLT-DHZHZOJOSA-N,bindingdb|chembl,2,0.6,True,True,True
CKOSWMJVDBYHQA-JXMROGBWSA-N,bindingdb|chembl,2,0.6,True,True,True
PAJZQOVJYFGKLT-DHZHZOJOSA-N,bindingdb|chembl,2,0.6,True,True,True
WPGXXNFPQSXEDI-DOZIQCTLSA-N,bindingdb|chembl,2,0.6,True,True,True
CTTLJAXKRLBSBX-MDZDMXLPSA-N,bindingdb|chembl,2,0.6,True,True,True
YEADKARXRYOYLV-DNQXCXABSA-N,bindingdb|chembl,2,0.6,True,True,True
QGSACIOZYKXEGK-BQYQJAHWSA-N,bindingdb|chembl,2,0.6,True,True,True
UDLOKUPYPMDNIK-NHCUHLMSSA-N,bindingdb|chembl,2,0.6,True,True,True
LVOLHDIEZDJLHE-DNQXCXABSA-N,bindingdb|chembl,2,0.6,True,True,True
FPDXTIDJPDDUKV-KUVLNDGKSA-N,bindingdb|chembl,2,0.6,True,True,True
TXAZLQQRTUTQHQ-YRNVUSSQSA-N,bindingdb|chembl,2,0.6,True,True,True
NRIYTRHASBWQOY-ZHACJKMWSA-N,bindingdb|chembl,2,0.6,True,True,True
VHYLBTORNNQGSC-UXBLZVDNSA-N,bindingdb|chembl,2,0.6,True,True,True
UPWSJPHNUKHUCZ-JXMROGBWSA-N,bindingdb|chembl,2,0.6,True,True,True
BBQAZEXXCBQCQA-BUHFOSPRSA-N,bindingdb|chembl,2,0.6,True,True,True
PRXCDNXAAKXWAR-VQHVLOKHSA-N,bindingdb|chembl,2,0.6,True,True,True
HCCLAUJRZXAOCM-BQYQJAHWSA-N,bindingdb|chembl,2,0.6,True,True,True
CZZQLIYGVNJSFG-ZRDIBKRKSA-N,bindingdb|chembl,2,0.6,True,True,True
ZNIBAEFRLCABBV-SDNWHVSQSA-N,bindingdb|chembl,2,0.6,True,True,True
BXKCULGTDZRKBR-JQODSXCXSA-N,bindingdb|chembl,2,0.6,True,True,True
SZVGMEAFHPBHFS-BYICHJTDSA-N,bindingdb|chembl,2,0.6,True,True,True
AMJAKWLWIGSEOK-FGZHOGPDSA-N,bindingdb|chembl,2,0.6,True,True,True
DAMOADWBROAURZ-OWOONTSJSA-N,bindingdb|chembl,2,0.6,True,True,True
BWVCHHYIDOXMGD-CMDGGOBGSA-N,bindingdb|chembl,2,0.6,True,True,True
PVWKJJQDBPEYDN-FOCLMDBBSA-N,bindingdb|chembl,2,0.6,True,True,True
KUSALJBCSRHTCX-CCWBKVMBSA-N,bindingdb|chembl,2,0.6,True,True,True
ODDXYPQHKMSWGQ-JQODSXCXSA-N,bindingdb|chembl,2,0.6,True,True,True
SWPZHPDLUDTPJZ-ZTFYXODMSA-N,bindingdb|chembl,2,0.6,True,True,True
INUWJBSOTTYTSH-BQYQJAHWSA-N,bindingdb|chembl,2,0.6,True,True,True
RSLOSXNYQJRRJE-MDZDMXLPSA-N,bindingdb|chembl,2,0.6,True,True,True
KKXJWCFDPMXNAM-DHIUTWEWSA-N,bindingdb|chembl,2,0.6,True,True,True
VHMWXFYGQZFDSK-CCEZHUSRSA-N,bindingdb|chembl,2,0.6,True,True,True
BRHZMWNNWYPSOR-FGZHOGPDSA-N,bindingdb|chembl,2,0.6,True,True,True
BGYRIPUDYLUQIA-LCRYKWFRSA-N,bindingdb|chembl,2,0.6,True,True,True
CCTBSSAXPUOLPN-ZHACJKMWSA-N,bindingdb|chembl,2,0.6,True,True,True
WTIKWTLPSGYTGL-ZRDIBKRKSA-N,bindingdb|chembl,2,0.6,True,True,True
KXWKVMYIGPCWNS-QMCAYLGFSA-N,bindingdb|chembl,2,0.6,True,True,True
PKLKAZQHEAVYDH-CCWBKVMBSA-N,bindingdb|chembl,2,0.6,True,True,True
VFWVELKIFHUNLL-HYYKEQEVSA-N,bindingdb|chembl,2,0.6,True,True,True
VMTDUZQFAQJFQI-DNQXCXABSA-N,bindingdb|chembl,2,0.6,True,True,True
HVLSVVNXGQWBCK-CGZXKHBLSA-N,bindingdb|chembl,2,0.6,True,True,True
QMZUIAWVLLFXLQ-FTNFKZBYSA-N,bindingdb|chembl,2,0.6,True,True,True
GACGJDCWTUNVIT-CCWBKVMBSA-N,bindingdb|chembl,2,0.6,True,True,True
ZDTTWDHETLQVDM-QZPZUKOXSA-N,bindingdb|chembl,2,0.6,True,True,True
RPNSOHXMFPDRCS-RXEARMEOSA-N,bindingdb|chembl,2,0.6,True,True,True
CVRBPSSPRGAELE-JWQCQUIFSA-N,bindingdb|chembl,2,0.6,True,True,True
DDWSSDNJWYFNFR-ZHFHXLPRSA-N,bindingdb|chembl,2,0.6,True,True,True
ZREUJCGWPDHLSI-GFXQXFAQSA-N,bindingdb|chembl,2,0.6,True,True,True
DOMCFXJRGKURHY-YXGQNDMDSA-N,bindingdb|chembl,2,0.6,True,True,True
GPFHGKHNKUQWQX-NHCUHLMSSA-N,bindingdb|chembl,2,0.6,True,True,True
KFQUIAVTQVAEHY-BYICHJTDSA-N,bindingdb|chembl,2,0.6,True,True,True
BJKMKISQCBDZEF-FOCLMDBBSA-N,bindingdb|chembl,2,0.6,True,True,True
VGPSYVMQSLFVNH-DTQAZKPQSA-N,bindingdb|chembl,2,0.6,True,True,True
UIXXFRMOZIOSDH-CAQIZEMESA-N,bindingdb|chembl,2,0.6,True,True,True
LDUNJCOTDJXWNX-TWDLTGNASA-N,bindingdb|chembl,2,0.6,True,True,True
JJLQAOZSDZVDAI-RMKNXTFCSA-N,bindingdb|chembl,2,0.6,True,True,True
HODHYXSBNQGCDU-DNQXCXABSA-N,bindingdb|chembl,2,0.6,True,True,True
OCNNNOYDUNPIFN-JCHVILAISA-N,bindingdb|chembl,2,0.6,True,True,True
LCSSWLIVMOHRDX-FYWRMAATSA-N,bindingdb|chembl,2,0.6,True,True,True
YANASIZQUJUBIW-RMKNXTFCSA-N,bindingdb|chembl,2,0.6,True,True,True
XPZWPIJPQPKEBN-OAFWRPHQSA-N,bindingdb|chembl,2,0.6,True,True,True
SSGRDYOYZSQTGC-UCDZCMRKSA-N,bindingdb|chembl,2,0.6,True,True,True
QCIGCAIYNGQUKS-AGJPTXKDSA-N,bindingdb|chembl,2,0.6,True,True,True
RYMUQIKRWINTKY-CCWBKVMBSA-N,bindingdb|chembl,2,0.6,True,True,True
PEOALMVPXVMWBD-LCRYKWFRSA-N,bindingdb|chembl,2,0.6,True,True,True
PFSQBKLSWWPHPX-DNQXCXABSA-N,bindingdb|chembl,2,0.6,True,True,True
BQAQGZDFXCYLGF-FCBLIUAWSA-N,bindingdb|chembl,2,0.6,True,True,True
YDVXHMCHMCWIRM-HDRCEPDYSA-N,bindingdb|chembl,2,0.6,True,True,True
GWJUMAOGOXRZCX-AGJPTXKDSA-N,bindingdb|chembl,2,0.6,True,True,True
MRBUXAAHYUNVEP-FGZHOGPDSA-N,bindingdb|chembl,2,0.6,True,True,True
FGQKISFJHYCLJA-JWQCQUIFSA-N,bindingdb|chembl,2,0.6,True,True,True
CHFLFHFJPCIJNV-DHIUTWEWSA-N,bindingdb|chembl,2,0.6,True,True,True
OBIOWVDIMNCUNT-SGAJGPLNSA-N,bindingdb|chembl,2,0.6,True,True,True
XHOOALODNCKXST-FGZHOGPDSA-N,chembl,1,1.0,True,False,True
YXISTULJZQYESJ-JWQCQUIFSA-N,bindingdb|chembl,2,0.6,True,True,True
HPTWTFRIWSEIDB-NHCUHLMSSA-N,bindingdb|chembl,2,0.6,True,True,True
BCBXTIMNEQSJON-DHZHZOJOSA-N,bindingdb|chembl,2,0.6,True,True,True
FCTRDMKLYZADPP-MDZDMXLPSA-N,bindingdb|chembl,2,0.6,True,True,True
MRLIOAXCEGJAFD-RMKNXTFCSA-N,bindingdb|chembl,2,0.6,True,True,True
CSKXEWYPHWPIFH-XYOKQWHBSA-N,bindingdb|chembl,2,0.6,True,True,True
GBGNLBUOAYDKBU-ZHACJKMWSA-N,bindingdb|chembl,2,0.6,True,True,True
TTYTUYWXQBPXJR-SAPNQHFASA-N,bindingdb|chembl,2,0.6,True,True,True
NAXPVOYEAMEMAE-IMQOFUTHSA-N,bindingdb,1,1.0,True,False,True
ZEFWTEDSWFEURK-RULIXLRNSA-N,bindingdb,1,1.0,True,False,True
ARXTZUKWNSDEOC-VEIFUORISA-N,bindingdb,1,1.0,True,False,True
APYRWCZSHVVKRE-QGKQGDAHSA-N,bindingdb,1,1.0,True,False,True
KVMPLKNGFPPJEW-RULIXLRNSA-N,bindingdb,1,1.0,True,False,True
UMTNZLIVNKAOHV-PGUFJCEWSA-N,bindingdb,1,1.0,True,False,True
YYQNLADCXBBSSY-IFBGDRKOSA-N,bindingdb,1,1.0,True,False,True
AUADQYHLGGWAST-ZBXIDMRXSA-N,bindingdb,1,1.0,True,False,True
JLMXHLBHJXINQD-AIIMPHFFSA-N,bindingdb,1,1.0,True,False,True
LTYNIYBRTYGLBC-LUZQPNRXSA-N,bindingdb,1,1.0,True,False,True
YPTZCJCUBUMRGV-UPHHSBJESA-N,bindingdb,1,1.0,True,False,True
YYQNLADCXBBSSY-IIUXCBAFSA-N,bindingdb,1,1.0,True,False,True
BBUWOTVOSWGBEU-MBHZRMRWSA-N,bindingdb,1,1.0,True,False,True
YIUTYFHWNVNFKV-ITWANUEWSA-N,bindingdb,1,1.0,True,False,True
MGBWCRRBQWOHAP-RHBMULDMSA-N,bindingdb,1,1.0,True,False,True
YIUTYFHWNVNFKV-OEGGEXCMSA-N,bindingdb,1,1.0,True,False,True
XDQHXYJSQGISGP-RGKQFTPRSA-N,bindingdb,1,1.0,True,False,True
LLUXEAVZZKSWRK-GYLNWSRFSA-N,bindingdb,1,1.0,True,False,True
KVMPLKNGFPPJEW-JGZPXTCXSA-N,bindingdb,1,1.0,True,False,True
LFNUUCVWQIPJNI-SUHSUELASA-N,bindingdb,1,1.0,True,False,True
PUDNJEPLLSZMLH-WOLFRULKSA-N,bindingdb,1,1.0,True,False,True
HDXXLIVEWODPMN-WOLFRULKSA-N,bindingdb,1,1.0,True,False,True
DCYQDTVUELGXCW-HJTMSMKXSA-N,bindingdb,1,1.0,True,False,True
XDQHXYJSQGISGP-KMXSSCKGSA-N,bindingdb,1,1.0,True,False,True
XXBQBQBNLBPNJU-AIIMPHFFSA-N,bindingdb,1,1.0,True,False,True
RWSAIPTUGLXTQK-MXOGAJIBSA-N,bindingdb,1,1.0,True,False,True
YIUTYFHWNVNFKV-OHHYZGJZSA-N,bindingdb,1,1.0,True,False,True
IFLXSINNDKWWKI-HUZKPYMCSA-N,bindingdb,1,1.0,True,False,True
GMXRDAAVNXOYRT-DWNPXIOKSA-N,bindingdb,1,1.0,True,False,True
ZEFWTEDSWFEURK-JGZPXTCXSA-N,bindingdb,1,1.0,True,False,True
IJGLEGHJYSFYEE-FBAMOALMSA-N,bindingdb,1,1.0,True,False,True
RHPSIPFSVPURJS-ZOYFSZBYSA-N,bindingdb,1,1.0,True,False,True
NAXPVOYEAMEMAE-VNWIGOPPSA-N,bindingdb,1,1.0,True,False,True
ZJFXGBOASCGRSH-VNWIGOPPSA-N,bindingdb,1,1.0,True,False,True
DLCRTWBWVRWAOW-WOLFRULKSA-N,bindingdb,1,1.0,True,False,True
KIXKMXVZIOFSGT-YXTMZCGESA-N,bindingdb,1,1.0,True,False,True
FYBNYGJFTMMBRN-HUZKPYMCSA-N,bindingdb,1,1.0,True,False,True
LFHDZNKHUOLINQ-AIIMPHFFSA-N,bindingdb,1,1.0,True,False,True
GWQXCHAEZGADIJ-DAHJMEMZSA-N,bindingdb,1,1.0,True,False,True
YOSVQIPVTZEQFN-JPCRPCMMSA-N,bindingdb,1,1.0,True,False,True
PFNDSALLWCTSCH-MPRWRVAZSA-N,bindingdb,1,1.0,True,False,True
PILJMVSCVPOULO-FEAVFBAASA-N,bindingdb,1,1.0,True,False,True
MEBUSOSHQDLZTO-UBAZJPBISA-N,bindingdb,1,1.0,True,False,True
RTPCRZFGAPFECK-YKBLPDKLSA-N,bindingdb,1,1.0,True,False,True
PNNOIETUGBXYFF-ZBXIDMRXSA-N,bindingdb,1,1.0,True,False,True
FAKZLEOJTWMVSN-SLMNRAFDSA-N,bindingdb,1,1.0,True,False,True
BJMCGQQKWVBYPV-ZBXIDMRXSA-N,bindingdb,1,1.0,True,False,True
SSDLYMGCSCTEQF-ZBXIDMRXSA-N,bindingdb,1,1.0,True,False,True
NJFALQNPHLBHBZ-RGKQFTPRSA-N,bindingdb,1,1.0,True,False,True
HWVVOFUEJCARRO-FALQBERWSA-N,bindingdb,1,1.0,True,False,True
RHPSIPFSVPURJS-LPOJHJQVSA-N,bindingdb,1,1.0,True,False,True
DQNLFFPZCRXJPI-YKBLPDKLSA-N,bindingdb,1,1.0,True,False,True
PJOKJMKPZXQSHS-AIIMPHFFSA-N,bindingdb,1,1.0,True,False,True
DWTAOGUQVXJQHS-WOLFRULKSA-N,bindingdb,1,1.0,True,False,True
NNMHFHZOXZPGKW-MECTWPEFSA-N,bindingdb,1,1.0,True,False,True
LCFQAKXCEXEDDU-GVVXZHHHSA-N,bindingdb,1,1.0,True,False,True
ARXTZUKWNSDEOC-UPHHSBJESA-N,bindingdb,1,1.0,True,False,True
ZFRQMRCSPOQMDY-YKBLPDKLSA-N,bindingdb,1,1.0,True,False,True
ONLYCFUHPIFRGJ-KBYQROSPSA-N,bindingdb,1,1.0,True,False,True
KPLUGYHUPKNQPI-HUZKPYMCSA-N,bindingdb,1,1.0,True,False,True
OHQGFBZPOUJKCA-WOLFRULKSA-N,bindingdb,1,1.0,True,False,True
JDVRZNXNUWXDCL-YKBLPDKLSA-N,bindingdb,1,1.0,True,False,True
PQYPVYLLCZIAAE-COPCDDAFSA-N,bindingdb,1,1.0,True,False,True
CKINKBLJYCITJY-GYLNWSRFSA-N,bindingdb,1,1.0,True,False,True
FYJWAOBLQMZHSM-AIIMPHFFSA-N,bindingdb,1,1.0,True,False,True
OGFMCHMUTBVKKY-ROPQOSIYSA-N,bindingdb,1,1.0,True,False,True
ZZJYFNPBUMYMDN-RGKQFTPRSA-N,bindingdb,1,1.0,True,False,True
YVXORZZJQQADSN-UBAZJPBISA-N,bindingdb,1,1.0,True,False,True
QMLMJLSUYUDGTB-WOLFRULKSA-N,bindingdb,1,1.0,True,False,True
YPTZCJCUBUMRGV-VEIFUORISA-N,bindingdb,1,1.0,True,False,True
TWYDFTDLDAMGKO-USOMCTOXSA-N,bindingdb,1,1.0,True,False,True
JDBRPXYNNLFJMS-ZBXIDMRXSA-N,bindingdb,1,1.0,True,False,True
MHKZTFMUCWXJJM-SQDLTUCFSA-N,bindingdb,1,1.0,True,False,True
MHKZTFMUCWXJJM-KPNCYPGSSA-N,bindingdb,1,1.0,True,False,True
VIBUIXOZYVNCIW-YKBLPDKLSA-N,bindingdb,1,1.0,True,False,True
GMXRDAAVNXOYRT-CTTNORCBSA-N,bindingdb,1,1.0,True,False,True
LFNUUCVWQIPJNI-USOMCTOXSA-N,bindingdb,1,1.0,True,False,True
AMVPDYRLVKUNIT-YKBLPDKLSA-N,bindingdb,1,1.0,True,False,True
XODQWSDULGEXER-CHOVIJNXSA-N,bindingdb,1,1.0,True,False,True
TVRCRZNFCUYEKH-LOIHPRHOSA-N,bindingdb,1,1.0,True,False,True
YMBFYRFMFJMXJB-RYFPDZNGSA-N,bindingdb,1,1.0,True,False,True
MGPFUBIXJDMGPE-WOLFRULKSA-N,bindingdb,1,1.0,True,False,True
RUHPDBCMUJISAS-KXTWMDTESA-N,bindingdb,1,1.0,True,False,True
TVRCRZNFCUYEKH-XDUYTMKBSA-N,bindingdb,1,1.0,True,False,True
VSNXLJCINCZNGS-YKBLPDKLSA-N,bindingdb,1,1.0,True,False,True
ZJFXGBOASCGRSH-IMQOFUTHSA-N,bindingdb,1,1.0,True,False,True
TWYDFTDLDAMGKO-SUHSUELASA-N,bindingdb,1,1.0,True,False,True
KCLKPPOQKQRKOU-UHFFFAOYSA-N,bindingdb,1,1.0,True,False,True
RNPLSXLZRGPQCU-WYOUFOJNSA-N,bindingdb,1,1.0,True,False,True
ZZZRUAITSXLWBH-CSYJEMQYSA-N,bindingdb,1,1.0,True,False,True
MUHBBHLZPHKTTR-GWFFGYACSA-N,bindingdb,1,1.0,True,False,True
VXVNYCRICCVPTD-MULYGRJNSA-N,bindingdb,1,1.0,True,False,True
ITQQZKYCEGSRPS-ZCTIVXDHSA-N,bindingdb,1,1.0,True,False,True
AXGWQMGSKOZGLA-AWPCGBSGSA-N,bindingdb,1,1.0,True,False,True
FAKZLEOJTWMVSN-LBFAPPCDSA-N,bindingdb,1,1.0,True,False,True
