inchi_key,source_list,has_non_human_data,all_human,non_human_sources,has_non_pad4_source,pad4_purity_score
PVYJZLYGTZKPJE-UHFFFAOYSA-N,bindingdb|chembl|pubchem_confirmatory,False,True,,False,1.0
MQUQNUAYKLCRME-INIZCTEOSA-N,bindingdb|chembl|pubchem_confirmatory,False,True,,False,1.0
YYVYAPXYZVYDHN-UHFFFAOYSA-N,bindingdb|chembl|pubchem_confirmatory,False,True,,False,1.0
HDXJYJIPXWVRSM-UHFFFAOYSA-N,bindingdb|chembl|pubchem_confirmatory,False,True,,False,1.0
XQYZDYMELSJDRZ-UHFFFAOYSA-N,bindingdb|chembl|pubchem_confirmatory,False,True,,False,1.0
JOURGLFWVLLAPY-UHFFFAOYSA-N,bindingdb|chembl|pubchem_confirmatory,False,True,,False,1.0
AAUANTNCTLBCQX-UHFFFAOYSA-N,bindingdb|pubchem_confirmatory,False,True,,False,1.0
CXTKLJSFJQGFET-UHFFFAOYSA-N,bindingdb|chembl|pubchem_confirmatory,False,True,,False,1.0
JMIDETFMZFEBIU-UHFFFAOYSA-N,chembl|pubchem_confirmatory,False,True,,False,1.0
CTORJSYGWMYYMT-FMIVXFBMSA-N,bindingdb|chembl|pubchem_confirmatory,False,True,,False,1.0
QCVXKQUVOKEFPR-LVMRBHESSA-N,bindingdb|chembl|pubchem_confirmatory,False,True,,False,1.0
UIZWTUZQYPXHKI-FCIKTHLFSA-N,bindingdb|chembl|pubchem_confirmatory,False,True,,False,1.0
HKCDEONSLDDVOM-YIGOKMEQSA-N,bindingdb|chembl|pubchem_confirmatory,False,True,,False,1.0
ZLBVSEGRTNQHQH-BJHKHANUSA-N,bindingdb|chembl|pubchem_confirmatory,False,True,,False,1.0
ZLBVSEGRTNQHQH-UUMVYCCLSA-N,bindingdb|chembl|pubchem_confirmatory,False,True,,False,1.0
YUUMDEZEZWRBSZ-SDNWHVSQSA-N,bindingdb|chembl|pubchem_confirmatory,False,True,,False,1.0
CFELFOZOBIBTFL-FNORWQNLSA-N,bindingdb|chembl|pubchem_confirmatory,False,True,,False,1.0
YILCTIBWASNWOQ-HWGSQVGPSA-N,bindingdb|chembl|pubchem_confirmatory,False,True,,False,1.0
IRUYMSJJXUWNNC-HWGSQVGPSA-N,bindingdb|chembl|pubchem_confirmatory,False,True,,False,1.0
UUGKYBRZWXZXMI-NZQKXSOJSA-N,bindingdb|chembl|pubchem_confirmatory,False,True,,False,1.0
UAFUKXALTWNING-CCWPHWCFSA-N,bindingdb|chembl|pubchem_confirmatory,False,True,,False,1.0
ZXYSZYCQSXFBRN-OAQYLSRUSA-N,bindingdb|chembl|pubchem_confirmatory,False,True,,False,1.0
ALTLRGQMSDELBI-DBXGMPFESA-N,bindingdb|chembl|pubchem_confirmatory,False,True,,False,1.0
SYYIWIMFBSKKFG-LYRKDJCHSA-N,bindingdb|chembl|pubchem_confirmatory,False,True,,False,1.0
BQNAHEIXEFRGPB-LEWOSNPHSA-N,bindingdb|chembl|pubchem_confirmatory,False,True,,False,1.0
BQNAHEIXEFRGPB-UKTDVOJESA-N,bindingdb|chembl|pubchem_confirmatory,False,True,,False,1.0
JMHGWNZBVSPKBH-CCEZHUSRSA-N,bindingdb|chembl|pubchem_confirmatory,False,True,,False,1.0
NMHOAHFONJFYOW-DHZHZOJOSA-N,bindingdb|chembl|pubchem_confirmatory,False,True,,False,1.0
LRLVNQOHFZEBKU-UHFFFAOYSA-N,pubchem_confirmatory,False,True,,False,1.0
HXGCRARCNKEOSY-XYOKQWHBSA-N,pubchem_confirmatory,False,True,,False,1.0
GNIBYTOKZDPDKD-UXBLZVDNSA-N,pubchem_confirmatory,False,True,,False,1.0
QEEXIXLJHPWWKS-VQHVLOKHSA-N,pubchem_confirmatory,False,True,,False,1.0
JFZHZPYWXHCWMV-YRNVUSSQSA-N,pubchem_confirmatory,False,True,,False,1.0
IFBPTVAHWJLMIF-RMKNXTFCSA-N,pubchem_confirmatory,False,True,,False,1.0
AYBWVYWRUDEULL-YRNVUSSQSA-N,pubchem_confirmatory,False,True,,False,1.0
OOTBWNFQBGJGJE-PKNBQFBNSA-N,pubchem_confirmatory,False,True,,False,1.0
XTHXPWUTDREOFX-DHZHZOJOSA-N,bindingdb|chembl|pubchem_confirmatory,False,True,,False,1.0
SRORMKWAIMNILD-JXMROGBWSA-N,bindingdb|chembl|pubchem_confirmatory,False,True,,False,1.0
QDWFSZYYBGSFPL-RMKNXTFCSA-N,pubchem_confirmatory,False,True,,False,1.0
ZGQMFNSJGUKSMH-RMKNXTFCSA-N,pubchem_confirmatory,False,True,,False,1.0
AXMCPWUTNYFBNX-JXMROGBWSA-N,pubchem_confirmatory,False,True,,False,1.0
DVZVEWVYKJSGLQ-JXMROGBWSA-N,bindingdb|chembl|pubchem_confirmatory,False,True,,False,1.0
KGKRADAUBLSKGX-RMKNXTFCSA-N,bindingdb|chembl|pubchem_confirmatory,False,True,,False,1.0
KOKHUKRPRJOUDM-VAWYXSNFSA-N,pubchem_confirmatory,False,True,,False,1.0
UHKMDVPFMABSSF-MDZDMXLPSA-N,pubchem_confirmatory,False,True,,False,1.0
XWGPJMUSEINBJS-FMIVXFBMSA-N,bindingdb|pubchem_confirmatory,False,True,,False,1.0
IOHPCMKZUWYVRR-UHFFFAOYSA-N,pubchem_confirmatory,False,True,,False,1.0
BNXSJGWSJQDDBF-ZHACJKMWSA-N,pubchem_confirmatory,False,True,,False,1.0
PEXDBIHYQXDXJI-DHZHZOJOSA-N,pubchem_confirmatory,False,True,,False,1.0
HHIREIMBTWZZIC-UXBLZVDNSA-N,pubchem_confirmatory,False,True,,False,1.0
FMIJZESWHLELRZ-QHHAFSJGSA-N,pubchem_confirmatory,False,True,,False,1.0
JZPXOBWNMRARPY-UXBLZVDNSA-N,pubchem_confirmatory,False,True,,False,1.0
JMJKAVVLODTPFH-DHZHZOJOSA-N,pubchem_confirmatory,False,True,,False,1.0
JDTIOJYXOAHOGM-YRNVUSSQSA-N,pubchem_confirmatory,False,True,,False,1.0
OPYUXHPJDDVCOV-VOTSOKGWSA-N,pubchem_confirmatory,False,True,,False,1.0
IUXSHUXSNKTMJT-CMDGGOBGSA-N,pubchem_confirmatory,False,True,,False,1.0
MVZAXSCUQUDQOZ-VOTSOKGWSA-N,pubchem_confirmatory,False,True,,False,1.0
HIFRPGQILDWUKB-MDZDMXLPSA-N,pubchem_confirmatory,False,True,,False,1.0
LCECKOIJXYKUEF-VAWYXSNFSA-N,pubchem_confirmatory,False,True,,False,1.0
MUEZGOQGKATVOF-DHZHZOJOSA-N,pubchem_confirmatory,False,True,,False,1.0
WQMVIAANKPKQLN-MDZDMXLPSA-N,pubchem_confirmatory,False,True,,False,1.0
URBNGDUKOZXTHB-MDZDMXLPSA-N,pubchem_confirmatory,False,True,,False,1.0
XWHGICCUPYIKPV-RMKNXTFCSA-N,pubchem_confirmatory,False,True,,False,1.0
PIWUSUPJFLFMBI-RMKNXTFCSA-N,pubchem_confirmatory,False,True,,False,1.0
PHDSUFCCSOIIQI-BQYQJAHWSA-N,pubchem_confirmatory,False,True,,False,1.0
ICYDLGJBJNSVSO-BQYQJAHWSA-N,pubchem_confirmatory,False,True,,False,1.0
UDDVKHQKLTWAQZ-SOFGYWHQSA-N,pubchem_confirmatory,False,True,,False,1.0
JRULZZDRZJDQRZ-DHZHZOJOSA-N,pubchem_confirmatory,False,True,,False,1.0
QPGJFWBDVPCCKL-RMKNXTFCSA-N,bindingdb|chembl|pubchem_confirmatory,False,True,,False,1.0
NNLJKAYFSYMRQJ-SDNWHVSQSA-N,pubchem_confirmatory,False,True,,False,1.0
WQITXTUCVIYBPJ-XYOKQWHBSA-N,pubchem_confirmatory,False,True,,False,1.0
QHGYWRLUHAPVLY-JXMROGBWSA-N,pubchem_confirmatory,False,True,,False,1.0
SGRYIOYJCBVFPQ-CMDGGOBGSA-N,pubchem_confirmatory,False,True,,False,1.0
GXXIRHSUNYTOEK-ZHACJKMWSA-N,pubchem_confirmatory,False,True,,False,1.0
PTPAENFLJHKDBN-RMKNXTFCSA-N,pubchem_confirmatory,False,True,,False,1.0
SNVVJBDVMKULED-RMKNXTFCSA-N,pubchem_confirmatory,False,True,,False,1.0
BYIAQYOKGZYVCW-DHZHZOJOSA-N,pubchem_confirmatory,False,True,,False,1.0
VLLAODJMZZKLMC-RMKNXTFCSA-N,pubchem_confirmatory,False,True,,False,1.0
XYALKHVTWDOCIP-DHZHZOJOSA-N,pubchem_confirmatory,False,True,,False,1.0
SCZKFKLKRWARKC-ZRDIBKRKSA-N,pubchem_confirmatory,False,True,,False,1.0
UBOWTZPBRQYUKC-RMKNXTFCSA-N,pubchem_confirmatory,False,True,,False,1.0
OKTDQBUWNAGMJK-ZHACJKMWSA-N,bindingdb|chembl|pubchem_confirmatory,False,True,,False,1.0
DKQVCHLCWZICEF-WUKNDPDISA-N,bindingdb|chembl|pubchem_confirmatory,False,True,,False,1.0
FKCBLHBVVGFCGU-MDZDMXLPSA-N,pubchem_confirmatory,False,True,,False,1.0
KTTHLZXORVBRPD-OUKQBFOZSA-N,bindingdb|chembl|pubchem_confirmatory,False,True,,False,1.0
YJSXCBCCMLHNTO-VOTSOKGWSA-N,pubchem_confirmatory,False,True,,False,1.0
WMEVPFZLDWUACG-DHZHZOJOSA-N,pubchem_confirmatory,False,True,,False,1.0
NWDXKDFOTMDSRC-OUKQBFOZSA-N,bindingdb|chembl|pubchem_confirmatory,False,True,,False,1.0
CZONLAMRIACSAU-FOCLMDBBSA-N,pubchem_confirmatory,False,True,,False,1.0
BYBYRVVGDKFQQJ-OUKQBFOZSA-N,bindingdb|chembl|pubchem_confirmatory,False,True,,False,1.0
GWCYSRWEBHYEKZ-RMKNXTFCSA-N,pubchem_confirmatory,False,True,,False,1.0
JBKJJNALQICNAS-VAWYXSNFSA-N,bindingdb|chembl|pubchem_confirmatory,False,True,,False,1.0
CSSPERHFFUHKKJ-FOCLMDBBSA-N,bindingdb|chembl|pubchem_confirmatory,False,True,,False,1.0
PALNTWYDQSDNBT-JLHYYAGUSA-N,bindingdb|chembl|pubchem_confirmatory,False,True,,False,1.0
SLLGHTGHAAYVRN-VAWYXSNFSA-N,pubchem_confirmatory,False,True,,False,1.0
AJAZUWLLKMHSCU-VAWYXSNFSA-N,bindingdb|chembl|pubchem_confirmatory,False,True,,False,1.0
PMIMIQXDZGTZJH-VAWYXSNFSA-N,bindingdb|chembl|pubchem_confirmatory,False,True,,False,1.0
GTYVITQYZFSSKC-VOTSOKGWSA-N,pubchem_confirmatory,False,True,,False,1.0
YGBQLJBSTXDBTP-CMDGGOBGSA-N,pubchem_confirmatory,False,True,,False,1.0
QDALAKXJRKKEOW-JXMROGBWSA-N,pubchem_confirmatory,False,True,,False,1.0
GDLWNQIOKVSTHA-VOTSOKGWSA-N,pubchem_confirmatory,False,True,,False,1.0
LREQQJIRMNCRHS-ZHACJKMWSA-N,pubchem_confirmatory,False,True,,False,1.0
DGAHSKAEYBDNIF-MDZDMXLPSA-N,pubchem_confirmatory,False,True,,False,1.0
DLIJBRSMUFQMSL-CMDGGOBGSA-N,pubchem_confirmatory,False,True,,False,1.0
BRZZRRDGRRBCLT-CMDGGOBGSA-N,pubchem_confirmatory,False,True,,False,1.0
YJKUKOMOBQFQSB-BQYQJAHWSA-N,pubchem_confirmatory,False,True,,False,1.0
OAMUOWWJCOURQM-DHZHZOJOSA-N,pubchem_confirmatory,False,True,,False,1.0
UYRJFJYXYYMBMK-CMDGGOBGSA-N,pubchem_confirmatory,False,True,,False,1.0
HNXAGBLLWKPZMU-IZZDOVSWSA-N,pubchem_confirmatory,False,True,,False,1.0
LIDJLMSIGUFNKV-ZRDIBKRKSA-N,pubchem_confirmatory,False,True,,False,1.0
NVCIGSZWTPAQJK-OBGWFSINSA-N,bindingdb|chembl|pubchem_confirmatory,False,True,,False,1.0
YWPYSBUOUCZTKY-OBGWFSINSA-N,bindingdb|chembl|pubchem_confirmatory,False,True,,False,1.0
DVDKJPVCVFUKQI-BJMVGYQFSA-N,pubchem_confirmatory,False,True,,False,1.0
XTEOYLKMJHNLHR-KPKJPENVSA-N,pubchem_confirmatory,False,True,,False,1.0
NHUDXTCVUYOXPX-NTCAYCPXSA-N,pubchem_confirmatory,False,True,,False,1.0
LFOOQYLSQHDGTB-RMKNXTFCSA-N,pubchem_confirmatory,False,True,,False,1.0
LUHMBUSHYYZWLJ-DHZHZOJOSA-N,pubchem_confirmatory,False,True,,False,1.0
PDTPUJZOKQGWNI-OUKQBFOZSA-N,pubchem_confirmatory,False,True,,False,1.0
RXYSGJWPKPXMPC-SAPNQHFASA-N,pubchem_confirmatory,False,True,,False,1.0
NMBQTCVRXSWTLB-NTCAYCPXSA-N,pubchem_confirmatory,False,True,,False,1.0
RIRWGTKSSOUSSU-SAPNQHFASA-N,bindingdb|chembl|pubchem_confirmatory,False,True,,False,1.0
KDEBGGAZOYIUIR-VAWYXSNFSA-N,pubchem_confirmatory,False,True,,False,1.0
ZINMBGKQFAEFFP-BUHFOSPRSA-N,pubchem_confirmatory,False,True,,False,1.0
LDEPQDNWIDCNFJ-OUKQBFOZSA-N,pubchem_confirmatory,False,True,,False,1.0
YKMNGUSKAYROMJ-FOCLMDBBSA-N,pubchem_confirmatory,False,True,,False,1.0
GBATXUWZTJMMMK-DTQAZKPQSA-N,pubchem_confirmatory,False,True,,False,1.0
AERWGZLZSYCHHV-CPNJWEJPSA-N,pubchem_confirmatory,False,True,,False,1.0
GGWTWLJIAOMXSS-BUHFOSPRSA-N,bindingdb|chembl|pubchem_confirmatory,False,True,,False,1.0
ADFHTOOXOXGYOP-CCEZHUSRSA-N,bindingdb|chembl|pubchem_confirmatory,False,True,,False,1.0
LCKPKAFZAFKKNM-VAWYXSNFSA-N,pubchem_confirmatory,False,True,,False,1.0
XJOMVMGEQAQCKR-ZHACJKMWSA-N,pubchem_confirmatory,False,True,,False,1.0
XLEGWLJWRCGEOS-ZHACJKMWSA-N,pubchem_confirmatory,False,True,,False,1.0
HPBFSCYMZGVQHX-UHFFFAOYSA-N,pubchem_confirmatory,False,True,,False,1.0
MRFREMASBVZLLH-ZHACJKMWSA-N,pubchem_confirmatory,False,True,,False,1.0
DEWFGLCAZODPBY-BUHFOSPRSA-N,pubchem_confirmatory,False,True,,False,1.0
KHNQPTWXIUOYQO-CCEZHUSRSA-N,pubchem_confirmatory,False,True,,False,1.0
SOIKRFVZJBTYMD-FOCLMDBBSA-N,pubchem_confirmatory,False,True,,False,1.0
QABCOMMXJJOOAU-ZHACJKMWSA-N,pubchem_confirmatory,False,True,,False,1.0
GZGPTOUZZVQRGQ-BUHFOSPRSA-N,pubchem_confirmatory,False,True,,False,1.0
JWPZZMFUFKVDBC-OUKQBFOZSA-N,pubchem_confirmatory,False,True,,False,1.0
IOPPZFFKVQWKDX-WYMLVPIESA-N,pubchem_confirmatory,False,True,,False,1.0
WYFRPHUDQAIOHU-FMIVXFBMSA-N,pubchem_confirmatory,False,True,,False,1.0
LCHPNLAIKWSCIX-UHFFFAOYSA-N,pubchem_confirmatory,False,True,,False,1.0
CKJQDYLHTWSCSK-BQYQJAHWSA-N,pubchem_confirmatory,False,True,,False,1.0
ANWMKFCGRQUQTB-ZRDIBKRKSA-N,pubchem_confirmatory,False,True,,False,1.0
KWKREYSMABWNBI-DHZHZOJOSA-N,pubchem_confirmatory,False,True,,False,1.0
NFESYUIIZFBADJ-FOWTUZBSSA-N,bindingdb|chembl|pubchem_confirmatory,False,True,,False,1.0
ZCWAIXYOPMSUEV-FYWRMAATSA-N,pubchem_confirmatory,False,True,,False,1.0
YKLQDRRDILGWLP-DTQAZKPQSA-N,pubchem_confirmatory,False,True,,False,1.0
ZEBCMZXIJDNJSZ-ZHACJKMWSA-N,bindingdb|chembl|pubchem_confirmatory,False,True,,False,1.0
CDMBNWWFZGLHDV-OUKQBFOZSA-N,bindingdb|chembl|pubchem_confirmatory,False,True,,False,1.0
NJWUGKBRZWFDKD-OUKQBFOZSA-N,bindingdb|chembl|pubchem_confirmatory,False,True,,False,1.0
IJLPRPALLAHIJJ-OUKQBFOZSA-N,bindingdb|chembl|pubchem_confirmatory,False,True,,False,1.0
AFYLPVZLOIOIPU-VAWYXSNFSA-N,bindingdb|chembl|pubchem_confirmatory,False,True,,False,1.0
WFIYFDIGJLTFLH-CCEZHUSRSA-N,bindingdb|chembl|pubchem_confirmatory,False,True,,False,1.0
ZFQZVYUTUKALKZ-SAPNQHFASA-N,bindingdb|chembl|pubchem_confirmatory,False,True,,False,1.0
XEDDOSQDCUWIGD-BUHFOSPRSA-N,bindingdb|chembl|pubchem_confirmatory,False,True,,False,1.0
IPHDAWDZQWFHEI-FMIVXFBMSA-N,pubchem_confirmatory,False,True,,False,1.0
BSYAHANOBLGKKG-CMDGGOBGSA-N,pubchem_confirmatory,False,True,,False,1.0
YCUWMRUVCRYQRB-RMKNXTFCSA-N,pubchem_confirmatory,False,True,,False,1.0
KLEILKCHCPKHOE-CQSZACIVSA-N,bindingdb|chembl|pubchem_confirmatory,False,True,,False,1.0
BYDAANAYEDHEPL-LJQANCHMSA-N,bindingdb|chembl|pubchem_confirmatory,False,True,,False,1.0
NMPGLLCIUXILAT-OAQYLSRUSA-N,bindingdb|chembl|pubchem_confirmatory,False,True,,False,1.0
HQFVASRRCCIMKP-GOSISDBHSA-N,bindingdb|chembl|pubchem_confirmatory,False,True,,False,1.0
BMABZYAAKBUEGW-GOSISDBHSA-N,bindingdb|chembl|pubchem_confirmatory,False,True,,False,1.0
JKRBIXQZRMQKGT-QGZVFWFLSA-N,bindingdb|chembl|pubchem_confirmatory,False,True,,False,1.0
LCUPEXFODYVTSB-QGZVFWFLSA-N,bindingdb|chembl|pubchem_confirmatory,False,True,,False,1.0
WLMZEBAFMZNALU-OAHLLOKOSA-N,bindingdb|chembl|pubchem_confirmatory,False,True,,False,1.0
ISIFHSWFPIFDOU-JOCHJYFZSA-N,bindingdb|chembl|pubchem_confirmatory,False,True,,False,1.0
PELLZROKXXBRFB-BWKNWUBXSA-N,bindingdb|chembl|pubchem_confirmatory,False,True,,False,1.0
PELLZROKXXBRFB-SQJMNOBHSA-N,bindingdb|chembl|pubchem_confirmatory,False,True,,False,1.0
FUAIFGJJGWSHDK-HXUWFJFHSA-N,bindingdb|chembl|pubchem_confirmatory,False,True,,False,1.0
RRBNUHHNKGSYCK-OAQYLSRUSA-N,bindingdb|chembl|pubchem_confirmatory,False,True,,False,1.0
GOIPLEXMQRBWEH-VXKWHMMOSA-N,bindingdb|chembl|pubchem_confirmatory,False,True,,False,1.0
GOIPLEXMQRBWEH-FGZHOGPDSA-N,bindingdb|chembl|pubchem_confirmatory,False,True,,False,1.0
FPWGEQLSPBRTNQ-LJQANCHMSA-N,bindingdb|chembl|pubchem_confirmatory,False,True,,False,1.0
UMUBCTXSVQLVJZ-OAQYLSRUSA-N,bindingdb|chembl|pubchem_confirmatory,False,True,,False,1.0
GCECAKREZWXITH-OAQYLSRUSA-N,bindingdb|chembl|pubchem_confirmatory,False,True,,False,1.0
DPMIDWSEOCVVHM-LJQANCHMSA-N,bindingdb|chembl|pubchem_confirmatory,False,True,,False,1.0
RPOTZZUVWVLDEY-MRXNPFEDSA-N,bindingdb|chembl|pubchem_confirmatory,False,True,,False,1.0
LMFDAMJQZAJNAR-QGZVFWFLSA-N,bindingdb|chembl|pubchem_confirmatory,False,True,,False,1.0
VCCDRJHLKXBOSX-OAQYLSRUSA-N,bindingdb|chembl|pubchem_confirmatory,False,True,,False,1.0
GRDIDJGVQROMRI-OAQYLSRUSA-N,bindingdb|chembl|pubchem_confirmatory,False,True,,False,1.0
JPMRLXSYLSYYHO-QGZVFWFLSA-N,bindingdb|chembl|pubchem_confirmatory,False,True,,False,1.0
QRHGLYNKXVBWSX-GOSISDBHSA-N,bindingdb|chembl|pubchem_confirmatory,False,True,,False,1.0
BKNNLJWGGUPAKD-LJQANCHMSA-N,bindingdb|chembl|pubchem_confirmatory,False,True,,False,1.0
UTOUDCXQHYIBMX-HXUWFJFHSA-N,bindingdb|chembl|pubchem_confirmatory,False,True,,False,1.0
OFKJMSGGMDSECO-HXUWFJFHSA-N,bindingdb|chembl|pubchem_confirmatory,False,True,,False,1.0
DCSVDUNBJWRZMN-HSZRJFAPSA-N,bindingdb|chembl|pubchem_confirmatory,False,True,,False,1.0
XCZHAYVQPNWMEA-CYNGKWMKSA-N,bindingdb|chembl|pubchem_confirmatory,False,True,,False,1.0
HYDSEIWPBOQNCR-QGZVFWFLSA-N,bindingdb|chembl|pubchem_confirmatory,False,True,,False,1.0
JKKWFYBKXZDIST-XMMPIXPASA-N,bindingdb|chembl|pubchem_confirmatory,False,True,,False,1.0
DPHCVOMXRGIHJC-OAQYLSRUSA-N,bindingdb|chembl|pubchem_confirmatory,False,True,,False,1.0
SEYBOWTYPXPIIJ-LJQANCHMSA-N,bindingdb|chembl|pubchem_confirmatory,False,True,,False,1.0
PGZVYIMHRCVOHY-MRXNPFEDSA-N,bindingdb|chembl|pubchem_confirmatory,False,True,,False,1.0
HRICJVJFSQCKLG-JOCHJYFZSA-N,bindingdb|chembl|pubchem_confirmatory,False,True,,False,1.0
MRKNBRVMHHBQDH-HSZRJFAPSA-N,bindingdb|chembl|pubchem_confirmatory,False,True,,False,1.0
UFYPPHZBSWSMLG-GOTSBHOMSA-N,bindingdb|chembl|pubchem_confirmatory,False,True,,False,1.0
RGJUIBDRXPUBJF-JOCHJYFZSA-N,bindingdb|chembl|pubchem_confirmatory,False,True,,False,1.0
LNFCGXAEPFPPOJ-OAQYLSRUSA-N,bindingdb|chembl|pubchem_confirmatory,False,True,,False,1.0
NPWWEJLXEPOBAQ-JOCHJYFZSA-N,bindingdb|chembl|pubchem_confirmatory,False,True,,False,1.0
DXTWVBCLKNVTEC-HSZRJFAPSA-N,bindingdb|chembl|pubchem_confirmatory,False,True,,False,1.0
XSNQSTGMYHHRTA-MUUNZHRXSA-N,bindingdb|chembl|pubchem_confirmatory,False,True,,False,1.0
SRASBFNBAKBPBG-UHFFFAOYSA-N,bindingdb|chembl|pubchem_confirmatory,False,True,,False,1.0
PJORDXXMJOWLNC-JOCHJYFZSA-N,bindingdb|chembl|pubchem_confirmatory,False,True,,False,1.0
MKUUMKBIUCSTDG-OAQYLSRUSA-N,bindingdb|chembl|pubchem_confirmatory,False,True,,False,1.0
BUDQRYVIYVZKPL-CQSZACIVSA-N,bindingdb|chembl|pubchem_confirmatory,False,True,,False,1.0
NGNFVWSYCSVIAU-OAQYLSRUSA-N,bindingdb|chembl|pubchem_confirmatory,False,True,,False,1.0
URFOXHUBGWIHHR-OAHLLOKOSA-N,bindingdb|chembl|pubchem_confirmatory,False,True,,False,1.0
XGQPJYUABLOSNC-GOSISDBHSA-N,bindingdb|chembl|pubchem_confirmatory,False,True,,False,1.0
PXPXXTJJFPSVAB-QGZVFWFLSA-N,bindingdb|chembl|pubchem_confirmatory,False,True,,False,1.0
FTNTXJHJFLVKPC-JOCHJYFZSA-N,bindingdb|chembl|pubchem_confirmatory,False,True,,False,1.0
GHBNQTRIBMVRJK-GOSISDBHSA-N,bindingdb|chembl|pubchem_confirmatory,False,True,,False,1.0
PDVMSIDYAUUOTR-OAQYLSRUSA-N,bindingdb|chembl|pubchem_confirmatory,False,True,,False,1.0
BBVQADRJCKBISU-HXUWFJFHSA-N,bindingdb|chembl|pubchem_confirmatory,False,True,,False,1.0
CFNKLIMHAQIJNK-LJQANCHMSA-N,bindingdb|chembl|pubchem_confirmatory,False,True,,False,1.0
YKTPMEHSQAIYBI-GOSISDBHSA-N,bindingdb|chembl|pubchem_confirmatory,False,True,,False,1.0
RVANBTYSVRWDIY-HXUWFJFHSA-N,bindingdb|chembl|pubchem_confirmatory,False,True,,False,1.0
GTSAFBVOZDANNS-GOSISDBHSA-N,bindingdb|chembl|pubchem_confirmatory,False,True,,False,1.0
UOGDCLOXIZEUTN-RZPHLTDDSA-N,bindingdb|chembl|pubchem_confirmatory,False,True,,False,1.0
RJYXPGBCTNRSFH-OLLUBJOZSA-N,bindingdb|chembl|pubchem_confirmatory,False,True,,False,1.0
GCADLSSUDBPQES-QGZVFWFLSA-N,bindingdb|chembl|pubchem_confirmatory,False,True,,False,1.0
IGFPOAMSUSTZTO-LJQANCHMSA-N,bindingdb|chembl|pubchem_confirmatory,False,True,,False,1.0
PZOXAHHNYDCHRG-LJQANCHMSA-N,bindingdb|chembl|pubchem_confirmatory,False,True,,False,1.0
NDWHOUGLJHUYQV-OPJGWUQDSA-N,bindingdb|chembl|pubchem_confirmatory,False,True,,False,1.0
ZULKYUSRLRVMAN-NYQDVAGCSA-N,bindingdb|chembl|pubchem_confirmatory,False,True,,False,1.0
NSBTZFHGLYIRGR-PGRDOPGGSA-N,bindingdb|chembl|pubchem_confirmatory,False,True,,False,1.0
NSBTZFHGLYIRGR-GCJKJVERSA-N,bindingdb|chembl|pubchem_confirmatory,False,True,,False,1.0
ABEFGKDQGGCDDP-MAUKXSAKSA-N,bindingdb|chembl|pubchem_confirmatory,False,True,,False,1.0
SRHAPVGITIDIDQ-YIFZBPKDSA-N,bindingdb|chembl|pubchem_confirmatory,False,True,,False,1.0
ZKQQYFJAYTYJGA-AYPBNUJASA-N,bindingdb|chembl|pubchem_confirmatory,False,True,,False,1.0
OFVZLKAFAMDTMG-LJQANCHMSA-N,bindingdb|chembl|pubchem_confirmatory,False,True,,False,1.0
OSSVXTKQSUKSKL-DMXRNTRESA-N,pubchem_confirmatory,False,True,,False,1.0
GLXZWUNVEKFCAF-YBGOQADZSA-N,bindingdb|chembl|pubchem_confirmatory,False,True,,False,1.0
BTBPGGAFTLCQQN-QXTUTYKWSA-N,bindingdb|chembl|pubchem_confirmatory,False,True,,False,1.0
BXODOOVBVQDFDU-LCLGPDGMSA-N,bindingdb|chembl|pubchem_confirmatory,False,True,,False,1.0
ZNZIUUCKQWQCAF-CFRFINDLSA-N,bindingdb|chembl|pubchem_confirmatory,False,True,,False,1.0
HVLSVVNXGQWBCK-ILOWORENSA-N,pubchem_confirmatory,False,True,,False,1.0
WAFNPCGQURGJSW-AYPBNUJASA-N,bindingdb|chembl|pubchem_confirmatory,False,True,,False,1.0
DYTDXLGNOLNRQD-NYQDVAGCSA-N,bindingdb|chembl|pubchem_confirmatory,False,True,,False,1.0
FFIVHYMHKWZEPH-XMLVGPMBSA-N,bindingdb|chembl|pubchem_confirmatory,False,True,,False,1.0
YWURPRUXLSYNGC-SMNXXWJPSA-N,bindingdb|chembl|pubchem_confirmatory,False,True,,False,1.0
GKFVHDQJBJVTCF-YXKFXFPPSA-N,bindingdb|chembl|pubchem_confirmatory,False,True,,False,1.0
PPBOMTVNGSLQDO-SDCVODTPSA-N,bindingdb|chembl|pubchem_confirmatory,False,True,,False,1.0
PPBOMTVNGSLQDO-XCYARGLMSA-N,bindingdb|chembl|pubchem_confirmatory,False,True,,False,1.0
IPYXCEGNTZMNDK-ROSOWXQZSA-N,bindingdb|chembl|pubchem_confirmatory,False,True,,False,1.0
SKKVIYSSHDXDAW-IHLLOCCUSA-N,bindingdb|chembl|pubchem_confirmatory,False,True,,False,1.0
YVKLZJGBOLZTOR-SMNXXWJPSA-N,bindingdb|chembl|pubchem_confirmatory,False,True,,False,1.0
XPZWPIJPQPKEBN-LTGNNQTMSA-N,pubchem_confirmatory,False,True,,False,1.0
JLVWZQBFEQFEKO-RGYTYGDFSA-N,bindingdb|chembl|pubchem_confirmatory,False,True,,False,1.0
HSCBXMSVWVMRCU-YIFZBPKDSA-N,bindingdb|chembl|pubchem_confirmatory,False,True,,False,1.0
GSTCBHQXNCPXEG-DETVKUJNSA-N,bindingdb|chembl|pubchem_confirmatory,False,True,,False,1.0
IHIDRGMFBVKJSP-RMQVNJIYSA-N,bindingdb|chembl|pubchem_confirmatory,False,True,,False,1.0
QVDGLSUTKBTALB-CVODSWBYSA-N,bindingdb|chembl|pubchem_confirmatory,False,True,,False,1.0
QVDGLSUTKBTALB-ZWTGLXQFSA-N,bindingdb|chembl|pubchem_confirmatory,False,True,,False,1.0
ZKDALSPJQMVNLW-CFSSXQINSA-N,bindingdb|chembl|pubchem_confirmatory,False,True,,False,1.0
MYKLDEMIQYNMSH-GJQIQAERSA-N,bindingdb|chembl|pubchem_confirmatory,False,True,,False,1.0
YRDBPUHKDOCDQY-OBYHSKRASA-N,bindingdb|chembl|pubchem_confirmatory,False,True,,False,1.0
WQNMWMAJFABDCS-XMLVGPMBSA-N,bindingdb|chembl|pubchem_confirmatory,False,True,,False,1.0
UKBOSOUOSATDKD-ZQBYOIRZSA-N,bindingdb|chembl|pubchem_confirmatory,False,True,,False,1.0
MCCAOGBRAUCEDG-YBOAYWMSSA-N,bindingdb|chembl|pubchem_confirmatory,False,True,,False,1.0
BXFATEIFCCZSML-WHIIXXIBSA-N,bindingdb|chembl|pubchem_confirmatory,False,True,,False,1.0
NWQWWHRDJYIQGP-LXGCGDOSSA-N,bindingdb|chembl|pubchem_confirmatory,False,True,,False,1.0
SQMOWEPOXGCHIZ-RBQRDFNRSA-N,bindingdb|chembl|pubchem_confirmatory,False,True,,False,1.0
WSJDSPGOIDYZQM-DETVKUJNSA-N,bindingdb|chembl|pubchem_confirmatory,False,True,,False,1.0
JOGADVNEUUWXSC-XNAIMREJSA-N,bindingdb|chembl|pubchem_confirmatory,False,True,,False,1.0
LNYBKVXRPOOEJJ-XBFAYFNPSA-N,bindingdb|chembl|pubchem_confirmatory,False,True,,False,1.0
XUNJOJKTKKNJMQ-FQELHTAISA-N,bindingdb|chembl|pubchem_confirmatory,False,True,,False,1.0
YGLGGMWLFCYJML-CFCCAZDESA-N,bindingdb|chembl|pubchem_confirmatory,False,True,,False,1.0
QMBOKUWPZYENSV-ZWDAVXSWSA-N,bindingdb|chembl|pubchem_confirmatory,False,True,,False,1.0
AGDCCMNPFWCJBB-ZWDAVXSWSA-N,bindingdb|chembl|pubchem_confirmatory,False,True,,False,1.0
ZLVSZSJEMVIFLF-HOHLIHCMSA-N,bindingdb|chembl|pubchem_confirmatory,False,True,,False,1.0
WXIZPZPHUZBPGY-FQQGMQMYSA-N,bindingdb|chembl|pubchem_confirmatory,False,True,,False,1.0
KJYKIROOYZOYSK-JSVDNDDVSA-N,bindingdb|chembl|pubchem_confirmatory,False,True,,False,1.0
ILZIESXBIQMQTD-LXGCGDOSSA-N,bindingdb|chembl|pubchem_confirmatory,False,True,,False,1.0
MAOVUGVXBFZYPN-LJQANCHMSA-N,bindingdb|chembl|pubchem_confirmatory,False,True,,False,1.0
DYAIXBZRTWAULW-OAQYLSRUSA-N,bindingdb|chembl|pubchem_confirmatory,False,True,,False,1.0
LPNKTRPKPATCJR-XMMPIXPASA-N,bindingdb|chembl|pubchem_confirmatory,False,True,,False,1.0
RVOKIGHZRCQGOZ-LJQANCHMSA-N,bindingdb|chembl|pubchem_confirmatory,False,True,,False,1.0
ABNCWOXRPBPWQL-HSZRJFAPSA-N,bindingdb|chembl|pubchem_confirmatory,False,True,,False,1.0
FNHHMDKIJKMADD-JOCHJYFZSA-N,bindingdb|chembl|pubchem_confirmatory,False,True,,False,1.0
SEWXINNCHJTBAO-GOSISDBHSA-N,bindingdb|chembl|pubchem_confirmatory,False,True,,False,1.0
OUZORNRSCHGAFE-HXUWFJFHSA-N,bindingdb|chembl|pubchem_confirmatory,False,True,,False,1.0
CKOUUCGQMVABMK-UHFFFAOYSA-N,bindingdb|chembl|pubchem_confirmatory,False,True,,False,1.0
OHRCFNLWSDBDGB-HSZRJFAPSA-N,bindingdb|chembl|pubchem_confirmatory,False,True,,False,1.0
RGSCGGVWKMPRAH-HSZRJFAPSA-N,bindingdb|chembl|pubchem_confirmatory,False,True,,False,1.0
LLJDQKFWQKJBBH-XMMPIXPASA-N,bindingdb|chembl|pubchem_confirmatory,False,True,,False,1.0
DUVCPNSLXBKGOK-XMMPIXPASA-N,bindingdb|chembl|pubchem_confirmatory,False,True,,False,1.0
ACWUUOYEIGMTNU-RUZDIDTESA-N,bindingdb|chembl|pubchem_confirmatory,False,True,,False,1.0
KKVRTSJQXDHQFN-HSZRJFAPSA-N,bindingdb|chembl|pubchem_confirmatory,False,True,,False,1.0
YWTVIWJXOMYZPA-JOCHJYFZSA-N,bindingdb|chembl|pubchem_confirmatory,False,True,,False,1.0
XNBIYLKHJIDTQO-GOSISDBHSA-N,bindingdb|chembl|pubchem_confirmatory,False,True,,False,1.0
VYFNBOQRSZRRAU-HSZRJFAPSA-N,bindingdb|chembl|pubchem_confirmatory,False,True,,False,1.0
ICFNOONQDZIENP-QGZVFWFLSA-N,bindingdb|chembl|pubchem_confirmatory,False,True,,False,1.0
COHKPALSCLIAPR-HHHXNRCGSA-N,bindingdb|chembl|pubchem_confirmatory,False,True,,False,1.0
YTXWQOYLAPTGJN-HSZRJFAPSA-N,bindingdb|chembl|pubchem_confirmatory,False,True,,False,1.0
ZCLYCHNUQSTMGQ-OAQYLSRUSA-N,bindingdb|chembl|pubchem_confirmatory,False,True,,False,1.0
OXLUHOYSCBHWGY-OAQYLSRUSA-N,bindingdb|chembl|pubchem_confirmatory,False,True,,False,1.0
ZNYMKZJVXHNQSI-GOSISDBHSA-N,bindingdb|chembl|pubchem_confirmatory,False,True,,False,1.0
DAKFHRVVDSGNJY-JOCHJYFZSA-N,bindingdb|chembl|pubchem_confirmatory,False,True,,False,1.0
DZTPOEAYSJRHEE-RUZDIDTESA-N,bindingdb|chembl|pubchem_confirmatory,False,True,,False,1.0
PMADSXKEAZMBQX-HSZRJFAPSA-N,bindingdb|chembl|pubchem_confirmatory,False,True,,False,1.0
PVGMNHIPVDKATI-OAQYLSRUSA-N,bindingdb|chembl|pubchem_confirmatory,False,True,,False,1.0
HBDRRNBBRXMIMO-OAQYLSRUSA-N,bindingdb|chembl|pubchem_confirmatory,False,True,,False,1.0
XZYSMNJIZWOCEN-JOCHJYFZSA-N,bindingdb|chembl|pubchem_confirmatory,False,True,,False,1.0
TXNUQCZISZZDAF-GOSISDBHSA-N,bindingdb|chembl|pubchem_confirmatory,False,True,,False,1.0
SIXNASOGUDJCPK-MUUNZHRXSA-N,bindingdb|chembl|pubchem_confirmatory,False,True,,False,1.0
SVCMOYNMNMJQEZ-JOCHJYFZSA-N,bindingdb|chembl|pubchem_confirmatory,False,True,,False,1.0
INQINNINFDUHML-OAQYLSRUSA-N,bindingdb|chembl|pubchem_confirmatory,False,True,,False,1.0
DNSDGULEECJXHU-XMMPIXPASA-N,bindingdb|chembl|pubchem_confirmatory,False,True,,False,1.0
ZCYTUUDCLCIFFU-JOCHJYFZSA-N,bindingdb|chembl|pubchem_confirmatory,False,True,,False,1.0
SXMOEMSMNZHPDJ-JOCHJYFZSA-N,bindingdb|chembl|pubchem_confirmatory,False,True,,False,1.0
JPSIHVQQDOHBND-OPEAARRCSA-N,bindingdb|chembl|pubchem_confirmatory,False,True,,False,1.0
FRPLSFQPTZKHJT-LJQANCHMSA-N,bindingdb|chembl|pubchem_confirmatory,False,True,,False,1.0
UBJJXGHKPLCFOX-LJQANCHMSA-N,bindingdb|chembl|pubchem_confirmatory,False,True,,False,1.0
ZNASJHDIQMNFLX-OAQYLSRUSA-N,bindingdb|chembl|pubchem_confirmatory,False,True,,False,1.0
XOFNUPTXNOFDPG-XMMPIXPASA-N,bindingdb|chembl|pubchem_confirmatory,False,True,,False,1.0
UTFRGBNMOZIUKO-OAQYLSRUSA-N,bindingdb|chembl|pubchem_confirmatory,False,True,,False,1.0
ZMZSLGXLBRPGHV-HXUWFJFHSA-N,bindingdb|chembl|pubchem_confirmatory,False,True,,False,1.0
XTGXXFUOGLIOAF-XMMPIXPASA-N,bindingdb|chembl|pubchem_confirmatory,False,True,,False,1.0
UYHSQCNFDDWIFH-GOSISDBHSA-N,bindingdb|chembl|pubchem_confirmatory,False,True,,False,1.0
LMWUIOJKUCXVOV-OAQYLSRUSA-N,bindingdb|chembl|pubchem_confirmatory,False,True,,False,1.0
OARAAMYDTYLSGU-JOCHJYFZSA-N,bindingdb|chembl|pubchem_confirmatory,False,True,,False,1.0
IBDSILVZHGIJIH-OAQYLSRUSA-N,bindingdb|chembl|pubchem_confirmatory,False,True,,False,1.0
CAAFCPKEOVNQMF-HHHXNRCGSA-N,bindingdb|chembl|pubchem_confirmatory,False,True,,False,1.0
LRHSPELXHQWEIP-HSZRJFAPSA-N,bindingdb|chembl|pubchem_confirmatory,False,True,,False,1.0
SKMZYAUNRDRYTG-XMMPIXPASA-N,bindingdb|chembl|pubchem_confirmatory,False,True,,False,1.0
JOVKYOUPVIAYRP-XMMPIXPASA-N,bindingdb|chembl|pubchem_confirmatory,False,True,,False,1.0
RJCBATGNKMOYOK-JOCHJYFZSA-N,bindingdb|chembl|pubchem_confirmatory,False,True,,False,1.0
BTLAABDBBGNCMJ-JAHKIVTCSA-N,bindingdb|chembl|pubchem_confirmatory,False,True,,False,1.0
SNRQHCKKVHXRCW-XMMPIXPASA-N,bindingdb|chembl|pubchem_confirmatory,False,True,,False,1.0
BIMVSQDKWXPMLR-JOCHJYFZSA-N,bindingdb|chembl|pubchem_confirmatory,False,True,,False,1.0
HWFJPAVPYHDIRJ-OAQYLSRUSA-N,bindingdb|chembl|pubchem_confirmatory,False,True,,False,1.0
FAYPMOBARCFDCK-OAQYLSRUSA-N,bindingdb|chembl|pubchem_confirmatory,False,True,,False,1.0
CTLJIHOSAUFIRC-JOCHJYFZSA-N,bindingdb|chembl|pubchem_confirmatory,False,True,,False,1.0
QNNSIOLCWAIXJR-OAQYLSRUSA-N,bindingdb|chembl|pubchem_confirmatory,False,True,,False,1.0
QDDUSOYGJOIYSZ-JOCHJYFZSA-N,bindingdb|chembl|pubchem_confirmatory,False,True,,False,1.0
LBTVBTVQVZDLRY-HXUWFJFHSA-N,bindingdb|chembl|pubchem_confirmatory,False,True,,False,1.0
HNXLBRXDGGICDV-HSZRJFAPSA-N,bindingdb|chembl|pubchem_confirmatory,False,True,,False,1.0
LUMRIELZXDVRKO-HSZRJFAPSA-N,bindingdb|chembl|pubchem_confirmatory,False,True,,False,1.0
VJAGXHWZPQRJCY-LJQANCHMSA-N,bindingdb|chembl|pubchem_confirmatory,False,True,,False,1.0
ZRSWZNNDDSCGLH-HSZRJFAPSA-N,bindingdb|chembl|pubchem_confirmatory,False,True,,False,1.0
XMALKZFIQGDQQZ-HSZRJFAPSA-N,bindingdb|chembl|pubchem_confirmatory,False,True,,False,1.0
QKXPGIJKSMNGCW-XMMPIXPASA-N,bindingdb|chembl|pubchem_confirmatory,False,True,,False,1.0
GDWLZYCDEIHKCA-XMMPIXPASA-N,bindingdb|chembl|pubchem_confirmatory,False,True,,False,1.0
ACRAGHMVJLXXBT-LJQANCHMSA-N,bindingdb|chembl|pubchem_confirmatory,False,True,,False,1.0
ZMZMUDGRIMKYIH-OAQYLSRUSA-N,bindingdb|chembl|pubchem_confirmatory,False,True,,False,1.0
GMSNVBJAWDKTDI-HSZRJFAPSA-N,bindingdb|chembl|pubchem_confirmatory,False,True,,False,1.0
RMRVQSUOJZQBLU-XMMPIXPASA-N,bindingdb|chembl|pubchem_confirmatory,False,True,,False,1.0
ABCSRFKIUISAFM-XMMPIXPASA-N,bindingdb|chembl|pubchem_confirmatory,False,True,,False,1.0
RQLPGYDUCLQRSB-HSZRJFAPSA-N,bindingdb|chembl|pubchem_confirmatory,False,True,,False,1.0
OCXHDUPQYRXKON-OAQYLSRUSA-N,bindingdb|chembl|pubchem_confirmatory,False,True,,False,1.0
PZMACZMODJSAQO-JOCHJYFZSA-N,bindingdb|chembl|pubchem_confirmatory,False,True,,False,1.0
GDYHAHCJTVYMGA-XMMPIXPASA-N,bindingdb|chembl|pubchem_confirmatory,False,True,,False,1.0
QYKPJYOALITESI-RUZDIDTESA-N,bindingdb|chembl|pubchem_confirmatory,False,True,,False,1.0
YEDJRGQIZTXQCL-OAQYLSRUSA-N,bindingdb|chembl|pubchem_confirmatory,False,True,,False,1.0
IAQYUGQNGHLQBG-GOSISDBHSA-N,bindingdb|chembl|pubchem_confirmatory,False,True,,False,1.0
CGFLYLKWJPBWJF-OAQYLSRUSA-N,bindingdb|chembl|pubchem_confirmatory,False,True,,False,1.0
PDGWGVPNNOJNIQ-HSZRJFAPSA-N,bindingdb|chembl|pubchem_confirmatory,False,True,,False,1.0
VKVTUYYEKWGNIJ-GSVBYQBUSA-N,bindingdb|chembl|pubchem_confirmatory,False,True,,False,1.0
VOSGQSSBVIFKEG-FLVRFYSZSA-N,bindingdb|chembl|pubchem_confirmatory,False,True,,False,1.0
QFWBOMMUNUMMHM-ZQSLEGLSSA-N,bindingdb|chembl|pubchem_confirmatory,False,True,,False,1.0
AALCSHHUTCNKGW-OGSSDNIRSA-N,bindingdb|chembl|pubchem_confirmatory,False,True,,False,1.0
UXBOMBJUWPNJKI-VPGDJBLGSA-N,bindingdb|chembl|pubchem_confirmatory,False,True,,False,1.0
PPUKWZVMAPMIIE-BCAKYAHRSA-N,bindingdb|chembl|pubchem_confirmatory,False,True,,False,1.0
OVSRNLUQOLEZIE-GGQNZWSISA-N,bindingdb|chembl|pubchem_confirmatory,False,True,,False,1.0
SRYYBRBDGWKKGU-XZLZDHACSA-N,bindingdb|chembl|pubchem_confirmatory,False,True,,False,1.0
LLDMHMZGFRKOQO-QREUFCTJSA-N,bindingdb|chembl|pubchem_confirmatory,False,True,,False,1.0
DZODHWMEOAQQHL-CXBZOWBPSA-N,bindingdb|chembl|pubchem_confirmatory,False,True,,False,1.0
NFJJITFODSAUIU-STHVYQTBSA-N,bindingdb|chembl|pubchem_confirmatory,False,True,,False,1.0
QSYIHLAQLBZRSQ-CXBZOWBPSA-N,bindingdb|chembl|pubchem_confirmatory,False,True,,False,1.0
JCPMHIRTLVGLEF-ZHKUBPBOSA-N,bindingdb|chembl|pubchem_confirmatory,False,True,,False,1.0
UWPKZUACVWNIET-OKOGBZGVSA-N,pubchem_confirmatory,False,True,,False,1.0
RWPGGKKFOLMMBN-RVRFFIBDSA-N,bindingdb|chembl|pubchem_confirmatory,False,True,,False,1.0
CYFJQTLRLXTQNM-RVRFFIBDSA-N,bindingdb|chembl|pubchem_confirmatory,False,True,,False,1.0
MDGLRKHKEFOCSV-TWDLTGNASA-N,bindingdb|chembl|pubchem_confirmatory,False,True,,False,1.0
JAFAABVNZXJPKU-CXBZOWBPSA-N,bindingdb|chembl|pubchem_confirmatory,False,True,,False,1.0
QAUUZDMCCODCHT-RVRFFIBDSA-N,bindingdb|chembl|pubchem_confirmatory,False,True,,False,1.0
JZENRXFHJUNWKE-CAQIZEMESA-N,bindingdb|chembl|pubchem_confirmatory,False,True,,False,1.0
MAFSLRHKPSMZAH-CXBZOWBPSA-N,bindingdb|chembl|pubchem_confirmatory,False,True,,False,1.0
ZSXGTWWPEVHLFC-WMXNZVEGSA-N,bindingdb|chembl|pubchem_confirmatory,False,True,,False,1.0
DQVXDNHAQOHBPN-CXBZOWBPSA-N,bindingdb|chembl|pubchem_confirmatory,False,True,,False,1.0
OZNQTZLWBHLBBZ-QMCAYLGFSA-N,bindingdb|chembl|pubchem_confirmatory,False,True,,False,1.0
NVTSBTHHBVUPLA-BTDDGAACSA-N,bindingdb|chembl|pubchem_confirmatory,False,True,,False,1.0
IPVJJVOGTBSVFD-AXBFEPISSA-N,bindingdb|chembl|pubchem_confirmatory,False,True,,False,1.0
XJSJJYHZZXYCGC-BTDDGAACSA-N,bindingdb|chembl|pubchem_confirmatory,False,True,,False,1.0
CYGMEYMEPPSRPM-XKHRETHESA-N,bindingdb|chembl|pubchem_confirmatory,False,True,,False,1.0
OBIFXEIAEVYMSB-QMCAYLGFSA-N,bindingdb|chembl|pubchem_confirmatory,False,True,,False,1.0
JKEIYPVKQQIAPG-KCSMBOLQSA-N,bindingdb|chembl|pubchem_confirmatory,False,True,,False,1.0
NNFATWYPZIORHW-PLNXFPMKSA-N,bindingdb|chembl|pubchem_confirmatory,False,True,,False,1.0
ZLMWZEIYGGKKOX-AIHPAZCBSA-N,bindingdb|chembl|pubchem_confirmatory,False,True,,False,1.0
OPZPXKMXGDAXRJ-UCDZCMRKSA-N,bindingdb|chembl|pubchem_confirmatory,False,True,,False,1.0
CVCAJQMCWJLGGX-QMCAYLGFSA-N,bindingdb|chembl|pubchem_confirmatory,False,True,,False,1.0
XSXWUHQKTVKDNH-MOBAFLLYSA-N,bindingdb|chembl|pubchem_confirmatory,False,True,,False,1.0
CHAOXULOIJTKDO-CAQIZEMESA-N,bindingdb|chembl|pubchem_confirmatory,False,True,,False,1.0
OOJOSVHHBOLVRI-ZHKUBPBOSA-N,bindingdb|chembl|pubchem_confirmatory,False,True,,False,1.0
UQWMUUQINIWOPZ-QMCAYLGFSA-N,bindingdb|chembl|pubchem_confirmatory,False,True,,False,1.0
VBSZGLOOYNKPDW-CCWBKVMBSA-N,bindingdb|chembl|pubchem_confirmatory,False,True,,False,1.0
LOLOIBSCCWXELP-CXBZOWBPSA-N,bindingdb|chembl|pubchem_confirmatory,False,True,,False,1.0
AVPWZIBZCCOITK-QMCAYLGFSA-N,bindingdb|chembl|pubchem_confirmatory,False,True,,False,1.0
VTXVFGQAOXJREQ-LGYSXGNESA-N,bindingdb|chembl|pubchem_confirmatory,False,True,,False,1.0
LTXZMSIYCXEYPM-VDOBOPNRSA-N,bindingdb|chembl|pubchem_confirmatory,False,True,,False,1.0
UIUWXCXJRGBFRJ-LCRYKWFRSA-N,bindingdb|chembl|pubchem_confirmatory,False,True,,False,1.0
TUYJSEMXVUJKCO-MOELHUNNSA-N,bindingdb|chembl|pubchem_confirmatory,False,True,,False,1.0
KJDXJRJCHNLQRD-QRHWFVEJSA-N,pubchem_confirmatory,False,True,,False,1.0
KSXOARYBGIIQNG-YJFOBXNISA-N,bindingdb|chembl|pubchem_confirmatory,False,True,,False,1.0
WJDVLJPWHOLTNJ-GFXQXFAQSA-N,bindingdb|chembl|pubchem_confirmatory,False,True,,False,1.0
XFGAYELYRHXFLA-JWJBQAENSA-N,bindingdb|chembl|pubchem_confirmatory,False,True,,False,1.0
GMGYJQUDYAYQCZ-JCHVILAISA-N,bindingdb|chembl|pubchem_confirmatory,False,True,,False,1.0
GTIYCIRMQMJJHK-CXBZOWBPSA-N,bindingdb|chembl|pubchem_confirmatory,False,True,,False,1.0
PJRUQHONKKWUMK-CXBZOWBPSA-N,bindingdb|chembl|pubchem_confirmatory,False,True,,False,1.0
SNGZWRFTYBDAGE-JCHVILAISA-N,bindingdb|chembl|pubchem_confirmatory,False,True,,False,1.0
AUZJOFVCUZBSHC-QMCAYLGFSA-N,bindingdb|chembl|pubchem_confirmatory,False,True,,False,1.0
AODMOSBPIMDVSK-ZHKUBPBOSA-N,bindingdb|chembl|pubchem_confirmatory,False,True,,False,1.0
WMRQVFPYFVIBFY-QZPZUKOXSA-N,bindingdb|chembl|pubchem_confirmatory,False,True,,False,1.0
XYYDQPSSSTUQLO-QZPZUKOXSA-N,bindingdb|chembl|pubchem_confirmatory,False,True,,False,1.0
FHABCUKXEKDJPD-CCWBKVMBSA-N,bindingdb|chembl|pubchem_confirmatory,False,True,,False,1.0
OXGPRVSRSOQUGY-LCRYKWFRSA-N,bindingdb|chembl|pubchem_confirmatory,False,True,,False,1.0
JSHPJXQCYTXWHJ-NRSFRHGKSA-N,bindingdb|chembl|pubchem_confirmatory,False,True,,False,1.0
YQZHGPRWGGIIMR-UCDZCMRKSA-N,bindingdb|chembl|pubchem_confirmatory,False,True,,False,1.0
MRVPNXRFTKKSEI-JWJBQAENSA-N,bindingdb|chembl|pubchem_confirmatory,False,True,,False,1.0
NCGJXHUKPVCETD-WPKRCUIDSA-N,bindingdb|chembl|pubchem_confirmatory,False,True,,False,1.0
UOSRJFUZIAGZJB-HIGDUGLOSA-N,bindingdb|chembl|pubchem_confirmatory,False,True,,False,1.0
HQZTZOPQNLYVMV-JWJBQAENSA-N,bindingdb|chembl|pubchem_confirmatory,False,True,,False,1.0
TYFKTAFRUSUZDA-CXBZOWBPSA-N,bindingdb|chembl|pubchem_confirmatory,False,True,,False,1.0
PASDYUANUBWDMP-LCRYKWFRSA-N,bindingdb|chembl|pubchem_confirmatory,False,True,,False,1.0
FKRKLQBOQOROIY-HSZRJFAPSA-N,bindingdb|chembl|pubchem_confirmatory,False,True,,False,1.0
LXVJSPKQXVTNQH-XMMPIXPASA-N,bindingdb|chembl|pubchem_confirmatory,False,True,,False,1.0
XQTXXZKKQQEXQJ-JOCHJYFZSA-N,bindingdb|chembl|pubchem_confirmatory,False,True,,False,1.0
KWPFUYYXEFYSTJ-HSZRJFAPSA-N,bindingdb|chembl|pubchem_confirmatory,False,True,,False,1.0
DJEOINYZPUBZOI-CXBZOWBPSA-N,bindingdb|chembl|pubchem_confirmatory,False,True,,False,1.0
XECJCYKKIPPDSU-UCDZCMRKSA-N,bindingdb|chembl|pubchem_confirmatory,False,True,,False,1.0
JIHNEUQVAGBXJS-CXBZOWBPSA-N,bindingdb|chembl|pubchem_confirmatory,False,True,,False,1.0
NEMDWMDVLDSTHO-UCDZCMRKSA-N,bindingdb|chembl|pubchem_confirmatory,False,True,,False,1.0
UVGMVLLXKYRSQH-XTMOMDIJSA-N,bindingdb|chembl|pubchem_confirmatory,False,True,,False,1.0
AZRWFUXDXQHNGK-YYOKSTDFSA-N,bindingdb|chembl|pubchem_confirmatory,False,True,,False,1.0
FHUKYWREISJWPC-JFCLEEAPSA-N,bindingdb|chembl|pubchem_confirmatory,False,True,,False,1.0
UOKIISMNHHOPDY-NRSFRHGKSA-N,bindingdb|chembl|pubchem_confirmatory,False,True,,False,1.0
KBQGJDDPUYVNGA-JFCLEEAPSA-N,bindingdb|chembl|pubchem_confirmatory,False,True,,False,1.0
RMDUZWZVFRDCFD-UCDZCMRKSA-N,bindingdb|chembl|pubchem_confirmatory,False,True,,False,1.0
YITCBNLDNWAOGC-MOELHUNNSA-N,bindingdb|chembl|pubchem_confirmatory,False,True,,False,1.0
BJWAMXXUDGJGHC-UCDZCMRKSA-N,bindingdb|chembl|pubchem_confirmatory,False,True,,False,1.0
QHXQCACHAKHICI-UCDZCMRKSA-N,bindingdb|chembl|pubchem_confirmatory,False,True,,False,1.0
BZXQFVGJLJYMSA-CXBZOWBPSA-N,bindingdb|chembl|pubchem_confirmatory,False,True,,False,1.0
ZSJAAMDQQGGZCX-JCHVILAISA-N,bindingdb|chembl|pubchem_confirmatory,False,True,,False,1.0
IXADKGNVSRARPH-QYHPCCJNSA-N,bindingdb|chembl|pubchem_confirmatory,False,True,,False,1.0
AEGMUFLNOHHCDZ-JCHVILAISA-N,bindingdb|chembl|pubchem_confirmatory,False,True,,False,1.0
RKLNNGQJROHZOF-GNTVVGMTSA-N,bindingdb|chembl|pubchem_confirmatory,False,True,,False,1.0
OVKUPCYWVASQOA-GNTVVGMTSA-N,bindingdb|chembl|pubchem_confirmatory,False,True,,False,1.0
ZXBJJIIIEIDKDF-CDNDPLPTSA-N,bindingdb|chembl|pubchem_confirmatory,False,True,,False,1.0
QKVYSDCHEISRAD-QMCAYLGFSA-N,bindingdb|chembl|pubchem_confirmatory,False,True,,False,1.0
WQBKJMLHCGEYDB-CDNDPLPTSA-N,bindingdb|chembl|pubchem_confirmatory,False,True,,False,1.0
ANBOZDWGAXFRBM-GNTVVGMTSA-N,bindingdb|chembl|pubchem_confirmatory,False,True,,False,1.0
NJOVLWZEFYPNCP-LGYSXGNESA-N,bindingdb|chembl|pubchem_confirmatory,False,True,,False,1.0
DGKJGYNYALJIRF-SGAJGPLNSA-N,bindingdb|chembl|pubchem_confirmatory,False,True,,False,1.0
JFYVYOGTNFXEJG-MANYVHKHSA-N,bindingdb|chembl|pubchem_confirmatory,False,True,,False,1.0
CKGGNOHHVMNMBY-MOELHUNNSA-N,bindingdb|chembl|pubchem_confirmatory,False,True,,False,1.0
AQYVEWLUSZANQR-UCDZCMRKSA-N,bindingdb|chembl|pubchem_confirmatory,False,True,,False,1.0
WPRSPUPNBWJCQY-JWJBQAENSA-N,bindingdb|chembl|pubchem_confirmatory,False,True,,False,1.0
JZHOCJAOSJYLMW-BYICHJTDSA-N,bindingdb|chembl|pubchem_confirmatory,False,True,,False,1.0
VOBMJGLLNSFXJJ-GNTVVGMTSA-N,bindingdb|chembl|pubchem_confirmatory,False,True,,False,1.0
SISJIUNOAHDNFN-CDNDPLPTSA-N,bindingdb|chembl|pubchem_confirmatory,False,True,,False,1.0
DYIOKVJIADHXSW-UCDZCMRKSA-N,bindingdb|chembl|pubchem_confirmatory,False,True,,False,1.0
FXXSTXFISOOSPG-GNTVVGMTSA-N,bindingdb|chembl|pubchem_confirmatory,False,True,,False,1.0
WQNCRDJMLQSQCQ-UCDZCMRKSA-N,bindingdb|chembl|pubchem_confirmatory,False,True,,False,1.0
PXZNCRDFWANNQW-STHVYQTBSA-N,bindingdb|chembl|pubchem_confirmatory,False,True,,False,1.0
NMDHUPBWDLBTIY-QYHPCCJNSA-N,bindingdb|chembl|pubchem_confirmatory,False,True,,False,1.0
TZPKGQDKWPGOGH-VDOBOPNRSA-N,bindingdb|chembl|pubchem_confirmatory,False,True,,False,1.0
QHSMRYISOOYAKE-UCDZCMRKSA-N,bindingdb|chembl|pubchem_confirmatory,False,True,,False,1.0
SUTZESLZZKRTBS-GNTVVGMTSA-N,bindingdb|chembl|pubchem_confirmatory,False,True,,False,1.0
CTLVSRGXPJVXLD-STHVYQTBSA-N,bindingdb|chembl|pubchem_confirmatory,False,True,,False,1.0
ZKABKONTYQYDFJ-STHVYQTBSA-N,bindingdb|chembl|pubchem_confirmatory,False,True,,False,1.0
OXZSGUHAEZREAM-UCDZCMRKSA-N,bindingdb|chembl|pubchem_confirmatory,False,True,,False,1.0
QJVMYSGTPDHYSH-ZVHXTAQDSA-N,bindingdb|chembl|pubchem_confirmatory,False,True,,False,1.0
QZSNUROVIYECHR-WKNZRQKGSA-N,bindingdb|chembl|pubchem_confirmatory,False,True,,False,1.0
BRUGVRPTXWEKIC-FWMJEQCYSA-N,chembl|pubchem_confirmatory,False,True,,False,1.0
UGWYVPVGRAXTPH-GFXQXFAQSA-N,bindingdb|chembl|pubchem_confirmatory,False,True,,False,1.0
BTTGZHUZCIYSPU-LYLGLVRWSA-N,bindingdb|chembl|pubchem_confirmatory,False,True,,False,1.0
YRWXMWBBTJFXST-VONPHLAZSA-N,bindingdb|chembl|pubchem_confirmatory,False,True,,False,1.0
MGWCGBQGLLCLPL-YJFOBXNISA-N,bindingdb|chembl|pubchem_confirmatory,False,True,,False,1.0
WRRISOAPWUFJDO-BYICHJTDSA-N,bindingdb|chembl|pubchem_confirmatory,False,True,,False,1.0
UTJJZCTYKITQHX-RVRFFIBDSA-N,bindingdb|chembl|pubchem_confirmatory,False,True,,False,1.0
RZDGWMUIIPFQLB-MOBAFLLYSA-N,bindingdb|chembl|pubchem_confirmatory,False,True,,False,1.0
CUTWWUXGKOAWLG-LLNLAZGKSA-N,bindingdb|chembl|pubchem_confirmatory,False,True,,False,1.0
QEENIWFDMBGDGZ-CXBZOWBPSA-N,bindingdb|chembl|pubchem_confirmatory,False,True,,False,1.0
RBKLIUIWWDHLKH-XBPDSQQVSA-N,bindingdb|chembl|pubchem_confirmatory,False,True,,False,1.0
VBAYQQKUNQPSPH-CRLCSLCLSA-N,bindingdb|chembl|pubchem_confirmatory,False,True,,False,1.0
IFXVSEZMBAULFI-CXBZOWBPSA-N,bindingdb|chembl|pubchem_confirmatory,False,True,,False,1.0
VNOXHYFBCPBVNN-QZPZUKOXSA-N,bindingdb|chembl|pubchem_confirmatory,False,True,,False,1.0
NQLMFDAPOICOPB-CCWBKVMBSA-N,bindingdb|chembl|pubchem_confirmatory,False,True,,False,1.0
UTKKNIQJEBWKCD-CDNDPLPTSA-N,bindingdb|chembl|pubchem_confirmatory,False,True,,False,1.0
SIUYVVKSTKTRLF-WZVKSPBRSA-N,bindingdb|chembl|pubchem_confirmatory,False,True,,False,1.0
YDGDWXYCZZBFND-GNTVVGMTSA-N,bindingdb|chembl|pubchem_confirmatory,False,True,,False,1.0
SCUGDFRJTYZDRU-WZVKSPBRSA-N,bindingdb|chembl|pubchem_confirmatory,False,True,,False,1.0
RWCSICUFIJOTFM-WZVKSPBRSA-N,bindingdb|chembl|pubchem_confirmatory,False,True,,False,1.0
DSFPUEHAXRRRDR-CRLCSLCLSA-N,bindingdb|chembl|pubchem_confirmatory,False,True,,False,1.0
ZJDWUSCAQWPRJW-WHJRKYDLSA-N,bindingdb|chembl|pubchem_confirmatory,False,True,,False,1.0
AQINLOOQAXAJHV-QMCAYLGFSA-N,bindingdb|chembl|pubchem_confirmatory,False,True,,False,1.0
QTWUFMGEELXPTQ-KUVLNDGKSA-N,bindingdb|chembl|pubchem_confirmatory,False,True,,False,1.0
OJLFUWZBYIXXPM-GOJCXORZSA-N,bindingdb|chembl|pubchem_confirmatory,False,True,,False,1.0
CFGQNPONFGDWHH-NYESITDKSA-N,bindingdb|chembl|pubchem_confirmatory,False,True,,False,1.0
CKKGVRBRHDHZEH-TWDLTGNASA-N,bindingdb|chembl|pubchem_confirmatory,False,True,,False,1.0
AJKQQQBHZVUAFQ-SGAJGPLNSA-N,bindingdb|chembl|pubchem_confirmatory,False,True,,False,1.0
ZRBLDZJEAKNZPG-XBPDSQQVSA-N,bindingdb|chembl|pubchem_confirmatory,False,True,,False,1.0
IABQTQAIXOVJFU-YLBOGKAESA-N,bindingdb|chembl|pubchem_confirmatory,False,True,,False,1.0
YOOIOHGUTVMABZ-YXDIFBQUSA-N,bindingdb|chembl|pubchem_confirmatory,False,True,,False,1.0
RGTFQUSSGOKNRJ-XBPDSQQVSA-N,bindingdb|chembl|pubchem_confirmatory,False,True,,False,1.0
GIFWSFBAVKCKLC-CRLCSLCLSA-N,bindingdb|chembl|pubchem_confirmatory,False,True,,False,1.0
OGGIVJQEUXVQLS-SGAJGPLNSA-N,bindingdb|chembl|pubchem_confirmatory,False,True,,False,1.0
RYVBHJXRSWBAGJ-STHVYQTBSA-N,bindingdb|chembl|pubchem_confirmatory,False,True,,False,1.0
OKKNAUCMBJPLKF-ZVHXTAQDSA-N,bindingdb|chembl|pubchem_confirmatory,False,True,,False,1.0
RRMQJWYPRSRVBS-XKHRETHESA-N,bindingdb|chembl|pubchem_confirmatory,False,True,,False,1.0
ANYDFCLXDPDQFX-SGAJGPLNSA-N,bindingdb|chembl|pubchem_confirmatory,False,True,,False,1.0
JMIOFHGPMWCDBP-QBCDJPLPSA-N,bindingdb|chembl|pubchem_confirmatory,False,True,,False,1.0
ZTASIGGLAQXEQS-TWDLTGNASA-N,bindingdb|chembl|pubchem_confirmatory,False,True,,False,1.0
ZYSARJPKHKKFLA-RDMIVRQXSA-N,bindingdb|chembl|pubchem_confirmatory,False,True,,False,1.0
GWINBZFGLMZTNY-OCDODTDCSA-N,bindingdb|chembl|pubchem_confirmatory,False,True,,False,1.0
UMAXDXLQZSYRHA-WPKRCUIDSA-N,bindingdb|chembl|pubchem_confirmatory,False,True,,False,1.0
ICHOUCOWZHENPS-RXEARMEOSA-N,bindingdb|chembl|pubchem_confirmatory,False,True,,False,1.0
QDXJEDGMSJOFRD-GNTVVGMTSA-N,bindingdb|chembl|pubchem_confirmatory,False,True,,False,1.0
UFWQFQVXMLYUGJ-JCHVILAISA-N,bindingdb|chembl|pubchem_confirmatory,False,True,,False,1.0
HUMNMFMARBMGMO-CDNDPLPTSA-N,bindingdb|chembl|pubchem_confirmatory,False,True,,False,1.0
NXKRKACLNJFLBY-QYHPCCJNSA-N,bindingdb|chembl|pubchem_confirmatory,False,True,,False,1.0
MVDGGDKFZXKJNP-YLBOGKAESA-N,bindingdb|chembl|pubchem_confirmatory,False,True,,False,1.0
BWTBYTFLDISNFI-WFNCXJDMSA-N,bindingdb|chembl|pubchem_confirmatory,False,True,,False,1.0
SKAYGHXWEBIXKT-NYESITDKSA-N,bindingdb|chembl|pubchem_confirmatory,False,True,,False,1.0
LGFUASNJOMTCJE-XKHRETHESA-N,bindingdb|chembl|pubchem_confirmatory,False,True,,False,1.0
BKHDTXBOLKXVNC-FKGNFIDKSA-N,bindingdb|chembl|pubchem_confirmatory,False,True,,False,1.0
BPPOPKSURNVIQC-JQODSXCXSA-N,bindingdb|chembl|pubchem_confirmatory,False,True,,False,1.0
MTBCJWLKCKFXBW-CCWBKVMBSA-N,bindingdb|chembl|pubchem_confirmatory,False,True,,False,1.0
GMFDINNREPARQQ-TWDLTGNASA-N,bindingdb|chembl|pubchem_confirmatory,False,True,,False,1.0
BATJNZYCQYWECW-XKHRETHESA-N,bindingdb|chembl|pubchem_confirmatory,False,True,,False,1.0
TWGLZCHEZKNDDP-FGZHOGPDSA-N,bindingdb|chembl|pubchem_confirmatory,False,True,,False,1.0
FWSJSYDLCKZYSM-STHVYQTBSA-N,bindingdb|chembl|pubchem_confirmatory,False,True,,False,1.0
KDENAVBJXXVOGC-PWJCZFGMSA-N,bindingdb|chembl|pubchem_confirmatory,False,True,,False,1.0
GXSGADZJVKDBOS-YLBOGKAESA-N,bindingdb|chembl|pubchem_confirmatory,False,True,,False,1.0
RPYBUDYJXBOBAX-ABNDPDSASA-N,bindingdb|chembl|pubchem_confirmatory,False,True,,False,1.0
WHKBRZLJSJSOFT-ABNDPDSASA-N,bindingdb|chembl|pubchem_confirmatory,False,True,,False,1.0
NRRRFJMMLBPQQP-DOZIQCTLSA-N,bindingdb|chembl|pubchem_confirmatory,False,True,,False,1.0
ONLJFCNGKMJGCL-JAEXGXQOSA-N,bindingdb|chembl|pubchem_confirmatory,False,True,,False,1.0
YUHZLTYIGGBRCL-OFKODDFHSA-N,bindingdb|chembl|pubchem_confirmatory,False,True,,False,1.0
OHUUCVMEELTIEE-OFKODDFHSA-N,bindingdb|chembl|pubchem_confirmatory,False,True,,False,1.0
MHSRKSKKTOFPAO-HJXGAIAJSA-N,bindingdb|chembl|pubchem_confirmatory,False,True,,False,1.0
OVSRNLUQOLEZIE-BYICHJTDSA-N,bindingdb|chembl|pubchem_confirmatory,False,True,,False,1.0
DQLUMIKVJFJGRG-JWQCQUIFSA-N,bindingdb|chembl|pubchem_confirmatory,False,True,,False,1.0
XXQMZJQGOYFOBO-BYICHJTDSA-N,bindingdb|chembl|pubchem_confirmatory,False,True,,False,1.0
MPNDXFUWAFIVPX-PKFIBTHBSA-N,pubchem_confirmatory,False,True,,False,1.0
GMQVUIUJDJDCMN-SHEKFCCPSA-N,bindingdb|chembl|pubchem_confirmatory,False,True,,False,1.0
FIEZAJCYXPBHSI-DHIUTWEWSA-N,bindingdb|chembl|pubchem_confirmatory,False,True,,False,1.0
JNSLXLJZKMOIDF-KTBVXVCESA-N,bindingdb|chembl|pubchem_confirmatory,False,True,,False,1.0
GHUWRCFPABYAAK-DVAYOXQNSA-N,pubchem_confirmatory,False,True,,False,1.0
ZUPOOTASJDLVFQ-ZHKUBPBOSA-N,bindingdb|chembl|pubchem_confirmatory,False,True,,False,1.0
IKHAYQWSDVPPKP-BYICHJTDSA-N,bindingdb|chembl|pubchem_confirmatory,False,True,,False,1.0
SOJJVVVSISIAFX-RXEARMEOSA-N,bindingdb|chembl|pubchem_confirmatory,False,True,,False,1.0
YKMZUHXAPJHTNI-DOZIQCTLSA-N,bindingdb|chembl|pubchem_confirmatory,False,True,,False,1.0
GCFNXULBTXKENW-FCBLIUAWSA-N,bindingdb|chembl|pubchem_confirmatory,False,True,,False,1.0
IHMDYLRLHBLHAI-KIFPUJJZSA-N,pubchem_confirmatory,False,True,,False,1.0
CUYITFFXXJHXFK-HFUMYMFYSA-N,bindingdb|chembl|pubchem_confirmatory,False,True,,False,1.0
LSBNTDSSMXNNMS-GVBVHUCQSA-N,bindingdb|chembl|pubchem_confirmatory,False,True,,False,1.0
DUDFKSXIUGVOGX-QYHPCCJNSA-N,bindingdb|chembl|pubchem_confirmatory,False,True,,False,1.0
NYCINIBCUDZPKV-STECRBCGSA-N,pubchem_confirmatory,False,True,,False,1.0
TXXBZCUJUULPDG-UFUHPZKHSA-N,pubchem_confirmatory,False,True,,False,1.0
FXPQDKPTINGQSR-OUEWZIHUSA-N,pubchem_confirmatory,False,True,,False,1.0
FNKPWAZXFVEUHG-FBFWPBIQSA-N,pubchem_confirmatory,False,True,,False,1.0
JQRXRLZJYQFAMA-GSIJDCTESA-N,pubchem_confirmatory,False,True,,False,1.0
OXTBYMYADRRJRP-XGFNZXMWSA-N,pubchem_confirmatory,False,True,,False,1.0
GMGVTBDJNOCVIB-CRLCSLCLSA-N,bindingdb|chembl|pubchem_confirmatory,False,True,,False,1.0
SGXNCTBBEQGZIW-LYLGLVRWSA-N,bindingdb|chembl|pubchem_confirmatory,False,True,,False,1.0
LBOXUQNXVZJERX-BTDDGAACSA-N,bindingdb|chembl|pubchem_confirmatory,False,True,,False,1.0
VCFSOMLDMWCLLV-LDZQUKMZSA-N,bindingdb|chembl|pubchem_confirmatory,False,True,,False,1.0
QSAYKXJENKOKGM-OUEWZIHUSA-N,pubchem_confirmatory,False,True,,False,1.0
DAJDZXHMLZRRTH-HFUMYMFYSA-N,pubchem_confirmatory,False,True,,False,1.0
PBOPTXINZBERHK-XBPDSQQVSA-N,bindingdb|chembl|pubchem_confirmatory,False,True,,False,1.0
GHBJLLIBEQMPHS-UJSRUBBISA-N,bindingdb|chembl|pubchem_confirmatory,False,True,,False,1.0
HWIRDUXVGVVMRY-DPNVDDISSA-N,pubchem_confirmatory,False,True,,False,1.0
NBNXHJUWZQQTKU-XGFNZXMWSA-N,pubchem_confirmatory,False,True,,False,1.0
DLSVVCHVMZBNCZ-OCDODTDCSA-N,bindingdb|chembl|pubchem_confirmatory,False,True,,False,1.0
NWDISWVJEPHNHP-ZHFHXLPRSA-N,bindingdb|chembl|pubchem_confirmatory,False,True,,False,1.0
JVOJFVTZVRHNCQ-BGFAZQDSSA-N,bindingdb|chembl|pubchem_confirmatory,False,True,,False,1.0
UGFJQZZRAAQZFQ-HDRCEPDYSA-N,bindingdb|chembl|pubchem_confirmatory,False,True,,False,1.0
AMEWEHGOXPSWAC-XBPDSQQVSA-N,bindingdb|chembl|pubchem_confirmatory,False,True,,False,1.0
VHNLDAZNJDISED-PWJCZFGMSA-N,bindingdb|chembl|pubchem_confirmatory,False,True,,False,1.0
YCRFPJLRMBEPDQ-ZTFYXODMSA-N,bindingdb|chembl|pubchem_confirmatory,False,True,,False,1.0
YVQMMOXHVWGWBQ-MDAUBKBASA-N,bindingdb|chembl|pubchem_confirmatory,False,True,,False,1.0
HWHDUWPUMXQFCC-WNXDWAGHSA-N,pubchem_confirmatory,False,True,,False,1.0
RNGQLODFAAICJY-KIFPUJJZSA-N,pubchem_confirmatory,False,True,,False,1.0
VKTVGAAULGZPQR-SGAJGPLNSA-N,bindingdb|chembl|pubchem_confirmatory,False,True,,False,1.0
UJKIBRAWNCFNST-STECRBCGSA-N,pubchem_confirmatory,False,True,,False,1.0
VCTOKVCBZZAJHW-JQODSXCXSA-N,pubchem_confirmatory,False,True,,False,1.0
WHAOEVRENJMUJJ-VJWSGOJGSA-N,pubchem_confirmatory,False,True,,False,1.0
VCOFVEXDYNMPLD-JWJBQAENSA-N,bindingdb|chembl|pubchem_confirmatory,False,True,,False,1.0
LPPNJQYMJQDSJL-ZFHLRRFLSA-N,pubchem_confirmatory,False,True,,False,1.0
VVNHWJBRISECGX-OSCSHELXSA-N,bindingdb|chembl|pubchem_confirmatory,False,True,,False,1.0
AVDBZWHLRGORIQ-ZTFYXODMSA-N,bindingdb|chembl|pubchem_confirmatory,False,True,,False,1.0
HCBVNKMUDNUFOW-PWJCZFGMSA-N,bindingdb|chembl|pubchem_confirmatory,False,True,,False,1.0
NAXQQAMBNIGCCL-KKIGNJJOSA-N,pubchem_confirmatory,False,True,,False,1.0
YDMWQGLVNLHVGR-LYLGLVRWSA-N,bindingdb|chembl|pubchem_confirmatory,False,True,,False,1.0
SAJAENPPCRKOKV-FBFWPBIQSA-N,pubchem_confirmatory,False,True,,False,1.0
BDPLPWSMVKXZJU-GFXQXFAQSA-N,bindingdb|chembl|pubchem_confirmatory,False,True,,False,1.0
KGKKTVPYARISQS-WNXDWAGHSA-N,pubchem_confirmatory,False,True,,False,1.0
MQUOAVAHPQJHKI-UJSRUBBISA-N,bindingdb|chembl|pubchem_confirmatory,False,True,,False,1.0
FSTDCVLSQZQJJD-CRLCSLCLSA-N,bindingdb|chembl|pubchem_confirmatory,False,True,,False,1.0
ZFAZZLUSSGFODD-CRLCSLCLSA-N,bindingdb|chembl|pubchem_confirmatory,False,True,,False,1.0
QWUSGXQRLDGCBC-QMNWOKLKSA-N,bindingdb|chembl|pubchem_confirmatory,False,True,,False,1.0
PXZQDYFULASBHZ-HGMFMZIGSA-N,pubchem_confirmatory,False,True,,False,1.0
QWESWXXVLNAQAR-GSZOVSESSA-N,bindingdb|chembl|pubchem_confirmatory,False,True,,False,1.0
HLLWSQZPGMWUKG-GGQNZWSISA-N,bindingdb|chembl|pubchem_confirmatory,False,True,,False,1.0
WWWKSAXHDUXFAR-GGQNZWSISA-N,bindingdb|chembl|pubchem_confirmatory,False,True,,False,1.0
FJIJGDJMHYIAGT-QVXFZSQDSA-N,bindingdb|chembl|pubchem_confirmatory,False,True,,False,1.0
UTFGIZQMTYTLCA-UDJLBTSVSA-N,pubchem_confirmatory,False,True,,False,1.0
BHADGHJBNCYOMH-WOJBJXKFSA-N,bindingdb|chembl|pubchem_confirmatory,False,True,,False,1.0
YGBXMBYJIHYZOE-NHCUHLMSSA-N,bindingdb|chembl|pubchem_confirmatory,False,True,,False,1.0
MRMKRVUBSYMQNE-AEAWWFNXSA-N,pubchem_confirmatory,False,True,,False,1.0
PYTZZAOFYVNMQD-UJHVSPFSSA-N,pubchem_confirmatory,False,True,,False,1.0
WMDGKAUBJUTFPM-VPGDJBLGSA-N,bindingdb|chembl|pubchem_confirmatory,False,True,,False,1.0
GWRHMJQHVNKZKS-CUHSMEASSA-N,bindingdb|chembl|pubchem_confirmatory,False,True,,False,1.0
VRCSODDMQPDIPX-MRLTYDNFSA-N,bindingdb|chembl|pubchem_confirmatory,False,True,,False,1.0
MOQQBCVGGOTYTF-OGSSDNIRSA-N,bindingdb|chembl|pubchem_confirmatory,False,True,,False,1.0
HCVYAIQSYNFWFL-MDLALNFGSA-N,bindingdb|chembl|pubchem_confirmatory,False,True,,False,1.0
WAIQCACIIRAYQU-ZSADTWRWSA-N,bindingdb|chembl|pubchem_confirmatory,False,True,,False,1.0
ZHPWXILYNHLQNH-SBAIMNNOSA-N,bindingdb|chembl|pubchem_confirmatory,False,True,,False,1.0
SSYOFAFJYVGCJY-GENJTUHGSA-N,bindingdb|chembl|pubchem_confirmatory,False,True,,False,1.0
GYXBCZYUSXNSRU-OGSSDNIRSA-N,bindingdb|chembl|pubchem_confirmatory,False,True,,False,1.0
XGSVVHFUMVWWQG-NDKUEENFSA-N,bindingdb|chembl|pubchem_confirmatory,False,True,,False,1.0
AXERDGDCJDSTJP-OGSSDNIRSA-N,bindingdb|chembl|pubchem_confirmatory,False,True,,False,1.0
QWQIZECTXVUQDF-MDLALNFGSA-N,bindingdb|chembl|pubchem_confirmatory,False,True,,False,1.0
KDLGZKJKTIWAIC-YYKZIPJASA-N,bindingdb|chembl|pubchem_confirmatory,False,True,,False,1.0
RBMQJYOMIYSTCA-OWDCXRFMSA-N,bindingdb|chembl|pubchem_confirmatory,False,True,,False,1.0
WWBBHTZECJILTL-YYKZIPJASA-N,bindingdb|chembl|pubchem_confirmatory,False,True,,False,1.0
LXYLAHSFLJYOIE-GENJTUHGSA-N,bindingdb|chembl|pubchem_confirmatory,False,True,,False,1.0
MLKSQWMPAPSVGM-XKKAILOKSA-N,bindingdb|chembl|pubchem_confirmatory,False,True,,False,1.0
JGODGXQSLRJVSE-VLOVYFPZSA-N,bindingdb|chembl|pubchem_confirmatory,False,True,,False,1.0
RXOPZPXJRLYRAF-KFACBJOOSA-N,bindingdb|chembl|pubchem_confirmatory,False,True,,False,1.0
BOZRLVBXVMVJGG-OGSSDNIRSA-N,bindingdb|chembl|pubchem_confirmatory,False,True,,False,1.0
JQZHZQPKFGNKLT-SBAIMNNOSA-N,bindingdb|chembl|pubchem_confirmatory,False,True,,False,1.0
FQYBDGIUWAOBIG-JZTDYHMVSA-N,bindingdb|chembl|pubchem_confirmatory,False,True,,False,1.0
DEHPLCPIDMIDTB-ZSADTWRWSA-N,bindingdb|chembl|pubchem_confirmatory,False,True,,False,1.0
CRBIDVKDOJCQKH-YYKZIPJASA-N,bindingdb|chembl|pubchem_confirmatory,False,True,,False,1.0
WOLYRLZFTJKCJP-LCHPKMOASA-N,bindingdb|chembl|pubchem_confirmatory,False,True,,False,1.0
UNEIAEKVSGNXOY-QIYJARMZSA-N,bindingdb|chembl|pubchem_confirmatory,False,True,,False,1.0
ZVLXKVSVHOPDCS-ZSADTWRWSA-N,bindingdb|chembl|pubchem_confirmatory,False,True,,False,1.0
ZHURCSRVAVDQKN-BQBONNFNSA-N,bindingdb|chembl|pubchem_confirmatory,False,True,,False,1.0
VJMJVJYEADSZJJ-ZSADTWRWSA-N,bindingdb|chembl|pubchem_confirmatory,False,True,,False,1.0
UJFPCEPGPCMCST-DNQXCXABSA-N,bindingdb|chembl|pubchem_confirmatory,False,True,,False,1.0
WHNDTUWBSYXEGK-RSISCXAQSA-N,bindingdb|chembl|pubchem_confirmatory,False,True,,False,1.0
XAKSYUCRTLUDAL-LXPNYDBHSA-N,bindingdb|chembl|pubchem_confirmatory,False,True,,False,1.0
ZTXCEYISSWLDGP-BYICHJTDSA-N,bindingdb|chembl|pubchem_confirmatory,False,True,,False,1.0
CABYLYZRNXTPTO-ZGJWRPMSSA-N,bindingdb|chembl|pubchem_confirmatory,False,True,,False,1.0
LSFPNPKUMFPROJ-CWINVUHXSA-N,bindingdb|chembl|pubchem_confirmatory,False,True,,False,1.0
QWKDBJJQULYAEH-AJSJLVFWSA-N,bindingdb|chembl|pubchem_confirmatory,False,True,,False,1.0
QUGDJUDQMAHGNQ-AQEANLGOSA-N,bindingdb|chembl|pubchem_confirmatory,False,True,,False,1.0
FMNSJJUYYNOGSP-FLVRFYSZSA-N,bindingdb|chembl|pubchem_confirmatory,False,True,,False,1.0
UYPKAAMIGAGDTF-ZSADTWRWSA-N,bindingdb|chembl|pubchem_confirmatory,False,True,,False,1.0
DRRUFWZXXXTGKH-SGAJGPLNSA-N,bindingdb|chembl|pubchem_confirmatory,False,True,,False,1.0
SFIUNGDCAZNMNJ-RXEARMEOSA-N,bindingdb|chembl|pubchem_confirmatory,False,True,,False,1.0
HDQIYXACGPYCQT-ZHFHXLPRSA-N,bindingdb|chembl|pubchem_confirmatory,False,True,,False,1.0
UOXUJGWUTQMJMX-DNQXCXABSA-N,bindingdb|chembl|pubchem_confirmatory,False,True,,False,1.0
GWBRLBIUBIXVRC-UCDZCMRKSA-N,bindingdb|chembl|pubchem_confirmatory,False,True,,False,1.0
DUCOFCVCSRBZGV-CXBZOWBPSA-N,bindingdb|chembl|pubchem_confirmatory,False,True,,False,1.0
RQBGGNNHJIRZIX-OFKODDFHSA-N,bindingdb|chembl|pubchem_confirmatory,False,True,,False,1.0
WNVSDECEZODUPK-JAEXGXQOSA-N,bindingdb|chembl|pubchem_confirmatory,False,True,,False,1.0
GAZCHCIGJHPWGU-XKHRETHESA-N,bindingdb|chembl|pubchem_confirmatory,False,True,,False,1.0
GQGZZKPBCOQQQE-RVRFFIBDSA-N,bindingdb|chembl|pubchem_confirmatory,False,True,,False,1.0
LQMSTRFNKHLNGH-YLBOGKAESA-N,bindingdb|chembl|pubchem_confirmatory,False,True,,False,1.0
WPXFOTAJQKBSMW-QGSZOSMFSA-N,bindingdb|chembl|pubchem_confirmatory,False,True,,False,1.0
UVGWWEALXNLMDS-CNBRWIIDSA-N,bindingdb|chembl|pubchem_confirmatory,False,True,,False,1.0
RTDXVNREPXJNCF-YLBOGKAESA-N,bindingdb|chembl|pubchem_confirmatory,False,True,,False,1.0
PLFBOMAMLLPALI-BTDDGAACSA-N,bindingdb|chembl|pubchem_confirmatory,False,True,,False,1.0
QPOKFQWKWLESPE-GVBVHUCQSA-N,bindingdb|chembl|pubchem_confirmatory,False,True,,False,1.0
ZANMCXUVQQBPMY-GOJCXORZSA-N,bindingdb|chembl|pubchem_confirmatory,False,True,,False,1.0
AJPFUWWTYJVBKS-IBYOELKQSA-N,bindingdb|chembl|pubchem_confirmatory,False,True,,False,1.0
JFOZRIZTVHJILV-XYUGXJJYSA-N,bindingdb|chembl|pubchem_confirmatory,False,True,,False,1.0
QNDOICZZNOXIHY-OXZXHNBXSA-N,bindingdb|chembl|pubchem_confirmatory,False,True,,False,1.0
ZNVQSQKBGQYGTC-RXEARMEOSA-N,bindingdb|chembl|pubchem_confirmatory,False,True,,False,1.0
KGFFDCVPLTZLBD-SGAJGPLNSA-N,bindingdb|chembl|pubchem_confirmatory,False,True,,False,1.0
OKOXWDLOEAWJTJ-KIKFKFQISA-N,bindingdb|chembl|pubchem_confirmatory,False,True,,False,1.0
UMCJKUJKESZYOB-ZHFHXLPRSA-N,bindingdb|chembl|pubchem_confirmatory,False,True,,False,1.0
RVGDMJPSJMGWIY-ZTFYXODMSA-N,bindingdb|chembl|pubchem_confirmatory,False,True,,False,1.0
CFYWZJWWEJKQQD-KUVLNDGKSA-N,bindingdb|chembl|pubchem_confirmatory,False,True,,False,1.0
DPMLWPYIXXXQOW-NDCDCTFNSA-N,pubchem_confirmatory,False,True,,False,1.0
MBGOSPNMQJALIK-LYLGLVRWSA-N,bindingdb|chembl|pubchem_confirmatory,False,True,,False,1.0
UWLSRTCCFPDHCN-HYYKEQEVSA-N,bindingdb|chembl|pubchem_confirmatory,False,True,,False,1.0
KNCGVYBYWGMIBZ-FKGNFIDKSA-N,bindingdb|chembl|pubchem_confirmatory,False,True,,False,1.0
WTSASHWPWMRDLY-BTDDGAACSA-N,bindingdb|chembl|pubchem_confirmatory,False,True,,False,1.0
FOBNOYWWYUHZGJ-CPWPOOERSA-N,bindingdb|chembl|pubchem_confirmatory,False,True,,False,1.0
VLSAYKYPZJTFPN-VZSJEBCZSA-N,pubchem_confirmatory,False,True,,False,1.0
XHLACPNZYKGZCU-SHEKFCCPSA-N,bindingdb|chembl|pubchem_confirmatory,False,True,,False,1.0
QHRUPTVPEYRWIP-PDBCZORNSA-N,bindingdb|chembl|pubchem_confirmatory,False,True,,False,1.0
XPEMWWRAMRKQBN-IKXBFRDRSA-N,bindingdb|chembl|pubchem_confirmatory,False,True,,False,1.0
XSOFYILRXPOXMM-CCWBKVMBSA-N,bindingdb|chembl|pubchem_confirmatory,False,True,,False,1.0
LXTPBYAFKDAHIK-GNTVVGMTSA-N,bindingdb|chembl|pubchem_confirmatory,False,True,,False,1.0
AFXAUINBCONZRB-CCWBKVMBSA-N,bindingdb|chembl|pubchem_confirmatory,False,True,,False,1.0
HNAWIPFBXDTQKU-WZVKSPBRSA-N,bindingdb|chembl|pubchem_confirmatory,False,True,,False,1.0
MWIGXUOGDZFVEQ-TWDLTGNASA-N,bindingdb|chembl|pubchem_confirmatory,False,True,,False,1.0
IGEXUKUWFYWHIU-XBPDSQQVSA-N,bindingdb|chembl|pubchem_confirmatory,False,True,,False,1.0
ODVDOMOKFLMJJJ-TWDLTGNASA-N,bindingdb|chembl|pubchem_confirmatory,False,True,,False,1.0
XHWBRCNZOZCCNC-MDAUBKBASA-N,bindingdb|chembl|pubchem_confirmatory,False,True,,False,1.0
UCSVBSPNMFAYPO-FIIBKKJESA-N,bindingdb|chembl|pubchem_confirmatory,False,True,,False,1.0
DXRUKQNLFQHENI-RXEARMEOSA-N,bindingdb|chembl|pubchem_confirmatory,False,True,,False,1.0
TUCCGPQLRMMEFI-JWQCQUIFSA-N,bindingdb|chembl|pubchem_confirmatory,False,True,,False,1.0
FQVNUFOLWFHBAH-DNQXCXABSA-N,bindingdb|chembl|pubchem_confirmatory,False,True,,False,1.0
NCYCXHVKGOHAKO-DNQXCXABSA-N,bindingdb|chembl|pubchem_confirmatory,False,True,,False,1.0
PEABXDIGBOLOSL-XYFRODSISA-N,bindingdb|chembl|pubchem_confirmatory,False,True,,False,1.0
HSMYDCUFPOGKDP-DNQXCXABSA-N,bindingdb|chembl|pubchem_confirmatory,False,True,,False,1.0
LIELNNVJLZDJNV-NTKDMRAZSA-N,bindingdb|chembl|pubchem_confirmatory,False,True,,False,1.0
ZXEGHRKMLWECLR-XUMYZKKMSA-N,bindingdb|chembl|pubchem_confirmatory,False,True,,False,1.0
IUAQONCVWILQBW-JCHVILAISA-N,bindingdb|chembl|pubchem_confirmatory,False,True,,False,1.0
KKEWYQGTRYLSFI-PCMMOIKVSA-N,bindingdb|chembl|pubchem_confirmatory,False,True,,False,1.0
XCBFJYQGXZLBPR-IKXBFRDRSA-N,bindingdb|chembl|pubchem_confirmatory,False,True,,False,1.0
PPYDIYQJBOFKJJ-CCWBKVMBSA-N,bindingdb|chembl|pubchem_confirmatory,False,True,,False,1.0
BVBHTBJFUBWPGW-TWDLTGNASA-N,bindingdb|chembl|pubchem_confirmatory,False,True,,False,1.0
HEUJGYBHGOVASU-JWJBQAENSA-N,bindingdb|chembl|pubchem_confirmatory,False,True,,False,1.0
KTRYHAQWFSULQI-OXZXHNBXSA-N,bindingdb|chembl|pubchem_confirmatory,False,True,,False,1.0
ZCOUENJMOHTSHC-LLNLAZGKSA-N,bindingdb|chembl|pubchem_confirmatory,False,True,,False,1.0
WIAVUOTUFXVFFW-JCHVILAISA-N,bindingdb|chembl|pubchem_confirmatory,False,True,,False,1.0
RNYNXJNFKQTMAK-WKNZRQKGSA-N,bindingdb|chembl|pubchem_confirmatory,False,True,,False,1.0
QBXHEHOCBVRMLN-FWMJEQCYSA-N,bindingdb|chembl|pubchem_confirmatory,False,True,,False,1.0
ZDBVVDUTDBVYHC-BTDDGAACSA-N,bindingdb|chembl|pubchem_confirmatory,False,True,,False,1.0
IFKSXQFEQQQIOC-WZVKSPBRSA-N,bindingdb|chembl|pubchem_confirmatory,False,True,,False,1.0
XYLQIWLJVUGVKK-JQODSXCXSA-O,pubchem_confirmatory,False,True,,False,1.0
UGEAJVMTCPYFMU-YLBOGKAESA-N,bindingdb|chembl|pubchem_confirmatory,False,True,,False,1.0
MEGWPQKDSWFZMR-IKXBFRDRSA-N,bindingdb|chembl|pubchem_confirmatory,False,True,,False,1.0
ACPCILWOAYZKPR-MDAUBKBASA-N,bindingdb|chembl|pubchem_confirmatory,False,True,,False,1.0
DGBSMVAOYPKILO-FCBLIUAWSA-N,bindingdb|chembl|pubchem_confirmatory,False,True,,False,1.0
KRGYLTVKMJZURK-DMTRJYJOSA-N,bindingdb|chembl|pubchem_confirmatory,False,True,,False,1.0
MNRHEYODBDCHHO-OPYALOGVSA-N,bindingdb|chembl|pubchem_confirmatory,False,True,,False,1.0
VSWOMGIOACEAOU-XKHRETHESA-N,bindingdb|chembl|pubchem_confirmatory,False,True,,False,1.0
LHBMQLBOCRSDLT-CPWPOOERSA-N,bindingdb|chembl|pubchem_confirmatory,False,True,,False,1.0
LFPPSFVNBGNNPR-UCDZCMRKSA-N,bindingdb|chembl|pubchem_confirmatory,False,True,,False,1.0
BNCYUKAOCLWXOL-LDZQUKMZSA-N,bindingdb|chembl|pubchem_confirmatory,False,True,,False,1.0
KMHVWSYZPXHNLI-JAEXGXQOSA-N,bindingdb|chembl|pubchem_confirmatory,False,True,,False,1.0
NSOPJJCZPTUTCB-STHVYQTBSA-N,bindingdb|chembl|pubchem_confirmatory,False,True,,False,1.0
CGWRMBYFKYPJSA-RXEARMEOSA-N,bindingdb|chembl|pubchem_confirmatory,False,True,,False,1.0
RLWJPYQILYBNJY-KFHGAJFOSA-N,bindingdb|chembl|pubchem_confirmatory,False,True,,False,1.0
PTICUODAYJPJPK-YADARESESA-N,bindingdb|chembl|pubchem_confirmatory,False,True,,False,1.0
PUCIUCYCOKGKKK-FDDCHVKYSA-N,bindingdb|chembl|pubchem_confirmatory,False,True,,False,1.0
OXGZWMSLIJQXKJ-FDDCHVKYSA-N,bindingdb|chembl|pubchem_confirmatory,False,True,,False,1.0
GHKJSMWBPDCSRI-RXFWQSSRSA-N,bindingdb|pubchem_confirmatory,False,True,,False,1.0
DAYIZZOZUBSHCK-UQBPGWFLSA-N,bindingdb|chembl|pubchem_confirmatory,False,True,,False,1.0
ZLAQSPOQONVMRZ-OFKODDFHSA-N,bindingdb|chembl|pubchem_confirmatory,False,True,,False,1.0
UUCBMATYTOQCBV-CRLCSLCLSA-N,bindingdb|chembl|pubchem_confirmatory,False,True,,False,1.0
NRANKPSZLVDJKV-YLBOGKAESA-N,bindingdb|chembl|pubchem_confirmatory,False,True,,False,1.0
YSMXCGSHAOODKA-CPWPOOERSA-N,bindingdb|chembl|pubchem_confirmatory,False,True,,False,1.0
YAFLYTNZBCPHGU-DMTRJYJOSA-N,bindingdb|chembl|pubchem_confirmatory,False,True,,False,1.0
YTASUGQMVPWZHX-XKHRETHESA-N,bindingdb|chembl|pubchem_confirmatory,False,True,,False,1.0
XOIUBWNWSVROLJ-OPYALOGVSA-N,bindingdb|chembl|pubchem_confirmatory,False,True,,False,1.0
ZZXHCVIIEJEFMW-ABNDPDSASA-N,bindingdb|chembl|pubchem_confirmatory,False,True,,False,1.0
BXNPEJUZSZNTKY-TWDLTGNASA-N,bindingdb|chembl|pubchem_confirmatory,False,True,,False,1.0
MBPYGFRYQCLAMO-DMTRJYJOSA-N,bindingdb|chembl|pubchem_confirmatory,False,True,,False,1.0
WGUJMAVEVPQWBD-YETGJXKVSA-N,bindingdb|chembl|pubchem_confirmatory,False,True,,False,1.0
HWQPHQBHWXUIDR-WPAFISJISA-N,bindingdb|chembl|pubchem_confirmatory,False,True,,False,1.0
KLZKHZKXDHZACA-WPAFISJISA-N,bindingdb|chembl|pubchem_confirmatory,False,True,,False,1.0
BBSMONTWGLJNCJ-XBPDSQQVSA-N,bindingdb|chembl|pubchem_confirmatory,False,True,,False,1.0
RWDLAAOXQHHKMJ-QMCAYLGFSA-N,bindingdb|chembl|pubchem_confirmatory,False,True,,False,1.0
ZREADEMHJVTHRN-JWJBQAENSA-N,bindingdb|chembl|pubchem_confirmatory,False,True,,False,1.0
SNMPVJPFNDSUCO-QMCAYLGFSA-N,bindingdb|chembl|pubchem_confirmatory,False,True,,False,1.0
DRBKBZPFPMMQSB-VDOBOPNRSA-N,bindingdb|chembl|pubchem_confirmatory,False,True,,False,1.0
AALCSHHUTCNKGW-BTDDGAACSA-N,bindingdb|chembl|pubchem_confirmatory,False,True,,False,1.0
WFQOQSAGDMXIKR-QMCAYLGFSA-N,bindingdb|chembl|pubchem_confirmatory,False,True,,False,1.0
ZERRTSLGDYEDNG-JWJBQAENSA-N,bindingdb|chembl|pubchem_confirmatory,False,True,,False,1.0
NBLLCKZPUVHFGL-JWJBQAENSA-N,bindingdb|chembl|pubchem_confirmatory,False,True,,False,1.0
ZZDBZTVYHQTIOV-CXBZOWBPSA-N,bindingdb|chembl|pubchem_confirmatory,False,True,,False,1.0
BENGTUBUNVDWKF-HIGDUGLOSA-N,bindingdb|chembl|pubchem_confirmatory,False,True,,False,1.0
MQFKRIWHXNAWKO-PWJCZFGMSA-N,bindingdb|chembl|pubchem_confirmatory,False,True,,False,1.0
TZIFSJIIAVQGFL-JWJBQAENSA-N,bindingdb|chembl|pubchem_confirmatory,False,True,,False,1.0
QYBVKCCZBAQJFB-RIMFSCFKSA-N,bindingdb|chembl|pubchem_confirmatory,False,True,,False,1.0
QWDMOGJYQVLWLV-JCHVILAISA-N,bindingdb|chembl|pubchem_confirmatory,False,True,,False,1.0
QIRZFASKHQMJSA-HRQYYILTSA-N,bindingdb|chembl|pubchem_confirmatory,False,True,,False,1.0
GXZZOHLMBBRGAC-QREUFCTJSA-N,bindingdb|chembl|pubchem_confirmatory,False,True,,False,1.0
XGOFZSGIYCTREC-QZPZUKOXSA-N,bindingdb|chembl|pubchem_confirmatory,False,True,,False,1.0
QIHNXTAAXWJCDK-CTENDNCJSA-N,bindingdb|chembl|pubchem_confirmatory,False,True,,False,1.0
NUTFMCIXCMDFQE-QMCAYLGFSA-N,bindingdb|chembl|pubchem_confirmatory,False,True,,False,1.0
MELVEGKKJYESBX-WMXNZVEGSA-N,bindingdb|chembl|pubchem_confirmatory,False,True,,False,1.0
KQSGFLUCMVCWHA-PDJLCVSHSA-N,bindingdb|chembl|pubchem_confirmatory,False,True,,False,1.0
IWFLRVYMORSPDJ-MOBAFLLYSA-N,bindingdb|chembl|pubchem_confirmatory,False,True,,False,1.0
FHHAVGVCBQATIX-VFVRMCIJSA-N,bindingdb|chembl|pubchem_confirmatory,False,True,,False,1.0
PDWNMOAFCPTFQR-HIGDUGLOSA-N,bindingdb|chembl|pubchem_confirmatory,False,True,,False,1.0
DGXHWHGCQHBSGL-QREUFCTJSA-N,bindingdb|chembl|pubchem_confirmatory,False,True,,False,1.0
ZVODTDNNXABCMU-USEXYCNBSA-N,bindingdb|chembl|pubchem_confirmatory,False,True,,False,1.0
GDOAKKMZTBOWGN-CTVIBWNGSA-N,bindingdb|chembl|pubchem_confirmatory,False,True,,False,1.0
LVZIRZOALJFJDC-OYTODEGTSA-N,bindingdb|chembl|pubchem_confirmatory,False,True,,False,1.0
UPUAJTPIEIEBEZ-BTDDGAACSA-N,bindingdb|chembl|pubchem_confirmatory,False,True,,False,1.0
CDYFQUKIYRLYSZ-IKXBFRDRSA-N,bindingdb|chembl|pubchem_confirmatory,False,True,,False,1.0
KUWHBBUUWBJSNP-XKHRETHESA-N,bindingdb|chembl|pubchem_confirmatory,False,True,,False,1.0
FQQXUOKNGQYCPU-RQDOOIFYSA-N,bindingdb|chembl|pubchem_confirmatory,False,True,,False,1.0
VCKKUSPDMAQDMH-JNLDVWTHSA-N,bindingdb|chembl|pubchem_confirmatory,False,True,,False,1.0
CKBYKGSQLPHRGL-QRTSZJHRSA-N,bindingdb|chembl|pubchem_confirmatory,False,True,,False,1.0
KTYYZHUCVSDMRF-DQTDJASNSA-N,bindingdb|chembl|pubchem_confirmatory,False,True,,False,1.0
VWEUTKDBJKQUEU-QXBULVENSA-N,bindingdb|chembl|pubchem_confirmatory,False,True,,False,1.0
FNKLJCCWJXYIOJ-XIKJUVSSSA-N,bindingdb|chembl|pubchem_confirmatory,False,True,,False,1.0
XQFBQWUFOHVWCG-KNFYQODVSA-N,bindingdb|chembl|pubchem_confirmatory,False,True,,False,1.0
COPUPBXKZYBZCG-RTBURBONSA-N,bindingdb|chembl|pubchem_confirmatory,False,True,,False,1.0
AKFLDWOPRDYHRT-ADGSLESKSA-N,bindingdb|chembl|pubchem_confirmatory,False,True,,False,1.0
WPPGVUDJTWDNTC-WOJBJXKFSA-N,bindingdb|chembl|pubchem_confirmatory,False,True,,False,1.0
XCWPKXTWFCSJFA-ZSADTWRWSA-N,bindingdb|chembl|pubchem_confirmatory,False,True,,False,1.0
RZPCBAICXYCBMR-RDMIVRQXSA-N,bindingdb|chembl|pubchem_confirmatory,False,True,,False,1.0
UCBPFXVKIHHBTN-BYICHJTDSA-N,bindingdb|chembl|pubchem_confirmatory,False,True,,False,1.0
HHDNBURUBIJEMW-WKNZRQKGSA-N,bindingdb|chembl|pubchem_confirmatory,False,True,,False,1.0
RCIBAYCZIWNWQM-SHEKFCCPSA-N,bindingdb|chembl|pubchem_confirmatory,False,True,,False,1.0
IEDKINODSPRODN-MDAUBKBASA-N,bindingdb|chembl|pubchem_confirmatory,False,True,,False,1.0
OIAQOFSRKAAPTI-CCWBKVMBSA-N,bindingdb|chembl|pubchem_confirmatory,False,True,,False,1.0
BLSCDGQCXLIBIV-LYLGLVRWSA-N,bindingdb|chembl|pubchem_confirmatory,False,True,,False,1.0
NAUYBXKFSTUHAC-YLBOGKAESA-N,bindingdb|chembl|pubchem_confirmatory,False,True,,False,1.0
PXRPFCMSECGUPB-WZVKSPBRSA-N,bindingdb|chembl|pubchem_confirmatory,False,True,,False,1.0
IZAZHNOYWJACHV-SGAJGPLNSA-N,bindingdb|chembl|pubchem_confirmatory,False,True,,False,1.0
IKVBVRRECBVBRZ-CCWBKVMBSA-N,bindingdb|chembl|pubchem_confirmatory,False,True,,False,1.0
GAJPWPWNHDWJIG-CCWBKVMBSA-N,bindingdb|chembl|pubchem_confirmatory,False,True,,False,1.0
ZNORDXMYJTWINZ-WPHICUJTSA-N,bindingdb|chembl|pubchem_confirmatory,False,True,,False,1.0
UEOOZYNWPNPFAK-CRLCSLCLSA-N,bindingdb|chembl|pubchem_confirmatory,False,True,,False,1.0
ZZENROIHBSXRJS-IMKXQEQTSA-N,bindingdb|chembl|pubchem_confirmatory,False,True,,False,1.0
HQGSQATWZMANFG-KUVLNDGKSA-N,bindingdb|chembl|pubchem_confirmatory,False,True,,False,1.0
UXMJPDSJUUTCSI-ICUXMSMBSA-N,pubchem_confirmatory,False,True,,False,1.0
GKUOJRFISXLTRQ-GNTVVGMTSA-N,bindingdb|chembl|pubchem_confirmatory,False,True,,False,1.0
LHUDKDIZBABXDA-CLJLJLNGSA-N,bindingdb|chembl|pubchem_confirmatory,False,True,,False,1.0
FZEOGYAVIWYYDZ-PWJCZFGMSA-N,bindingdb|chembl|pubchem_confirmatory,False,True,,False,1.0
GYCMBNHBTKRSIB-UQBPGWFLSA-N,bindingdb|chembl|pubchem_confirmatory,False,True,,False,1.0
YEZIKOUBBHSWCS-CDHPUSFOSA-N,bindingdb|chembl|pubchem_confirmatory,False,True,,False,1.0
VGLBRDYXZMDXEK-DNQXCXABSA-N,bindingdb|chembl|pubchem_confirmatory,False,True,,False,1.0
MOQMLJZWQICKGZ-MJXQKHDASA-N,bindingdb|chembl|pubchem_confirmatory,False,True,,False,1.0
XIPWTZKTQUCGST-FKGNFIDKSA-N,bindingdb|chembl|pubchem_confirmatory,False,True,,False,1.0
WXYKORBUEBXTSR-NYESITDKSA-N,bindingdb|chembl|pubchem_confirmatory,False,True,,False,1.0
MMKFDGGBCSBYEJ-IKXBFRDRSA-N,bindingdb|chembl|pubchem_confirmatory,False,True,,False,1.0
JUXIEDUTQMSFCE-BTDDGAACSA-N,bindingdb|chembl|pubchem_confirmatory,False,True,,False,1.0
XCRYSDRGCKTKKK-KFHGAJFOSA-N,bindingdb|chembl|pubchem_confirmatory,False,True,,False,1.0
XPRJBHUKCTWLDW-BGFAZQDSSA-N,bindingdb|chembl|pubchem_confirmatory,False,True,,False,1.0
VGSLOUFPKUYVTO-DOZIQCTLSA-N,bindingdb|chembl|pubchem_confirmatory,False,True,,False,1.0
OOSDBLUQBHNNAP-LYLGLVRWSA-N,bindingdb|chembl|pubchem_confirmatory,False,True,,False,1.0
KQJPVUACJHCAPQ-YLBOGKAESA-N,bindingdb|chembl|pubchem_confirmatory,False,True,,False,1.0
YAQSYISEEZJABY-FTNFKZBYSA-N,bindingdb|chembl|pubchem_confirmatory,False,True,,False,1.0
MAHKBFIEJHMBLC-CCWBKVMBSA-N,bindingdb|chembl|pubchem_confirmatory,False,True,,False,1.0
AJJDGVPIHSFDNQ-DHQPCLQBSA-N,bindingdb|chembl|pubchem_confirmatory,False,True,,False,1.0
BHVGQUDVXLGRTQ-OXZXHNBXSA-N,bindingdb|chembl|pubchem_confirmatory,False,True,,False,1.0
RVVMVQZEIWHPEH-LLNLAZGKSA-N,bindingdb|chembl|pubchem_confirmatory,False,True,,False,1.0
GTHNOBOWBMAHSM-WKNZRQKGSA-N,bindingdb|chembl|pubchem_confirmatory,False,True,,False,1.0
RJOAQJTXSXKPAV-JQODSXCXSA-N,bindingdb|chembl|pubchem_confirmatory,False,True,,False,1.0
AMGWCJVLEJOFKV-OPYALOGVSA-N,bindingdb|chembl|pubchem_confirmatory,False,True,,False,1.0
KHOWHTCIAHKTLB-FCBLIUAWSA-N,bindingdb|chembl|pubchem_confirmatory,False,True,,False,1.0
KONQOFUVCWFTKV-ZLRZWMLCSA-N,bindingdb|chembl|pubchem_confirmatory,False,True,,False,1.0
FPNFSVRIZWWBKZ-ZVMSRRLHSA-N,bindingdb|chembl|pubchem_confirmatory,False,True,,False,1.0
FITWGETUFZNIOJ-JAEXGXQOSA-N,bindingdb|chembl|pubchem_confirmatory,False,True,,False,1.0
DRPQJOIECLSJTP-JTFVCTGRSA-N,bindingdb|chembl|pubchem_confirmatory,False,True,,False,1.0
KWTMYKOLAJKSJN-NHCUHLMSSA-N,bindingdb|chembl|pubchem_confirmatory,False,True,,False,1.0
SSFYYRXVHJGELP-JWQCQUIFSA-N,bindingdb|chembl|pubchem_confirmatory,False,True,,False,1.0
BHZIOOKVIQTSFG-GNTVVGMTSA-N,bindingdb|chembl|pubchem_confirmatory,False,True,,False,1.0
KWZCSQFUMYTIEJ-KIKFKFQISA-N,bindingdb|chembl|pubchem_confirmatory,False,True,,False,1.0
YZWVQDBVGQQUMJ-KIKFKFQISA-N,bindingdb|chembl|pubchem_confirmatory,False,True,,False,1.0
FYGHRDJXFQLRJF-BTDDGAACSA-N,bindingdb|chembl|pubchem_confirmatory,False,True,,False,1.0
BGIVZZAXQFITLB-KUVLNDGKSA-N,bindingdb|chembl|pubchem_confirmatory,False,True,,False,1.0
QYIKSVMVKVVFNZ-FSSPXQGWSA-N,bindingdb|chembl|pubchem_confirmatory,False,True,,False,1.0
QYIKSVMVKVVFNZ-LTRFQDRGSA-N,bindingdb|chembl|pubchem_confirmatory,False,True,,False,1.0
PSNPCAZINSUMHL-BYICHJTDSA-N,bindingdb|chembl|pubchem_confirmatory,False,True,,False,1.0
NDGDURBSIQFYPD-CRLCSLCLSA-N,bindingdb|chembl|pubchem_confirmatory,False,True,,False,1.0
DEXFFBLOUXTKCW-DOZIQCTLSA-N,bindingdb|chembl|pubchem_confirmatory,False,True,,False,1.0
LOZGZIGLHIIADP-BYICHJTDSA-N,bindingdb|chembl|pubchem_confirmatory,False,True,,False,1.0
RQWDWPGVQOTTKN-BGFAZQDSSA-N,bindingdb|chembl|pubchem_confirmatory,False,True,,False,1.0
DYQIQCXLEJFKBQ-CRLCSLCLSA-N,bindingdb|chembl|pubchem_confirmatory,False,True,,False,1.0
AJTWNHTZZDFKDN-KIKFKFQISA-N,bindingdb|chembl|pubchem_confirmatory,False,True,,False,1.0
NENPGKZVGTXDEE-OCVJOQBUSA-N,bindingdb|chembl|pubchem_confirmatory,False,True,,False,1.0
UKHCHAPYTFGCKT-TWDLTGNASA-N,bindingdb|chembl|pubchem_confirmatory,False,True,,False,1.0
PEVBAXWTFOAFCR-YLBOGKAESA-N,bindingdb|chembl|pubchem_confirmatory,False,True,,False,1.0
RACXTZOZUFVBBE-BYICHJTDSA-N,bindingdb|chembl|pubchem_confirmatory,False,True,,False,1.0
NEEVNRSYPWVLMF-KUVLNDGKSA-N,bindingdb|chembl|pubchem_confirmatory,False,True,,False,1.0
QZJLJWONAWOUEL-VJTFINOGSA-N,bindingdb|chembl|pubchem_confirmatory,False,True,,False,1.0
DBSRHOPBYFRVSS-CRLCSLCLSA-N,bindingdb|chembl|pubchem_confirmatory,False,True,,False,1.0
IOWPZLZDXNUXKG-OFKODDFHSA-N,bindingdb|chembl|pubchem_confirmatory,False,True,,False,1.0
DZUHJHSQFYLSQD-AZHBQHNBSA-N,bindingdb|chembl|pubchem_confirmatory,False,True,,False,1.0
WQBWVRCRLFHOCM-NSGHHPINSA-N,bindingdb|chembl|pubchem_confirmatory,False,True,,False,1.0
CGKQDSCOOFMOQJ-BYICHJTDSA-N,bindingdb|chembl|pubchem_confirmatory,False,True,,False,1.0
AUMYSOPJUHCAAN-ABNDPDSASA-N,bindingdb|chembl|pubchem_confirmatory,False,True,,False,1.0
ABCQAPKYRRTHNB-CWLQOSRCSA-N,bindingdb|chembl|pubchem_confirmatory,False,True,,False,1.0
SMADULGDNOCLOP-GISFHXKWSA-N,bindingdb|chembl|pubchem_confirmatory,False,True,,False,1.0
FCRDLQNTRUCVFZ-HLPYOLTBSA-N,bindingdb|chembl|pubchem_confirmatory,False,True,,False,1.0
MPSLOBOMQGUYHX-QOOIRANTSA-N,bindingdb|chembl|pubchem_confirmatory,False,True,,False,1.0
ATNVGQVVCYLJMB-MOBAFLLYSA-N,bindingdb|chembl|pubchem_confirmatory,False,True,,False,1.0
BYOBPCXDQAORFX-CLJLJLNGSA-N,bindingdb|chembl|pubchem_confirmatory,False,True,,False,1.0
KOKUWMTYGARMHD-DNQXCXABSA-N,bindingdb|chembl|pubchem_confirmatory,False,True,,False,1.0
RACXYHGQVUMRFG-DNQXCXABSA-N,bindingdb|chembl|pubchem_confirmatory,False,True,,False,1.0
VPLWCSAODACYNB-YFHSQZFMSA-N,pubchem_confirmatory,False,True,,False,1.0
VFFVNFWFTIQHSU-DNQXCXABSA-N,bindingdb|chembl|pubchem_confirmatory,False,True,,False,1.0
FSVJAUIRIHHDFJ-SFHHYJLWSA-N,bindingdb|chembl|pubchem_confirmatory,False,True,,False,1.0
TZDGWAFDGCOKCI-NHCUHLMSSA-N,bindingdb|chembl|pubchem_confirmatory,False,True,,False,1.0
MLSLNFYJISRLRL-FGZHOGPDSA-N,bindingdb|chembl|pubchem_confirmatory,False,True,,False,1.0
JUWVTNNGHOPEBW-DHIUTWEWSA-N,bindingdb|chembl|pubchem_confirmatory,False,True,,False,1.0
GWMZDAQYJPTVFF-DNQXCXABSA-N,bindingdb|chembl|pubchem_confirmatory,False,True,,False,1.0
CNYWCYYUBFHOEY-FGZHOGPDSA-N,bindingdb|chembl|pubchem_confirmatory,False,True,,False,1.0
OCQTVDAEZVKDGH-WOJBJXKFSA-N,bindingdb|chembl|pubchem_confirmatory,False,True,,False,1.0
HZGUXEOXGZMLIG-DHIUTWEWSA-N,bindingdb|chembl|pubchem_confirmatory,False,True,,False,1.0
VBEFVIVXMYJWLS-WOJBJXKFSA-N,bindingdb|chembl|pubchem_confirmatory,False,True,,False,1.0
GSYVVXPNVSDLFQ-JWUZOTJJSA-N,bindingdb|chembl|pubchem_confirmatory,False,True,,False,1.0
JITFKFFQQFTFFD-FGZHOGPDSA-N,bindingdb|chembl|pubchem_confirmatory,False,True,,False,1.0
OIIAEMOYRNVUOH-DNQXCXABSA-N,bindingdb|chembl|pubchem_confirmatory,False,True,,False,1.0
WGXQPHSRBNUKDC-HEYJASKDSA-N,pubchem_confirmatory,False,True,,False,1.0
PKMGLEMGPUADSV-DNQXCXABSA-N,bindingdb|chembl|pubchem_confirmatory,False,True,,False,1.0
IZIPXZSOKBEUJG-JWQCQUIFSA-N,bindingdb|chembl|pubchem_confirmatory,False,True,,False,1.0
IVWQRCAKMSXJOS-DHIUTWEWSA-N,bindingdb|chembl|pubchem_confirmatory,False,True,,False,1.0
HONUSIKNDKEKEI-JWQCQUIFSA-N,bindingdb|chembl|pubchem_confirmatory,False,True,,False,1.0
FOWYFQNSFLXXIU-DHIUTWEWSA-N,bindingdb|chembl|pubchem_confirmatory,False,True,,False,1.0
LCZLCHOEAQQLPI-DHIUTWEWSA-N,bindingdb|chembl|pubchem_confirmatory,False,True,,False,1.0
HQVPRPVJHZXVQD-BTDDGAACSA-N,bindingdb|chembl|pubchem_confirmatory,False,True,,False,1.0
OOCFYUBGNBOKMS-FCBLIUAWSA-N,bindingdb|chembl|pubchem_confirmatory,False,True,,False,1.0
VLCOOPURWLMPMR-NEKDWFFYSA-N,bindingdb|chembl|pubchem_confirmatory,False,True,,False,1.0
LQJITFDTEYBGFW-CLJLJLNGSA-N,bindingdb|chembl|pubchem_confirmatory,False,True,,False,1.0
PRKKNXBCYDJURB-KAYWLYCHSA-N,bindingdb|chembl|pubchem_confirmatory,False,True,,False,1.0
CXRNIRZAUCAMGL-DHIUTWEWSA-N,bindingdb|chembl|pubchem_confirmatory,False,True,,False,1.0
MNVHKWIVKBVBTC-DHIUTWEWSA-N,bindingdb|chembl|pubchem_confirmatory,False,True,,False,1.0
OFPFFNDCAVVHDQ-YFHSQZFMSA-N,pubchem_confirmatory,False,True,,False,1.0
OKJDPLUIALQUNQ-RDMIVRQXSA-N,bindingdb|chembl|pubchem_confirmatory,False,True,,False,1.0
IHBIUBGKKHOJSC-FGZHOGPDSA-N,bindingdb|chembl|pubchem_confirmatory,False,True,,False,1.0
ZOKJBROEATUVMH-DHIUTWEWSA-N,bindingdb|chembl|pubchem_confirmatory,False,True,,False,1.0
OCPYIAIKLVNXAR-CLJLJLNGSA-N,bindingdb|chembl|pubchem_confirmatory,False,True,,False,1.0
BACKKCXBCQCHFS-HGQPVNBUSA-N,pubchem_confirmatory,False,True,,False,1.0
HCOZPAXZEIRQFB-QLGUMYEUSA-N,pubchem_confirmatory,False,True,,False,1.0
XOHDTKBIUMIWSR-UJHVSPFSSA-N,pubchem_confirmatory,False,True,,False,1.0
XFMHQFPSYWCBHE-DNQXCXABSA-N,bindingdb|chembl|pubchem_confirmatory,False,True,,False,1.0
LZICOKAGBKQRSP-DHIUTWEWSA-N,bindingdb|chembl|pubchem_confirmatory,False,True,,False,1.0
MAABNKMCDMLHGA-DHIUTWEWSA-N,bindingdb|chembl|pubchem_confirmatory,False,True,,False,1.0
NKEVLTBHNFLXBJ-DHIUTWEWSA-N,bindingdb|chembl|pubchem_confirmatory,False,True,,False,1.0
OUFWWXMMFXGDOB-RZWFDZHTSA-N,pubchem_confirmatory,False,True,,False,1.0
OLBDWKCQEPQQNX-NHCUHLMSSA-N,bindingdb|chembl|pubchem_confirmatory,False,True,,False,1.0
JYHCVWCYBXRDJU-RTBURBONSA-N,bindingdb|chembl|pubchem_confirmatory,False,True,,False,1.0
FTACXVURXYEGQS-MOBXORJESA-N,bindingdb|chembl|pubchem_confirmatory,False,True,,False,1.0
NGNAAUPMCBRPSS-NHCUHLMSSA-N,bindingdb|chembl|pubchem_confirmatory,False,True,,False,1.0
PCKWOWPZFCGMJY-DHIUTWEWSA-N,bindingdb|chembl|pubchem_confirmatory,False,True,,False,1.0
FJCJATWJKOWTCG-UCDZCMRKSA-N,bindingdb|chembl|pubchem_confirmatory,False,True,,False,1.0
GHPIWIFMECAGRW-FGZHOGPDSA-N,bindingdb|chembl|pubchem_confirmatory,False,True,,False,1.0
AODDCABRQMJQRG-DHIUTWEWSA-N,bindingdb|chembl|pubchem_confirmatory,False,True,,False,1.0
BTWLJCJUDGGJIH-DHIUTWEWSA-N,bindingdb|chembl|pubchem_confirmatory,False,True,,False,1.0
MLBSBQGXLZIORI-ISKFKSNPSA-N,bindingdb|chembl|pubchem_confirmatory,False,True,,False,1.0
QBHCBTFAUAFZEJ-DNQXCXABSA-N,bindingdb|chembl|pubchem_confirmatory,False,True,,False,1.0
SPWDTUYYZDLPHY-KIKFKFQISA-N,bindingdb|chembl|pubchem_confirmatory,False,True,,False,1.0
LGPTXPNIKSOMJL-HGQPVNBUSA-N,pubchem_confirmatory,False,True,,False,1.0
SQVJWXYFACEHBV-XMCWYHTOSA-N,pubchem_confirmatory,False,True,,False,1.0
BHAINUQDNIQWLZ-BYICHJTDSA-N,bindingdb|chembl|pubchem_confirmatory,False,True,,False,1.0
CYQGOLXENOZDMO-NHCUHLMSSA-N,bindingdb|chembl|pubchem_confirmatory,False,True,,False,1.0
WQEFJDVVCHYINO-JLMWTWJWSA-N,bindingdb|chembl|pubchem_confirmatory,False,True,,False,1.0
CMOKIYCEPUDJII-XMQMXRQKSA-N,bindingdb|chembl|pubchem_confirmatory,False,True,,False,1.0
OMPRKCRBUBPCQV-SGAJGPLNSA-N,bindingdb|chembl|pubchem_confirmatory,False,True,,False,1.0
QZDGJYFXOSOVAZ-CRLCSLCLSA-N,bindingdb|chembl|pubchem_confirmatory,False,True,,False,1.0
FOUGZLVZACSZLW-JWQCQUIFSA-N,bindingdb|chembl|pubchem_confirmatory,False,True,,False,1.0
VLOPKORUKAVFNX-DHIUTWEWSA-N,bindingdb|chembl|pubchem_confirmatory,False,True,,False,1.0
OBXJMWFPLJHTMR-FGZHOGPDSA-N,bindingdb|pubchem_confirmatory,False,True,,False,1.0
ZJRSXSHXUPYORR-FGZHOGPDSA-N,bindingdb|chembl|pubchem_confirmatory,False,True,,False,1.0
LHYPBRAEIBFNIF-DHIUTWEWSA-N,bindingdb|chembl|pubchem_confirmatory,False,True,,False,1.0
SMGRGOFXIVSZAE-FGZHOGPDSA-N,bindingdb|chembl|pubchem_confirmatory,False,True,,False,1.0
COAWNECPWYFVRW-DHIUTWEWSA-N,bindingdb|chembl|pubchem_confirmatory,False,True,,False,1.0
WBFBGTNLTCFDPL-CWLQOSRCSA-N,bindingdb|chembl|pubchem_confirmatory,False,True,,False,1.0
VQKGRWPWWYGWGN-UCDZCMRKSA-N,bindingdb|chembl|pubchem_confirmatory,False,True,,False,1.0
NCNREJRBJOTJAJ-JAEXGXQOSA-N,bindingdb|chembl|pubchem_confirmatory,False,True,,False,1.0
AQSYOIYGMIYYDF-FGZHOGPDSA-N,bindingdb|chembl|pubchem_confirmatory,False,True,,False,1.0
CUDKDXIXNNKSKM-FGZHOGPDSA-N,bindingdb|chembl|pubchem_confirmatory,False,True,,False,1.0
ZVUJFSLSYNFTRM-NHCUHLMSSA-N,bindingdb|chembl|pubchem_confirmatory,False,True,,False,1.0
MFODYGFDGASEOF-FKGNFIDKSA-N,bindingdb|chembl|pubchem_confirmatory,False,True,,False,1.0
VVDGJZJLHFOSDM-QZPZUKOXSA-N,bindingdb|chembl|pubchem_confirmatory,False,True,,False,1.0
JSXBHZUHXUOGIX-DNQXCXABSA-N,bindingdb|chembl|pubchem_confirmatory,False,True,,False,1.0
LBHKKNOHAUQBOK-FGZHOGPDSA-N,bindingdb|chembl|pubchem_confirmatory,False,True,,False,1.0
QKQIPVXHIOZMIY-FGZHOGPDSA-N,bindingdb|chembl|pubchem_confirmatory,False,True,,False,1.0
GWHGWDGISRGAFG-PSJAQFSKSA-N,bindingdb|chembl|pubchem_confirmatory,False,True,,False,1.0
LEWOKXSWVOJMIP-JWQCQUIFSA-N,bindingdb|chembl|pubchem_confirmatory,False,True,,False,1.0
RFUIUKBTGABVEW-SJGBLRAISA-N,bindingdb|chembl|pubchem_confirmatory,False,True,,False,1.0
XBNJWGWZXZIHPY-DNQXCXABSA-N,bindingdb|chembl|pubchem_confirmatory,False,True,,False,1.0
STJCJXWLFNRLLZ-DNQXCXABSA-N,bindingdb|chembl|pubchem_confirmatory,False,True,,False,1.0
ZYBRETQYISLJHN-DHIUTWEWSA-N,bindingdb|chembl|pubchem_confirmatory,False,True,,False,1.0
GMWZMOBHHZGINF-DHIUTWEWSA-N,bindingdb|chembl|pubchem_confirmatory,False,True,,False,1.0
ZJCWDGWTDXHXMA-MDVYPYFFSA-N,bindingdb|chembl|pubchem_confirmatory,False,True,,False,1.0
UWDBZNSJQWAKOT-DNQXCXABSA-N,bindingdb|chembl|pubchem_confirmatory,False,True,,False,1.0
QFKZVRRIQISXIK-WOJBJXKFSA-N,bindingdb|chembl|pubchem_confirmatory,False,True,,False,1.0
LGIMOJHPCNDIKN-BTDDGAACSA-N,bindingdb|chembl|pubchem_confirmatory,False,True,,False,1.0
LWOJNYRWSSDSPB-KZMKLUTQSA-N,bindingdb|chembl|pubchem_confirmatory,False,True,,False,1.0
OOLVRVRZBIFCRQ-TWDLTGNASA-N,bindingdb|chembl|pubchem_confirmatory,False,True,,False,1.0
UNGYPWLQAZQTIO-ZREWPKOVSA-N,bindingdb|chembl|pubchem_confirmatory,False,True,,False,1.0
IOMMVKRXUYZOBI-JWQCQUIFSA-N,bindingdb|chembl|pubchem_confirmatory,False,True,,False,1.0
BXRLSNXMYJRLMY-FGZHOGPDSA-N,bindingdb|chembl|pubchem_confirmatory,False,True,,False,1.0
KOKAUUYJOCBKBF-CLJLJLNGSA-N,bindingdb|chembl|pubchem_confirmatory,False,True,,False,1.0
WZAFCIVEJCTJTE-ZHFHXLPRSA-N,bindingdb|chembl|pubchem_confirmatory,False,True,,False,1.0
DWACMAQNFSGHDH-DNQXCXABSA-N,bindingdb|chembl|pubchem_confirmatory,False,True,,False,1.0
QGDCDTGUIHMKKE-FGZHOGPDSA-N,bindingdb|chembl|pubchem_confirmatory,False,True,,False,1.0
KGAAPTXFQRZZOK-FGZHOGPDSA-N,bindingdb|chembl|pubchem_confirmatory,False,True,,False,1.0
QCCOECDITMURMT-DHIUTWEWSA-N,bindingdb|chembl|pubchem_confirmatory,False,True,,False,1.0
KVULDMHEAQYAFO-DHIUTWEWSA-N,bindingdb|chembl|pubchem_confirmatory,False,True,,False,1.0
YEHPTBCWOBQPIC-DHIUTWEWSA-N,bindingdb|chembl|pubchem_confirmatory,False,True,,False,1.0
PKUHFXDYSZDEHM-GOJCXORZSA-N,bindingdb|chembl|pubchem_confirmatory,False,True,,False,1.0
GLSWADNRFNUBFQ-LDZQUKMZSA-N,bindingdb|chembl|pubchem_confirmatory,False,True,,False,1.0
IEMPDLLGJJGGEY-UJSRUBBISA-N,bindingdb|chembl|pubchem_confirmatory,False,True,,False,1.0
BQCOXCWMRKCSQU-ATPQGXJXSA-N,bindingdb|chembl|pubchem_confirmatory,False,True,,False,1.0
KHEDJSBUTJZPQW-NHCUHLMSSA-N,bindingdb|chembl|pubchem_confirmatory,False,True,,False,1.0
ZCELOPXRVFVPPB-YFHSQZFMSA-N,bindingdb|chembl|pubchem_confirmatory,False,True,,False,1.0
MJFZHHQDNRNMTJ-JGTWLXFQSA-N,pubchem_confirmatory,False,True,,False,1.0
ZYRSSJLEEVARGZ-DXTDIPEASA-N,bindingdb|chembl|pubchem_confirmatory,False,True,,False,1.0
VKFYNVVOABVQBN-PDKDFQAWSA-N,bindingdb|chembl|pubchem_confirmatory,False,True,,False,1.0
YMXQRYWCXGGLEU-CJAWVQBSSA-N,bindingdb|chembl|pubchem_confirmatory,False,True,,False,1.0
DUVHJYLMXCKPHK-VOLXDVAPSA-N,pubchem_confirmatory,False,True,,False,1.0
MOHUKGGNUYJPGD-ZHFHXLPRSA-N,bindingdb|chembl|pubchem_confirmatory,False,True,,False,1.0
RGHFBBMNUPPUGI-SHEKFCCPSA-N,bindingdb|chembl|pubchem_confirmatory,False,True,,False,1.0
YUMASIHOHJRRTA-LGZRUXKASA-N,bindingdb|chembl|pubchem_confirmatory,False,True,,False,1.0
PTQKXDCLFQXRSI-CLJLJLNGSA-N,bindingdb|chembl|pubchem_confirmatory,False,True,,False,1.0
IPOLRAWIILPNHR-DNQXCXABSA-N,bindingdb|chembl|pubchem_confirmatory,False,True,,False,1.0
ZQVOSASUDTZKER-JWQCQUIFSA-N,bindingdb|chembl|pubchem_confirmatory,False,True,,False,1.0
KKUQAGGSLHLCOZ-FGZHOGPDSA-N,bindingdb|chembl|pubchem_confirmatory,False,True,,False,1.0
DYCWMALBZOQIGH-DNQXCXABSA-N,bindingdb|chembl|pubchem_confirmatory,False,True,,False,1.0
IYSAQIFLXITNPE-JWQCQUIFSA-N,bindingdb|chembl|pubchem_confirmatory,False,True,,False,1.0
REVNNJGKLDYXKU-JWQCQUIFSA-N,bindingdb|chembl|pubchem_confirmatory,False,True,,False,1.0
WVASGSMCEOZRIR-DNQXCXABSA-N,bindingdb|chembl|pubchem_confirmatory,False,True,,False,1.0
YFIJOUWJDKVXBZ-PWJCZFGMSA-N,bindingdb|chembl|pubchem_confirmatory,False,True,,False,1.0
YPOPORNRHOZNPQ-JWQCQUIFSA-N,bindingdb|chembl|pubchem_confirmatory,False,True,,False,1.0
AUJOCVJLLSQAKE-FGZHOGPDSA-N,bindingdb|chembl|pubchem_confirmatory,False,True,,False,1.0
QLHBHOHEHMGCDF-DHIUTWEWSA-N,bindingdb|chembl|pubchem_confirmatory,False,True,,False,1.0
DIBASWHVPICXDK-DHIUTWEWSA-N,bindingdb|chembl|pubchem_confirmatory,False,True,,False,1.0
IVJZJRXNFCFMOP-UJSRUBBISA-N,bindingdb|chembl|pubchem_confirmatory,False,True,,False,1.0
XYLKDWYQCVPKMX-IBYOELKQSA-N,bindingdb|chembl|pubchem_confirmatory,False,True,,False,1.0
JNCHIMZOBMWPDY-IBYOELKQSA-N,bindingdb|chembl|pubchem_confirmatory,False,True,,False,1.0
YYKUXSUTTPRPDW-IKXBFRDRSA-N,bindingdb|chembl|pubchem_confirmatory,False,True,,False,1.0
YFUKVVRZIHGSBQ-OTXUZITOSA-N,bindingdb|chembl|pubchem_confirmatory,False,True,,False,1.0
NUKKMNRQIBXOBC-NYESITDKSA-N,bindingdb|chembl|pubchem_confirmatory,False,True,,False,1.0
JMNIPEASNDSJGO-CRLCSLCLSA-N,bindingdb|chembl|pubchem_confirmatory,False,True,,False,1.0
OMXZUGXQOMHNCF-FGZHOGPDSA-N,bindingdb|chembl|pubchem_confirmatory,False,True,,False,1.0
CNFPBKVORJKJSV-DNQXCXABSA-N,bindingdb|chembl|pubchem_confirmatory,False,True,,False,1.0
JXMXPUJYTJRGDV-CLJLJLNGSA-N,bindingdb|chembl|pubchem_confirmatory,False,True,,False,1.0
NYQOQBMOHMMNQN-DNQXCXABSA-N,bindingdb|chembl|pubchem_confirmatory,False,True,,False,1.0
FAPNLAATJCYFDP-FGZHOGPDSA-N,bindingdb|chembl|pubchem_confirmatory,False,True,,False,1.0
IPLGXDYEUPNXMY-DHIUTWEWSA-N,bindingdb|chembl|pubchem_confirmatory,False,True,,False,1.0
NVQWJLLYWYNACL-FGZHOGPDSA-N,bindingdb|chembl|pubchem_confirmatory,False,True,,False,1.0
PLPFWQNSRAISTQ-JWQCQUIFSA-N,bindingdb|chembl|pubchem_confirmatory,False,True,,False,1.0
YJDHFJNRECXHCN-FGZHOGPDSA-N,bindingdb|chembl|pubchem_confirmatory,False,True,,False,1.0
YCIUAHCLNBIULH-WOJBJXKFSA-N,bindingdb|chembl|pubchem_confirmatory,False,True,,False,1.0
RLSGDEKSXPLERP-FGZHOGPDSA-N,bindingdb|chembl|pubchem_confirmatory,False,True,,False,1.0
ZLXKVDDXBJNFCQ-IBYOELKQSA-N,bindingdb|chembl|pubchem_confirmatory,False,True,,False,1.0
OEZBIGCIPJHFPJ-FTNFKZBYSA-N,bindingdb|chembl|pubchem_confirmatory,False,True,,False,1.0
MRNJWOMRYSTQPG-LCRYKWFRSA-N,bindingdb|chembl|pubchem_confirmatory,False,True,,False,1.0
IBHLXQIZSUENBL-CDNDPLPTSA-N,bindingdb|chembl|pubchem_confirmatory,False,True,,False,1.0
JONIBQRXWPIIAE-PDKDFQAWSA-N,bindingdb|chembl|pubchem_confirmatory,False,True,,False,1.0
KZCHCFMIUFMOAD-JAEXGXQOSA-N,bindingdb|chembl|pubchem_confirmatory,False,True,,False,1.0
LOIQRZDOZOTNPI-DNQXCXABSA-N,bindingdb|chembl|pubchem_confirmatory,False,True,,False,1.0
DTYNUPGNVTYZAI-KDKXARBFSA-N,bindingdb|chembl|pubchem_confirmatory,False,True,,False,1.0
DPGXIPDBLOXXRY-COJIHYBUSA-N,bindingdb|chembl|pubchem_confirmatory,False,True,,False,1.0
WISDKGHCLUPZLZ-VGNMNXCYSA-N,bindingdb|chembl|pubchem_confirmatory,False,True,,False,1.0
KGVBPVFLBQYRIL-JWQCQUIFSA-N,bindingdb|chembl|pubchem_confirmatory,False,True,,False,1.0
HUFKMVTZASLSQE-CLJLJLNGSA-N,bindingdb|chembl|pubchem_confirmatory,False,True,,False,1.0
MVHJEURFXUNONN-FKGNFIDKSA-N,bindingdb|chembl|pubchem_confirmatory,False,True,,False,1.0
IMZUCDLSPGNOSE-QRWNQTMYSA-N,bindingdb|chembl|pubchem_confirmatory,False,True,,False,1.0
MDJNQPFSWJELPC-ZOKSWWLESA-N,bindingdb|chembl|pubchem_confirmatory,False,True,,False,1.0
VWTHEDREQPOMAU-BUZQTMAISA-N,bindingdb|chembl|pubchem_confirmatory,False,True,,False,1.0
FIQINKJYMDLKMA-SGAJGPLNSA-N,bindingdb|chembl|pubchem_confirmatory,False,True,,False,1.0
QIPSDMROQZGMLS-ZHFHXLPRSA-N,bindingdb|chembl|pubchem_confirmatory,False,True,,False,1.0
LSBANCKHTTUTPD-DHIUTWEWSA-N,bindingdb|chembl|pubchem_confirmatory,False,True,,False,1.0
PWLKVLJPKAQUAF-DHIUTWEWSA-N,bindingdb|chembl|pubchem_confirmatory,False,True,,False,1.0
IFNNVFDJSCXACW-KTBVXVCESA-N,bindingdb|chembl|pubchem_confirmatory,False,True,,False,1.0
DVEFORROUGHELT-BTDDGAACSA-N,bindingdb|chembl|pubchem_confirmatory,False,True,,False,1.0
QDBKGUOTQOKNEP-DHIUTWEWSA-N,bindingdb|chembl|pubchem_confirmatory,False,True,,False,1.0
HNYMLHIZFILDSF-DNQXCXABSA-N,bindingdb|chembl|pubchem_confirmatory,False,True,,False,1.0
FRJDQWBSUQCUBK-DHIUTWEWSA-N,bindingdb|chembl|pubchem_confirmatory,False,True,,False,1.0
OVWSTVYEFVIVTR-NHCUHLMSSA-N,bindingdb|chembl|pubchem_confirmatory,False,True,,False,1.0
DVRKHYFUVXMFGX-DHIUTWEWSA-N,bindingdb|chembl|pubchem_confirmatory,False,True,,False,1.0
JTULWEAUHLWOTF-WOJBJXKFSA-N,bindingdb|chembl|pubchem_confirmatory,False,True,,False,1.0
UROJQGMBPHPSKP-FSLAYEISSA-N,bindingdb|chembl|pubchem_confirmatory,False,True,,False,1.0
ZONGJSYABWALEQ-RCUHSBBRSA-N,pubchem_confirmatory,False,True,,False,1.0
XCGPEMUMEZTCNF-CDNDPLPTSA-N,bindingdb|chembl|pubchem_confirmatory,False,True,,False,1.0
DNUVEGDZMUTBOD-STHVYQTBSA-N,bindingdb|chembl|pubchem_confirmatory,False,True,,False,1.0
WRHOMFJKHSWYJS-VDOBOPNRSA-N,bindingdb|chembl|pubchem_confirmatory,False,True,,False,1.0
MBNHMRJLJRDBBR-BTDDGAACSA-N,bindingdb|chembl|pubchem_confirmatory,False,True,,False,1.0
CDXRAXIUQYECEJ-AXBFEPISSA-N,bindingdb|chembl|pubchem_confirmatory,False,True,,False,1.0
KAGFUVKCHCXONF-UWJYRZFCSA-N,bindingdb|chembl|pubchem_confirmatory,False,True,,False,1.0
POJYPFPOQWSPGY-LCRYKWFRSA-N,bindingdb|chembl|pubchem_confirmatory,False,True,,False,1.0
WROOEOPIKSPEKA-CNBSLUFQSA-N,pubchem_confirmatory,False,True,,False,1.0
YWZZTVJESVGKQM-CLJLJLNGSA-N,bindingdb|chembl|pubchem_confirmatory,False,True,,False,1.0
JXJKFNOFVMYWDP-RZTGKWTMSA-N,bindingdb|chembl|pubchem_confirmatory,False,True,,False,1.0
NFQQWCMJKGSIHF-DHIUTWEWSA-N,bindingdb|chembl|pubchem_confirmatory,False,True,,False,1.0
GEBMZPRJGMWZBK-WZVKSPBRSA-N,bindingdb|chembl|pubchem_confirmatory,False,True,,False,1.0
NVSCGGXJOGXPIQ-MDLRAHOZSA-N,bindingdb|chembl|pubchem_confirmatory,False,True,,False,1.0
KACOEWCREZWNNC-ZHMHVDEZSA-N,pubchem_confirmatory,False,True,,False,1.0
FHNXXQPTBOXSLJ-YLBOGKAESA-N,bindingdb|chembl|pubchem_confirmatory,False,True,,False,1.0
PVFMBEYUIIVURN-JWQCQUIFSA-N,bindingdb|chembl|pubchem_confirmatory,False,True,,False,1.0
FXIUUSXQEXKKTJ-CLJLJLNGSA-N,bindingdb|chembl|pubchem_confirmatory,False,True,,False,1.0
WPBMLGSUWMJDQE-NHCUHLMSSA-N,bindingdb|chembl|pubchem_confirmatory,False,True,,False,1.0
NQFCDOZFNSWPLS-JWQCQUIFSA-N,bindingdb|chembl|pubchem_confirmatory,False,True,,False,1.0
MGFHIAHKBALMCM-IPKCRJEZSA-N,bindingdb|chembl|pubchem_confirmatory,False,True,,False,1.0
SAWXYPUCLBASOH-JWQCQUIFSA-N,bindingdb|chembl|pubchem_confirmatory,False,True,,False,1.0
NJGOBXLGZXKBJB-WZVKSPBRSA-N,bindingdb|chembl|pubchem_confirmatory,False,True,,False,1.0
DJNAOTXWFYYJKD-XBPDSQQVSA-N,bindingdb|chembl|pubchem_confirmatory,False,True,,False,1.0
ZYOGXYZSWQWZHO-YOYKLLBYSA-N,pubchem_confirmatory,False,True,,False,1.0
ZWVJYDPUZGTWAK-KFHGAJFOSA-N,bindingdb|chembl|pubchem_confirmatory,False,True,,False,1.0
VJLNQIHLEFARKC-BYICHJTDSA-N,bindingdb|chembl|pubchem_confirmatory,False,True,,False,1.0
VIQRLLGGZJIFRJ-QYHPCCJNSA-N,bindingdb|chembl|pubchem_confirmatory,False,True,,False,1.0
DCFSDKPJNXCTMP-FTNFKZBYSA-N,bindingdb|chembl|pubchem_confirmatory,False,True,,False,1.0
JYXKMSCPNYFOMA-JOOITRFASA-N,pubchem_confirmatory,False,True,,False,1.0
LASXZQRYPSDUIW-DNQXCXABSA-N,bindingdb|chembl|pubchem_confirmatory,False,True,,False,1.0
BKWWWPHTGGYKSB-DHIUTWEWSA-N,bindingdb|chembl|pubchem_confirmatory,False,True,,False,1.0
BMJREEPDTZFOAG-JWQCQUIFSA-N,bindingdb|chembl|pubchem_confirmatory,False,True,,False,1.0
XRUQPAJAUXRFMR-FGZHOGPDSA-N,bindingdb|chembl|pubchem_confirmatory,False,True,,False,1.0
HNOZNDSKJDORJI-VSGBNLITSA-N,bindingdb|chembl|pubchem_confirmatory,False,True,,False,1.0
HFLKKYRGTKIGBC-CLJLJLNGSA-N,bindingdb|chembl|pubchem_confirmatory,False,True,,False,1.0
OHKFEMALIFZMNY-CLJLJLNGSA-N,bindingdb|chembl|pubchem_confirmatory,False,True,,False,1.0
ALCJCPLSVFCHDP-JWQCQUIFSA-N,bindingdb|chembl|pubchem_confirmatory,False,True,,False,1.0
OYIIZVYGSOWGOQ-JWQCQUIFSA-N,bindingdb|chembl|pubchem_confirmatory,False,True,,False,1.0
LDWQWHYIMRBJIR-DHIUTWEWSA-N,bindingdb|chembl|pubchem_confirmatory,False,True,,False,1.0
PQYNKSMHDHSYSW-NHCUHLMSSA-N,bindingdb|chembl|pubchem_confirmatory,False,True,,False,1.0
ZNTJJGHCSVMKGP-DHIUTWEWSA-N,bindingdb|chembl|pubchem_confirmatory,False,True,,False,1.0
CHJICMVHLRAIPM-FGZHOGPDSA-N,bindingdb|chembl|pubchem_confirmatory,False,True,,False,1.0
FISMKHXLVZKGTJ-DHIUTWEWSA-N,bindingdb|chembl|pubchem_confirmatory,False,True,,False,1.0
UXQVNBABGKYNBA-GOJCXORZSA-N,bindingdb|chembl|pubchem_confirmatory,False,True,,False,1.0
MBLHBANEWJXWLO-UCDZCMRKSA-N,bindingdb|chembl|pubchem_confirmatory,False,True,,False,1.0
MFYRSVFWDPSRCY-BTDDGAACSA-N,bindingdb|chembl|pubchem_confirmatory,False,True,,False,1.0
DBHABVTZMAXESN-JAEXGXQOSA-N,bindingdb|chembl|pubchem_confirmatory,False,True,,False,1.0
NNNHKCDADIZYKY-KTSZEMBNSA-N,bindingdb|chembl|pubchem_confirmatory,False,True,,False,1.0
WQRBJXYUCYBNHD-FGZHOGPDSA-N,bindingdb|chembl|pubchem_confirmatory,False,True,,False,1.0
MLLUJUSUMJUMDG-JGTWLXFQSA-N,bindingdb|chembl|pubchem_confirmatory,False,True,,False,1.0
OYJOSPJHXCOGPM-JWQCQUIFSA-N,bindingdb|chembl|pubchem_confirmatory,False,True,,False,1.0
MYYFPSFVKQLAGZ-DNQXCXABSA-N,bindingdb|chembl|pubchem_confirmatory,False,True,,False,1.0
ASMUWTVISKPBSG-HJVWBQANSA-N,pubchem_confirmatory,False,True,,False,1.0
JIXAGVOMKQAIOE-VSGBNLITSA-N,bindingdb|chembl|pubchem_confirmatory,False,True,,False,1.0
XZUBXRJXXMTVOM-CLJLJLNGSA-N,bindingdb|chembl|pubchem_confirmatory,False,True,,False,1.0
AKIDFONGUUMHLD-FQLXRVMXSA-N,bindingdb|chembl|pubchem_confirmatory,False,True,,False,1.0
DEVCRYZPKUAHJL-JWQCQUIFSA-N,bindingdb|chembl|pubchem_confirmatory,False,True,,False,1.0
JMBVKHUVUHLPFB-JWQCQUIFSA-N,bindingdb|chembl|pubchem_confirmatory,False,True,,False,1.0
DENPNELCYMMLJC-KAYWLYCHSA-N,bindingdb|chembl|pubchem_confirmatory,False,True,,False,1.0
JNFRHGUECOKDGS-DNQXCXABSA-N,bindingdb|chembl|pubchem_confirmatory,False,True,,False,1.0
IFBDXKZWEIUIKL-DNQXCXABSA-N,bindingdb|chembl|pubchem_confirmatory,False,True,,False,1.0
PKQFWQPYHIYJKU-JWQCQUIFSA-N,bindingdb|chembl|pubchem_confirmatory,False,True,,False,1.0
AGJWTUGFXIJYLZ-DNQXCXABSA-N,bindingdb|chembl|pubchem_confirmatory,False,True,,False,1.0
BDSDPYNERZDZSG-JWQCQUIFSA-N,bindingdb|chembl|pubchem_confirmatory,False,True,,False,1.0
DRNXKAMUBCOJAZ-FGZHOGPDSA-N,bindingdb|chembl|pubchem_confirmatory,False,True,,False,1.0
GNHMSOGPLIZBDG-DNQXCXABSA-N,bindingdb|chembl|pubchem_confirmatory,False,True,,False,1.0
UDOSJPHUOVJEJF-MXNGKVSJSA-N,pubchem_confirmatory,False,True,,False,1.0
FQYLXJQHLUNBOB-CLJLJLNGSA-N,bindingdb|chembl|pubchem_confirmatory,False,True,,False,1.0
DQBSYMXCAGDDDC-CLJLJLNGSA-N,bindingdb|chembl|pubchem_confirmatory,False,True,,False,1.0
GNJZJLYNPMYHIM-JWQCQUIFSA-N,bindingdb|chembl|pubchem_confirmatory,False,True,,False,1.0
UTFLQLDLLGUJTE-GNTVVGMTSA-N,bindingdb|chembl|pubchem_confirmatory,False,True,,False,1.0
WNYWXQYMYPWCOV-GNTVVGMTSA-N,bindingdb|chembl|pubchem_confirmatory,False,True,,False,1.0
CHUWHHRBRPOTSC-ZVHXTAQDSA-N,bindingdb|chembl|pubchem_confirmatory,False,True,,False,1.0
RFKRLNGDVXOCBS-CLJLJLNGSA-N,bindingdb|chembl|pubchem_confirmatory,False,True,,False,1.0
CVQCUYNZVYNGMV-DHIUTWEWSA-N,bindingdb|chembl|pubchem_confirmatory,False,True,,False,1.0
UHKKEMITSMSUDM-HJXGAIAJSA-N,bindingdb|chembl|pubchem_confirmatory,False,True,,False,1.0
DNIQCPAJYUZVDT-SGAJGPLNSA-N,bindingdb|chembl|pubchem_confirmatory,False,True,,False,1.0
FESZYASDPJHKRE-YLBOGKAESA-N,bindingdb|chembl|pubchem_confirmatory,False,True,,False,1.0
HFKCEISQPHXXGE-JWQCQUIFSA-N,bindingdb|chembl|pubchem_confirmatory,False,True,,False,1.0
QJACNYBWFSVYLP-DHIUTWEWSA-N,bindingdb|chembl|pubchem_confirmatory,False,True,,False,1.0
PYOWCONUPBTAEK-JWQCQUIFSA-N,bindingdb|chembl|pubchem_confirmatory,False,True,,False,1.0
OXRJSDDSQZFOCV-LYLGLVRWSA-N,bindingdb|chembl|pubchem_confirmatory,False,True,,False,1.0
CBSKLHKLXNHDIM-NYESITDKSA-N,bindingdb|chembl|pubchem_confirmatory,False,True,,False,1.0
RIESGSXHVLMSKE-GNTVVGMTSA-N,bindingdb|chembl|pubchem_confirmatory,False,True,,False,1.0
JBQKCEYFLINFOF-GNTVVGMTSA-N,bindingdb|chembl|pubchem_confirmatory,False,True,,False,1.0
CJSMLKNTXULGDU-QMCAYLGFSA-N,bindingdb|chembl|pubchem_confirmatory,False,True,,False,1.0
CYWHKEGPOSUKDA-DNQXCXABSA-N,bindingdb|chembl|pubchem_confirmatory,False,True,,False,1.0
GGJHTZSDTYMQAL-FGZHOGPDSA-N,bindingdb|chembl|pubchem_confirmatory,False,True,,False,1.0
RZKNWRGWCWNSND-DHIUTWEWSA-N,bindingdb|chembl|pubchem_confirmatory,False,True,,False,1.0
VUCPXXXQGPYEMT-FGZHOGPDSA-N,bindingdb|chembl|pubchem_confirmatory,False,True,,False,1.0
FBGBBVCEVBMNTI-GNTVVGMTSA-N,bindingdb|chembl|pubchem_confirmatory,False,True,,False,1.0
SNJFYFRVLRTRRO-XKHRETHESA-N,bindingdb|chembl|pubchem_confirmatory,False,True,,False,1.0
VFJVXDGPJRPCSG-CRLCSLCLSA-N,bindingdb|chembl|pubchem_confirmatory,False,True,,False,1.0
ORCGIDMDFXUQOB-UCDZCMRKSA-N,bindingdb|chembl|pubchem_confirmatory,False,True,,False,1.0
LFMNOEPORGXPLT-CRLCSLCLSA-N,bindingdb|chembl|pubchem_confirmatory,False,True,,False,1.0
XMZMXPGLYRBAJY-DHIUTWEWSA-N,bindingdb|chembl|pubchem_confirmatory,False,True,,False,1.0
SMKGXZXHXWRPIW-DNQXCXABSA-N,bindingdb|chembl|pubchem_confirmatory,False,True,,False,1.0
HTYCUXBOTIAFLM-DHIUTWEWSA-N,bindingdb|chembl|pubchem_confirmatory,False,True,,False,1.0
ALNXDRMKRMQAEY-NYESITDKSA-N,bindingdb|chembl|pubchem_confirmatory,False,True,,False,1.0
XFHAKEMVOHEDCX-NYESITDKSA-N,bindingdb|chembl|pubchem_confirmatory,False,True,,False,1.0
ONWLIMZAQDGIJZ-CTENDNCJSA-N,pubchem_confirmatory,False,True,,False,1.0
PZGIHAFGNYOKPI-QMCAYLGFSA-N,bindingdb|chembl|pubchem_confirmatory,False,True,,False,1.0
CGUARUGFYOUHGC-DHIUTWEWSA-N,bindingdb|chembl|pubchem_confirmatory,False,True,,False,1.0
QHYUJOLHYZEIHB-FGZHOGPDSA-N,bindingdb|chembl|pubchem_confirmatory,False,True,,False,1.0
IUBSTKMPFBBMKJ-JLFBUSBMSA-N,bindingdb|chembl|pubchem_confirmatory,False,True,,False,1.0
JPIJBZJIODTWRQ-VMFKXFQHSA-N,bindingdb|chembl|pubchem_confirmatory,False,True,,False,1.0
SAUWYXZOELIPFN-WOJBJXKFSA-N,bindingdb|chembl|pubchem_confirmatory,False,True,,False,1.0
UNGGIOPQTRSUQD-WHJRKYDLSA-N,bindingdb|chembl|pubchem_confirmatory,False,True,,False,1.0
TZPOJNFWYXCCQI-YYOKSTDFSA-N,bindingdb|chembl|pubchem_confirmatory,False,True,,False,1.0
DYXJONFPYHVUNN-QYHPCCJNSA-N,bindingdb|chembl|pubchem_confirmatory,False,True,,False,1.0
ADHFBWGDPOELQN-QZPZUKOXSA-N,bindingdb|chembl|pubchem_confirmatory,False,True,,False,1.0
HRDGARHVZUIHFB-BTDDGAACSA-N,bindingdb|chembl|pubchem_confirmatory,False,True,,False,1.0
KVEMOPLHMDROIZ-KNFYQODVSA-N,bindingdb|chembl|pubchem_confirmatory,False,True,,False,1.0
UWMNFZVHPHDLON-JWJBQAENSA-N,bindingdb|chembl|pubchem_confirmatory,False,True,,False,1.0
YVKXPOZVAXXMGZ-RDMIVRQXSA-N,bindingdb|chembl|pubchem_confirmatory,False,True,,False,1.0
NXVQXGRCWLLKQM-LTFVAXTNSA-N,bindingdb|chembl|pubchem_confirmatory,False,True,,False,1.0
RQPNXJNJROWZOK-CNBRWIIDSA-N,bindingdb|chembl|pubchem_confirmatory,False,True,,False,1.0
GGJKTYYRYOQRKE-NYESITDKSA-N,bindingdb|chembl|pubchem_confirmatory,False,True,,False,1.0
QYNNLAUUFCNKAT-KNFYQODVSA-N,bindingdb|chembl|pubchem_confirmatory,False,True,,False,1.0
BWNBSTHHJNXNLX-WMXNZVEGSA-N,bindingdb|chembl|pubchem_confirmatory,False,True,,False,1.0
RCTUSKCNKLAWJY-CXBZOWBPSA-N,bindingdb|chembl|pubchem_confirmatory,False,True,,False,1.0
RNXSEEPITUAABJ-CXBZOWBPSA-N,bindingdb|chembl|pubchem_confirmatory,False,True,,False,1.0
SYOGIMMZFBWIKH-IKXBFRDRSA-N,bindingdb|chembl|pubchem_confirmatory,False,True,,False,1.0
IUNWYIOFTGIVGX-JWQCQUIFSA-N,bindingdb|chembl|pubchem_confirmatory,False,True,,False,1.0
JPLPPBQBZHFMMU-BYICHJTDSA-N,bindingdb|chembl|pubchem_confirmatory,False,True,,False,1.0
CZZPLLODQRSVPF-MXSVSAQUSA-N,bindingdb|chembl|pubchem_confirmatory,False,True,,False,1.0
GQDTZNNWOLZGLW-DHIUTWEWSA-N,bindingdb|chembl|pubchem_confirmatory,False,True,,False,1.0
URVXOBOYWOPLJZ-FGZHOGPDSA-N,bindingdb|chembl|pubchem_confirmatory,False,True,,False,1.0
LNQMULRZSWBSFE-CRLCSLCLSA-N,bindingdb|chembl|pubchem_confirmatory,False,True,,False,1.0
NBMIILGWOONWPW-DHIUTWEWSA-N,bindingdb|chembl|pubchem_confirmatory,False,True,,False,1.0
AJMGZTAKLANPED-CRLCSLCLSA-N,bindingdb|chembl|pubchem_confirmatory,False,True,,False,1.0
UGYGQLAFRCVHJW-JWJBQAENSA-N,bindingdb|chembl|pubchem_confirmatory,False,True,,False,1.0
RHDCFKUNICJMJR-WOJBJXKFSA-N,bindingdb|chembl|pubchem_confirmatory,False,True,,False,1.0
XZEQIKBQYLFCFP-OFKODDFHSA-N,bindingdb|chembl|pubchem_confirmatory,False,True,,False,1.0
ZVPAYDMRANPHJN-JOOITRFASA-N,bindingdb|chembl|pubchem_confirmatory,False,True,,False,1.0
ZKHCVPXOFGJBSJ-CRLCSLCLSA-N,bindingdb|chembl|pubchem_confirmatory,False,True,,False,1.0
NXLODQYXKFLXEG-BTDDGAACSA-N,bindingdb|chembl|pubchem_confirmatory,False,True,,False,1.0
HERRCJVQIRTZCB-NHCUHLMSSA-N,bindingdb|chembl|pubchem_confirmatory,False,True,,False,1.0
SLDBRRSRHWNJQN-DHIUTWEWSA-N,bindingdb|chembl|pubchem_confirmatory,False,True,,False,1.0
DVTGDRXLJWGNBG-JAEXGXQOSA-N,bindingdb|chembl|pubchem_confirmatory,False,True,,False,1.0
ZMSWOWOMHFHOAL-FGZHOGPDSA-N,bindingdb|chembl|pubchem_confirmatory,False,True,,False,1.0
UCTCHNKVJICPNO-CXBZOWBPSA-N,bindingdb|chembl|pubchem_confirmatory,False,True,,False,1.0
OCPMHWRNFZJGHC-FGZHOGPDSA-N,bindingdb|chembl|pubchem_confirmatory,False,True,,False,1.0
BJEGYQKJPTWECF-CCWBKVMBSA-N,bindingdb|chembl|pubchem_confirmatory,False,True,,False,1.0
RAVBZQAQTVGKIV-XBPDSQQVSA-N,bindingdb|chembl|pubchem_confirmatory,False,True,,False,1.0
IDFMOMDVPSZDLO-CXBZOWBPSA-N,bindingdb|chembl|pubchem_confirmatory,False,True,,False,1.0
BCZPEKVMAZSURM-GNTVVGMTSA-N,bindingdb|chembl|pubchem_confirmatory,False,True,,False,1.0
GCTHRIUGQKSBIH-KNFYQODVSA-N,bindingdb|chembl|pubchem_confirmatory,False,True,,False,1.0
DNDBZUAXJUAINE-XBPDSQQVSA-N,bindingdb|chembl|pubchem_confirmatory,False,True,,False,1.0
BGOYTKZXAKQZJF-QMCAYLGFSA-N,bindingdb|chembl|pubchem_confirmatory,False,True,,False,1.0
YBRYCMKAKUNWFO-LTFVAXTNSA-N,bindingdb|chembl|pubchem_confirmatory,False,True,,False,1.0
IYESMHAPFDTXQX-RDMIVRQXSA-N,bindingdb|chembl|pubchem_confirmatory,False,True,,False,1.0
HQWBQPXCVMMUFC-KNFYQODVSA-N,bindingdb|chembl|pubchem_confirmatory,False,True,,False,1.0
NPTHFXSBPCAPRS-FGZHOGPDSA-N,bindingdb|chembl|pubchem_confirmatory,False,True,,False,1.0
UFCJHQMXNRIBIP-DHIUTWEWSA-N,bindingdb|chembl|pubchem_confirmatory,False,True,,False,1.0
LVCCSGYGQRIHEA-NHCUHLMSSA-N,bindingdb|chembl|pubchem_confirmatory,False,True,,False,1.0
DKOYYZVRAQTTMM-NYESITDKSA-N,bindingdb|chembl|pubchem_confirmatory,False,True,,False,1.0
FQMRJTKRSGTZGA-CRLCSLCLSA-N,bindingdb|chembl|pubchem_confirmatory,False,True,,False,1.0
VOTLUGZSQHUKNV-GOJCXORZSA-N,bindingdb|chembl|pubchem_confirmatory,False,True,,False,1.0
VOBZGOGESGOLJC-PWJCZFGMSA-N,bindingdb|chembl|pubchem_confirmatory,False,True,,False,1.0
CAWGTIIVOBRWCW-GVBVHUCQSA-N,bindingdb|chembl|pubchem_confirmatory,False,True,,False,1.0
HAUZUIQLFAAVGE-UPHNQAIKSA-N,pubchem_confirmatory,False,True,,False,1.0
SDTRDYRWEHXHLI-CXBZOWBPSA-N,bindingdb|chembl|pubchem_confirmatory,False,True,,False,1.0
CHYSJHBTMIWKHQ-TWDLTGNASA-N,bindingdb|chembl|pubchem_confirmatory,False,True,,False,1.0
FEAAPSIVYRPJMS-ZHKUBPBOSA-N,bindingdb|chembl|pubchem_confirmatory,False,True,,False,1.0
IYDOJWQRXJBHKN-CRLCSLCLSA-N,bindingdb|chembl|pubchem_confirmatory,False,True,,False,1.0
CLVCBIICTBDMIC-UNVAFXPUSA-N,pubchem_confirmatory,False,True,,False,1.0
KSSZMNHNQBRDMR-VVUHTZQYSA-N,pubchem_confirmatory,False,True,,False,1.0
ZHZZZHYEWUPKKZ-RVRFFIBDSA-N,bindingdb|chembl|pubchem_confirmatory,False,True,,False,1.0
ZCGLQJCVOMKBQP-UEXTYJSMSA-N,bindingdb|chembl|pubchem_confirmatory,False,True,,False,1.0
WYNNOZMBLBJTEQ-YSZJZSIDSA-N,bindingdb|chembl|pubchem_confirmatory,False,True,,False,1.0
RFBCMTJPCIZRQG-YWNLADJTSA-N,bindingdb|chembl|pubchem_confirmatory,False,True,,False,1.0
VGIFBRLTCFCWBP-HAXPFWMPSA-N,bindingdb|chembl|pubchem_confirmatory,False,True,,False,1.0
AHYVXMNHBKYVPC-SUDDXJKMSA-N,bindingdb|chembl|pubchem_confirmatory,False,True,,False,1.0
WXHUKQYYQSAPKF-DNVJHFABSA-N,bindingdb|chembl|pubchem_confirmatory,False,True,,False,1.0
RFVFSQZMYPSOSR-FGZHOGPDSA-N,bindingdb|chembl|pubchem_confirmatory,False,True,,False,1.0
ZKDOHXNBYTYCME-BTDDGAACSA-N,bindingdb|chembl|pubchem_confirmatory,False,True,,False,1.0
IZUMVGWZYCKISG-NYESITDKSA-N,bindingdb|chembl|pubchem_confirmatory,False,True,,False,1.0
RLVPBVGVJJCCQX-WQRKWZFBSA-N,bindingdb|chembl|pubchem_confirmatory,False,True,,False,1.0
QELDSKDTDUFBPS-KAYWLYCHSA-N,bindingdb|chembl|pubchem_confirmatory,False,True,,False,1.0
MMLPDEKUYAOVFR-FGZHOGPDSA-N,bindingdb|chembl|pubchem_confirmatory,False,True,,False,1.0
UUZVVLJXNOOANM-GVBVHUCQSA-N,bindingdb|chembl|pubchem_confirmatory,False,True,,False,1.0
VAULKXWBJWIPEH-OXLZJHAVSA-N,bindingdb|chembl|pubchem_confirmatory,False,True,,False,1.0
BTXDSXLNJIPVNQ-YCTZWBCQSA-N,bindingdb|chembl|pubchem_confirmatory,False,True,,False,1.0
YAXONZUOWWLDAI-DHIUTWEWSA-N,bindingdb|chembl|pubchem_confirmatory,False,True,,False,1.0
SRHIUTXEXWDMLU-DNQXCXABSA-N,bindingdb|chembl|pubchem_confirmatory,False,True,,False,1.0
QFBYOZFGAGNBJL-CLJLJLNGSA-N,bindingdb|chembl|pubchem_confirmatory,False,True,,False,1.0
RZRZQEANCYDEHB-JWQCQUIFSA-N,bindingdb|chembl|pubchem_confirmatory,False,True,,False,1.0
MDKVPTKLKBIIHW-DHIUTWEWSA-N,bindingdb|chembl|pubchem_confirmatory,False,True,,False,1.0
XMVAZJFLSVZUDA-KAYWLYCHSA-N,bindingdb|chembl|pubchem_confirmatory,False,True,,False,1.0
YUNWIWBMVXYBCA-DNQXCXABSA-N,bindingdb|chembl|pubchem_confirmatory,False,True,,False,1.0
BURSSDOQIXOZBB-NHCUHLMSSA-N,bindingdb|chembl|pubchem_confirmatory,False,True,,False,1.0
KBFKGLUPKPVUJA-JWQCQUIFSA-N,bindingdb|chembl|pubchem_confirmatory,False,True,,False,1.0
KGAZASLZAWOHJN-MXSVSAQUSA-N,bindingdb|chembl|pubchem_confirmatory,False,True,,False,1.0
OSIOXNKWQWINEM-QAPXZPIJSA-N,bindingdb|chembl|pubchem_confirmatory,False,True,,False,1.0
JLGGAYUHFPLCCK-IKXBFRDRSA-N,bindingdb|chembl|pubchem_confirmatory,False,True,,False,1.0
GWPCNDJPVHVXQX-VJTFINOGSA-N,bindingdb|chembl|pubchem_confirmatory,False,True,,False,1.0
ZJDVPOSOCAZXAB-YLBOGKAESA-N,bindingdb|chembl|pubchem_confirmatory,False,True,,False,1.0
AUSLYJBESXQFMC-LDZQUKMZSA-N,bindingdb|chembl|pubchem_confirmatory,False,True,,False,1.0
QXAORQAEXXCHPT-TWDLTGNASA-N,bindingdb|chembl|pubchem_confirmatory,False,True,,False,1.0
ZOQLUIOYWQDYNP-CXBZOWBPSA-N,bindingdb|chembl|pubchem_confirmatory,False,True,,False,1.0
AGPQOUQXIGSZRM-NHCUHLMSSA-N,bindingdb|chembl|pubchem_confirmatory,False,True,,False,1.0
JECWIXIDRXVREH-FGZHOGPDSA-N,bindingdb|chembl|pubchem_confirmatory,False,True,,False,1.0
IEDUCHTZVMPXRI-TWDLTGNASA-N,bindingdb|chembl|pubchem_confirmatory,False,True,,False,1.0
HKEZNKGHOYLNSE-SGAJGPLNSA-N,bindingdb|chembl|pubchem_confirmatory,False,True,,False,1.0
GTTLBCBZNCULLU-JWJBQAENSA-N,bindingdb|chembl|pubchem_confirmatory,False,True,,False,1.0
LAAWCIXGNFLUAP-UCDZCMRKSA-N,bindingdb|chembl|pubchem_confirmatory,False,True,,False,1.0
DEGUHJWDRABJRD-ZHFHXLPRSA-N,bindingdb|chembl|pubchem_confirmatory,False,True,,False,1.0
DOAIXPTUGIKTMT-QMCAYLGFSA-N,bindingdb|chembl|pubchem_confirmatory,False,True,,False,1.0
DCRLZSNERMXQHN-TWDLTGNASA-N,bindingdb|chembl|pubchem_confirmatory,False,True,,False,1.0
XJQHQGOKJYZTQH-QMCAYLGFSA-N,bindingdb|chembl|pubchem_confirmatory,False,True,,False,1.0
OWGZAFALUDOIJG-QMCAYLGFSA-N,bindingdb|chembl|pubchem_confirmatory,False,True,,False,1.0
HEDIDOJYFQOWOC-DHIUTWEWSA-N,bindingdb|chembl|pubchem_confirmatory,False,True,,False,1.0
KBWCVJIYVQKXIV-FGZHOGPDSA-N,bindingdb|chembl|pubchem_confirmatory,False,True,,False,1.0
REQYSKCWEBVXLE-DHIUTWEWSA-N,bindingdb|chembl|pubchem_confirmatory,False,True,,False,1.0
ONNGAQNBJPOXLV-NHCUHLMSSA-N,bindingdb|chembl|pubchem_confirmatory,False,True,,False,1.0
WTTSEMQSNLMAIB-NHCUHLMSSA-N,bindingdb|chembl|pubchem_confirmatory,False,True,,False,1.0
MOOVYSRQOGXVFL-DNQXCXABSA-N,bindingdb|chembl|pubchem_confirmatory,False,True,,False,1.0
NJUPYDDDWIQXCY-JWQCQUIFSA-N,bindingdb|chembl|pubchem_confirmatory,False,True,,False,1.0
FHDIDNSOBQHXAS-VZHMAXOSSA-N,bindingdb|chembl|pubchem_confirmatory,False,True,,False,1.0
YZFSTNZTPXOGSD-FGZHOGPDSA-N,bindingdb|chembl|pubchem_confirmatory,False,True,,False,1.0
OZDBDVGPTOFGHD-FGZHOGPDSA-N,bindingdb|chembl|pubchem_confirmatory,False,True,,False,1.0
ISIFSIGATKDBAS-FGZHOGPDSA-N,bindingdb|chembl|pubchem_confirmatory,False,True,,False,1.0
WAKLAHAMPKKUFW-TWDLTGNASA-N,bindingdb|chembl|pubchem_confirmatory,False,True,,False,1.0
LMWREMKYWIZNTE-XBPDSQQVSA-N,bindingdb|chembl|pubchem_confirmatory,False,True,,False,1.0
WORKZBXVEUBCIX-MDUKBICBSA-N,bindingdb|chembl|pubchem_confirmatory,False,True,,False,1.0
KPILPQIIGPWCIY-CCWBKVMBSA-N,bindingdb|chembl|pubchem_confirmatory,False,True,,False,1.0
UTUROZLCBXDRCU-LCRYKWFRSA-N,bindingdb|chembl|pubchem_confirmatory,False,True,,False,1.0
BWGPQCIFSBOYPH-CCWBKVMBSA-N,bindingdb|chembl|pubchem_confirmatory,False,True,,False,1.0
IUZOVPFMLVKCDP-BNMJUGIKSA-N,bindingdb|chembl|pubchem_confirmatory,False,True,,False,1.0
AURMUCKGMBTHAD-LLWMTICSSA-N,bindingdb|chembl|pubchem_confirmatory,False,True,,False,1.0
DQSIIFQDAFXIGY-BYICHJTDSA-N,bindingdb|chembl|pubchem_confirmatory,False,True,,False,1.0
UJXTUFFKLZNYEW-BTDDGAACSA-N,bindingdb|chembl|pubchem_confirmatory,False,True,,False,1.0
QOIAXIUOYVBCSM-HRPAVAKOSA-N,bindingdb|chembl|pubchem_confirmatory,False,True,,False,1.0
NVURLBYAZJMGDU-CLJLJLNGSA-N,bindingdb|chembl|pubchem_confirmatory,False,True,,False,1.0
ZQLPFNJNAMVOAC-DNQXCXABSA-N,bindingdb|chembl|pubchem_confirmatory,False,True,,False,1.0
LBAAVOADWVSSEW-QMMNWOAZSA-N,bindingdb|chembl|pubchem_confirmatory,False,True,,False,1.0
HXZFQFCWZRGQQD-ZCOOMOTNSA-N,bindingdb|chembl|pubchem_confirmatory,False,True,,False,1.0
XZOGPZXDHJHRHN-WOJBJXKFSA-N,bindingdb|chembl|pubchem_confirmatory,False,True,,False,1.0
GEVUEBQVKDIKTF-WOJBJXKFSA-N,bindingdb|chembl|pubchem_confirmatory,False,True,,False,1.0
QWHYKOHPONVUNO-WOJBJXKFSA-N,bindingdb|chembl|pubchem_confirmatory,False,True,,False,1.0
BARHQTRCOFSNHB-VMFKXFQHSA-N,bindingdb|chembl|pubchem_confirmatory,False,True,,False,1.0
DBQAAKYKNKFVBT-UCAJRPBESA-N,bindingdb|chembl|pubchem_confirmatory,False,True,,False,1.0
GPFSFYQHUUMQFE-VTFDQJKESA-N,bindingdb|chembl|pubchem_confirmatory,False,True,,False,1.0
DGSJEFDVOJBVFN-YXGQNDMDSA-N,bindingdb|chembl|pubchem_confirmatory,False,True,,False,1.0
JMLWVNXJYFTMCK-KFHGAJFOSA-N,bindingdb|chembl|pubchem_confirmatory,False,True,,False,1.0
XHEWTJRTUNCNSQ-KFHGAJFOSA-N,bindingdb|chembl|pubchem_confirmatory,False,True,,False,1.0
ZYVVBHCOBSKKQD-HRQYYILTSA-N,bindingdb|chembl|pubchem_confirmatory,False,True,,False,1.0
YXDGPBAVPRZDSB-FGZHOGPDSA-N,bindingdb|chembl|pubchem_confirmatory,False,True,,False,1.0
ABPBASZHGZGBIH-NHCUHLMSSA-N,bindingdb|chembl|pubchem_confirmatory,False,True,,False,1.0
GFKFNWSXOHMPCZ-KTBVXVCESA-N,bindingdb|chembl|pubchem_confirmatory,False,True,,False,1.0
VVJOEHPCXCWWBD-KIKFKFQISA-N,bindingdb|chembl|pubchem_confirmatory,False,True,,False,1.0
FEKKZTRRHZNFKI-NHCUHLMSSA-N,bindingdb|chembl|pubchem_confirmatory,False,True,,False,1.0
RDQNKROQDKIUHA-INYXTNAKSA-N,bindingdb|chembl|pubchem_confirmatory,False,True,,False,1.0
JEHWSYBZQACARG-QMCAYLGFSA-N,bindingdb|chembl|pubchem_confirmatory,False,True,,False,1.0
VYJNVOUCSNVCMF-CRLCSLCLSA-N,bindingdb|chembl|pubchem_confirmatory,False,True,,False,1.0
ISUZVHWUZVRXCX-NHCUHLMSSA-N,bindingdb|chembl|pubchem_confirmatory,False,True,,False,1.0
CWLWJNZRCFUUNQ-YXGQNDMDSA-N,bindingdb|chembl|pubchem_confirmatory,False,True,,False,1.0
MTZMCRXHAIXVMF-LCRYKWFRSA-N,bindingdb|chembl|pubchem_confirmatory,False,True,,False,1.0
XKZWCVYYFYFPGX-LDZQUKMZSA-N,bindingdb|chembl|pubchem_confirmatory,False,True,,False,1.0
IHNFBEXVRWTWOA-CRLCSLCLSA-N,bindingdb|chembl|pubchem_confirmatory,False,True,,False,1.0
DQXJBECVAKWHKH-AKFGCVPNSA-N,bindingdb|chembl|pubchem_confirmatory,False,True,,False,1.0
YYPWLWLLFMRPRH-DNQXCXABSA-N,bindingdb|chembl|pubchem_confirmatory,False,True,,False,1.0
RIQQNRACNTXPGS-WOJBJXKFSA-N,bindingdb|chembl|pubchem_confirmatory,False,True,,False,1.0
MZCFHIAAWMNFTK-NHCUHLMSSA-N,bindingdb|chembl|pubchem_confirmatory,False,True,,False,1.0
GDNYILLQBQRSAV-TWDLTGNASA-N,bindingdb|chembl|pubchem_confirmatory,False,True,,False,1.0
YORKLVSHRPADJU-VMFKXFQHSA-N,bindingdb|chembl|pubchem_confirmatory,False,True,,False,1.0
RTVAPDXTFXTGSJ-LDZQUKMZSA-N,bindingdb|chembl|pubchem_confirmatory,False,True,,False,1.0
ZOXJHLRPCHUPBA-CWLQOSRCSA-N,bindingdb|chembl|pubchem_confirmatory,False,True,,False,1.0
BIWGXTGZUUWBHK-RDMIVRQXSA-N,bindingdb|chembl|pubchem_confirmatory,False,True,,False,1.0
YTKPYQIRCMEYIW-DNQXCXABSA-N,bindingdb|chembl|pubchem_confirmatory,False,True,,False,1.0
HTDDLGMVXSHEGI-FGZHOGPDSA-N,bindingdb|chembl|pubchem_confirmatory,False,True,,False,1.0
DVRXIZHTJMHFKG-FGZHOGPDSA-N,bindingdb|chembl|pubchem_confirmatory,False,True,,False,1.0
JZVVYJYLFZYMTO-BTDDGAACSA-N,bindingdb|chembl|pubchem_confirmatory,False,True,,False,1.0
BMFIPJAMSGEACW-CCWBKVMBSA-N,bindingdb|chembl|pubchem_confirmatory,False,True,,False,1.0
HOYFQQGGIVDXAF-NYESITDKSA-N,bindingdb|chembl|pubchem_confirmatory,False,True,,False,1.0
YJSKNYHAAWIQKH-ZJHIYNNSSA-N,bindingdb|chembl|pubchem_confirmatory,False,True,,False,1.0
IQSSSNHYBFHWHB-WOJBJXKFSA-N,bindingdb|chembl|pubchem_confirmatory,False,True,,False,1.0
PJLWBJYOZPZIFT-ZREWPKOVSA-N,bindingdb|chembl|pubchem_confirmatory,False,True,,False,1.0
JAPCKRKSPYRWRJ-VSGBNLITSA-N,bindingdb|chembl|pubchem_confirmatory,False,True,,False,1.0
NTAMIYQUEXUDSF-LYJBJCQPSA-N,bindingdb|chembl|pubchem_confirmatory,False,True,,False,1.0
ZKMIVNQAWDCHAZ-MZLOAMTASA-N,bindingdb|chembl|pubchem_confirmatory,False,True,,False,1.0
TWNBLPAYCWNPTA-DUJJBQMASA-N,bindingdb|chembl|pubchem_confirmatory,False,True,,False,1.0
INWUOZDRGJLFAS-JWQCQUIFSA-N,bindingdb|chembl|pubchem_confirmatory,False,True,,False,1.0
HLOFJUKASKMNOA-JWQCQUIFSA-N,bindingdb|chembl|pubchem_confirmatory,False,True,,False,1.0
PZOXWCXHJCVZRD-CLJLJLNGSA-N,bindingdb|chembl|pubchem_confirmatory,False,True,,False,1.0
YARLERFTFZVOAH-DNQXCXABSA-N,bindingdb|chembl|pubchem_confirmatory,False,True,,False,1.0
CJVNVXSVTSCGDD-CLJLJLNGSA-N,bindingdb|chembl|pubchem_confirmatory,False,True,,False,1.0
AVXDQTZNZJCLRC-DNQXCXABSA-N,bindingdb|chembl|pubchem_confirmatory,False,True,,False,1.0
BABGXNDTEONRKP-KSSJMHQNSA-N,bindingdb|chembl|pubchem_confirmatory,False,True,,False,1.0
OEXSWJNFGQNTFG-FGZHOGPDSA-N,bindingdb|chembl|pubchem_confirmatory,False,True,,False,1.0
NRMQVMXLJIZNLP-KFHGAJFOSA-N,bindingdb|chembl|pubchem_confirmatory,False,True,,False,1.0
QNNGRJSWASCEQT-CPWPOOERSA-N,bindingdb|chembl|pubchem_confirmatory,False,True,,False,1.0
HLWMOTMYVBTHKE-RXEARMEOSA-N,bindingdb|chembl|pubchem_confirmatory,False,True,,False,1.0
HCIRFWULQUUPKO-RXEARMEOSA-N,bindingdb|chembl|pubchem_confirmatory,False,True,,False,1.0
IWSZZLVJPYPUBE-WZVKSPBRSA-N,bindingdb|chembl|pubchem_confirmatory,False,True,,False,1.0
OORFLWJTELJDJP-WFLGTWEUSA-N,bindingdb|chembl|pubchem_confirmatory,False,True,,False,1.0
VUUVAWCIUCWINX-CWLQOSRCSA-N,bindingdb|chembl|pubchem_confirmatory,False,True,,False,1.0
UAMGDEBDZXEASD-LLWMTICSSA-N,bindingdb|chembl|pubchem_confirmatory,False,True,,False,1.0
DDXWSILQKIIRNC-FGZHOGPDSA-N,bindingdb|chembl|pubchem_confirmatory,False,True,,False,1.0
UHVYLKQQRRWNSX-DNQXCXABSA-N,bindingdb|chembl|pubchem_confirmatory,False,True,,False,1.0
YLJDLVYCDGHHAW-TWKTUFERSA-N,bindingdb|chembl|pubchem_confirmatory,False,True,,False,1.0
FKHBAUDDQMKFPK-LDZQUKMZSA-N,bindingdb|chembl|pubchem_confirmatory,False,True,,False,1.0
QQSJUMSEEMTHQP-TWDLTGNASA-N,bindingdb|chembl|pubchem_confirmatory,False,True,,False,1.0
AAUHSICUDJELSM-FWLHTVFYSA-N,bindingdb|chembl|pubchem_confirmatory,False,True,,False,1.0
WMGNDELACKZRCX-OHDKKKEWSA-N,bindingdb|chembl|pubchem_confirmatory,False,True,,False,1.0
MJASDIXJTLGTSV-WOJBJXKFSA-N,bindingdb|chembl|pubchem_confirmatory,False,True,,False,1.0
WVSMZASDNOZZOK-CRLCSLCLSA-N,bindingdb|chembl|pubchem_confirmatory,False,True,,False,1.0
VPRIXAPXYJHZRG-RXEARMEOSA-N,bindingdb|chembl|pubchem_confirmatory,False,True,,False,1.0
ZMZKRYVQWDUPCE-JWJBQAENSA-N,bindingdb|chembl|pubchem_confirmatory,False,True,,False,1.0
LBJJCHZJQSVZHS-DNQXCXABSA-N,bindingdb|chembl|pubchem_confirmatory,False,True,,False,1.0
SJNJIWRLDFKVHT-DHIUTWEWSA-N,bindingdb|chembl|pubchem_confirmatory,False,True,,False,1.0
PMZFYJOLEOULGB-JWJBQAENSA-N,bindingdb|chembl|pubchem_confirmatory,False,True,,False,1.0
NBSHFYGASSIHER-DNQXCXABSA-N,bindingdb|chembl|pubchem_confirmatory,False,True,,False,1.0
YLYDYTKVPINYDN-DHIUTWEWSA-N,bindingdb|chembl|pubchem_confirmatory,False,True,,False,1.0
TVEUWOYRXFLNTK-DNQXCXABSA-N,bindingdb|chembl|pubchem_confirmatory,False,True,,False,1.0
QMFHNSWDESLYCB-JWQCQUIFSA-N,bindingdb|chembl|pubchem_confirmatory,False,True,,False,1.0
GCTSYWMLOVHIIS-STHVYQTBSA-N,bindingdb|chembl|pubchem_confirmatory,False,True,,False,1.0
ORALVNWJRJMLLQ-SGAJGPLNSA-N,bindingdb|chembl|pubchem_confirmatory,False,True,,False,1.0
PTRZXOJBZYBLDT-FGZHOGPDSA-N,bindingdb|chembl|pubchem_confirmatory,False,True,,False,1.0
MMJPTLDCRUEJNC-FGZHOGPDSA-N,bindingdb|chembl|pubchem_confirmatory,False,True,,False,1.0
ADZYNVDREBAWEO-DHIUTWEWSA-N,bindingdb|chembl|pubchem_confirmatory,False,True,,False,1.0
RRQZTZQKKRPDLS-DNQXCXABSA-N,bindingdb|chembl|pubchem_confirmatory,False,True,,False,1.0
XCUPIKUMZRTKAU-DHIUTWEWSA-N,bindingdb|chembl|pubchem_confirmatory,False,True,,False,1.0
QEFYHTWMHLVBQJ-CCWBKVMBSA-N,bindingdb|chembl|pubchem_confirmatory,False,True,,False,1.0
MCHBIBJDLRPAQW-CCWBKVMBSA-N,bindingdb|chembl|pubchem_confirmatory,False,True,,False,1.0
BXTBDGFIEACTGW-CRLCSLCLSA-N,bindingdb|chembl|pubchem_confirmatory,False,True,,False,1.0
DUFHJZMKUIJMTQ-IZXGGDEESA-N,bindingdb|chembl|pubchem_confirmatory,False,True,,False,1.0
FSHZDKTYBWMJJC-WZVKSPBRSA-N,bindingdb|chembl|pubchem_confirmatory,False,True,,False,1.0
JIOWVQAQYIYCRV-RXEARMEOSA-N,bindingdb|chembl|pubchem_confirmatory,False,True,,False,1.0
AWXFZSUZAAFDQV-CRLCSLCLSA-N,bindingdb|chembl|pubchem_confirmatory,False,True,,False,1.0
PTTBALOBVLKFGM-NHCUHLMSSA-N,bindingdb|chembl|pubchem_confirmatory,False,True,,False,1.0
YLPZCTJSKXPNMN-FGZHOGPDSA-N,bindingdb|chembl|pubchem_confirmatory,False,True,,False,1.0
ZCTYWCIHHNRBOL-DNQXCXABSA-N,bindingdb|chembl|pubchem_confirmatory,False,True,,False,1.0
LPNYEVWDKZNWTL-LDZQUKMZSA-N,bindingdb|chembl|pubchem_confirmatory,False,True,,False,1.0
KVAKJWBKNMJJCK-JWJBQAENSA-N,bindingdb|chembl|pubchem_confirmatory,False,True,,False,1.0
FSICPAQBNLGLOQ-XBPDSQQVSA-N,bindingdb|chembl|pubchem_confirmatory,False,True,,False,1.0
IMAVTPSWMXQTMH-HIGDUGLOSA-N,bindingdb|chembl|pubchem_confirmatory,False,True,,False,1.0
FVXJVSVQTBIMLP-JWQCQUIFSA-N,bindingdb|chembl|pubchem_confirmatory,False,True,,False,1.0
QRGOMSVAPGKEHW-BTDDGAACSA-N,bindingdb|chembl|pubchem_confirmatory,False,True,,False,1.0
CGDLOECKRZVYBI-XBPDSQQVSA-N,bindingdb|chembl|pubchem_confirmatory,False,True,,False,1.0
JVNSTEXLLALCGX-TWDLTGNASA-N,bindingdb|chembl|pubchem_confirmatory,False,True,,False,1.0
OGGLSYYSKZNXTN-XBPDSQQVSA-N,bindingdb|chembl|pubchem_confirmatory,False,True,,False,1.0
JOKABYJRIUOVAW-BYICHJTDSA-N,bindingdb|chembl|pubchem_confirmatory,False,True,,False,1.0
JUUZXDDQCFPIHG-TWDLTGNASA-N,bindingdb|chembl|pubchem_confirmatory,False,True,,False,1.0
WOTRIHMCPYFAAL-IKXBFRDRSA-N,bindingdb|chembl|pubchem_confirmatory,False,True,,False,1.0
UXUIFFMVADUAON-CXBZOWBPSA-N,bindingdb|chembl|pubchem_confirmatory,False,True,,False,1.0
BKOVJKDVTRSWCK-JWQCQUIFSA-N,bindingdb|chembl|pubchem_confirmatory,False,True,,False,1.0
RFCNPNNBRUVFRT-DHIUTWEWSA-N,bindingdb|chembl|pubchem_confirmatory,False,True,,False,1.0
ILQYXKNEIWZBKP-DHIUTWEWSA-N,bindingdb|chembl|pubchem_confirmatory,False,True,,False,1.0
JXTWDBJEXUUNOT-FGZHOGPDSA-N,bindingdb|chembl|pubchem_confirmatory,False,True,,False,1.0
QUKPDDIZVPFOBT-FGZHOGPDSA-N,bindingdb|chembl|pubchem_confirmatory,False,True,,False,1.0
DQJSVRBIHUAFPF-BYICHJTDSA-N,bindingdb|chembl|pubchem_confirmatory,False,True,,False,1.0
PJDDNYCBFRRFLF-QZPZUKOXSA-N,bindingdb|chembl|pubchem_confirmatory,False,True,,False,1.0
CFOVVWJRGMLRSG-BTDDGAACSA-N,bindingdb|chembl|pubchem_confirmatory,False,True,,False,1.0
WOZJNFIZDLFQEO-NYESITDKSA-N,bindingdb|chembl|pubchem_confirmatory,False,True,,False,1.0
LHCGWKJDICUCEG-KTBVXVCESA-N,bindingdb|chembl|pubchem_confirmatory,False,True,,False,1.0
ZSPUZGFFEIPWHL-NHCUHLMSSA-N,bindingdb|chembl|pubchem_confirmatory,False,True,,False,1.0
AYPZIDFAQSNVAH-QZPZUKOXSA-N,bindingdb|chembl|pubchem_confirmatory,False,True,,False,1.0
MSGJHQXKXPYRIU-CDNDPLPTSA-N,bindingdb|chembl|pubchem_confirmatory,False,True,,False,1.0
DXYLRDMXMRDFTH-WFNCXJDMSA-N,bindingdb|chembl|pubchem_confirmatory,False,True,,False,1.0
NOESNEOACOJOOV-LCRYKWFRSA-N,bindingdb|chembl|pubchem_confirmatory,False,True,,False,1.0
RONTWMXREPPAIL-DNQXCXABSA-N,bindingdb|chembl|pubchem_confirmatory,False,True,,False,1.0
ATTNJTRUWLVMCT-DHIUTWEWSA-N,bindingdb|chembl|pubchem_confirmatory,False,True,,False,1.0
LTVGBCODLSLBIO-XKHRETHESA-N,bindingdb|chembl|pubchem_confirmatory,False,True,,False,1.0
UACQDUPHYCPIOX-SGAJGPLNSA-N,bindingdb|chembl|pubchem_confirmatory,False,True,,False,1.0
QGEJKJSQWLJMOB-FUHTXCSMSA-N,bindingdb|chembl|pubchem_confirmatory,False,True,,False,1.0
BRSGVFMESYIADP-FGZHOGPDSA-N,bindingdb|chembl|pubchem_confirmatory,False,True,,False,1.0
AVZPYGVYGUQCGL-DHIUTWEWSA-N,bindingdb|chembl|pubchem_confirmatory,False,True,,False,1.0
DVGOWAMZGQLPCM-UHFFFAOYSA-N,bindingdb|chembl|pubchem_confirmatory,False,True,,False,1.0
XWEWXJUACSQEKN-LDZQUKMZSA-N,bindingdb|chembl|pubchem_confirmatory,False,True,,False,1.0
CDWNYDNUJBESIQ-XXLUKPGQSA-N,bindingdb|chembl|pubchem_confirmatory,False,True,,False,1.0
LEUMWJTXRVOXTD-QZTJIDSGSA-N,bindingdb|chembl|pubchem_confirmatory,False,True,,False,1.0
CHIULSXBIMEZGO-RGSZASNESA-N,bindingdb|chembl|pubchem_confirmatory,False,True,,False,1.0
WXZASPIUZKBXFY-HXUWFJFHSA-N,bindingdb|pubchem_confirmatory,False,True,,False,1.0
UKAJPEGOTXQUMD-OAQYLSRUSA-N,bindingdb|pubchem_confirmatory,False,True,,False,1.0
XMLNOTFMOBYSBU-HXUWFJFHSA-N,bindingdb|pubchem_confirmatory,False,True,,False,1.0
KXYKSZAVMJHLBE-DYESRHJHSA-N,bindingdb|pubchem_confirmatory,False,True,,False,1.0
KVTKINWILIQXMO-OAQYLSRUSA-N,bindingdb|pubchem_confirmatory,False,True,,False,1.0
VCWHGOPUEXSIAX-JOCHJYFZSA-N,bindingdb|pubchem_confirmatory,False,True,,False,1.0
BVUMJIRBLWLPNT-OAQYLSRUSA-N,bindingdb|pubchem_confirmatory,False,True,,False,1.0
IQBWRGJGZDFIDQ-OAQYLSRUSA-N,bindingdb|pubchem_confirmatory,False,True,,False,1.0
VUADQKAZPHOEIS-JOCHJYFZSA-N,bindingdb|pubchem_confirmatory,False,True,,False,1.0
KKEPYHNMZDFGFZ-JOCHJYFZSA-N,bindingdb|pubchem_confirmatory,False,True,,False,1.0
SCMQIRWIRWDRLV-AREMUKBSSA-N,bindingdb|pubchem_confirmatory,False,True,,False,1.0
XGNMHSATZQNFOR-XMMPIXPASA-N,bindingdb|pubchem_confirmatory,False,True,,False,1.0
OZIZGEWHMPKHEO-XMMPIXPASA-N,bindingdb|pubchem_confirmatory,False,True,,False,1.0
DILDYIXYDVXMCG-HSZRJFAPSA-N,bindingdb|pubchem_confirmatory,False,True,,False,1.0
KYBHPHAXGGSZPB-JOCHJYFZSA-N,bindingdb|pubchem_confirmatory,False,True,,False,1.0
BGBBWIFRUCEWMS-HXUWFJFHSA-N,bindingdb|pubchem_confirmatory,False,True,,False,1.0
CQWFGKDJGWSGSK-OAQYLSRUSA-N,bindingdb|pubchem_confirmatory,False,True,,False,1.0
JHCOCDUNEWCPDJ-LJQANCHMSA-N,bindingdb|pubchem_confirmatory,False,True,,False,1.0
IQBSSKFAACESCW-HXUWFJFHSA-N,bindingdb|pubchem_confirmatory,False,True,,False,1.0
UDCDEKJNAMHBFH-HSZRJFAPSA-N,bindingdb|pubchem_confirmatory,False,True,,False,1.0
DVCKJOQIVOGXEI-XMMPIXPASA-N,bindingdb|pubchem_confirmatory,False,True,,False,1.0
OMDDANPBPXYYSJ-HSZRJFAPSA-N,bindingdb|pubchem_confirmatory,False,True,,False,1.0
PUQPMLLLYPHHGG-NTKDMRAZSA-N,bindingdb|pubchem_confirmatory,False,True,,False,1.0
QYUCTVIPCCLAIZ-JOCHJYFZSA-N,bindingdb|pubchem_confirmatory,False,True,,False,1.0
QVHYBOQAYXUVMT-JOCHJYFZSA-N,bindingdb|pubchem_confirmatory,False,True,,False,1.0
XFNHWGBLXODYMR-HXUWFJFHSA-N,bindingdb|pubchem_confirmatory,False,True,,False,1.0
WZXCLQBSBKAVJH-XMSQKQJNSA-N,bindingdb|pubchem_confirmatory,False,True,,False,1.0
JHNFSYDCBYICLT-UHFFFAOYSA-N,bindingdb|pubchem_confirmatory,False,True,,False,1.0
JHNFSYDCBYICLT-PGRDOPGGSA-N,bindingdb|pubchem_confirmatory,False,True,,False,1.0
MHRGGGXSZCMMTG-WZONZLPQSA-N,bindingdb|pubchem_confirmatory,False,True,,False,1.0
XXHAPXSCIBBBPR-PGRDOPGGSA-N,bindingdb|pubchem_confirmatory,False,True,,False,1.0
LWSHCQCRPRKUAU-OXQOHEQNSA-N,bindingdb|pubchem_confirmatory,False,True,,False,1.0
KRLRWYRMFNQFKF-JPYJTQIMSA-N,bindingdb|pubchem_confirmatory,False,True,,False,1.0
MGFULCHIVWSAFC-NTKDMRAZSA-N,bindingdb|pubchem_confirmatory,False,True,,False,1.0
MZSMHDUPQNNXTK-FQEVSTJZSA-N,bindingdb|pubchem_confirmatory,False,True,,False,1.0
LWKDTIUSCBBPCG-CJFMBICVSA-N,bindingdb|pubchem_confirmatory,False,True,,False,1.0
CQJUFPGIBDGKLI-OXJNMPFZSA-N,bindingdb|pubchem_confirmatory,False,True,,False,1.0
SWHLJBDSUPWBAV-KCZVDYSFSA-N,bindingdb|pubchem_confirmatory,False,True,,False,1.0
JGOGHWHZWSGYBV-PXDATVDWSA-N,bindingdb|pubchem_confirmatory,False,True,,False,1.0
SFQQMZRSUPNMBQ-HYBUGGRVSA-N,bindingdb|pubchem_confirmatory,False,True,,False,1.0
BCGMTOIOJNVTKW-LAUBAEHRSA-N,bindingdb|pubchem_confirmatory,False,True,,False,1.0
SWHLJBDSUPWBAV-ONTIZHBOSA-N,bindingdb|pubchem_confirmatory,False,True,,False,1.0
JHCOCDUNEWCPDJ-IBGZPJMESA-N,bindingdb|pubchem_confirmatory,False,True,,False,1.0
ZJPGSOZQDZHNQR-OXQOHEQNSA-N,bindingdb|pubchem_confirmatory,False,True,,False,1.0
PPRCCLDOIXBDTO-IHJBUBKUSA-N,bindingdb|pubchem_confirmatory,False,True,,False,1.0
IPDOWOAIYVONGQ-WZONZLPQSA-N,bindingdb|pubchem_confirmatory,False,True,,False,1.0
JYBMCOIJXAIWHL-KIFXHHALSA-N,bindingdb|pubchem_confirmatory,False,True,,False,1.0
XPTFYASDLNCNGG-GHTZIAJQSA-N,bindingdb|pubchem_confirmatory,False,True,,False,1.0
YAHQJIWNFQVWGH-UHFFFAOYSA-N,bindingdb|pubchem_confirmatory,False,True,,False,1.0
SWQNQGAIXPALEI-WSCWJOSJSA-N,bindingdb|pubchem_confirmatory,False,True,,False,1.0
TZYIHBPMTYBZIG-HXUWFJFHSA-N,bindingdb|pubchem_confirmatory,False,True,,False,1.0
KPMPCLPZOHGVGR-GVCORALISA-N,bindingdb|pubchem_confirmatory,False,True,,False,1.0
IZWSKLKZFQXMPX-CQOQZXRMSA-N,bindingdb|pubchem_confirmatory,False,True,,False,1.0
XBYPOVVZOAPQHJ-IOZGHAEBSA-N,bindingdb|pubchem_confirmatory,False,True,,False,1.0
XAOKFYSOUKWMDB-LJQANCHMSA-N,bindingdb|pubchem_confirmatory,False,True,,False,1.0
ACDAFJAJTHFIQA-AUZMWRNASA-N,bindingdb|pubchem_confirmatory,False,True,,False,1.0
MWKCHBXTNCWCMF-HXUWFJFHSA-N,bindingdb|pubchem_confirmatory,False,True,,False,1.0
UZXIPWPIVVMIFE-VPTFNQTCSA-N,bindingdb|pubchem_confirmatory,False,True,,False,1.0
LIWXHHMEQAPAGZ-DYXWJJEUSA-N,bindingdb|pubchem_confirmatory,False,True,,False,1.0
LIWXHHMEQAPAGZ-QKNQBKEWSA-N,bindingdb|pubchem_confirmatory,False,True,,False,1.0
VLGNXBXRHYXIPH-QZNHQXDQSA-N,bindingdb|pubchem_confirmatory,False,True,,False,1.0
HYXGXRFLUCYXGK-QZNHQXDQSA-N,bindingdb|pubchem_confirmatory,False,True,,False,1.0
MXYIVEQDQCAYBV-UHFFFAOYSA-N,bindingdb|pubchem_confirmatory,False,True,,False,1.0
YNEYFMOMVYWYKX-UHFFFAOYSA-N,bindingdb|pubchem_confirmatory,False,True,,False,1.0
FQMQPBXDDVYXTE-UHFFFAOYSA-N,bindingdb|pubchem_confirmatory,False,True,,False,1.0
JNLPXNRIBTUKRO-NOZRDPDXSA-N,bindingdb|pubchem_confirmatory,False,True,,False,1.0
BCHLSCBZCOCRKN-SFTDATJTSA-N,bindingdb|pubchem_confirmatory,False,True,,False,1.0
ZOAONFSVARXNNV-KXLZNQPTSA-N,bindingdb|pubchem_confirmatory,False,True,,False,1.0
ZCUJOVREJPYFKX-UHFFFAOYSA-N,bindingdb|pubchem_confirmatory,False,True,,False,1.0
VVEYDPSKPPDJTE-UHFFFAOYSA-N,bindingdb|pubchem_confirmatory,False,True,,False,1.0
AWXRQJFFUVYUSC-UHFFFAOYSA-N,bindingdb|pubchem_confirmatory,False,True,,False,1.0
BGZXCMGMVWBNGH-UHFFFAOYSA-N,bindingdb|pubchem_confirmatory,False,True,,False,1.0
LVKDWQCZWDRYAJ-UHFFFAOYSA-N,bindingdb|pubchem_confirmatory,False,True,,False,1.0
DUTIAKDUQLBQLF-UHFFFAOYSA-N,bindingdb|pubchem_confirmatory,False,True,,False,1.0
UBNGGOVNFSJIJG-UHFFFAOYSA-N,bindingdb|pubchem_confirmatory,False,True,,False,1.0
MCKVPEJPNNLEAP-TUNNFDKTSA-N,bindingdb|pubchem_confirmatory,False,True,,False,1.0
NFPBHTVGQPXGFY-NHCUHLMSSA-N,bindingdb|pubchem_confirmatory,False,True,,False,1.0
GNVYARQRIWPRMP-NHCUHLMSSA-N,bindingdb|pubchem_confirmatory,False,True,,False,1.0
MRMUPMQQCMGCSR-XBBZPSQXSA-N,bindingdb|pubchem_confirmatory,False,True,,False,1.0
IUVPDHXLQQUGMB-DNQXCXABSA-N,bindingdb|pubchem_confirmatory,False,True,,False,1.0
AYSXEZROMVFOGW-WMTXJRDZSA-N,bindingdb|pubchem_confirmatory,False,True,,False,1.0
FHAWJIIIQAXOSV-VDKIKQQVSA-N,bindingdb|pubchem_confirmatory,False,True,,False,1.0
QGGNDXGZJHUSSA-GOSISDBHSA-N,bindingdb|pubchem_confirmatory,False,True,,False,1.0
QGGNDXGZJHUSSA-SFHVURJKSA-N,bindingdb|pubchem_confirmatory,False,True,,False,1.0
ZCUJOVREJPYFKX-SFHVURJKSA-N,bindingdb|pubchem_confirmatory,False,True,,False,1.0
ZQEQAXMFNATMTP-HXUWFJFHSA-N,bindingdb|pubchem_confirmatory,False,True,,False,1.0
DUAFSQPXILOOTI-TUNNFDKTSA-N,bindingdb|pubchem_confirmatory,False,True,,False,1.0
WDRJLORLDTWTEV-QZNHQXDQSA-N,bindingdb|pubchem_confirmatory,False,True,,False,1.0
MYDCGVFZHVUGIW-NRFANRHFSA-N,bindingdb|pubchem_confirmatory,False,True,,False,1.0
ILYJIRVCBDCULR-PXNSSMCTSA-N,bindingdb|pubchem_confirmatory,False,True,,False,1.0
NUEAAZSTJBGEHQ-CYBMUJFWSA-N,bindingdb|pubchem_confirmatory,False,True,,False,1.0
IPWSRMNHUQXFCC-DYESRHJHSA-N,bindingdb|pubchem_confirmatory,False,True,,False,1.0
SDVJGUMHFXSVBM-OAQYLSRUSA-N,bindingdb|pubchem_confirmatory,False,True,,False,1.0
JJUCEYRRPZMKHB-JOCHJYFZSA-N,bindingdb|pubchem_confirmatory,False,True,,False,1.0
YWOMIFATQIXZPV-QEHFTRCTSA-N,bindingdb|pubchem_confirmatory,False,True,,False,1.0
CACDCDCFPDBQNS-GBXCKJPGSA-N,bindingdb|pubchem_confirmatory,False,True,,False,1.0
NWNUHUZHFUVQFH-BLVBGGGKSA-N,bindingdb|pubchem_confirmatory,False,True,,False,1.0
FYEFLJIQYXTNSF-GBXCKJPGSA-N,bindingdb|pubchem_confirmatory,False,True,,False,1.0
BYPWRWZVKSAHNM-IOPFROOUSA-N,bindingdb|pubchem_confirmatory,False,True,,False,1.0
ZESHTVJKVRSQDC-KWQRXZIBSA-N,bindingdb|pubchem_confirmatory,False,True,,False,1.0
YCMAPGLZISSYQG-AUPBHPDMSA-N,bindingdb|pubchem_confirmatory,False,True,,False,1.0
IWDGVJRCXFWFAP-WMZHIEFXSA-N,bindingdb|pubchem_confirmatory,False,True,,False,1.0
OBMPVGBNKKRXFD-JOCHJYFZSA-N,bindingdb|pubchem_confirmatory,False,True,,False,1.0
SUACTQDQPDZYNH-OAQYLSRUSA-N,bindingdb|pubchem_confirmatory,False,True,,False,1.0
VLAXNKASDDXGFU-LJQANCHMSA-N,bindingdb|pubchem_confirmatory,False,True,,False,1.0
JHPILXZFCTXTJO-HXUWFJFHSA-N,bindingdb|pubchem_confirmatory,False,True,,False,1.0
DSXRVVRSVRAOIL-JOCHJYFZSA-N,bindingdb|pubchem_confirmatory,False,True,,False,1.0
ORHNQFJPYYXDJR-OAQYLSRUSA-N,bindingdb|pubchem_confirmatory,False,True,,False,1.0
KCUCBRVBSOMZGW-JOCHJYFZSA-N,bindingdb|pubchem_confirmatory,False,True,,False,1.0
QUKNMHICHUGWKM-WMTXJRDZSA-N,bindingdb|pubchem_confirmatory,False,True,,False,1.0
IKLUFHSVEHWRIL-JOCHJYFZSA-N,bindingdb|pubchem_confirmatory,False,True,,False,1.0
JANIOWYFFJOKKJ-HXUWFJFHSA-N,bindingdb|pubchem_confirmatory,False,True,,False,1.0
OOXOOQYWDGLOFI-OAQYLSRUSA-N,bindingdb|pubchem_confirmatory,False,True,,False,1.0
MVNOPNOWBICIBM-UYBRWVLZSA-N,bindingdb|pubchem_confirmatory,False,True,,False,1.0
JNZMSEMMCJLQJE-AUSIDOKSSA-N,bindingdb|pubchem_confirmatory,False,True,,False,1.0
CUZVZVKMZZYDDJ-MXKZQLQBSA-N,bindingdb|pubchem_confirmatory,False,True,,False,1.0
HTKKYXSIBWISIC-NOLMGDQDSA-N,bindingdb|pubchem_confirmatory,False,True,,False,1.0
VHVSINLEPVKCGE-RJBATXRKSA-N,bindingdb|pubchem_confirmatory,False,True,,False,1.0
NYLPSOPWSNEQRS-NLAJUNGTSA-N,bindingdb|pubchem_confirmatory,False,True,,False,1.0
HLHLGTJUNPLXBO-QFQXNSOFSA-N,bindingdb|pubchem_confirmatory,False,True,,False,1.0
RTGZWMNHBFBIGZ-IJUOOPNOSA-N,bindingdb|pubchem_confirmatory,False,True,,False,1.0
NKFUTBODMKTLKM-AJTFRIOCSA-N,bindingdb|pubchem_confirmatory,False,True,,False,1.0
YOMLBHKZWSBROS-GKUAJQTLSA-N,bindingdb|pubchem_confirmatory,False,True,,False,1.0
UPSRXDDEICTCOK-HYBUGGRVSA-N,bindingdb|pubchem_confirmatory,False,True,,False,1.0
AHUBKUAPGXMBLM-JNWAGDLKSA-N,bindingdb|pubchem_confirmatory,False,True,,False,1.0
ZYEFVWXVSGVGEZ-INVGSZFYSA-N,bindingdb|pubchem_confirmatory,False,True,,False,1.0
YOGOHMLNLARTQV-LZVBSIPISA-N,bindingdb|pubchem_confirmatory,False,True,,False,1.0
UVIHPOPDIHNXCA-WZONZLPQSA-N,bindingdb|pubchem_confirmatory,False,True,,False,1.0
IXNVLOICARTBBV-RDKWVBGNSA-N,bindingdb|pubchem_confirmatory,False,True,,False,1.0
GWXJCNMAFKNIFU-JSZNEXRFSA-N,bindingdb|pubchem_confirmatory,False,True,,False,1.0
CUIZCXOHKFWNCA-RSYUDSDASA-N,bindingdb|pubchem_confirmatory,False,True,,False,1.0
PNCXOMKSILFJND-RSYUDSDASA-N,bindingdb|pubchem_confirmatory,False,True,,False,1.0
ULESTUCRNZLJGI-RWCYZESJSA-N,bindingdb|pubchem_confirmatory,False,True,,False,1.0
YCYZGTHDJXCADQ-KGNQOXMFSA-N,bindingdb|pubchem_confirmatory,False,True,,False,1.0
VLPXAZNANZCPPI-RWCYZESJSA-N,bindingdb|pubchem_confirmatory,False,True,,False,1.0
PKSDJNHNASRKAS-FPNSGZSPSA-N,bindingdb|pubchem_confirmatory,False,True,,False,1.0
WIDLJFICMXWJPW-CXGGQIANSA-N,bindingdb|pubchem_confirmatory,False,True,,False,1.0
VYPGWMOYHNRYEM-ABQQVPPMSA-N,bindingdb|pubchem_confirmatory,False,True,,False,1.0
RPVMTDOKBAOUGE-XDWAHJFPSA-N,bindingdb|pubchem_confirmatory,False,True,,False,1.0
HFNXGMZLICIMHV-LEFDFYFUSA-N,bindingdb|pubchem_confirmatory,False,True,,False,1.0
RYAUBGLWFDMUCK-FLDZJMNKSA-N,bindingdb|pubchem_confirmatory,False,True,,False,1.0
RMVCLEHKZIRGDV-MHYOBEBPSA-N,bindingdb|pubchem_confirmatory,False,True,,False,1.0
GVFUXXYOKBXJOV-NTKDMRAZSA-N,bindingdb|pubchem_confirmatory,False,True,,False,1.0
DDBBFEDMZTYISF-WZONZLPQSA-N,bindingdb|pubchem_confirmatory,False,True,,False,1.0
HSMAWHUKLLSXEE-YHALAERNSA-N,bindingdb|pubchem_confirmatory,False,True,,False,1.0
VUVRDSCGILYJOW-ZVNOTNKZSA-N,bindingdb|pubchem_confirmatory,False,True,,False,1.0
XNVYSBUZBSRWKG-QFQXNSOFSA-N,bindingdb|pubchem_confirmatory,False,True,,False,1.0
HGBSRVBKBKEIKB-FQRUVTKNSA-N,bindingdb|pubchem_confirmatory,False,True,,False,1.0
RTBCGEZTCOEMPZ-NIYFSFCBSA-N,bindingdb|pubchem_confirmatory,False,True,,False,1.0
CJNSBDCTRLIGJH-WZONZLPQSA-N,bindingdb|pubchem_confirmatory,False,True,,False,1.0
FLFBRFVTKHTNQT-AJTFRIOCSA-N,bindingdb|pubchem_confirmatory,False,True,,False,1.0
SHGSQOIZPJMMIE-QDPGVEIFSA-N,bindingdb|pubchem_confirmatory,False,True,,False,1.0
RJKYIVXCJVPMQQ-QDPGVEIFSA-N,bindingdb|pubchem_confirmatory,False,True,,False,1.0
PUWYYEAXBBATRI-AUSIDOKSSA-N,bindingdb|pubchem_confirmatory,False,True,,False,1.0
BKXGAGMFHKMOCJ-WZONZLPQSA-N,bindingdb|pubchem_confirmatory,False,True,,False,1.0
AIMATAXPIKUIRQ-SKCUWOTOSA-N,bindingdb|pubchem_confirmatory,False,True,,False,1.0
GPLHNPXWICABTG-MVOZIGHISA-N,bindingdb|pubchem_confirmatory,False,True,,False,1.0
GPLHNPXWICABTG-SXDGJLEOSA-N,bindingdb|pubchem_confirmatory,False,True,,False,1.0
GUMTUBAOBUKIJB-HYBUGGRVSA-N,bindingdb|pubchem_confirmatory,False,True,,False,1.0
OQFQRKDGTZBKFT-QFQXNSOFSA-N,bindingdb|pubchem_confirmatory,False,True,,False,1.0
KLWIETMUBYNZFC-YHYVQYDKSA-N,bindingdb|pubchem_confirmatory,False,True,,False,1.0
WWCAAAUUHLBUSP-NTKDMRAZSA-N,bindingdb|pubchem_confirmatory,False,True,,False,1.0
UDEDBTNUDNFHJX-WZONZLPQSA-N,bindingdb|pubchem_confirmatory,False,True,,False,1.0
BLBCJTGPVZKNCG-RJBATXRKSA-N,bindingdb|pubchem_confirmatory,False,True,,False,1.0
LRKMWULUBAKXMP-YIXXDRMTSA-N,bindingdb|pubchem_confirmatory,False,True,,False,1.0
IYALDIOOYMNARK-NQLBUQGNSA-N,bindingdb|pubchem_confirmatory,False,True,,False,1.0
YKTLSAWNSNAXIN-LZCPXLSCSA-N,bindingdb|pubchem_confirmatory,False,True,,False,1.0
YAIONNFNAIKNMQ-PXDATVDWSA-N,bindingdb|pubchem_confirmatory,False,True,,False,1.0
YDKHCKJZIFMKAK-ATIYNZHBSA-N,bindingdb|pubchem_confirmatory,False,True,,False,1.0
CZGLIGMHMQUAJO-PXDATVDWSA-N,bindingdb|pubchem_confirmatory,False,True,,False,1.0
LMQZBLYWPKMDRY-QFQXNSOFSA-N,bindingdb|pubchem_confirmatory,False,True,,False,1.0
YJIWDXJHVNGHOS-AJTFRIOCSA-N,bindingdb|pubchem_confirmatory,False,True,,False,1.0
ZEWXIOPXHDYVHT-AUSIDOKSSA-N,bindingdb|pubchem_confirmatory,False,True,,False,1.0
UMIKFEDMZBIKHH-HYBUGGRVSA-N,bindingdb|pubchem_confirmatory,False,True,,False,1.0
OQNRGJIEYNSFGA-XMSQKQJNSA-N,bindingdb|pubchem_confirmatory,False,True,,False,1.0
OTZZTSFTLCCKNX-AUSIDOKSSA-N,bindingdb|pubchem_confirmatory,False,True,,False,1.0
LVWNRRLZLNCNJP-PXDATVDWSA-N,bindingdb|pubchem_confirmatory,False,True,,False,1.0
RWOPAJCYXBRYKS-IWIJADAVSA-N,bindingdb|pubchem_confirmatory,False,True,,False,1.0
UXHLLJKPDUTWLE-RJBATXRKSA-N,bindingdb|pubchem_confirmatory,False,True,,False,1.0
BEQPNHJGQLQGIM-OPZHNOORSA-N,bindingdb|pubchem_confirmatory,False,True,,False,1.0
TVDNAWCKMLGALC-RJBATXRKSA-N,bindingdb|pubchem_confirmatory,False,True,,False,1.0
UYLYSLVZEWXGHZ-AUSIDOKSSA-N,bindingdb|pubchem_confirmatory,False,True,,False,1.0
XLZYNLWRYAEHGT-XMSQKQJNSA-N,bindingdb|pubchem_confirmatory,False,True,,False,1.0
JTLQZTSYOZZFAM-XMSQKQJNSA-N,bindingdb|pubchem_confirmatory,False,True,,False,1.0
DGRZKYMMXZZAAS-AUSIDOKSSA-N,bindingdb|pubchem_confirmatory,False,True,,False,1.0
CKMDBVJBBNLRCY-ATIYNZHBSA-N,bindingdb|pubchem_confirmatory,False,True,,False,1.0
ZRNPYLPPRSFZTM-QFQXNSOFSA-N,bindingdb|pubchem_confirmatory,False,True,,False,1.0
UGUDGWMATJJOAS-HYBUGGRVSA-N,bindingdb|pubchem_confirmatory,False,True,,False,1.0
VUWYLTPEIYKWHV-QFQXNSOFSA-N,bindingdb|pubchem_confirmatory,False,True,,False,1.0
XTPNOPJEVIPPHH-AUSIDOKSSA-N,bindingdb|pubchem_confirmatory,False,True,,False,1.0
LHTWCMAYFMQWNL-SKCUWOTOSA-N,bindingdb|pubchem_confirmatory,False,True,,False,1.0
DQJPAEFVADJSBH-AUSIDOKSSA-N,bindingdb|pubchem_confirmatory,False,True,,False,1.0
LYRQDAZBZYZFIZ-CJFMBICVSA-N,bindingdb|pubchem_confirmatory,False,True,,False,1.0
IWHJWKQBKKOVCE-DNRIFNMESA-N,bindingdb|pubchem_confirmatory,False,True,,False,1.0
ASQGFANEDMYUKK-PQQPKJSBSA-N,bindingdb|pubchem_confirmatory,False,True,,False,1.0
OMGHTRFPCBLHOD-GIBDUUHHSA-N,bindingdb|pubchem_confirmatory,False,True,,False,1.0
SXQOCSPCUUBGKD-GIBDUUHHSA-N,bindingdb|pubchem_confirmatory,False,True,,False,1.0
SISXVMXWDWVACZ-UFFXRUGOSA-N,bindingdb|pubchem_confirmatory,False,True,,False,1.0
NPBOFSBLSNTZLR-JTBFMICSSA-N,bindingdb|pubchem_confirmatory,False,True,,False,1.0
WXJVIANQSTXYQW-AREMUKBSSA-N,bindingdb|pubchem_confirmatory,False,True,,False,1.0
UVMDCPZEHDKBPP-AUSIDOKSSA-N,bindingdb|pubchem_confirmatory,False,True,,False,1.0
ZWYQAHLPBBUUMC-DISSZYSNSA-N,bindingdb|pubchem_confirmatory,False,True,,False,1.0
MTCYUZPXAXHFEU-PXDATVDWSA-N,bindingdb|pubchem_confirmatory,False,True,,False,1.0
SDWUZBXDMJTQLM-CJFMBICVSA-N,bindingdb|pubchem_confirmatory,False,True,,False,1.0
LIXPNEXQVIKJHS-ATIYNZHBSA-N,bindingdb|pubchem_confirmatory,False,True,,False,1.0
WRENGWABZKPEIU-HYBUGGRVSA-N,bindingdb|pubchem_confirmatory,False,True,,False,1.0
BDRQEGWZTVLHPI-SAQVGAHLSA-N,bindingdb|pubchem_confirmatory,False,True,,False,1.0
YIUTYFHWNVNFKV-GMNDGQHTSA-N,pubchem_confirmatory,False,True,,False,1.0
PUDNJEPLLSZMLH-UCRBNFBUSA-N,pubchem_confirmatory,False,True,,False,1.0
BBUWOTVOSWGBEU-YJNPJNMISA-N,pubchem_confirmatory,False,True,,False,1.0
XDQHXYJSQGISGP-WBYYKFCASA-N,pubchem_confirmatory,False,True,,False,1.0
AUADQYHLGGWAST-WQTPVJRFSA-N,pubchem_confirmatory,False,True,,False,1.0
JLMXHLBHJXINQD-CZOQGKOKSA-N,pubchem_confirmatory,False,True,,False,1.0
YYQNLADCXBBSSY-WWYWXPHQSA-N,pubchem_confirmatory,False,True,,False,1.0
YYQNLADCXBBSSY-JOLLGGGOSA-N,pubchem_confirmatory,False,True,,False,1.0
BJMCGQQKWVBYPV-WQTPVJRFSA-N,pubchem_confirmatory,False,True,,False,1.0
NJFALQNPHLBHBZ-WBYYKFCASA-N,pubchem_confirmatory,False,True,,False,1.0
ZZJYFNPBUMYMDN-WBYYKFCASA-N,pubchem_confirmatory,False,True,,False,1.0
YVUWCXWUBGODRK-LZCPXLSCSA-N,bindingdb|pubchem_confirmatory,False,True,,False,1.0
LLQUEEICLSLTDZ-UFFXRUGOSA-N,bindingdb|pubchem_confirmatory,False,True,,False,1.0
ZPJHWDOGUYYOCW-ZJSHBSNOSA-N,bindingdb|pubchem_confirmatory,False,True,,False,1.0
YKDVHHVZWVNBMQ-MYBGGXRSSA-N,bindingdb|pubchem_confirmatory,False,True,,False,1.0
XCOIIECIWYWQAT-UFFXRUGOSA-N,bindingdb|pubchem_confirmatory,False,True,,False,1.0
MLVILFCGROUFSL-NKNQFRNOSA-N,bindingdb|pubchem_confirmatory,False,True,,False,1.0
ASYGZGREHXXPJY-MXKZQLQBSA-N,bindingdb|pubchem_confirmatory,False,True,,False,1.0
GAFPZRLDBQWLEY-NHFMZCEXSA-N,bindingdb|pubchem_confirmatory,False,True,,False,1.0
WYKOTJAOGYGVPG-AWIVUPEPSA-N,bindingdb|pubchem_confirmatory,False,True,,False,1.0
QIRQPEPPENUMPF-HJNVTSSZSA-N,bindingdb|pubchem_confirmatory,False,True,,False,1.0
PSFVCEGUQKWBNX-HYBUGGRVSA-N,bindingdb|pubchem_confirmatory,False,True,,False,1.0
VRONXKKAPPJXLH-GKUAJQTLSA-N,bindingdb|pubchem_confirmatory,False,True,,False,1.0
SLFACOMHIQKHKF-XSRCTALUSA-N,bindingdb|pubchem_confirmatory,False,True,,False,1.0
XTLMEWQOHTZSSQ-UOOXCUFBSA-N,bindingdb|pubchem_confirmatory,False,True,,False,1.0
BOECCVMOZRCUCW-FDYRDFEWSA-N,bindingdb|pubchem_confirmatory,False,True,,False,1.0
YGHHZZDEXMLAEE-HXUWFJFHSA-N,bindingdb|pubchem_confirmatory,False,True,,False,1.0
FRGQNTLZTNSXOP-LAUBAEHRSA-N,bindingdb|pubchem_confirmatory,False,True,,False,1.0
KPFDEQHOOROSRO-OXJNMPFZSA-N,bindingdb|pubchem_confirmatory,False,True,,False,1.0
RGPGCPYSKUKPSW-SQJMNOBHSA-N,bindingdb|pubchem_confirmatory,False,True,,False,1.0
XURCLAXHXDQSOV-LJQANCHMSA-N,bindingdb|pubchem_confirmatory,False,True,,False,1.0
OMKZFFYFIFAEBF-OAQYLSRUSA-N,bindingdb|pubchem_confirmatory,False,True,,False,1.0
GXRIYXZIRHWXGH-JBRSBNLGSA-N,bindingdb|pubchem_confirmatory,False,True,,False,1.0
HWMDEWXECGCNHJ-NBGIEHNGSA-N,bindingdb|pubchem_confirmatory,False,True,,False,1.0
YFKLYFKWXWPOMW-YADARESESA-N,bindingdb|pubchem_confirmatory,False,True,,False,1.0
SYABSNLUCIBNBW-SQJMNOBHSA-N,bindingdb|pubchem_confirmatory,False,True,,False,1.0
DOBUFQCURIHFSH-YADARESESA-N,bindingdb|pubchem_confirmatory,False,True,,False,1.0
WPWGXCUDOGIFRB-HFZDXXHNSA-N,bindingdb|pubchem_confirmatory,False,True,,False,1.0
UFARJIXNXCTHAD-BKMJKUGQSA-N,bindingdb|pubchem_confirmatory,False,True,,False,1.0
VWAZCFJVBLNVDM-WMZHIEFXSA-N,bindingdb|pubchem_confirmatory,False,True,,False,1.0
NHQHPWMDPPUXGR-BKMJKUGQSA-N,bindingdb|pubchem_confirmatory,False,True,,False,1.0
XHZYDKNWAOJCLJ-BKMJKUGQSA-N,bindingdb|pubchem_confirmatory,False,True,,False,1.0
WTDKTNHNVYLXBH-WMZHIEFXSA-N,bindingdb|pubchem_confirmatory,False,True,,False,1.0
FYZYGYVWWSWTHB-HFZDXXHNSA-N,bindingdb|pubchem_confirmatory,False,True,,False,1.0
WRVXFNVAKNRVDN-GBXCKJPGSA-N,bindingdb|pubchem_confirmatory,False,True,,False,1.0
RDROMQNRZJWKQN-HFZDXXHNSA-N,bindingdb|pubchem_confirmatory,False,True,,False,1.0
IOXWGGAINMMJMQ-KDYSTLNUSA-N,bindingdb|pubchem_confirmatory,False,True,,False,1.0
WAGXVGPLXAWXFS-HHHXNRCGSA-N,bindingdb|pubchem_confirmatory,False,True,,False,1.0
YONYBCVJKHHLCE-RUZDIDTESA-N,bindingdb|pubchem_confirmatory,False,True,,False,1.0
UEEPPKYMHYAOHR-JOCHJYFZSA-N,bindingdb|pubchem_confirmatory,False,True,,False,1.0
YOMNOCWFBOYSHV-GBXCKJPGSA-N,bindingdb|pubchem_confirmatory,False,True,,False,1.0
SMHKVAPMJPJEPY-YADARESESA-N,bindingdb|pubchem_confirmatory,False,True,,False,1.0
GWOPCFYINOITJP-FDDCHVKYSA-N,bindingdb|pubchem_confirmatory,False,True,,False,1.0
PNMUBHIWHVSZSK-PWUYWRBVSA-N,bindingdb|pubchem_confirmatory,False,True,,False,1.0
LWJUNPDCWFHHPY-NEKDWFFYSA-N,bindingdb|pubchem_confirmatory,False,True,,False,1.0
DCWONHKPZRUFJT-OAQYLSRUSA-N,bindingdb|pubchem_confirmatory,False,True,,False,1.0
LWLPQADPOLAOQJ-PGRDOPGGSA-N,bindingdb|pubchem_confirmatory,False,True,,False,1.0
QXHIHKBJYDTUMQ-IZUFOGEXSA-N,bindingdb|pubchem_confirmatory,False,True,,False,1.0
HBQVPYKLHYLQKU-XIJGOZNCSA-N,bindingdb|pubchem_confirmatory,False,True,,False,1.0
HDERIXMXKGKROA-YADARESESA-N,bindingdb|pubchem_confirmatory,False,True,,False,1.0
WAEIQEBYXCECOM-NEKDWFFYSA-N,bindingdb|pubchem_confirmatory,False,True,,False,1.0
QXHIHKBJYDTUMQ-YCRNBWNJSA-N,bindingdb|pubchem_confirmatory,False,True,,False,1.0
QXHIHKBJYDTUMQ-SFYKDHMMSA-N,bindingdb|pubchem_confirmatory,False,True,,False,1.0
PFNDSALLWCTSCH-ZECRLDNTSA-N,pubchem_confirmatory,False,True,,False,1.0
MGBWCRRBQWOHAP-WZSCFAGYSA-N,pubchem_confirmatory,False,True,,False,1.0
LCFQAKXCEXEDDU-QMRFNYJTSA-N,pubchem_confirmatory,False,True,,False,1.0
YOSVQIPVTZEQFN-RRJIUTJNSA-N,pubchem_confirmatory,False,True,,False,1.0
PQYPVYLLCZIAAE-BWAGFHJFSA-N,pubchem_confirmatory,False,True,,False,1.0
IJGLEGHJYSFYEE-ZOYVCNMZSA-N,pubchem_confirmatory,False,True,,False,1.0
VIBUIXOZYVNCIW-ZOGBDMNLSA-N,pubchem_confirmatory,False,True,,False,1.0
PILJMVSCVPOULO-UNCXHPMXSA-N,pubchem_confirmatory,False,True,,False,1.0
ONLYCFUHPIFRGJ-IMVKUFQJSA-N,pubchem_confirmatory,False,True,,False,1.0
YVXORZZJQQADSN-SKFUIJEOSA-N,pubchem_confirmatory,False,True,,False,1.0
MEBUSOSHQDLZTO-SKFUIJEOSA-N,pubchem_confirmatory,False,True,,False,1.0
YMBFYRFMFJMXJB-YQLJFJGKSA-N,pubchem_confirmatory,False,True,,False,1.0
DCYQDTVUELGXCW-XLUUBMHYSA-N,pubchem_confirmatory,False,True,,False,1.0
LFHDZNKHUOLINQ-CZOQGKOKSA-N,pubchem_confirmatory,False,True,,False,1.0
XXBQBQBNLBPNJU-CZOQGKOKSA-N,pubchem_confirmatory,False,True,,False,1.0
PJOKJMKPZXQSHS-CZOQGKOKSA-N,pubchem_confirmatory,False,True,,False,1.0
GWQXCHAEZGADIJ-AKSQRFLHSA-N,pubchem_confirmatory,False,True,,False,1.0
KIXKMXVZIOFSGT-LICYEUHVSA-N,pubchem_confirmatory,False,True,,False,1.0
XDQHXYJSQGISGP-MQUVIWKCSA-N,pubchem_confirmatory,False,True,,False,1.0
IFLXSINNDKWWKI-PLNFTNRRSA-N,pubchem_confirmatory,False,True,,False,1.0
HWVVOFUEJCARRO-HQNFRFEVSA-N,pubchem_confirmatory,False,True,,False,1.0
LTYNIYBRTYGLBC-IOTFABBMSA-N,pubchem_confirmatory,False,True,,False,1.0
FYBNYGJFTMMBRN-PLNFTNRRSA-N,pubchem_confirmatory,False,True,,False,1.0
KPLUGYHUPKNQPI-PLNFTNRRSA-N,pubchem_confirmatory,False,True,,False,1.0
MGPFUBIXJDMGPE-UCRBNFBUSA-N,pubchem_confirmatory,False,True,,False,1.0
RWSAIPTUGLXTQK-LKRYVOINSA-N,pubchem_confirmatory,False,True,,False,1.0
CKINKBLJYCITJY-SQSVJPPKSA-N,pubchem_confirmatory,False,True,,False,1.0
NNMHFHZOXZPGKW-FHULUBRZSA-N,pubchem_confirmatory,False,True,,False,1.0
YIUTYFHWNVNFKV-OTBWLPETSA-N,pubchem_confirmatory,False,True,,False,1.0
YIUTYFHWNVNFKV-MOIZKARTSA-N,pubchem_confirmatory,False,True,,False,1.0
FYJWAOBLQMZHSM-CZOQGKOKSA-N,pubchem_confirmatory,False,True,,False,1.0
JDBRPXYNNLFJMS-WQTPVJRFSA-N,pubchem_confirmatory,False,True,,False,1.0
PNNOIETUGBXYFF-WQTPVJRFSA-N,pubchem_confirmatory,False,True,,False,1.0
VSNXLJCINCZNGS-ZOGBDMNLSA-N,pubchem_confirmatory,False,True,,False,1.0
OGFMCHMUTBVKKY-XOUWMQEHSA-N,pubchem_confirmatory,False,True,,False,1.0
AMVPDYRLVKUNIT-ZOGBDMNLSA-N,pubchem_confirmatory,False,True,,False,1.0
LLUXEAVZZKSWRK-SQSVJPPKSA-N,pubchem_confirmatory,False,True,,False,1.0
SSDLYMGCSCTEQF-WQTPVJRFSA-N,pubchem_confirmatory,False,True,,False,1.0
DLCRTWBWVRWAOW-UCRBNFBUSA-N,pubchem_confirmatory,False,True,,False,1.0
HDXXLIVEWODPMN-UCRBNFBUSA-N,pubchem_confirmatory,False,True,,False,1.0
DQNLFFPZCRXJPI-ZOGBDMNLSA-N,pubchem_confirmatory,False,True,,False,1.0
RTPCRZFGAPFECK-ZOGBDMNLSA-N,pubchem_confirmatory,False,True,,False,1.0
ZFRQMRCSPOQMDY-ZOGBDMNLSA-N,pubchem_confirmatory,False,True,,False,1.0
JDVRZNXNUWXDCL-ZOGBDMNLSA-N,pubchem_confirmatory,False,True,,False,1.0
DWTAOGUQVXJQHS-UCRBNFBUSA-N,pubchem_confirmatory,False,True,,False,1.0
OHQGFBZPOUJKCA-UCRBNFBUSA-N,pubchem_confirmatory,False,True,,False,1.0
QMLMJLSUYUDGTB-UCRBNFBUSA-N,pubchem_confirmatory,False,True,,False,1.0
XODQWSDULGEXER-JDBUVZGPSA-N,pubchem_confirmatory,False,True,,False,1.0
RHPSIPFSVPURJS-FOTNASDISA-N,pubchem_confirmatory,False,True,,False,1.0
RHPSIPFSVPURJS-CYKVULKJSA-N,pubchem_confirmatory,False,True,,False,1.0
UJTQYQLYPNEBMM-JPEVHGAISA-N,bindingdb|pubchem_confirmatory,False,True,,False,1.0
UCGGMFLLXAXMSA-HKGBXIQFSA-N,bindingdb|pubchem_confirmatory,False,True,,False,1.0
HJVYIMFLDZZYRV-AUZMWRNASA-N,bindingdb|pubchem_confirmatory,False,True,,False,1.0
VODPLDTWMZSPNB-PRNYMFJNSA-N,bindingdb|pubchem_confirmatory,False,True,,False,1.0
DFRXDCSOZQHYAU-YIOSSIBISA-N,bindingdb|pubchem_confirmatory,False,True,,False,1.0
ZWIAESBSGAIVDW-NDKUEENFSA-N,bindingdb|pubchem_confirmatory,False,True,,False,1.0
FAKZLEOJTWMVSN-JZIKNROVSA-N,bindingdb|pubchem_confirmatory,False,True,,False,1.0
CMQWSBAXXALMTC-AUZMWRNASA-N,bindingdb|pubchem_confirmatory,False,True,,False,1.0
KIBZKMCXHPYPHZ-IGISAERJSA-N,bindingdb|pubchem_confirmatory,False,True,,False,1.0
UWUVVCHTUJBFLE-TYJKYYPBSA-N,bindingdb|pubchem_confirmatory,False,True,,False,1.0
UTUSLQBFYBDOMT-KQUPGTECSA-N,bindingdb|pubchem_confirmatory,False,True,,False,1.0
IVASBRWHQYHLPL-WYSLSVGLSA-N,bindingdb|pubchem_confirmatory,False,True,,False,1.0
SISHJFJFVJDMHT-NDKUEENFSA-N,bindingdb|pubchem_confirmatory,False,True,,False,1.0
LDSVNPSREJHGDG-IUBQTAPSSA-N,bindingdb|pubchem_confirmatory,False,True,,False,1.0
UXMXWUNQSRXWGJ-IUBQTAPSSA-N,bindingdb|pubchem_confirmatory,False,True,,False,1.0
AKJRMUHBZISHMO-HKGBXIQFSA-N,bindingdb|pubchem_confirmatory,False,True,,False,1.0
WUMXZMJDSNUNQV-NDKUEENFSA-N,bindingdb|pubchem_confirmatory,False,True,,False,1.0
OBSQPMBXCPWFHA-GTTZXYGSSA-N,bindingdb|pubchem_confirmatory,False,True,,False,1.0
BGCRNIJCOVTIBD-KLNWILNISA-N,bindingdb|pubchem_confirmatory,False,True,,False,1.0
OQSKHEIMHLTVNN-KLNWILNISA-N,bindingdb|pubchem_confirmatory,False,True,,False,1.0
FPGYTBLIQLDNFK-KFOHMRLHSA-N,bindingdb|pubchem_confirmatory,False,True,,False,1.0
XKSGTYRCTXASKW-RPAZBDDQSA-N,bindingdb|pubchem_confirmatory,False,True,,False,1.0
XNQHVJOLKSRRLY-KVYOAWSJSA-N,bindingdb|pubchem_confirmatory,False,True,,False,1.0
AMMUITPQFDEUJP-SWWFSWNPSA-N,bindingdb|pubchem_confirmatory,False,True,,False,1.0
ZAKAHILPOZRHQU-QZTJIDSGSA-N,bindingdb|pubchem_confirmatory,False,True,,False,1.0
NEHYHWNSTMHJTE-NFHUAXAMSA-N,bindingdb|pubchem_confirmatory,False,True,,False,1.0
YPXBNWXLJSPJQX-IAGOWNOFSA-N,bindingdb|pubchem_confirmatory,False,True,,False,1.0
KDTKBJICSDWMAL-HZPDHXFCSA-N,bindingdb|pubchem_confirmatory,False,True,,False,1.0
PCUSAHFKZUSQDL-VJBLKOIQSA-N,bindingdb|pubchem_confirmatory,False,True,,False,1.0
WSESUCNWWBAUIH-WOJBJXKFSA-N,bindingdb|pubchem_confirmatory,False,True,,False,1.0
OSIUANACYCCNCV-WJPVBLRZSA-N,bindingdb|pubchem_confirmatory,False,True,,False,1.0
JZFTYGONYNFMAD-GSDGAUQMSA-N,bindingdb|pubchem_confirmatory,False,True,,False,1.0
DQGUPMKNSOTKRJ-GSDGAUQMSA-N,bindingdb|pubchem_confirmatory,False,True,,False,1.0
IIAMTGMLHSLYFN-VJBLKOIQSA-N,bindingdb|pubchem_confirmatory,False,True,,False,1.0
BJABAWQMYVBWRL-HIIGZGGBSA-N,bindingdb|pubchem_confirmatory,False,True,,False,1.0
GRKUPZPOSQTAPO-HKGBXIQFSA-N,bindingdb|pubchem_confirmatory,False,True,,False,1.0
SWODMSMUSYWLHH-HKGBXIQFSA-N,bindingdb|pubchem_confirmatory,False,True,,False,1.0
WEKOBRIJDZLNEF-UKPISFLSSA-N,bindingdb|pubchem_confirmatory,False,True,,False,1.0
IAPOQLPGVURKKZ-VJBLKOIQSA-N,bindingdb|pubchem_confirmatory,False,True,,False,1.0
RIYZVRYTRRAPNZ-UKPISFLSSA-N,bindingdb|pubchem_confirmatory,False,True,,False,1.0
FCKWKMBZSBEFAZ-KLNWILNISA-N,bindingdb|pubchem_confirmatory,False,True,,False,1.0
MOALSGPXFLABGC-VJBLKOIQSA-N,bindingdb|pubchem_confirmatory,False,True,,False,1.0
ONPLNGUGKDPXMF-VJBLKOIQSA-N,bindingdb|pubchem_confirmatory,False,True,,False,1.0
CWEJGFLIVNSSFI-AUZMWRNASA-N,bindingdb|pubchem_confirmatory,False,True,,False,1.0
PHMVINYOFRRKFR-XPHRQAEKSA-N,bindingdb|pubchem_confirmatory,False,True,,False,1.0
QCRLHXAAIIEUMT-KLNWILNISA-N,bindingdb|pubchem_confirmatory,False,True,,False,1.0
SDLGZAGDBPBEEF-RUZDIDTESA-N,bindingdb|pubchem_confirmatory,False,True,,False,1.0
GQIGCAZCFDCIMF-RUZDIDTESA-N,bindingdb|pubchem_confirmatory,False,True,,False,1.0
GLWBCBFCDMHPMP-HSZRJFAPSA-N,bindingdb|pubchem_confirmatory,False,True,,False,1.0
UDCZJAWDUZQVMO-QGZVFWFLSA-N,bindingdb|pubchem_confirmatory,False,True,,False,1.0
DFTRMYDFWWJHOS-AUSIDOKSSA-N,bindingdb|pubchem_confirmatory,False,True,,False,1.0
HWAGLZNJGHSMPN-SKCUWOTOSA-N,bindingdb|pubchem_confirmatory,False,True,,False,1.0
HWAGLZNJGHSMPN-DFHRPNOPSA-N,bindingdb|pubchem_confirmatory,False,True,,False,1.0
JLNUELQXAWUXPA-WOJBJXKFSA-N,bindingdb|pubchem_confirmatory,False,True,,False,1.0
OFGLSBNKSQHREF-IBGZPJMESA-N,bindingdb|pubchem_confirmatory,False,True,,False,1.0
DMMISAFXPXAAAV-BWKNWUBXSA-N,bindingdb|pubchem_confirmatory,False,True,,False,1.0
DXCIAASWXPENNK-IBGZPJMESA-N,bindingdb|pubchem_confirmatory,False,True,,False,1.0
UVFFNQDTNYNSOW-WIYYLYMNSA-N,bindingdb|pubchem_confirmatory,False,True,,False,1.0
SQMIBZLRDFMZFZ-OFNKIYASSA-N,bindingdb|pubchem_confirmatory,False,True,,False,1.0
CDBXAUGXTYEGOC-MHZLTWQESA-N,bindingdb|pubchem_confirmatory,False,True,,False,1.0
KWIAQQUVDLIMIE-MHZLTWQESA-N,bindingdb|pubchem_confirmatory,False,True,,False,1.0
UGUKWMXQVBWOLY-QHCPKHFHSA-N,bindingdb|pubchem_confirmatory,False,True,,False,1.0
WBCCJNJWNJVUJD-MHZLTWQESA-N,bindingdb|pubchem_confirmatory,False,True,,False,1.0
WPRRSSXPBRMXNU-MHZLTWQESA-N,bindingdb|pubchem_confirmatory,False,True,,False,1.0
KEBFCTNHFQLWPI-QFIPXVFZSA-N,bindingdb|pubchem_confirmatory,False,True,,False,1.0
XXYDJADHSZBACI-VWLOTQADSA-N,bindingdb|pubchem_confirmatory,False,True,,False,1.0
FEVIMWKHIZOJKP-YFUNYDNQSA-N,bindingdb|pubchem_confirmatory,False,True,,False,1.0
IHICPRITNHGJMK-GOSISDBHSA-N,bindingdb|pubchem_confirmatory,False,True,,False,1.0
FKIUJYUNZVNKKC-GOSISDBHSA-N,bindingdb|pubchem_confirmatory,False,True,,False,1.0
PJMIIVNQZITCIM-LJQANCHMSA-N,bindingdb|pubchem_confirmatory,False,True,,False,1.0
NAHUEHDPAYKUFC-MRXNPFEDSA-N,bindingdb|pubchem_confirmatory,False,True,,False,1.0
CKJLSDOHPGMDTO-UHFFFAOYSA-N,bindingdb|pubchem_confirmatory,False,True,,False,1.0
POGULWWRDBSAKD-UHFFFAOYSA-N,bindingdb|pubchem_confirmatory,False,True,,False,1.0
OCIHVOPEKGPLTO-UHFFFAOYSA-N,bindingdb|pubchem_confirmatory,False,True,,False,1.0
BTJKEACCHIGMPB-HXUWFJFHSA-N,bindingdb|pubchem_confirmatory,False,True,,False,1.0
ZBWXTEXNMKRCOJ-QFIPXVFZSA-N,bindingdb|pubchem_confirmatory,False,True,,False,1.0
GIULMMSEEDMYFG-QFIPXVFZSA-N,bindingdb|pubchem_confirmatory,False,True,,False,1.0
LARDFWXNOVHHCR-GOSISDBHSA-N,bindingdb|pubchem_confirmatory,False,True,,False,1.0
JKCGAUGQZHYWTE-NRFANRHFSA-N,bindingdb|pubchem_confirmatory,False,True,,False,1.0
BTZLRGSIKDYAEP-PERKSNPHSA-N,bindingdb|pubchem_confirmatory,False,True,,False,1.0
CIQGBHJMJPWVDZ-ZDFQTVLFSA-N,bindingdb|pubchem_confirmatory,False,True,,False,1.0
CIQGBHJMJPWVDZ-KUKJJJIBSA-N,bindingdb|pubchem_confirmatory,False,True,,False,1.0
GJGMACGPUUPGEY-QGZVFWFLSA-N,bindingdb|pubchem_confirmatory,False,True,,False,1.0
JMOWCAAJIURAIX-QGZVFWFLSA-N,bindingdb|pubchem_confirmatory,False,True,,False,1.0
KXORAWBBRZHLGF-MRXNPFEDSA-N,bindingdb|pubchem_confirmatory,False,True,,False,1.0
NGNVROYRKLFSFO-GOSISDBHSA-N,bindingdb|pubchem_confirmatory,False,True,,False,1.0
RWSNXAKJOOUGIW-OAHLLOKOSA-N,bindingdb|pubchem_confirmatory,False,True,,False,1.0
HSVYIINOGNXBAF-CQSZACIVSA-N,bindingdb|pubchem_confirmatory,False,True,,False,1.0
IKJMEODKPRDSEU-CQSZACIVSA-N,bindingdb|pubchem_confirmatory,False,True,,False,1.0
ZNDOTDMSMGQIRY-MRXNPFEDSA-N,bindingdb|pubchem_confirmatory,False,True,,False,1.0
VIWAVTJCEMXXSD-OAHLLOKOSA-N,bindingdb|pubchem_confirmatory,False,True,,False,1.0
VSUOJBFGFSPGJH-OAHLLOKOSA-N,bindingdb|pubchem_confirmatory,False,True,,False,1.0
RVYQMCQZUJTWCF-QGZVFWFLSA-N,bindingdb|pubchem_confirmatory,False,True,,False,1.0
LCSFKIYKFZUCMW-MRXNPFEDSA-N,bindingdb|pubchem_confirmatory,False,True,,False,1.0
PHHFLBJXWBASPA-QGZVFWFLSA-N,bindingdb|pubchem_confirmatory,False,True,,False,1.0
SFORXOHEZOCFPF-QGZVFWFLSA-N,bindingdb|pubchem_confirmatory,False,True,,False,1.0
CPZTVTNQAONWIY-OAHLLOKOSA-N,bindingdb|pubchem_confirmatory,False,True,,False,1.0
FSWKGPVEKSBSQV-OAHLLOKOSA-N,bindingdb|pubchem_confirmatory,False,True,,False,1.0
GGPLLNWSKTVFGI-MRXNPFEDSA-N,bindingdb|pubchem_confirmatory,False,True,,False,1.0
DNKNBSGHBNHBTP-OAHLLOKOSA-N,bindingdb|pubchem_confirmatory,False,True,,False,1.0
OXIIVXYCZIOIQU-OAHLLOKOSA-N,bindingdb|pubchem_confirmatory,False,True,,False,1.0
PODBEFGDRZBSHE-MRXNPFEDSA-N,bindingdb|pubchem_confirmatory,False,True,,False,1.0
BPTRUIORDPDNFI-OAHLLOKOSA-N,bindingdb|pubchem_confirmatory,False,True,,False,1.0
BOAQIJHPSWEUJK-QGZVFWFLSA-N,bindingdb|pubchem_confirmatory,False,True,,False,1.0
GWWKYBLGMYDNIH-GOSISDBHSA-N,bindingdb|pubchem_confirmatory,False,True,,False,1.0
OAAKCMIJQBHMRE-QGZVFWFLSA-N,bindingdb|pubchem_confirmatory,False,True,,False,1.0
RJZCGXUDBPUTBA-MUMRKEEXSA-N,bindingdb|pubchem_confirmatory,False,True,,False,1.0
GNQUHEGPEMQHLJ-QGZVFWFLSA-N,bindingdb|pubchem_confirmatory,False,True,,False,1.0
FSOAGAKJFRZJAZ-CQSZACIVSA-N,bindingdb|pubchem_confirmatory,False,True,,False,1.0
FLDNYEMVCVLQMI-OAHLLOKOSA-N,bindingdb|pubchem_confirmatory,False,True,,False,1.0
SVOAWTLDSVLLES-JZYQJFMBSA-N,bindingdb|pubchem_confirmatory,False,True,,False,1.0
IOYVIHRTLNFWRZ-OAHLLOKOSA-N,bindingdb|pubchem_confirmatory,False,True,,False,1.0
QTYSSIWSJMUYTB-HXUWFJFHSA-N,bindingdb|pubchem_confirmatory,False,True,,False,1.0
AUBUZFRPOSSOJN-HXUWFJFHSA-N,bindingdb|pubchem_confirmatory,False,True,,False,1.0
GECMYQBXUITEJG-LJQANCHMSA-N,bindingdb|pubchem_confirmatory,False,True,,False,1.0
JESBOMLDJCKBAM-JOCHJYFZSA-N,bindingdb|pubchem_confirmatory,False,True,,False,1.0
QUWVVBWVBDQFLL-GOSISDBHSA-N,bindingdb|pubchem_confirmatory,False,True,,False,1.0
KEQXCTWCDHSYTC-LJQANCHMSA-N,bindingdb|pubchem_confirmatory,False,True,,False,1.0
OJZATKVQZOFAOF-GOSISDBHSA-N,bindingdb|pubchem_confirmatory,False,True,,False,1.0
KNFAUNLMPSYLQT-JOCHJYFZSA-N,bindingdb|pubchem_confirmatory,False,True,,False,1.0
IIEOBHNRPQUNSW-QGZVFWFLSA-N,bindingdb|pubchem_confirmatory,False,True,,False,1.0
CGJWCWPGBRGADX-HXUWFJFHSA-N,bindingdb|pubchem_confirmatory,False,True,,False,1.0
GCIZMHPSWKVAFG-OAQYLSRUSA-N,bindingdb|pubchem_confirmatory,False,True,,False,1.0
VDOAEAGRPJXRIU-GOSISDBHSA-N,bindingdb|pubchem_confirmatory,False,True,,False,1.0
WZEHFNJEMMJSSE-GOSISDBHSA-N,bindingdb|pubchem_confirmatory,False,True,,False,1.0
CQNJKNBQUUFKBJ-LJQANCHMSA-N,bindingdb|pubchem_confirmatory,False,True,,False,1.0
RJBDHCVBZYSUQY-NLLIIVPZSA-N,bindingdb|pubchem_confirmatory,False,True,,False,1.0
ORSRFFTULICJJU-GOSISDBHSA-N,bindingdb|pubchem_confirmatory,False,True,,False,1.0
DDGRIECZDDCVQO-DAMGRWPNSA-N,bindingdb|pubchem_confirmatory,False,True,,False,1.0
OSOROGQEJBFLSS-WLIZHVBXSA-N,bindingdb|pubchem_confirmatory,False,True,,False,1.0
NRUFHLHDDOYRLX-HIACHEIYSA-N,bindingdb|pubchem_confirmatory,False,True,,False,1.0
RNDPOYAQBJXSJL-JOCHJYFZSA-N,bindingdb|pubchem_confirmatory,False,True,,False,1.0
KJZQSRGUDLWLNB-QGZVFWFLSA-N,bindingdb|pubchem_confirmatory,False,True,,False,1.0
WXVWOIZPYCCNRK-GOSISDBHSA-N,bindingdb|pubchem_confirmatory,False,True,,False,1.0
MXMZWFGCQDKJIW-JKTWZELDSA-N,bindingdb|pubchem_confirmatory,False,True,,False,1.0
DIRTWDZFIVPXJS-QGZVFWFLSA-N,bindingdb|pubchem_confirmatory,False,True,,False,1.0
RJYQREWMFXLJJB-MPQSDHOMSA-N,bindingdb|pubchem_confirmatory,False,True,,False,1.0
XNHQXEXKYNNWFL-MRXNPFEDSA-N,bindingdb|pubchem_confirmatory,False,True,,False,1.0
WJJCJRZALPLFSH-QGZVFWFLSA-N,bindingdb|pubchem_confirmatory,False,True,,False,1.0
IOJFFBDSKDENQE-LJQANCHMSA-N,bindingdb|pubchem_confirmatory,False,True,,False,1.0
ZMWUXGNOPCLVDN-OAHLLOKOSA-N,bindingdb|pubchem_confirmatory,False,True,,False,1.0
SOOPZWBFFBTCCV-GOSISDBHSA-N,bindingdb|pubchem_confirmatory,False,True,,False,1.0
QPNNMLYXONASME-GOSISDBHSA-N,bindingdb|pubchem_confirmatory,False,True,,False,1.0
TZRCGFQKPUEATO-MRXNPFEDSA-N,bindingdb|pubchem_confirmatory,False,True,,False,1.0
FGJMZPCGYDLECH-GOSISDBHSA-N,bindingdb|pubchem_confirmatory,False,True,,False,1.0
HMVIRNHBLWCPGV-GOSISDBHSA-N,bindingdb|pubchem_confirmatory,False,True,,False,1.0
DDHWZXHKMXHEBG-QGZVFWFLSA-N,bindingdb|pubchem_confirmatory,False,True,,False,1.0
JOVVAHYETADWLX-MRXNPFEDSA-N,bindingdb|pubchem_confirmatory,False,True,,False,1.0
GKFBYTOASSBINH-GOSISDBHSA-N,bindingdb|pubchem_confirmatory,False,True,,False,1.0
ZJLNOWCVQPHYEV-OAHLLOKOSA-N,bindingdb|pubchem_confirmatory,False,True,,False,1.0
NCDXFMQNWMFCAP-QGZVFWFLSA-N,bindingdb|pubchem_confirmatory,False,True,,False,1.0
ZJSSAJMLRPXZGW-MRXNPFEDSA-N,bindingdb|pubchem_confirmatory,False,True,,False,1.0
SPEHRWXOLQGCHR-GOSISDBHSA-N,bindingdb|pubchem_confirmatory,False,True,,False,1.0
GEKPOXBFRFCPPU-GOSISDBHSA-N,bindingdb|pubchem_confirmatory,False,True,,False,1.0
YYHHMFCTUCISEE-HXUWFJFHSA-N,bindingdb|pubchem_confirmatory,False,True,,False,1.0
UZVIKTGGJSCASL-LJQANCHMSA-N,bindingdb|pubchem_confirmatory,False,True,,False,1.0
NEXMIDGMSQXXEN-LJQANCHMSA-N,bindingdb|pubchem_confirmatory,False,True,,False,1.0
BEDVMULOVZHESD-GOSISDBHSA-N,bindingdb|pubchem_confirmatory,False,True,,False,1.0
ZPDCABYAKMMGFC-GOSISDBHSA-N,bindingdb|pubchem_confirmatory,False,True,,False,1.0
BAZBKTMXDBPVGR-LJQANCHMSA-N,bindingdb|pubchem_confirmatory,False,True,,False,1.0
MPTIETMPLYQEGT-HXUWFJFHSA-N,bindingdb|pubchem_confirmatory,False,True,,False,1.0
JMBGSAUQXKEKNL-SMTUWPOXSA-N,bindingdb|pubchem_confirmatory,False,True,,False,1.0
MUTWJPUTDIAKTJ-GOSISDBHSA-N,bindingdb|pubchem_confirmatory,False,True,,False,1.0
IIBJQHDPQUFOEH-MRXNPFEDSA-N,bindingdb|pubchem_confirmatory,False,True,,False,1.0
UTVJVEBHGXPQJB-QGZVFWFLSA-N,bindingdb|pubchem_confirmatory,False,True,,False,1.0
CLONDOGOQPBJCJ-QGZVFWFLSA-N,bindingdb|pubchem_confirmatory,False,True,,False,1.0
MIPJPTHVKYWLQC-QGZVFWFLSA-N,bindingdb|pubchem_confirmatory,False,True,,False,1.0
KBLXVLLTAYOALH-MRXNPFEDSA-N,bindingdb|pubchem_confirmatory,False,True,,False,1.0
SJNCUSFRUFPKGF-GOSISDBHSA-N,bindingdb|pubchem_confirmatory,False,True,,False,1.0
BBRFLYZZWMDXPZ-QGZVFWFLSA-N,bindingdb|pubchem_confirmatory,False,True,,False,1.0
NCVBQIBENRCKIJ-GOSISDBHSA-N,bindingdb|pubchem_confirmatory,False,True,,False,1.0
WSYXOJRTFFNJOR-GOSISDBHSA-N,bindingdb|pubchem_confirmatory,False,True,,False,1.0
BVBWQMDEBGMLOC-LJQANCHMSA-N,bindingdb|pubchem_confirmatory,False,True,,False,1.0
HCQNCHOHTPMYQO-LJQANCHMSA-N,bindingdb|pubchem_confirmatory,False,True,,False,1.0
OLMXZVTZPNXUST-GOSISDBHSA-N,bindingdb|pubchem_confirmatory,False,True,,False,1.0
MLVVMCBWFCPYLY-QGZVFWFLSA-N,bindingdb|pubchem_confirmatory,False,True,,False,1.0
XACFYWHOXIXHRE-GOSISDBHSA-N,bindingdb|pubchem_confirmatory,False,True,,False,1.0
LSWDSSONMOVGRD-GOSISDBHSA-N,bindingdb|pubchem_confirmatory,False,True,,False,1.0
SXZCDSJDYCHXBZ-GOSISDBHSA-N,bindingdb|pubchem_confirmatory,False,True,,False,1.0
NIXQUSWOFRGKHQ-QGZVFWFLSA-N,bindingdb|pubchem_confirmatory,False,True,,False,1.0
KEJJFRXLZMFEOR-QGZVFWFLSA-N,bindingdb|pubchem_confirmatory,False,True,,False,1.0
XMUQREWUNMZQON-GOSISDBHSA-N,bindingdb|pubchem_confirmatory,False,True,,False,1.0
NYDSVPCCQDMXIQ-QFBILLFUSA-N,bindingdb|pubchem_confirmatory,False,True,,False,1.0
NYDSVPCCQDMXIQ-VQIMIIECSA-N,bindingdb|pubchem_confirmatory,False,True,,False,1.0
RSVAZLUMKVWQRE-LJQANCHMSA-N,bindingdb|pubchem_confirmatory,False,True,,False,1.0
WOXMUSQRZRONES-LJQANCHMSA-N,bindingdb|pubchem_confirmatory,False,True,,False,1.0
SUZZTHVZHLCUHR-LJQANCHMSA-N,bindingdb|pubchem_confirmatory,False,True,,False,1.0
PXSNJFXUFTUJNH-GOSISDBHSA-N,bindingdb|pubchem_confirmatory,False,True,,False,1.0
HGZJDOZHMXLBHT-LJQANCHMSA-N,bindingdb|pubchem_confirmatory,False,True,,False,1.0
XDZGDYUJHNICCK-GOSISDBHSA-N,bindingdb|pubchem_confirmatory,False,True,,False,1.0
SZDAORLNIXLOAG-VQIMIIECSA-N,bindingdb|pubchem_confirmatory,False,True,,False,1.0
SZDAORLNIXLOAG-QFBILLFUSA-N,bindingdb|pubchem_confirmatory,False,True,,False,1.0
SWZUDNMFFNSZDW-WOJBJXKFSA-N,bindingdb|pubchem_confirmatory,False,True,,False,1.0
SWZUDNMFFNSZDW-UXHICEINSA-N,bindingdb|pubchem_confirmatory,False,True,,False,1.0
CEXZQALPARZBQD-QGZVFWFLSA-N,bindingdb|pubchem_confirmatory,False,True,,False,1.0
STZUKWVXSZOYBA-QGZVFWFLSA-N,bindingdb|pubchem_confirmatory,False,True,,False,1.0
FFVPIMCRNBXAHR-GOSISDBHSA-N,bindingdb|pubchem_confirmatory,False,True,,False,1.0
HRQDRDHLDJDNKO-HXUWFJFHSA-N,bindingdb|pubchem_confirmatory,False,True,,False,1.0
WVNJPTIQOLNXNH-LJQANCHMSA-N,bindingdb|pubchem_confirmatory,False,True,,False,1.0
ZPNVBZHDDVXTFI-LJQANCHMSA-N,bindingdb|pubchem_confirmatory,False,True,,False,1.0
FHRVEEPTTXBEHP-LJQANCHMSA-N,bindingdb|pubchem_confirmatory,False,True,,False,1.0
ICLOYRCVKQTLPW-LJQANCHMSA-N,bindingdb|pubchem_confirmatory,False,True,,False,1.0
BKQLXFMMBQDQDC-HXUWFJFHSA-N,bindingdb|pubchem_confirmatory,False,True,,False,1.0
NMGXZRBNZDRZPW-HXUWFJFHSA-N,bindingdb|pubchem_confirmatory,False,True,,False,1.0
IJNIMFQDZTXPHZ-LJQANCHMSA-N,bindingdb|pubchem_confirmatory,False,True,,False,1.0
AERHSFWGDRCOAX-QGZVFWFLSA-N,bindingdb|pubchem_confirmatory,False,True,,False,1.0
SSZWXODMDKFLIW-LJQANCHMSA-N,bindingdb|pubchem_confirmatory,False,True,,False,1.0
WGSKZOUOTNFXEM-LJQANCHMSA-N,bindingdb|pubchem_confirmatory,False,True,,False,1.0
MUDGTUROEURMOJ-JOCHJYFZSA-N,bindingdb|pubchem_confirmatory,False,True,,False,1.0
QGRRZABEPJXVLV-JOCHJYFZSA-N,bindingdb|pubchem_confirmatory,False,True,,False,1.0
YNOWBYGNBXAJIG-AVKWCDSFSA-N,bindingdb|pubchem_confirmatory,False,True,,False,1.0
OAHYAAPNEKAMOY-JOCHJYFZSA-N,bindingdb|pubchem_confirmatory,False,True,,False,1.0
IKQMSWKUJZSFPH-OAQYLSRUSA-N,bindingdb|pubchem_confirmatory,False,True,,False,1.0
VBPFHLZFZVJNHB-JOCHJYFZSA-N,bindingdb|pubchem_confirmatory,False,True,,False,1.0
WHTVMZKRXKNTRN-HSZRJFAPSA-N,bindingdb|pubchem_confirmatory,False,True,,False,1.0
ZYWAIWFONVDGEM-YADHBBJMSA-N,bindingdb|pubchem_confirmatory,False,True,,False,1.0
ZYWAIWFONVDGEM-FGZHOGPDSA-N,bindingdb|pubchem_confirmatory,False,True,,False,1.0
NBBKROISAFEEPG-XMMPIXPASA-N,bindingdb|pubchem_confirmatory,False,True,,False,1.0
SHCUBGGUWYLEGD-PKTZIBPZSA-N,bindingdb|pubchem_confirmatory,False,True,,False,1.0
SHCUBGGUWYLEGD-DHIUTWEWSA-N,bindingdb|pubchem_confirmatory,False,True,,False,1.0
FIEGYNHFNCRQQU-XMMPIXPASA-N,bindingdb|pubchem_confirmatory,False,True,,False,1.0
QGTREPKHLMSJOK-XMMPIXPASA-N,bindingdb|pubchem_confirmatory,False,True,,False,1.0
ODTHJEAOHKNACY-HSZRJFAPSA-N,bindingdb|pubchem_confirmatory,False,True,,False,1.0
BSFBGCOXMUHXIJ-HSZRJFAPSA-N,bindingdb|pubchem_confirmatory,False,True,,False,1.0
MGVCGZLOUWBFCZ-XMMPIXPASA-N,bindingdb|pubchem_confirmatory,False,True,,False,1.0
BROLCAPXBHVBJI-OAQYLSRUSA-N,bindingdb|pubchem_confirmatory,False,True,,False,1.0
VEUVAKCDFZYTFE-OAQYLSRUSA-N,bindingdb|pubchem_confirmatory,False,True,,False,1.0
FMFNHGMJLLUKKO-NHCUHLMSSA-N,bindingdb|pubchem_confirmatory,False,True,,False,1.0
UNIPONPXXDBNDE-HSZRJFAPSA-N,bindingdb|pubchem_confirmatory,False,True,,False,1.0
AVUAFCTYGNPVJP-JOCHJYFZSA-N,bindingdb|pubchem_confirmatory,False,True,,False,1.0
RSRTZGDEPIBMBX-HSZRJFAPSA-N,bindingdb|pubchem_confirmatory,False,True,,False,1.0
STLGSAAYAOEUKP-VQCQRNETSA-N,bindingdb|pubchem_confirmatory,False,True,,False,1.0
BGFMKYKLKSBVEF-JOCHJYFZSA-N,bindingdb|pubchem_confirmatory,False,True,,False,1.0
SQYFPVANJLVEPE-OAQYLSRUSA-N,bindingdb|pubchem_confirmatory,False,True,,False,1.0
DRGRGHVNSRGNIH-OAQYLSRUSA-N,bindingdb|pubchem_confirmatory,False,True,,False,1.0
RZIRBCCLBUXXFF-HXUWFJFHSA-N,bindingdb|pubchem_confirmatory,False,True,,False,1.0
PAFUNVRYJZIYIR-OAQYLSRUSA-N,bindingdb|pubchem_confirmatory,False,True,,False,1.0
KSUOFXAJRPMBTD-GWQXNCQPSA-N,bindingdb|pubchem_confirmatory,False,True,,False,1.0
WQJZPMMZGDKLGN-XMMPIXPASA-N,bindingdb|pubchem_confirmatory,False,True,,False,1.0
GGGGFNAYXFXEFY-JOCHJYFZSA-N,bindingdb|pubchem_confirmatory,False,True,,False,1.0
CEHASYMLIFUBBA-HSZRJFAPSA-N,bindingdb|pubchem_confirmatory,False,True,,False,1.0
IMVXOABHCURZBU-JOCHJYFZSA-N,bindingdb|pubchem_confirmatory,False,True,,False,1.0
OBAXZLKVTJAQQK-GWQXNCQPSA-N,bindingdb|pubchem_confirmatory,False,True,,False,1.0
GYQNCJGUXJYFBR-VQCQRNETSA-N,bindingdb|pubchem_confirmatory,False,True,,False,1.0
RFFRJSYCHSXGKZ-OAQYLSRUSA-N,bindingdb|pubchem_confirmatory,False,True,,False,1.0
FEATWRKTLFIYKF-PKTZIBPZSA-N,bindingdb|pubchem_confirmatory,False,True,,False,1.0
VSJKBHQEDSMKMV-OAQYLSRUSA-N,bindingdb|pubchem_confirmatory,False,True,,False,1.0
YNOWBYGNBXAJIG-SIKLNZKXSA-N,bindingdb|pubchem_confirmatory,False,True,,False,1.0
BXPCGZRREZQYDR-LMNIDFBRSA-N,bindingdb|pubchem_confirmatory,False,True,,False,1.0
BXPCGZRREZQYDR-XMSQKQJNSA-N,bindingdb|pubchem_confirmatory,False,True,,False,1.0
MWUZLOAMYXNNJA-JOCHJYFZSA-N,bindingdb|pubchem_confirmatory,False,True,,False,1.0
FKPVTDCPXBSTCG-JOCHJYFZSA-N,bindingdb|pubchem_confirmatory,False,True,,False,1.0
DJTCKAPEJKCPAA-JOCHJYFZSA-N,bindingdb|pubchem_confirmatory,False,True,,False,1.0
FLDHRRMGLNRDGE-JOCHJYFZSA-N,bindingdb|pubchem_confirmatory,False,True,,False,1.0
JLHJOGHJVIWZAT-LMNIDFBRSA-N,bindingdb|pubchem_confirmatory,False,True,,False,1.0
GAMAYSHPSMERTI-HSZRJFAPSA-N,bindingdb|pubchem_confirmatory,False,True,,False,1.0
DODAJOSRNVKMCM-OAQYLSRUSA-N,bindingdb|pubchem_confirmatory,False,True,,False,1.0
MITUXPORPLIBTC-XMSQKQJNSA-N,bindingdb|pubchem_confirmatory,False,True,,False,1.0
DQYBRNLGMWOIAD-JOCHJYFZSA-N,bindingdb|pubchem_confirmatory,False,True,,False,1.0
MITUXPORPLIBTC-PGRDOPGGSA-N,bindingdb|pubchem_confirmatory,False,True,,False,1.0
NNBHDSSLDXDOEY-XMMPIXPASA-N,bindingdb|pubchem_confirmatory,False,True,,False,1.0
PSSQKPFLUZJLND-HSZRJFAPSA-N,bindingdb|pubchem_confirmatory,False,True,,False,1.0
LLDKYQMTBGPVTC-HXUWFJFHSA-N,bindingdb|pubchem_confirmatory,False,True,,False,1.0
FMFNHGMJLLUKKO-RTWAWAEBSA-N,bindingdb|pubchem_confirmatory,False,True,,False,1.0
KDKQOFDZFUPZKX-OAQYLSRUSA-N,bindingdb|pubchem_confirmatory,False,True,,False,1.0
MRAZZAVLMJGGTL-PGRDOPGGSA-N,bindingdb|pubchem_confirmatory,False,True,,False,1.0
MRAZZAVLMJGGTL-XMSQKQJNSA-N,bindingdb|pubchem_confirmatory,False,True,,False,1.0
FRVOCAPBOGPYLW-JOCHJYFZSA-N,bindingdb|pubchem_confirmatory,False,True,,False,1.0
VBQAISSBZHOEII-OAQYLSRUSA-N,bindingdb|pubchem_confirmatory,False,True,,False,1.0
BCTQQJKXJQMLOA-GBXCKJPGSA-N,bindingdb|pubchem_confirmatory,False,True,,False,1.0
BCTQQJKXJQMLOA-HYBUGGRVSA-N,bindingdb|pubchem_confirmatory,False,True,,False,1.0
PBJKYPZBIVADDX-OAQYLSRUSA-N,bindingdb|pubchem_confirmatory,False,True,,False,1.0
HBTGTXFYEACWRB-KBMIEXCESA-N,bindingdb|pubchem_confirmatory,False,True,,False,1.0
HBTGTXFYEACWRB-CLOONOSVSA-N,bindingdb|pubchem_confirmatory,False,True,,False,1.0
LCYBTQCRXPQMPS-LJQANCHMSA-N,bindingdb|pubchem_confirmatory,False,True,,False,1.0
MOSOJTAQCZYCIN-FOIFJWKZSA-N,bindingdb|pubchem_confirmatory,False,True,,False,1.0
GTVDDPZDFWYOIP-GFTAOQHMSA-N,bindingdb|pubchem_confirmatory,False,True,,False,1.0
VUBFKCALBZMMKC-GBXCKJPGSA-N,bindingdb|pubchem_confirmatory,False,True,,False,1.0
VUBFKCALBZMMKC-HYBUGGRVSA-N,bindingdb|pubchem_confirmatory,False,True,,False,1.0
URHFZXAEHCNLKG-JOCHJYFZSA-N,bindingdb|pubchem_confirmatory,False,True,,False,1.0
JDHPMTXXGYSQJC-JOCHJYFZSA-N,bindingdb|pubchem_confirmatory,False,True,,False,1.0
SRGWEQKWOPQIRN-JARBLVMWSA-N,bindingdb|pubchem_confirmatory,False,True,,False,1.0
KTWBTLAWWIAAFF-RUZDIDTESA-N,bindingdb|pubchem_confirmatory,False,True,,False,1.0
IMUXWEVGVNKJNS-NRFANRHFSA-N,bindingdb|pubchem_confirmatory,False,True,,False,1.0
XIMMRDMYGGWLQH-FQEVSTJZSA-N,bindingdb|pubchem_confirmatory,False,True,,False,1.0
GZBBBAVDCOKBOC-DEOSSOPVSA-N,bindingdb|pubchem_confirmatory,False,True,,False,1.0
ZKEUXGUFPRBSCQ-QGZVFWFLSA-N,bindingdb|pubchem_confirmatory,False,True,,False,1.0
RCQTVOHSCQSVHI-OAHLLOKOSA-N,bindingdb|pubchem_confirmatory,False,True,,False,1.0
ZOVYEOSSOOJZNB-QGZVFWFLSA-N,bindingdb|pubchem_confirmatory,False,True,,False,1.0
UBXLZWVQUZRFHW-QGZVFWFLSA-N,bindingdb|pubchem_confirmatory,False,True,,False,1.0
YDNSEHFBYZIAMT-HHHXNRCGSA-N,bindingdb|pubchem_confirmatory,False,True,,False,1.0
CPDMYPFTNFIVHW-HHHXNRCGSA-N,bindingdb|pubchem_confirmatory,False,True,,False,1.0
BUQQHRSSCZOTJC-KAYWLYCHSA-N,bindingdb|pubchem_confirmatory,False,True,,False,1.0
DRFOLETWURAROG-KAYWLYCHSA-N,bindingdb|pubchem_confirmatory,False,True,,False,1.0
HCTLKVZDSKMWPI-HHHXNRCGSA-N,bindingdb|pubchem_confirmatory,False,True,,False,1.0
MHKZTFMUCWXJJM-XYHWDMEOSA-N,pubchem_confirmatory,False,True,,False,1.0
GMXRDAAVNXOYRT-USNDMVSTSA-N,pubchem_confirmatory,False,True,,False,1.0
PXPQFCFYLOEZPV-MOFFZIGISA-N,bindingdb|pubchem_confirmatory,False,True,,False,1.0
OXRAKUTXYUCYMA-OZIXFKSASA-N,bindingdb|pubchem_confirmatory,False,True,,False,1.0
IAFUWMLPVUBCBV-CGCOGMFASA-N,bindingdb|pubchem_confirmatory,False,True,,False,1.0
MXBVRVAJZGACRJ-MUUNZHRXSA-N,bindingdb|pubchem_confirmatory,False,True,,False,1.0
AAJRSBOTZBWOPW-GDLZYMKVSA-N,bindingdb|pubchem_confirmatory,False,True,,False,1.0
ZMFZTCYELZMIET-FQLXRVMXSA-N,bindingdb|pubchem_confirmatory,False,True,,False,1.0
BFPJBBYEFNGGHE-RDVROTLESA-N,bindingdb|pubchem_confirmatory,False,True,,False,1.0
SKFSXWQPGUXFOT-SKCUWOTOSA-N,bindingdb|pubchem_confirmatory,False,True,,False,1.0
PGEGCKMBGITENY-KPGYKUMBSA-N,bindingdb|pubchem_confirmatory,False,True,,False,1.0
SKFSXWQPGUXFOT-RBISFHTESA-N,bindingdb|pubchem_confirmatory,False,True,,False,1.0
PGEGCKMBGITENY-GJJMEYSYSA-N,bindingdb|pubchem_confirmatory,False,True,,False,1.0
LVKRFCGQXGOGIO-VSGBNLITSA-N,bindingdb|pubchem_confirmatory,False,True,,False,1.0
BAODMOBRXUEXHT-HHHXNRCGSA-N,bindingdb|pubchem_confirmatory,False,True,,False,1.0
VIOGQAPMDAUXMS-KAYWLYCHSA-N,bindingdb|pubchem_confirmatory,False,True,,False,1.0
XKOQSLVBGIMYKN-QWOIGCLMSA-N,bindingdb|pubchem_confirmatory,False,True,,False,1.0
DADWJMZECNHSRL-CWVCZNRYSA-N,bindingdb|pubchem_confirmatory,False,True,,False,1.0
VMWNIXQHLMWFRW-HHHXNRCGSA-N,bindingdb|pubchem_confirmatory,False,True,,False,1.0
ABPLBQSMYAWSDB-KAYWLYCHSA-N,bindingdb|pubchem_confirmatory,False,True,,False,1.0
YISYFMRZJHRXII-IIGOATNISA-N,bindingdb|pubchem_confirmatory,False,True,,False,1.0
WEWLLXCSTPXCAE-GTJYFZDJSA-N,bindingdb|pubchem_confirmatory,False,True,,False,1.0
VBSWAUQINPNDCI-CLJLJLNGSA-N,bindingdb|pubchem_confirmatory,False,True,,False,1.0
KVMPLKNGFPPJEW-HWVXXCOISA-N,pubchem_confirmatory,False,True,,False,1.0
QJHCQHOSFJHTOT-UHTJZSEESA-N,bindingdb|pubchem_confirmatory,False,True,,False,1.0
JJGYWKXZFXQJAK-AREMUKBSSA-N,bindingdb|pubchem_confirmatory,False,True,,False,1.0
LFNUUCVWQIPJNI-IEPMUOFNSA-N,pubchem_confirmatory,False,True,,False,1.0
YMKYZWLTPNNGGI-CLJLJLNGSA-N,bindingdb|pubchem_confirmatory,False,True,,False,1.0
SIQFSMORDDWOQU-AREMUKBSSA-N,bindingdb|pubchem_confirmatory,False,True,,False,1.0
DFQZFXZWGBIVAD-CLJLJLNGSA-N,bindingdb|pubchem_confirmatory,False,True,,False,1.0
XSVSYKMHEAURFC-HFZDXXHNSA-N,bindingdb|pubchem_confirmatory,False,True,,False,1.0
ZEDBQHUFQMXLGU-GKBBYZSKSA-N,bindingdb|pubchem_confirmatory,False,True,,False,1.0
XSVSYKMHEAURFC-QFQXNSOFSA-N,bindingdb|pubchem_confirmatory,False,True,,False,1.0
ZEDBQHUFQMXLGU-LIKDZFNVSA-N,bindingdb|pubchem_confirmatory,False,True,,False,1.0
CQGWPDDLIRVUCO-JWQCQUIFSA-N,bindingdb|pubchem_confirmatory,False,True,,False,1.0
GMZVAQJVBFWSIS-RUZDIDTESA-N,bindingdb|pubchem_confirmatory,False,True,,False,1.0
TWYDFTDLDAMGKO-IEPMUOFNSA-N,pubchem_confirmatory,False,True,,False,1.0
YPPQRURPQMXKTK-XDOPXQJJSA-N,bindingdb|pubchem_confirmatory,False,True,,False,1.0
NMYIFZHSXIIJDI-ZJGIAAPESA-N,bindingdb|pubchem_confirmatory,False,True,,False,1.0
YPPQRURPQMXKTK-HOLBEBDISA-N,bindingdb|pubchem_confirmatory,False,True,,False,1.0
NMYIFZHSXIIJDI-RFYMFKDESA-N,bindingdb|pubchem_confirmatory,False,True,,False,1.0
YLJGRIPQHGGABG-MDWDQMQMSA-N,bindingdb|pubchem_confirmatory,False,True,,False,1.0
RDISGKDBXNRXEZ-AREMUKBSSA-N,bindingdb|pubchem_confirmatory,False,True,,False,1.0
ZEFWTEDSWFEURK-HWVXXCOISA-N,pubchem_confirmatory,False,True,,False,1.0
PLZPLPCERVJEBV-LIKDZFNVSA-N,bindingdb|pubchem_confirmatory,False,True,,False,1.0
FUBHBWLOTIIEOC-QFQXNSOFSA-N,bindingdb|pubchem_confirmatory,False,True,,False,1.0
PLZPLPCERVJEBV-GKBBYZSKSA-N,bindingdb|pubchem_confirmatory,False,True,,False,1.0
FUBHBWLOTIIEOC-HFZDXXHNSA-N,bindingdb|pubchem_confirmatory,False,True,,False,1.0
KDDPWMGTOWJRQX-KRYSULRRSA-N,bindingdb|pubchem_confirmatory,False,True,,False,1.0
NCLAAPCNBVUGDN-RCEYKGAOSA-N,bindingdb|pubchem_confirmatory,False,True,,False,1.0
BIEHPBDPBWAUFZ-RUZDIDTESA-N,bindingdb|pubchem_confirmatory,False,True,,False,1.0
WYDCZEIMAZCOQF-JWQCQUIFSA-N,bindingdb|pubchem_confirmatory,False,True,,False,1.0
HXMFREZILWTLNO-JWQCQUIFSA-N,bindingdb|pubchem_confirmatory,False,True,,False,1.0
NJIZQLYOSFZOGC-GQVVIVCQSA-N,bindingdb|pubchem_confirmatory,False,True,,False,1.0
CYFOPJXHNCFKBO-WXFUMESZSA-N,bindingdb|pubchem_confirmatory,False,True,,False,1.0
YWVMZSUTMJFQOO-NRWPOFLRSA-N,bindingdb|pubchem_confirmatory,False,True,,False,1.0
OJADNJGVKBJUIW-LYWQJQBASA-N,bindingdb|pubchem_confirmatory,False,True,,False,1.0
GNLNNCWVFJCDTI-XMMPIXPASA-N,bindingdb|pubchem_confirmatory,False,True,,False,1.0
CQVIRQXKSDGPOF-DNQXCXABSA-N,bindingdb|pubchem_confirmatory,False,True,,False,1.0
CIIHYWMLMWIWJT-DNQXCXABSA-N,bindingdb|pubchem_confirmatory,False,True,,False,1.0
QEOHHAPIPGPIKD-XMMPIXPASA-N,bindingdb|pubchem_confirmatory,False,True,,False,1.0
KAGCILQUYYIHNJ-RPWUZVMVSA-N,bindingdb|pubchem_confirmatory,False,True,,False,1.0
CYFOPJXHNCFKBO-SMIHKQSGSA-N,bindingdb|pubchem_confirmatory,False,True,,False,1.0
KAGCILQUYYIHNJ-DNQXCXABSA-N,bindingdb|pubchem_confirmatory,False,True,,False,1.0
RMDZEYGVJXVEHQ-MQNHUJCZSA-N,bindingdb|pubchem_confirmatory,False,True,,False,1.0
DIJJZENEBLRQKH-BPAKYRGESA-N,bindingdb|pubchem_confirmatory,False,True,,False,1.0
QBXBCMGLHGMKAG-GWQXNCQPSA-N,bindingdb|pubchem_confirmatory,False,True,,False,1.0
QJNIOIAUPWMKOU-QENMJEOYSA-N,bindingdb|pubchem_confirmatory,False,True,,False,1.0
DKBLOHHXXWZULV-ZLNRFVROSA-N,bindingdb|pubchem_confirmatory,False,True,,False,1.0
APFXDZBPJMVCRF-PKTZIBPZSA-N,bindingdb|pubchem_confirmatory,False,True,,False,1.0
APFXDZBPJMVCRF-DHIUTWEWSA-N,bindingdb|pubchem_confirmatory,False,True,,False,1.0
JNZBVJKZOKYVKZ-BPAKYRGESA-N,bindingdb|pubchem_confirmatory,False,True,,False,1.0
ZWMCVIZGYFDPSW-JWQCQUIFSA-N,bindingdb|pubchem_confirmatory,False,True,,False,1.0
OKROUWZDMIYAIL-RUZDIDTESA-N,bindingdb|pubchem_confirmatory,False,True,,False,1.0
MFIDEXGRKUPUPR-NRWPOFLRSA-N,bindingdb|pubchem_confirmatory,False,True,,False,1.0
OULRGCVEKWBPTA-LYWQJQBASA-N,bindingdb|pubchem_confirmatory,False,True,,False,1.0
QKLBKJCZKCYZIX-XMMPIXPASA-N,bindingdb|pubchem_confirmatory,False,True,,False,1.0
YZCLJWRMRRFTHD-DNQXCXABSA-N,bindingdb|pubchem_confirmatory,False,True,,False,1.0
IKNRDUUFQHLWSP-XMMPIXPASA-N,bindingdb|pubchem_confirmatory,False,True,,False,1.0
IIWCKVZWLWDNIR-DNQXCXABSA-N,bindingdb|pubchem_confirmatory,False,True,,False,1.0
NQAWFKTVSVIIDK-RPWUZVMVSA-N,bindingdb|pubchem_confirmatory,False,True,,False,1.0
BCESHBWCHFYXIL-SMIHKQSGSA-N,bindingdb|pubchem_confirmatory,False,True,,False,1.0
NQAWFKTVSVIIDK-DNQXCXABSA-N,bindingdb|pubchem_confirmatory,False,True,,False,1.0
BCESHBWCHFYXIL-WXFUMESZSA-N,bindingdb|pubchem_confirmatory,False,True,,False,1.0
PRQDIUUVPLUXRG-MQNHUJCZSA-N,bindingdb|pubchem_confirmatory,False,True,,False,1.0
IGZIDTNYUHLUDZ-GWQXNCQPSA-N,bindingdb|pubchem_confirmatory,False,True,,False,1.0
KLDCGLMAAQKVOZ-DHIUTWEWSA-N,bindingdb|pubchem_confirmatory,False,True,,False,1.0
YLSQTWLLZHWBRY-HSZRJFAPSA-N,bindingdb|pubchem_confirmatory,False,True,,False,1.0
MTKIMZIBIRCFSI-JWQCQUIFSA-N,bindingdb|pubchem_confirmatory,False,True,,False,1.0
XHAHHEPCIWJFOZ-RUZDIDTESA-N,bindingdb|pubchem_confirmatory,False,True,,False,1.0
INTIBJQLLPOYKV-HSZRJFAPSA-N,bindingdb|pubchem_confirmatory,False,True,,False,1.0
FIDIKNOAPFECFZ-DNQXCXABSA-N,bindingdb|pubchem_confirmatory,False,True,,False,1.0
ZWCHQONPPFWELH-XMMPIXPASA-N,bindingdb|pubchem_confirmatory,False,True,,False,1.0
VRWQITKRSFXCGO-HSZRJFAPSA-N,bindingdb|pubchem_confirmatory,False,True,,False,1.0
GTAJYNPVNWSSOD-DHIUTWEWSA-N,bindingdb|pubchem_confirmatory,False,True,,False,1.0
LXCFVANXUHNYJR-QENMJEOYSA-N,bindingdb|pubchem_confirmatory,False,True,,False,1.0
QNGJVCCTAMVJFX-YTSZEIANSA-N,bindingdb|pubchem_confirmatory,False,True,,False,1.0
RZXRNZDVUACQLP-POVBZKEPSA-N,bindingdb|pubchem_confirmatory,False,True,,False,1.0
QNGJVCCTAMVJFX-KDSCZNHLSA-N,bindingdb|pubchem_confirmatory,False,True,,False,1.0
GGMCVRJPNGHOEL-HSZRJFAPSA-N,bindingdb|pubchem_confirmatory,False,True,,False,1.0
VMPJJXWAVFAFKU-DHIUTWEWSA-N,bindingdb|pubchem_confirmatory,False,True,,False,1.0
FTIUWGQCUFAGIV-JWQCQUIFSA-N,bindingdb|pubchem_confirmatory,False,True,,False,1.0
IUZXRGLRAITQQP-RUZDIDTESA-N,bindingdb|pubchem_confirmatory,False,True,,False,1.0
AFTXBSOULIGDQG-DHIUTWEWSA-N,bindingdb|pubchem_confirmatory,False,True,,False,1.0
JWNHQWFHZPTXSC-QENMJEOYSA-N,bindingdb|pubchem_confirmatory,False,True,,False,1.0
XXDNUMUDDCAXNQ-DNQXCXABSA-N,bindingdb|pubchem_confirmatory,False,True,,False,1.0
CZVROBPEHUHFMR-XMMPIXPASA-N,bindingdb|pubchem_confirmatory,False,True,,False,1.0
XOLAWWUOASQDJW-GWQXNCQPSA-N,bindingdb|pubchem_confirmatory,False,True,,False,1.0
GRELTELGHHMRIF-WOJBJXKFSA-N,bindingdb|pubchem_confirmatory,False,True,,False,1.0
FWTBPROGHVFNAI-DHIUTWEWSA-N,bindingdb|pubchem_confirmatory,False,True,,False,1.0
GIXOIFVRHYOSGB-KXNZUKPASA-N,bindingdb|pubchem_confirmatory,False,True,,False,1.0
GORHVNASFSSFSK-MCSCQSGASA-N,bindingdb|pubchem_confirmatory,False,True,,False,1.0
YOYDPVUNRIUSEI-CDNDPLPTSA-N,bindingdb|pubchem_confirmatory,False,True,,False,1.0
RAZVUSORHXVZNY-NFDBJIOVSA-N,bindingdb|pubchem_confirmatory,False,True,,False,1.0
VTVMQRLFFHMHQN-STHVYQTBSA-N,bindingdb|pubchem_confirmatory,False,True,,False,1.0
SCGLAMJDMAQZFI-UEFMTQSISA-N,bindingdb|pubchem_confirmatory,False,True,,False,1.0
RBTZNVIWXIVMMY-JCHVILAISA-N,bindingdb|pubchem_confirmatory,False,True,,False,1.0
ZTPIEMNVEJJKRU-WMXNZVEGSA-N,bindingdb|pubchem_confirmatory,False,True,,False,1.0
TXKRUQCELJEQGL-WPKRCUIDSA-N,bindingdb|pubchem_confirmatory,False,True,,False,1.0
ZGYBGKSOBINACM-CXBZOWBPSA-N,bindingdb|pubchem_confirmatory,False,True,,False,1.0
ZQVYYHNNMKSGCO-JCHVILAISA-N,bindingdb|pubchem_confirmatory,False,True,,False,1.0
OWIDMWNNDFBKCK-CXBZOWBPSA-N,bindingdb|pubchem_confirmatory,False,True,,False,1.0
HRRQSXKYMQQMNF-LTFVAXTNSA-N,bindingdb|pubchem_confirmatory,False,True,,False,1.0
FGCVPJWMBIQIDW-WOJBJXKFSA-N,bindingdb|pubchem_confirmatory,False,True,,False,1.0
VXGWSUUVDGKYMR-RTBURBONSA-N,bindingdb|pubchem_confirmatory,False,True,,False,1.0
CBLFTZBVQORRHU-JWQCQUIFSA-N,bindingdb|pubchem_confirmatory,False,True,,False,1.0
HKKJEORZMCXVRL-NHCUHLMSSA-N,bindingdb|pubchem_confirmatory,False,True,,False,1.0
YJWYWNBNOKFJIH-JWQCQUIFSA-N,bindingdb|pubchem_confirmatory,False,True,,False,1.0
KDMFAUGIKFMSFI-FGZHOGPDSA-N,bindingdb|pubchem_confirmatory,False,True,,False,1.0
DGHLWJSWFXMKAH-JWQCQUIFSA-N,bindingdb|pubchem_confirmatory,False,True,,False,1.0
ZGIGZTBLIACNHH-JWQCQUIFSA-N,bindingdb|pubchem_confirmatory,False,True,,False,1.0
HFZRSAHIIAPJCK-JNLMOAAUSA-N,bindingdb|pubchem_confirmatory,False,True,,False,1.0
RAUODIQCNRADFS-DVUYKQPWSA-N,bindingdb|pubchem_confirmatory,False,True,,False,1.0
RRGUGGBIAUXHHF-PWJCZFGMSA-N,bindingdb|pubchem_confirmatory,False,True,,False,1.0
UYVLYDONXPNIBJ-UOLLPAKTSA-N,bindingdb|pubchem_confirmatory,False,True,,False,1.0
FPPWTSCRQIYKIK-MOBAFLLYSA-N,bindingdb|pubchem_confirmatory,False,True,,False,1.0
BSJSARGHUZBAQN-YDJYNLAZSA-N,bindingdb|pubchem_confirmatory,False,True,,False,1.0
BRRKJRBDYXQWFB-PIIWDFAUSA-N,bindingdb|pubchem_confirmatory,False,True,,False,1.0
MEBCNFOTLYYPPP-KAYWLYCHSA-N,bindingdb|pubchem_confirmatory,False,True,,False,1.0
KZTCOZXARZUPLB-KAYWLYCHSA-N,bindingdb|pubchem_confirmatory,False,True,,False,1.0
HENJFDQZUYYMMH-DNQXCXABSA-N,bindingdb|pubchem_confirmatory,False,True,,False,1.0
INCGGWJZZCIGFP-JWQCQUIFSA-N,bindingdb|pubchem_confirmatory,False,True,,False,1.0
UQVKHZQRAXXEEB-ZGFBMJKBSA-N,bindingdb|pubchem_confirmatory,False,True,,False,1.0
QHDHVSAAMPCLMC-JWQCQUIFSA-N,bindingdb|pubchem_confirmatory,False,True,,False,1.0
AQVIUKGCJSPUHC-MVOZIGHISA-N,bindingdb|pubchem_confirmatory,False,True,,False,1.0
GVXRBNZIIZNXOA-DHIUTWEWSA-N,bindingdb|pubchem_confirmatory,False,True,,False,1.0
GMYCIZNMVILQMJ-INXVGGANSA-N,bindingdb|pubchem_confirmatory,False,True,,False,1.0
MXXZCPWFJOMMTG-INYXTNAKSA-N,bindingdb|pubchem_confirmatory,False,True,,False,1.0
NYHWRDHUVJPSRH-PSGUAHCZSA-N,bindingdb|pubchem_confirmatory,False,True,,False,1.0
SEIQNLLYUUFGMR-WVSXHZKHSA-N,bindingdb|pubchem_confirmatory,False,True,,False,1.0
QWQNRWYTWVVVKW-CDHPUSFOSA-N,bindingdb|pubchem_confirmatory,False,True,,False,1.0
UTUVYCHDBKIHLW-JCHVILAISA-N,bindingdb|pubchem_confirmatory,False,True,,False,1.0
GDOMBMVTELLZRR-QZPZUKOXSA-N,bindingdb|pubchem_confirmatory,False,True,,False,1.0
NEMICLZENKIVSE-FTNFKZBYSA-N,bindingdb|pubchem_confirmatory,False,True,,False,1.0
VCRPZYSWYJNSSU-GQVVIVCQSA-N,bindingdb|pubchem_confirmatory,False,True,,False,1.0
YPEXCJTVBGDWIB-LAAJAHEYSA-N,bindingdb|pubchem_confirmatory,False,True,,False,1.0
LYLYPPKAEFAOHQ-QZPZUKOXSA-N,bindingdb|pubchem_confirmatory,False,True,,False,1.0
PNCUCIKWLLCTEX-LCRYKWFRSA-N,bindingdb|pubchem_confirmatory,False,True,,False,1.0
JGELPWURMLLOCN-HRQYYILTSA-N,bindingdb|pubchem_confirmatory,False,True,,False,1.0
ZZUKJEASKMKFEG-HMEZYPPSSA-N,bindingdb|pubchem_confirmatory,False,True,,False,1.0
VBKFITNZCZJPNP-FNIJTUCQSA-N,bindingdb|pubchem_confirmatory,False,True,,False,1.0
VQPKFVUDFUPNEJ-VTSNEHBMSA-N,bindingdb|pubchem_confirmatory,False,True,,False,1.0
GAUOGSGTTRSESB-WOJBJXKFSA-N,bindingdb|pubchem_confirmatory,False,True,,False,1.0
NUBMIFZXQRYZAL-NHCUHLMSSA-N,bindingdb|pubchem_confirmatory,False,True,,False,1.0
BHVGTMSWPMOASV-FGZHOGPDSA-N,bindingdb|pubchem_confirmatory,False,True,,False,1.0
KLLWOUFWGFKAQU-NHCUHLMSSA-N,bindingdb|pubchem_confirmatory,False,True,,False,1.0
XJJUFXQFQGAXLI-HYYKEQEVSA-N,bindingdb|pubchem_confirmatory,False,True,,False,1.0
XFUVKFKOJLDGAK-VDOBOPNRSA-N,bindingdb|pubchem_confirmatory,False,True,,False,1.0
RTKMKXDVHWRHGM-JWJBQAENSA-N,bindingdb|pubchem_confirmatory,False,True,,False,1.0
YAHDNAGEAQJSJL-MOBAFLLYSA-N,bindingdb|pubchem_confirmatory,False,True,,False,1.0
JYQQGGXDHHQIPX-PSGUAHCZSA-N,bindingdb|pubchem_confirmatory,False,True,,False,1.0
CMUVUUAULCTUDX-FMCJVZMUSA-N,bindingdb|pubchem_confirmatory,False,True,,False,1.0
HZZSEESTJFZFAX-FIIBKKJESA-N,bindingdb|pubchem_confirmatory,False,True,,False,1.0
PQLIRCKDXBMLNW-MXJXRJBTSA-N,bindingdb|pubchem_confirmatory,False,True,,False,1.0
BEYKKJIYABIPQW-GNTVVGMTSA-N,bindingdb|pubchem_confirmatory,False,True,,False,1.0
FQNPQBRWUABDKV-UCDZCMRKSA-N,bindingdb|pubchem_confirmatory,False,True,,False,1.0
QKTGQAATUHYPAK-CDHPUSFOSA-N,bindingdb|pubchem_confirmatory,False,True,,False,1.0
CBRGFTHCLTUXJH-CDNDPLPTSA-N,bindingdb|pubchem_confirmatory,False,True,,False,1.0
ZBSGVRAFXWQNGP-IREOKEETSA-N,bindingdb|pubchem_confirmatory,False,True,,False,1.0
DTDYGMKTBBBGHM-CCWBKVMBSA-N,bindingdb|pubchem_confirmatory,False,True,,False,1.0
VJQGMUXNYFGJLZ-GNTVVGMTSA-N,bindingdb|pubchem_confirmatory,False,True,,False,1.0
CCGFHNQQZLPVLB-XUMYZKKMSA-N,bindingdb|pubchem_confirmatory,False,True,,False,1.0
LGTZDUMESLCDMT-GNTVVGMTSA-N,bindingdb|pubchem_confirmatory,False,True,,False,1.0
FUYAUXQTHPSEKB-JCHVILAISA-N,bindingdb|pubchem_confirmatory,False,True,,False,1.0
KPRAAPMYRNLGGD-QREUFCTJSA-N,bindingdb|pubchem_confirmatory,False,True,,False,1.0
AAXUJZLJKVYLTJ-JUTXSZQBSA-N,bindingdb|pubchem_confirmatory,False,True,,False,1.0
VKUZFDYLFGSFIK-LGYSXGNESA-N,bindingdb|pubchem_confirmatory,False,True,,False,1.0
MSGNLUUXDIYPKN-WOJBJXKFSA-N,bindingdb|pubchem_confirmatory,False,True,,False,1.0
JJRFMBRPLJCMJS-JWQCQUIFSA-N,bindingdb|pubchem_confirmatory,False,True,,False,1.0
DRLPXDRPECOKMU-NHCUHLMSSA-N,bindingdb|pubchem_confirmatory,False,True,,False,1.0
BWARCCBBHLGKFR-JWQCQUIFSA-N,bindingdb|pubchem_confirmatory,False,True,,False,1.0
ZAOGCLYSMDCDSB-DHIUTWEWSA-N,bindingdb|pubchem_confirmatory,False,True,,False,1.0
BQKLRXQCKQPHHO-DHIUTWEWSA-N,bindingdb|pubchem_confirmatory,False,True,,False,1.0
DXDADULZCLUGLT-FGZHOGPDSA-N,bindingdb|pubchem_confirmatory,False,True,,False,1.0
YDOYMOKGZXXUEF-DNQXCXABSA-N,bindingdb|pubchem_confirmatory,False,True,,False,1.0
XJDKJTCXXURNSJ-DHIUTWEWSA-N,bindingdb|pubchem_confirmatory,False,True,,False,1.0
FBAGIVVBEFROHJ-GVBVHUCQSA-N,bindingdb|pubchem_confirmatory,False,True,,False,1.0
ARCARXWHGBXYFM-WZVKSPBRSA-N,bindingdb|pubchem_confirmatory,False,True,,False,1.0
HNWYKTQSJBFCGK-QREUFCTJSA-N,bindingdb|pubchem_confirmatory,False,True,,False,1.0
QKEOGPVMLXQGKG-DNQXCXABSA-N,bindingdb|pubchem_confirmatory,False,True,,False,1.0
RYVHQTFSLWDVJB-JWQCQUIFSA-N,bindingdb|pubchem_confirmatory,False,True,,False,1.0
JGSQWICXEUDAFK-JWQCQUIFSA-N,bindingdb|pubchem_confirmatory,False,True,,False,1.0
RVNJCCFEDWRUFU-KAYWLYCHSA-N,bindingdb|pubchem_confirmatory,False,True,,False,1.0
ZAPQTRQNQJRORK-UWDVWBIHSA-N,bindingdb|pubchem_confirmatory,False,True,,False,1.0
KRKPGPVWOGSSNU-LTFVAXTNSA-N,bindingdb|pubchem_confirmatory,False,True,,False,1.0
OSIDIFXRSRXJHO-DHIUTWEWSA-N,bindingdb|pubchem_confirmatory,False,True,,False,1.0
MICHKNNGIUGSKT-ZNRVYKQOSA-N,bindingdb|pubchem_confirmatory,False,True,,False,1.0
KQBCQOMQWJOBNL-LGYSXGNESA-N,bindingdb|pubchem_confirmatory,False,True,,False,1.0
IQFZRAHCMOCJEW-RPIHGYCXSA-N,bindingdb|pubchem_confirmatory,False,True,,False,1.0
NAJQUSSFNQOLTO-OWZGOFHBSA-N,bindingdb|pubchem_confirmatory,False,True,,False,1.0
AEPXHBGZAJNWCD-CQIJPRSPSA-N,bindingdb|pubchem_confirmatory,False,True,,False,1.0
PBCNIWXQYOQSRR-WSEHWORBSA-N,bindingdb|pubchem_confirmatory,False,True,,False,1.0
POAWXFFJITUGHV-NHCUHLMSSA-N,bindingdb|pubchem_confirmatory,False,True,,False,1.0
UABWDNSSGISSPD-RZDHNTQGSA-N,bindingdb|pubchem_confirmatory,False,True,,False,1.0
NCYYXRBGQIBVID-QYGXFBIXSA-N,bindingdb|pubchem_confirmatory,False,True,,False,1.0
NDOZHNQYMHXLRT-UCDZCMRKSA-N,bindingdb|pubchem_confirmatory,False,True,,False,1.0
QMJLQPIVHPNBBG-GESQXHNISA-N,bindingdb|pubchem_confirmatory,False,True,,False,1.0
PEMSBPMDBFZNNE-LGYSXGNESA-N,bindingdb|pubchem_confirmatory,False,True,,False,1.0
BZUARQADRSOWDN-DNZRUQJHSA-N,bindingdb|pubchem_confirmatory,False,True,,False,1.0
UEDMEDWCDGUTJA-OWZGOFHBSA-N,bindingdb|pubchem_confirmatory,False,True,,False,1.0
CLBNQSBDXXHWNP-RTBURBONSA-N,bindingdb|pubchem_confirmatory,False,True,,False,1.0
WBYSEZLDVJBVIW-CNBHCMJISA-N,bindingdb|pubchem_confirmatory,False,True,,False,1.0
DUGOGYQZCDKYMG-UHFFFAOYSA-N,bindingdb|pubchem_confirmatory,False,True,,False,1.0
KUBYIASRCJQGFU-MRXNPFEDSA-N,bindingdb|pubchem_confirmatory,False,True,,False,1.0
ZNBAYYQJZBTASR-XTMOMDIJSA-N,bindingdb|pubchem_confirmatory,False,True,,False,1.0
COCXMFIOZAWLCR-NOKYJCPASA-N,bindingdb|pubchem_confirmatory,False,True,,False,1.0
UICJDXRVZARMJQ-PCMMOIKVSA-N,bindingdb|pubchem_confirmatory,False,True,,False,1.0
UWILLTGTIVWKCC-WGDRDRTISA-N,bindingdb|pubchem_confirmatory,False,True,,False,1.0
PCPXMAYTHLEUQW-CTTIVYBISA-N,bindingdb|pubchem_confirmatory,False,True,,False,1.0
UFUJZEFGLWTWFP-JFYRUQIUSA-N,bindingdb|pubchem_confirmatory,False,True,,False,1.0
WOVXEPZFWJLPNK-JIUSLJTMSA-N,bindingdb|pubchem_confirmatory,False,True,,False,1.0
MAKFNTVGMPRZJE-MKFOLIAMSA-N,bindingdb|pubchem_confirmatory,False,True,,False,1.0
LUTCYBOUQVTJML-BLHVWRTFSA-N,bindingdb|pubchem_confirmatory,False,True,,False,1.0
ILOAQSSOOLEGJD-MKFOLIAMSA-N,bindingdb|pubchem_confirmatory,False,True,,False,1.0
CYOCPVFHUBDEAY-MMARFKFQSA-N,bindingdb|pubchem_confirmatory,False,True,,False,1.0
RVPJDRQKRKDWEX-WDGDBDAFSA-N,bindingdb|pubchem_confirmatory,False,True,,False,1.0
STCGCWPMTPMYLL-JIUSLJTMSA-N,bindingdb|pubchem_confirmatory,False,True,,False,1.0
NOTKZBFUCKDKMK-FKGNFIDKSA-N,bindingdb|pubchem_confirmatory,False,True,,False,1.0
GMPHZLNVRHCXMI-UJSRUBBISA-N,bindingdb|pubchem_confirmatory,False,True,,False,1.0
AODLNZDCRCWXAT-QDBUNJQASA-N,bindingdb|pubchem_confirmatory,False,True,,False,1.0
HNNGZQDOFRZSED-IKXBFRDRSA-N,bindingdb|pubchem_confirmatory,False,True,,False,1.0
OBNJSRJTGNAMKJ-CNBRWIIDSA-N,bindingdb|pubchem_confirmatory,False,True,,False,1.0
CVXUXRJDUNLXCO-IHEGYKPESA-N,bindingdb|pubchem_confirmatory,False,True,,False,1.0
VPXGXLHENYKVLJ-WOJBJXKFSA-N,bindingdb|pubchem_confirmatory,False,True,,False,1.0
CEFCJDUVZSHMNB-JWQCQUIFSA-N,bindingdb|pubchem_confirmatory,False,True,,False,1.0
MSRCQHVRHYQCMN-JWQCQUIFSA-N,bindingdb|pubchem_confirmatory,False,True,,False,1.0
CMMYMUZJKMPPSW-DHIUTWEWSA-N,bindingdb|pubchem_confirmatory,False,True,,False,1.0
BTNYWUBMJJLQKU-DNQXCXABSA-N,bindingdb|pubchem_confirmatory,False,True,,False,1.0
DFRCFJCMQDGHRO-KAYWLYCHSA-N,bindingdb|pubchem_confirmatory,False,True,,False,1.0
QSZMSKGCJFDZFK-KAYWLYCHSA-N,bindingdb|pubchem_confirmatory,False,True,,False,1.0
WCNVOYAEMGASOB-NOKYJCPASA-N,bindingdb|pubchem_confirmatory,False,True,,False,1.0
GRQYJPFSBYFLKX-WKBCRJLYSA-N,bindingdb|pubchem_confirmatory,False,True,,False,1.0
SIRWCTXBNDIKLO-WOJBJXKFSA-N,bindingdb|pubchem_confirmatory,False,True,,False,1.0
JAQXEUXBNPEXPR-XTMOMDIJSA-N,bindingdb|pubchem_confirmatory,False,True,,False,1.0
CYZCLBFPQUQZFG-MKFOLIAMSA-N,bindingdb|pubchem_confirmatory,False,True,,False,1.0
PEDHKVPQEVDWMG-PCMMOIKVSA-N,bindingdb|pubchem_confirmatory,False,True,,False,1.0
AJIIPRWRKKMBEX-BLHVWRTFSA-N,bindingdb|pubchem_confirmatory,False,True,,False,1.0
KTCRRXBJPFQLPB-JIUSLJTMSA-N,bindingdb|pubchem_confirmatory,False,True,,False,1.0
JEKVEEQHCFMZPV-JIUSLJTMSA-N,bindingdb|pubchem_confirmatory,False,True,,False,1.0
UCEYJQBEAJMKDC-JFYRUQIUSA-N,bindingdb|pubchem_confirmatory,False,True,,False,1.0
AFZOLKLTKSQWLA-WGDRDRTISA-N,bindingdb|pubchem_confirmatory,False,True,,False,1.0
GHPKJQPIFUGYGL-PMZKYIBISA-N,bindingdb|pubchem_confirmatory,False,True,,False,1.0
QZCWIJDDDCKWNU-CTTIVYBISA-N,bindingdb|pubchem_confirmatory,False,True,,False,1.0
GZRIKJQVAXILPI-PCMMOIKVSA-N,bindingdb|pubchem_confirmatory,False,True,,False,1.0
YWXCIZQGGSWBRZ-JIUSLJTMSA-N,bindingdb|pubchem_confirmatory,False,True,,False,1.0
SDFUHOMTNVQXOK-WDGDBDAFSA-N,bindingdb|pubchem_confirmatory,False,True,,False,1.0
VAICVMCVQIKRLM-NHCUHLMSSA-N,bindingdb|pubchem_confirmatory,False,True,,False,1.0
JQVWMXOMKVCDMK-JWQCQUIFSA-N,bindingdb|pubchem_confirmatory,False,True,,False,1.0
DJBYETYTSCWPFP-DNQXCXABSA-N,bindingdb|pubchem_confirmatory,False,True,,False,1.0
TWAPHFBDQWQATJ-NFDBJIOVSA-N,bindingdb|pubchem_confirmatory,False,True,,False,1.0
SGQZAKINKBAOBI-SCPLRKQGSA-N,bindingdb|pubchem_confirmatory,False,True,,False,1.0
JQAXWVNWOAPWJR-QYHPCCJNSA-N,bindingdb|pubchem_confirmatory,False,True,,False,1.0
FPJLYKYEPVVTSU-MOBAFLLYSA-N,bindingdb|pubchem_confirmatory,False,True,,False,1.0
PDNLGXZOAZNKIK-SGAJGPLNSA-N,bindingdb|pubchem_confirmatory,False,True,,False,1.0
WVEOHYANMDQZDU-VDOBOPNRSA-N,bindingdb|pubchem_confirmatory,False,True,,False,1.0
UZLOBDQJNXMOCW-STHVYQTBSA-N,bindingdb|pubchem_confirmatory,False,True,,False,1.0
MAPJZXDVJGPLNB-XBEWDXHHSA-N,bindingdb|pubchem_confirmatory,False,True,,False,1.0
PXOOLNADBLBDGP-WMXNZVEGSA-N,bindingdb|pubchem_confirmatory,False,True,,False,1.0
DJNAOPCJJPIXBC-KNFYQODVSA-N,bindingdb|pubchem_confirmatory,False,True,,False,1.0
AOPRHCXTDZOPCA-WOJBJXKFSA-N,bindingdb|pubchem_confirmatory,False,True,,False,1.0
GIKCZRSWNXCSEE-DHIUTWEWSA-N,bindingdb|pubchem_confirmatory,False,True,,False,1.0
YAKMEJDUURJVAG-CVOKNGKCSA-N,bindingdb|pubchem_confirmatory,False,True,,False,1.0
PMEXMUMJMDQZAA-XYUGXJJYSA-N,bindingdb|pubchem_confirmatory,False,True,,False,1.0
KDLUIAOGIDWVHT-ZTFYXODMSA-N,bindingdb|pubchem_confirmatory,False,True,,False,1.0
QKTXMWGUJUVNRS-VCKMPICQSA-N,bindingdb|pubchem_confirmatory,False,True,,False,1.0
HKCNTKQDYVGJOC-VFVRMCIJSA-N,bindingdb|pubchem_confirmatory,False,True,,False,1.0
KDMSBEOGWJGJSY-YASXMZIQSA-N,bindingdb|pubchem_confirmatory,False,True,,False,1.0
JGIRAGINAGOHJA-OSCSHELXSA-N,bindingdb|pubchem_confirmatory,False,True,,False,1.0
RTBRQHJGLKKSKW-PWJCZFGMSA-N,bindingdb|pubchem_confirmatory,False,True,,False,1.0
KMWGBLQIEAVFAP-AISLOGHRSA-N,bindingdb|pubchem_confirmatory,False,True,,False,1.0
UZCBFYDFGKWRNX-PWJCZFGMSA-N,bindingdb|pubchem_confirmatory,False,True,,False,1.0
OFIHEFDHYWXPRX-UOLLPAKTSA-N,bindingdb|pubchem_confirmatory,False,True,,False,1.0
WDJAQBCIWZKCTR-JFTKIIHVSA-N,bindingdb|pubchem_confirmatory,False,True,,False,1.0
UVSNOMMPEVXHSQ-MOBAFLLYSA-N,bindingdb|pubchem_confirmatory,False,True,,False,1.0
MYSUBDYQOQCEOB-DGAOCWAPSA-N,bindingdb|pubchem_confirmatory,False,True,,False,1.0
VDXXKUDCVIGQFO-JWJBQAENSA-N,bindingdb|pubchem_confirmatory,False,True,,False,1.0
QEVRHIQZLDMONN-XBPDSQQVSA-N,bindingdb|pubchem_confirmatory,False,True,,False,1.0
INDHGXNCOWKNAO-WMXNZVEGSA-N,bindingdb|pubchem_confirmatory,False,True,,False,1.0
VOUXMFQXPPJHEC-CAQIZEMESA-N,bindingdb|pubchem_confirmatory,False,True,,False,1.0
NGJYXVCSKJHNAT-YHNKWQPZSA-N,bindingdb|pubchem_confirmatory,False,True,,False,1.0
DJBXBKTXSGNGRL-KAYWLYCHSA-N,bindingdb|pubchem_confirmatory,False,True,,False,1.0
NSBMKRUFBCWBQW-JWQCQUIFSA-N,bindingdb|pubchem_confirmatory,False,True,,False,1.0
ZYHOXQXLKURBFP-KAYWLYCHSA-N,bindingdb|pubchem_confirmatory,False,True,,False,1.0
AOVMLGUEORGVEQ-DNQXCXABSA-N,bindingdb|pubchem_confirmatory,False,True,,False,1.0
ZQKMLZBSCJLBKE-JWQCQUIFSA-N,bindingdb|pubchem_confirmatory,False,True,,False,1.0
CQUZOKANUQURHT-DNQXCXABSA-N,bindingdb|pubchem_confirmatory,False,True,,False,1.0
LLSDVBJQORCMAV-ILBGXUMGSA-N,bindingdb|pubchem_confirmatory,False,True,,False,1.0
HMNKHISRBBCLDY-IOAASBHNSA-N,bindingdb|pubchem_confirmatory,False,True,,False,1.0
UUQVZRCSPHBFQY-KNFYQODVSA-N,bindingdb|pubchem_confirmatory,False,True,,False,1.0
MYPHUWSZEOZNPV-SGAJGPLNSA-N,bindingdb|pubchem_confirmatory,False,True,,False,1.0
DRRJBQKJGSJZDL-CDNDPLPTSA-N,bindingdb|pubchem_confirmatory,False,True,,False,1.0
NLUKINQSKLDEHF-DHIUTWEWSA-N,bindingdb|pubchem_confirmatory,False,True,,False,1.0
LNDKBCRRABBAKT-HSZRJFAPSA-N,bindingdb|pubchem_confirmatory,False,True,,False,1.0
FNZQYIQTKMKQPJ-KAYWLYCHSA-N,bindingdb|pubchem_confirmatory,False,True,,False,1.0
YRLABLNRTXOAPC-VSGBNLITSA-N,bindingdb|pubchem_confirmatory,False,True,,False,1.0
WDTIOTGJJKOBFJ-FQLXRVMXSA-N,bindingdb|pubchem_confirmatory,False,True,,False,1.0
MCKBVNJFBZDTKN-KAYWLYCHSA-N,bindingdb|pubchem_confirmatory,False,True,,False,1.0
CLNAMNKXZHHWES-KAYWLYCHSA-N,bindingdb|pubchem_confirmatory,False,True,,False,1.0
OUONHKWJNSCISW-VSGBNLITSA-N,bindingdb|pubchem_confirmatory,False,True,,False,1.0
YZPQKKHPQOAFMD-LOYHVIPDSA-N,bindingdb|pubchem_confirmatory,False,True,,False,1.0
CUIVGWDDDLBXEZ-KAYWLYCHSA-N,bindingdb|pubchem_confirmatory,False,True,,False,1.0
LWGPAUPNTXSILG-FQLXRVMXSA-N,bindingdb|pubchem_confirmatory,False,True,,False,1.0
XINIEHUQJJJGRI-KAYWLYCHSA-N,bindingdb|pubchem_confirmatory,False,True,,False,1.0
VWBQVPRIEYUFIW-VSGBNLITSA-N,bindingdb|pubchem_confirmatory,False,True,,False,1.0
WOIVRPPJCPKCGB-KAYWLYCHSA-N,bindingdb|pubchem_confirmatory,False,True,,False,1.0
CCJDFDOFKBFOEX-LOYHVIPDSA-N,bindingdb|pubchem_confirmatory,False,True,,False,1.0
WOIUZKMNMHGNIX-JWQCQUIFSA-N,bindingdb|pubchem_confirmatory,False,True,,False,1.0
DTUIFPQRSXCTLF-JWQCQUIFSA-N,bindingdb|pubchem_confirmatory,False,True,,False,1.0
DWGYNGMFXLQXRO-FQLXRVMXSA-N,bindingdb|pubchem_confirmatory,False,True,,False,1.0
IINBVAXVPPBSDM-CLJLJLNGSA-N,bindingdb|pubchem_confirmatory,False,True,,False,1.0
XBHJVDYHKUCCIM-KAYWLYCHSA-N,bindingdb|pubchem_confirmatory,False,True,,False,1.0
VRNVTEOYQGFXTP-MUUNZHRXSA-N,bindingdb|pubchem_confirmatory,False,True,,False,1.0
BSJCORAVQPXISH-SSEXGKCCSA-N,bindingdb|pubchem_confirmatory,False,True,,False,1.0
AIWMXAANOBDPTP-HHHXNRCGSA-N,bindingdb|pubchem_confirmatory,False,True,,False,1.0
AOTPTCIYQJSKMG-GDLZYMKVSA-N,bindingdb|pubchem_confirmatory,False,True,,False,1.0
GILXUAFTZOUSSE-HHHXNRCGSA-N,bindingdb|pubchem_confirmatory,False,True,,False,1.0
WYSDIYFLZKCSHZ-SSEXGKCCSA-N,bindingdb|pubchem_confirmatory,False,True,,False,1.0
WHQKMXRLPFGYCJ-HHHXNRCGSA-N,bindingdb|pubchem_confirmatory,False,True,,False,1.0
ICYKQAJMSOQVMQ-GDLZYMKVSA-N,bindingdb|pubchem_confirmatory,False,True,,False,1.0
LKXFMWKULCBJBR-GDLZYMKVSA-N,bindingdb|pubchem_confirmatory,False,True,,False,1.0
BWFIJHSEYXAOEU-RUZDIDTESA-N,bindingdb|pubchem_confirmatory,False,True,,False,1.0
PBIHTMHSZJUSGQ-RUZDIDTESA-N,bindingdb|pubchem_confirmatory,False,True,,False,1.0
MYKUERKHSVKKBS-AREMUKBSSA-N,bindingdb|pubchem_confirmatory,False,True,,False,1.0
OUUXBBWJVPNTJX-HHHXNRCGSA-N,bindingdb|pubchem_confirmatory,False,True,,False,1.0
HYUHFUHAYUYPGT-KAYWLYCHSA-N,bindingdb|pubchem_confirmatory,False,True,,False,1.0
NVFRWSKOJVCCJL-KAYWLYCHSA-N,bindingdb|pubchem_confirmatory,False,True,,False,1.0
MEIHUOSUSLIWGX-CLJLJLNGSA-N,bindingdb|pubchem_confirmatory,False,True,,False,1.0
YANWDWFRBBWQGZ-CLJLJLNGSA-N,bindingdb|pubchem_confirmatory,False,True,,False,1.0
RYRRXBKAUSPYCI-DNQXCXABSA-N,bindingdb|pubchem_confirmatory,False,True,,False,1.0
YSMZIYRQGIXNLY-RUZDIDTESA-N,bindingdb|pubchem_confirmatory,False,True,,False,1.0
OTHLRQNOMNTMNM-RUZDIDTESA-N,bindingdb|pubchem_confirmatory,False,True,,False,1.0
RGFRWFMECIQECE-MUUNZHRXSA-N,bindingdb|pubchem_confirmatory,False,True,,False,1.0
URJPGAGRMWQIFI-MUUNZHRXSA-N,bindingdb|pubchem_confirmatory,False,True,,False,1.0
YOBOQIBYUYARGA-HHHXNRCGSA-N,bindingdb|pubchem_confirmatory,False,True,,False,1.0
LTNBZWOGYMKVFQ-AREMUKBSSA-N,bindingdb|pubchem_confirmatory,False,True,,False,1.0
OAYDATPOJOXRTN-AREMUKBSSA-N,bindingdb|pubchem_confirmatory,False,True,,False,1.0
WSRACAJDXQXLKY-XMMPIXPASA-N,bindingdb|pubchem_confirmatory,False,True,,False,1.0
KHXXINBEOGDPLZ-FMCJVZMUSA-N,bindingdb|pubchem_confirmatory,False,True,,False,1.0
SPLNJRGBNNNKHB-WZVKSPBRSA-N,bindingdb|pubchem_confirmatory,False,True,,False,1.0
BVRLFUCIQFLHLF-GNTVVGMTSA-N,bindingdb|pubchem_confirmatory,False,True,,False,1.0
WECRGBCZCZYRJF-ZSTYLACZSA-N,bindingdb|pubchem_confirmatory,False,True,,False,1.0
CNODBLALLSMBRP-FIIBKKJESA-N,bindingdb|pubchem_confirmatory,False,True,,False,1.0
VQHWBPCJIRXGBG-GQVVIVCQSA-N,bindingdb|pubchem_confirmatory,False,True,,False,1.0
BZUULJWZOUBZOU-GESQXHNISA-N,bindingdb|pubchem_confirmatory,False,True,,False,1.0
ASWLGDXYLNMCNX-LAAJAHEYSA-N,bindingdb|pubchem_confirmatory,False,True,,False,1.0
CCSYXYPYOLCCGL-UEFMTQSISA-N,bindingdb|pubchem_confirmatory,False,True,,False,1.0
QATDHQWRPCIJEB-UYSSGXRJSA-N,bindingdb|pubchem_confirmatory,False,True,,False,1.0
YOQGSBYFJNAVCH-QREUFCTJSA-N,bindingdb|pubchem_confirmatory,False,True,,False,1.0
RDZGJJDXTKKAAY-XMMPIXPASA-N,bindingdb|pubchem_confirmatory,False,True,,False,1.0
OVTMUDITKOZDEL-HSZRJFAPSA-N,bindingdb|pubchem_confirmatory,False,True,,False,1.0
WTWFFTJQZVUGMI-RUZDIDTESA-N,bindingdb|pubchem_confirmatory,False,True,,False,1.0
DDISOFOWXOCGAV-XMMPIXPASA-N,bindingdb|pubchem_confirmatory,False,True,,False,1.0
SAGPREMUDAMTHH-RUZDIDTESA-N,bindingdb|pubchem_confirmatory,False,True,,False,1.0
BHKFMOQYGYWGJS-JOKZUWQNSA-N,bindingdb|pubchem_confirmatory,False,True,,False,1.0
ARPNHXPGQHBQLE-MKPMLQLGSA-N,bindingdb|pubchem_confirmatory,False,True,,False,1.0
LPXNCTCNHOMRFA-HSZRJFAPSA-N,bindingdb|pubchem_confirmatory,False,True,,False,1.0
AABZZNUUBZZERX-JOCHJYFZSA-N,bindingdb|pubchem_confirmatory,False,True,,False,1.0
IJLJUQZPTWRFBL-OAQYLSRUSA-N,bindingdb|pubchem_confirmatory,False,True,,False,1.0
YGKPHMYDOHTPGA-JOCHJYFZSA-N,bindingdb|pubchem_confirmatory,False,True,,False,1.0
KZKCEUKYTVURJF-RUZDIDTESA-N,bindingdb|pubchem_confirmatory,False,True,,False,1.0
GUSUUGYRVUCECB-XMMPIXPASA-N,bindingdb|pubchem_confirmatory,False,True,,False,1.0
SBFWUBVOOZHDBQ-HSZRJFAPSA-N,bindingdb|pubchem_confirmatory,False,True,,False,1.0
LMLNKABZNNGJBC-OAQYLSRUSA-N,bindingdb|pubchem_confirmatory,False,True,,False,1.0
PGVYCEPKYGDDHY-XMMPIXPASA-N,bindingdb|pubchem_confirmatory,False,True,,False,1.0
XNKTVEOCZUUTMO-XMMPIXPASA-N,bindingdb|pubchem_confirmatory,False,True,,False,1.0
PDWKFQUZVYNJOS-XMMPIXPASA-N,bindingdb|pubchem_confirmatory,False,True,,False,1.0
WMUWJXHTFVVKCD-HSZRJFAPSA-N,bindingdb|pubchem_confirmatory,False,True,,False,1.0
LUVXQLCJCISRGY-XMMPIXPASA-N,bindingdb|pubchem_confirmatory,False,True,,False,1.0
JOGDZBOVPGHXSD-QZTJIDSGSA-N,bindingdb|pubchem_confirmatory,False,True,,False,1.0
LKYGUHDNDYLJRG-DNQXCXABSA-N,bindingdb|pubchem_confirmatory,False,True,,False,1.0
PPNMARDWHLEQST-GOSISDBHSA-N,bindingdb|pubchem_confirmatory,False,True,,False,1.0
RVQVOSQSPHGWHI-XMMPIXPASA-N,bindingdb|pubchem_confirmatory,False,True,,False,1.0
AKYMBDMINLTULZ-CEMKGQCASA-N,bindingdb|pubchem_confirmatory,False,True,,False,1.0
UDHDMBBBCVHZOQ-STHVYQTBSA-N,bindingdb|pubchem_confirmatory,False,True,,False,1.0
LHILBPDUWJOHJO-QZPZUKOXSA-N,bindingdb|pubchem_confirmatory,False,True,,False,1.0
CQAPOSFTJXTYJJ-CCWBKVMBSA-N,bindingdb|pubchem_confirmatory,False,True,,False,1.0
CAMGWUOSDJNTKA-FIIBKKJESA-N,bindingdb|pubchem_confirmatory,False,True,,False,1.0
RIQJOWVVTDETBQ-WJBWUKACSA-N,bindingdb|pubchem_confirmatory,False,True,,False,1.0
GTQMERFSYAONMY-FMCJVZMUSA-N,bindingdb|pubchem_confirmatory,False,True,,False,1.0
DKHJRFWIGCTDOO-STHVYQTBSA-N,bindingdb|pubchem_confirmatory,False,True,,False,1.0
AFLXUSSCRWLQHJ-PMVAUVNFSA-N,bindingdb|pubchem_confirmatory,False,True,,False,1.0
ACKMNLXJDCTPTK-STHVYQTBSA-N,bindingdb|pubchem_confirmatory,False,True,,False,1.0
PYJNYZBYHLTDKK-ZVHXTAQDSA-N,bindingdb|pubchem_confirmatory,False,True,,False,1.0
DSHBRCUJDMKWOP-WJBWUKACSA-N,bindingdb|pubchem_confirmatory,False,True,,False,1.0
DUBAYMPAYPRMSJ-GNTVVGMTSA-N,bindingdb|pubchem_confirmatory,False,True,,False,1.0
RJVCCXGVOWRTQF-GQVVIVCQSA-N,bindingdb|pubchem_confirmatory,False,True,,False,1.0
SGWHZCFRQYAGPT-JCHVILAISA-N,bindingdb|pubchem_confirmatory,False,True,,False,1.0
WBRUNYRTKJTTSR-RUZDIDTESA-N,bindingdb|pubchem_confirmatory,False,True,,False,1.0
HJDASXODXGOWIF-RUZDIDTESA-N,bindingdb|pubchem_confirmatory,False,True,,False,1.0
WIZMCNXCBWAIFC-HSZRJFAPSA-N,bindingdb|pubchem_confirmatory,False,True,,False,1.0
YLYJYOCXJFPHKH-XMMPIXPASA-N,bindingdb|pubchem_confirmatory,False,True,,False,1.0
QVBKXUIGEWPCQK-JOCHJYFZSA-N,bindingdb|pubchem_confirmatory,False,True,,False,1.0
VVOVQVNRQICVNQ-JOCHJYFZSA-N,bindingdb|pubchem_confirmatory,False,True,,False,1.0
CHDVDQVMXKFVPT-RUZDIDTESA-N,bindingdb|pubchem_confirmatory,False,True,,False,1.0
MEELFESDPLJUSA-RUZDIDTESA-N,bindingdb|pubchem_confirmatory,False,True,,False,1.0
LIBZPKRXTOYRBH-RUZDIDTESA-N,bindingdb|pubchem_confirmatory,False,True,,False,1.0
MXQZEUOOWVBNDC-ZNHVGUMHSA-N,bindingdb|pubchem_confirmatory,False,True,,False,1.0
OZRRLRJQIPBQPF-LTFVAXTNSA-N,bindingdb|pubchem_confirmatory,False,True,,False,1.0
QQZBTNYWZVELSA-JCHVILAISA-N,bindingdb|pubchem_confirmatory,False,True,,False,1.0
CHMUAFHYTBEENP-JWQCQUIFSA-N,bindingdb|pubchem_confirmatory,False,True,,False,1.0
ZPKBUSMWNOANCW-DHIUTWEWSA-N,bindingdb|pubchem_confirmatory,False,True,,False,1.0
IYTYCUFCBRYNSG-JWQCQUIFSA-N,bindingdb|pubchem_confirmatory,False,True,,False,1.0
HUZDRWMPSVXREC-DNQXCXABSA-N,bindingdb|pubchem_confirmatory,False,True,,False,1.0
VJJYSBQMFWNUOJ-JWQCQUIFSA-N,bindingdb|pubchem_confirmatory,False,True,,False,1.0
TYDUGDFOMSBRBS-RXEARMEOSA-N,bindingdb|pubchem_confirmatory,False,True,,False,1.0
RPXIUKRGVXNCAW-TWDLTGNASA-N,bindingdb|pubchem_confirmatory,False,True,,False,1.0
ROFNTSWZZNLASR-MANYVHKHSA-N,bindingdb|pubchem_confirmatory,False,True,,False,1.0
ZENHDGKLCQQXHW-VONPHLAZSA-N,bindingdb|pubchem_confirmatory,False,True,,False,1.0
PKYOADBVPKQUFC-XBPDSQQVSA-N,bindingdb|pubchem_confirmatory,False,True,,False,1.0
KJVLZPNVCLCLST-KFHGAJFOSA-N,bindingdb|pubchem_confirmatory,False,True,,False,1.0
PUFJBGHVGPTVEQ-GVBVHUCQSA-N,bindingdb|pubchem_confirmatory,False,True,,False,1.0
LQDIHBYBNOFFJQ-WZVKSPBRSA-N,bindingdb|pubchem_confirmatory,False,True,,False,1.0
GPXXVTFBBOBRJH-GVBVHUCQSA-N,bindingdb|pubchem_confirmatory,False,True,,False,1.0
ZVAAFNKMZLRERI-SGAJGPLNSA-N,bindingdb|pubchem_confirmatory,False,True,,False,1.0
WCAWAVRIOPSSGM-BYICHJTDSA-N,bindingdb|pubchem_confirmatory,False,True,,False,1.0
SQCBIDYDQLUZPR-ZVHXTAQDSA-N,bindingdb|pubchem_confirmatory,False,True,,False,1.0
DGHXZIPLKHIDPO-QYHPCCJNSA-N,bindingdb|pubchem_confirmatory,False,True,,False,1.0
MILCHBDSTPKEOO-QREUFCTJSA-N,bindingdb|pubchem_confirmatory,False,True,,False,1.0
QZKCFCGKIRAYHJ-GDLZYMKVSA-N,bindingdb|pubchem_confirmatory,False,True,,False,1.0
GZDLWSWXISFWII-SSEXGKCCSA-N,bindingdb|pubchem_confirmatory,False,True,,False,1.0
GNHJXZXUZXQZNM-MUUNZHRXSA-N,bindingdb|pubchem_confirmatory,False,True,,False,1.0
CQFRUHHINUYADJ-MUUNZHRXSA-N,bindingdb|pubchem_confirmatory,False,True,,False,1.0
MNFVYTACDFWFHT-AREMUKBSSA-N,bindingdb|pubchem_confirmatory,False,True,,False,1.0
WYYPPJBTXFSMLZ-HHHXNRCGSA-N,bindingdb|pubchem_confirmatory,False,True,,False,1.0
FOWAZEHRQFKFGE-HHHXNRCGSA-N,bindingdb|pubchem_confirmatory,False,True,,False,1.0
XRSVKVLMWCVLCC-HHHXNRCGSA-N,bindingdb|pubchem_confirmatory,False,True,,False,1.0
CXECPTMZWVBWQZ-JCHVILAISA-N,bindingdb|pubchem_confirmatory,False,True,,False,1.0
AFTKACYQUIBNTO-SGAJGPLNSA-N,bindingdb|pubchem_confirmatory,False,True,,False,1.0
AWTLWZAEAVGJTR-CLJLJLNGSA-N,bindingdb|pubchem_confirmatory,False,True,,False,1.0
XMGXYJKLJRWEBN-KAYWLYCHSA-N,bindingdb|pubchem_confirmatory,False,True,,False,1.0
LDLZHURWZUOHPH-CLJLJLNGSA-N,bindingdb|pubchem_confirmatory,False,True,,False,1.0
HMDXLSRPXZDELQ-FQLXRVMXSA-N,bindingdb|pubchem_confirmatory,False,True,,False,1.0
FBJWSYBVXDAUDA-KAYWLYCHSA-N,bindingdb|pubchem_confirmatory,False,True,,False,1.0
AUABDWJIHQLLSF-CLJLJLNGSA-N,bindingdb|pubchem_confirmatory,False,True,,False,1.0
ZFPXRSJPMOOUNC-AREMUKBSSA-N,bindingdb|pubchem_confirmatory,False,True,,False,1.0
ZZAQXURRTOATDO-HHHXNRCGSA-N,bindingdb|pubchem_confirmatory,False,True,,False,1.0
HWPJVXVLFHVLDC-AREMUKBSSA-N,bindingdb|pubchem_confirmatory,False,True,,False,1.0
OKXUCXQGWHRKJF-GDLZYMKVSA-N,bindingdb|pubchem_confirmatory,False,True,,False,1.0
PARZGVAGFLTUQN-HHHXNRCGSA-N,bindingdb|pubchem_confirmatory,False,True,,False,1.0
FCYFUHRSBFYOLB-AREMUKBSSA-N,bindingdb|pubchem_confirmatory,False,True,,False,1.0
NWNUHFGTNFPUCR-HHHXNRCGSA-N,bindingdb|pubchem_confirmatory,False,True,,False,1.0
RLWBKTOBCDDASH-XMMPIXPASA-N,bindingdb|pubchem_confirmatory,False,True,,False,1.0
XLNCDUMNNBBHOY-FQLXRVMXSA-N,bindingdb|pubchem_confirmatory,False,True,,False,1.0
KXJGJSGDIFGYME-KAYWLYCHSA-N,bindingdb|pubchem_confirmatory,False,True,,False,1.0
INHPRRFHIJVIBF-KAYWLYCHSA-N,bindingdb|pubchem_confirmatory,False,True,,False,1.0
XGMNWIBBFHDNRS-FQLXRVMXSA-N,bindingdb|pubchem_confirmatory,False,True,,False,1.0
CYDWYVLIGIMJDE-VSGBNLITSA-N,bindingdb|pubchem_confirmatory,False,True,,False,1.0
BNNOREAGIWQLQY-JWQCQUIFSA-N,bindingdb|pubchem_confirmatory,False,True,,False,1.0
HQXWWODDOAVCQD-KAYWLYCHSA-N,bindingdb|pubchem_confirmatory,False,True,,False,1.0
VGRICQXQEUGDHK-LOYHVIPDSA-N,bindingdb|pubchem_confirmatory,False,True,,False,1.0
MEVOUKHUYPLOAP-JWQCQUIFSA-N,bindingdb|pubchem_confirmatory,False,True,,False,1.0
UXUJLJVEONEPJM-CLJLJLNGSA-N,bindingdb|pubchem_confirmatory,False,True,,False,1.0
BFASKTKXGSFMEN-JWQCQUIFSA-N,bindingdb|pubchem_confirmatory,False,True,,False,1.0
JMZAYKQGMWBAEJ-KAYWLYCHSA-N,bindingdb|pubchem_confirmatory,False,True,,False,1.0
JRAABIGIYYQCLU-KAYWLYCHSA-N,bindingdb|pubchem_confirmatory,False,True,,False,1.0
XDHMEIMQJCVCID-OAQYLSRUSA-N,bindingdb|pubchem_confirmatory,False,True,,False,1.0
ZNHVHAXWYLYERM-QFOBXASPSA-N,bindingdb|pubchem_confirmatory,False,True,,False,1.0
JSNWUTNRQLBEFK-ACVCQEAVSA-N,bindingdb|pubchem_confirmatory,False,True,,False,1.0
GROSSJVCUDLGOI-AFDYICAQSA-N,bindingdb|pubchem_confirmatory,False,True,,False,1.0
YWENUXBYJSJDLD-WVMUPECGSA-N,bindingdb|pubchem_confirmatory,False,True,,False,1.0
PLJYOTSJMDCDRZ-FBLFFUNLSA-N,bindingdb|pubchem_confirmatory,False,True,,False,1.0
GMNKPNRIRZOZHU-UYEDPJPISA-N,bindingdb|pubchem_confirmatory,False,True,,False,1.0
SNNNZHWSCFQNSS-HDXVINNVSA-N,bindingdb|pubchem_confirmatory,False,True,,False,1.0
WIELPYALLBTMLM-RDVROTLESA-N,bindingdb|pubchem_confirmatory,False,True,,False,1.0
ZJFXGBOASCGRSH-JTYXWRCWSA-N,pubchem_confirmatory,False,True,,False,1.0
IKTYIDRYTBVZJC-CGCOGMFASA-N,bindingdb|pubchem_confirmatory,False,True,,False,1.0
QEKRMDWMDCPCMH-GSHKWTBTSA-N,bindingdb|pubchem_confirmatory,False,True,,False,1.0
QVCLTMKLLFETPW-MWVDVNALSA-N,bindingdb|pubchem_confirmatory,False,True,,False,1.0
GPVGJKCQVQKTCU-KBEGNJGRSA-N,bindingdb|pubchem_confirmatory,False,True,,False,1.0
XFDJIOQCIWNVHB-SEMUNPCUSA-N,bindingdb|pubchem_confirmatory,False,True,,False,1.0
CBVFJUTUFKANOV-ZZTVPSNHSA-N,bindingdb|pubchem_confirmatory,False,True,,False,1.0
CSIRJPXUQDSYOW-HHHXNRCGSA-N,bindingdb|pubchem_confirmatory,False,True,,False,1.0
PETXMUCWOZPJJW-QDPGVEIFSA-N,bindingdb|pubchem_confirmatory,False,True,,False,1.0
PETXMUCWOZPJJW-NEKDWFFYSA-N,bindingdb|pubchem_confirmatory,False,True,,False,1.0
QVCLTMKLLFETPW-XDAJTCOGSA-N,bindingdb|pubchem_confirmatory,False,True,,False,1.0
YBTBDYKSJNXBGG-KAYWLYCHSA-N,bindingdb|pubchem_confirmatory,False,True,,False,1.0
ARXTZUKWNSDEOC-NGPVXHTBSA-N,pubchem_confirmatory,False,True,,False,1.0
APYRWCZSHVVKRE-VDLMLRQJSA-N,pubchem_confirmatory,False,True,,False,1.0
DFLPXAKZLNBNCB-HHHXNRCGSA-N,bindingdb|pubchem_confirmatory,False,True,,False,1.0
MKJUETQMTPGHGC-KAYWLYCHSA-N,bindingdb|pubchem_confirmatory,False,True,,False,1.0
QGSUJZNFKIUCGI-ZBGHLPLLSA-N,bindingdb|pubchem_confirmatory,False,True,,False,1.0
LTLXUAVVEIWJOB-AREMUKBSSA-N,bindingdb|pubchem_confirmatory,False,True,,False,1.0
TVRCRZNFCUYEKH-ZIBQXMNCSA-N,pubchem_confirmatory,False,True,,False,1.0
RUHPDBCMUJISAS-XPOHOPQJSA-N,pubchem_confirmatory,False,True,,False,1.0
HDOICFJGKOAPSD-KAYWLYCHSA-N,bindingdb|pubchem_confirmatory,False,True,,False,1.0
LPVKAKCXVFKSDD-HHHXNRCGSA-N,bindingdb|pubchem_confirmatory,False,True,,False,1.0
YDUZIQDWBSFXRB-GYZOCXDNSA-N,bindingdb|pubchem_confirmatory,False,True,,False,1.0
VGXAWPCYYWTEJP-YVVHSEAESA-N,bindingdb|pubchem_confirmatory,False,True,,False,1.0
XFXVYNYRKQIMDF-YJHZZORQSA-N,bindingdb|pubchem_confirmatory,False,True,,False,1.0
NECOWGBOQHSSNG-KJZSJKLJSA-N,bindingdb|pubchem_confirmatory,False,True,,False,1.0
CFDNEUFZAVYAPY-GCCWUPBUSA-N,bindingdb|pubchem_confirmatory,False,True,,False,1.0
YYXFWQONQMTQES-WXVAWEFUSA-N,bindingdb|pubchem_confirmatory,False,True,,False,1.0
CFDNEUFZAVYAPY-SACAOSOOSA-N,bindingdb|pubchem_confirmatory,False,True,,False,1.0
YYXFWQONQMTQES-AJTFRIOCSA-N,bindingdb|pubchem_confirmatory,False,True,,False,1.0
KREMBNXLYXOOPX-CLJLJLNGSA-N,bindingdb|pubchem_confirmatory,False,True,,False,1.0
NVKZHLKRHQPQSA-CLJLJLNGSA-N,bindingdb|pubchem_confirmatory,False,True,,False,1.0
DXZLTZZZLYIHJG-AREMUKBSSA-N,bindingdb|pubchem_confirmatory,False,True,,False,1.0
SIIPIXAPMMRJJU-KAYWLYCHSA-N,bindingdb|pubchem_confirmatory,False,True,,False,1.0
VQMXONSUYBYMGA-FQLXRVMXSA-N,bindingdb|pubchem_confirmatory,False,True,,False,1.0
LZDZYNKGEYBGLW-GDLZYMKVSA-N,bindingdb|pubchem_confirmatory,False,True,,False,1.0
GGJSPGBMCSAIDG-VSGBNLITSA-N,bindingdb|pubchem_confirmatory,False,True,,False,1.0
JUSNVANUAVZORF-MUUNZHRXSA-N,bindingdb|pubchem_confirmatory,False,True,,False,1.0
WTONTAIDCPNCSW-KAYWLYCHSA-N,bindingdb|pubchem_confirmatory,False,True,,False,1.0
DOSWOHSVUAUVED-HHHXNRCGSA-N,bindingdb|pubchem_confirmatory,False,True,,False,1.0
JBJNQCBJKWHJBA-HHHXNRCGSA-N,bindingdb|pubchem_confirmatory,False,True,,False,1.0
NFNSMCDRYSPAPO-CLJLJLNGSA-N,bindingdb|pubchem_confirmatory,False,True,,False,1.0
WDEZFYQOFULKKL-AREMUKBSSA-N,bindingdb|pubchem_confirmatory,False,True,,False,1.0
XMQMJDOTNCFOLT-HQMADOEBSA-N,bindingdb|pubchem_confirmatory,False,True,,False,1.0
HAMGMJYAAXCLDN-MUUNZHRXSA-N,bindingdb|pubchem_confirmatory,False,True,,False,1.0
CJVNIKYJWQUIRS-VSGBNLITSA-N,bindingdb|pubchem_confirmatory,False,True,,False,1.0
YPTZCJCUBUMRGV-NGPVXHTBSA-N,pubchem_confirmatory,False,True,,False,1.0
NAXPVOYEAMEMAE-JTYXWRCWSA-N,pubchem_confirmatory,False,True,,False,1.0
QYKCVISYGFTDBH-FQLXRVMXSA-N,bindingdb|pubchem_confirmatory,False,True,,False,1.0
DPUKLPJXBRSCKY-GDLZYMKVSA-N,bindingdb|pubchem_confirmatory,False,True,,False,1.0
XMQMJDOTNCFOLT-FAOMPSFFSA-N,bindingdb|pubchem_confirmatory,False,True,,False,1.0
VRHGRZFQXLMFNI-OKNVFKEHSA-N,bindingdb|pubchem_confirmatory,False,True,,False,1.0
VRHGRZFQXLMFNI-RJIGRWNCSA-N,bindingdb|pubchem_confirmatory,False,True,,False,1.0
SISWABZROHQKSF-KAYWLYCHSA-N,bindingdb|pubchem_confirmatory,False,True,,False,1.0
PTCLELAYDLLLIJ-GVBVHUCQSA-N,bindingdb|pubchem_confirmatory,False,True,,False,1.0
PRTQDZCJSRPOGJ-NEKDWFFYSA-N,bindingdb|pubchem_confirmatory,False,True,,False,1.0
DTRXNWPMBSOJIN-HHHXNRCGSA-N,bindingdb|pubchem_confirmatory,False,True,,False,1.0
FEPCLANBBKYTAM-XRBWLTQTSA-N,bindingdb|pubchem_confirmatory,False,True,,False,1.0
NSOVKIJNTQGSNZ-IIGOATNISA-N,bindingdb|pubchem_confirmatory,False,True,,False,1.0
RAYHOKJHOSRJQD-GTJYFZDJSA-N,bindingdb|pubchem_confirmatory,False,True,,False,1.0
VKJALWWCFJIUAH-XDAJTCOGSA-N,bindingdb|pubchem_confirmatory,False,True,,False,1.0
PRTQDZCJSRPOGJ-QDPGVEIFSA-N,bindingdb|pubchem_confirmatory,False,True,,False,1.0
VKJALWWCFJIUAH-MWVDVNALSA-N,bindingdb|pubchem_confirmatory,False,True,,False,1.0
QTYHBSNPEVTOCY-MOFFZIGISA-N,bindingdb|pubchem_confirmatory,False,True,,False,1.0
KMLRLTDCVYFJKS-OZIXFKSASA-N,bindingdb|pubchem_confirmatory,False,True,,False,1.0
RRZJHUZYOBHJNV-MUUNZHRXSA-N,bindingdb|pubchem_confirmatory,False,True,,False,1.0
GYZBYPQAHQSORI-YOXBCDPKSA-N,bindingdb|pubchem_confirmatory,False,True,,False,1.0
DKUSWZKILNAVSC-REMUIPKLSA-N,bindingdb|pubchem_confirmatory,False,True,,False,1.0
OEPRRKRVKRWOQF-YZMUISPRSA-N,bindingdb|pubchem_confirmatory,False,True,,False,1.0
AHAOMBQJJMWMOB-AREMUKBSSA-N,bindingdb|pubchem_confirmatory,False,True,,False,1.0
UMVSFFXULUUKML-CLJLJLNGSA-N,bindingdb|pubchem_confirmatory,False,True,,False,1.0
HAMJZNOCBRKLFH-JPBRTVAWSA-N,bindingdb|pubchem_confirmatory,False,True,,False,1.0
ZMHVWLZJEXXWPY-AJTFRIOCSA-N,bindingdb|pubchem_confirmatory,False,True,,False,1.0
FLNCJRNPDIQGRM-SACAOSOOSA-N,bindingdb|pubchem_confirmatory,False,True,,False,1.0
MWHSINSADPVBGZ-OVNMXNLTSA-N,bindingdb|pubchem_confirmatory,False,True,,False,1.0
GXEMNQLGKITEKY-VSGBNLITSA-N,bindingdb|pubchem_confirmatory,False,True,,False,1.0
YUGWOFBXSWQFQK-MANYVHKHSA-N,bindingdb|pubchem_confirmatory,False,True,,False,1.0
QLUFXYYIDQXVQU-RQAPJLMPSA-N,bindingdb|pubchem_confirmatory,False,True,,False,1.0
OJBRNJYASMQFBO-KAYWLYCHSA-N,bindingdb|pubchem_confirmatory,False,True,,False,1.0
VFDNBOXXJNKPFW-OAQYLSRUSA-N,bindingdb|pubchem_confirmatory,False,True,,False,1.0
MUIARBJPPYSFSA-NHCUHLMSSA-N,bindingdb|pubchem_confirmatory,False,True,,False,1.0
QABKNLFXYFFUKH-NHCUHLMSSA-N,bindingdb|pubchem_confirmatory,False,True,,False,1.0
OKKBYOPSXRIXKK-OAQYLSRUSA-N,bindingdb|pubchem_confirmatory,False,True,,False,1.0
URPCKBJLBWWJPQ-HSZRJFAPSA-N,bindingdb|pubchem_confirmatory,False,True,,False,1.0
NHMBMQBPTMRHTK-JOCHJYFZSA-N,bindingdb|pubchem_confirmatory,False,True,,False,1.0
TWNYKGSRJNYVIK-NHCUHLMSSA-N,bindingdb|pubchem_confirmatory,False,True,,False,1.0
FBXUNPZUNGNSMN-WOJBJXKFSA-N,bindingdb|pubchem_confirmatory,False,True,,False,1.0
KVMIXEURUDKPPT-NHCUHLMSSA-N,bindingdb|pubchem_confirmatory,False,True,,False,1.0
DJJKKBZYTMENQM-FGZHOGPDSA-N,bindingdb|pubchem_confirmatory,False,True,,False,1.0
IEFNZAQIDIMUPU-NHCUHLMSSA-N,bindingdb|pubchem_confirmatory,False,True,,False,1.0
NLBWUWGNYJSLTE-BPAKYRGESA-N,bindingdb|pubchem_confirmatory,False,True,,False,1.0
YBEMOCBGFFGDAH-FGZHOGPDSA-N,bindingdb|pubchem_confirmatory,False,True,,False,1.0
BQHPYPBHAUZTDT-DNQXCXABSA-N,bindingdb|pubchem_confirmatory,False,True,,False,1.0
JMKJBVPBLVPMHW-DNQXCXABSA-N,bindingdb|pubchem_confirmatory,False,True,,False,1.0
ARYBGZMSHXRBOQ-JWQCQUIFSA-N,bindingdb|pubchem_confirmatory,False,True,,False,1.0
TUDGDJRDIRQZGT-DNQXCXABSA-N,bindingdb|pubchem_confirmatory,False,True,,False,1.0
YPKIWHXVGAGBLC-FGZHOGPDSA-N,bindingdb|pubchem_confirmatory,False,True,,False,1.0
BRYMJXNQKDQEAQ-JCHVILAISA-N,bindingdb|pubchem_confirmatory,False,True,,False,1.0
NQHQCWFRELDPSR-MGYSCDMNSA-N,bindingdb|pubchem_confirmatory,False,True,,False,1.0
BQQCOVPGQSMJES-CLJLJLNGSA-N,bindingdb|pubchem_confirmatory,False,True,,False,1.0
BCGLCWUWBPCKSO-CDNDPLPTSA-N,bindingdb|pubchem_confirmatory,False,True,,False,1.0
MVGNNNIEBIWQPN-CLJLJLNGSA-N,bindingdb|pubchem_confirmatory,False,True,,False,1.0
XLJXWVMVDOASFN-QYHPCCJNSA-N,bindingdb|pubchem_confirmatory,False,True,,False,1.0
UHXBBZXFNKGBQQ-CPZIVXJKSA-N,bindingdb|pubchem_confirmatory,False,True,,False,1.0
FZTMTGVISYQUJF-DNQXCXABSA-N,bindingdb|pubchem_confirmatory,False,True,,False,1.0
OUHJLFOEFIZYPJ-JWQCQUIFSA-N,bindingdb|pubchem_confirmatory,False,True,,False,1.0
ODNZFEBIBYCHQD-JGVIILGRSA-N,bindingdb|pubchem_confirmatory,False,True,,False,1.0
ITKGEPPNEGSVBO-XMMPIXPASA-N,bindingdb|pubchem_confirmatory,False,True,,False,1.0
XBUAROXBMMOLSP-JWQCQUIFSA-N,bindingdb|pubchem_confirmatory,False,True,,False,1.0
PTLWJWJPPNDCMM-ZHFHXLPRSA-N,bindingdb|pubchem_confirmatory,False,True,,False,1.0
KCKSQXXHRFEJPJ-JWQCQUIFSA-N,bindingdb|pubchem_confirmatory,False,True,,False,1.0
FETADTQMAMCUBJ-XBPDSQQVSA-N,bindingdb|pubchem_confirmatory,False,True,,False,1.0
VQPYXWSDGRECHG-TWDLTGNASA-N,bindingdb|pubchem_confirmatory,False,True,,False,1.0
CCUATAPILJLNAO-DNQXCXABSA-N,bindingdb|pubchem_confirmatory,False,True,,False,1.0
WJTGWYRYHLTKTK-FCBLIUAWSA-N,bindingdb|pubchem_confirmatory,False,True,,False,1.0
CCTOSKMYYJIKCY-JWQCQUIFSA-N,bindingdb|pubchem_confirmatory,False,True,,False,1.0
PDKVNQUVULGNCC-FIRIVFDPSA-N,bindingdb|pubchem_confirmatory,False,True,,False,1.0
NTMPOBJJLHBUER-YZZZMAPSSA-N,bindingdb|pubchem_confirmatory,False,True,,False,1.0
URDVKLILWWNSPT-LOYHVIPDSA-N,bindingdb|pubchem_confirmatory,False,True,,False,1.0
PXSFPKKTPXMXEL-WBJFKPHRSA-N,bindingdb|pubchem_confirmatory,False,True,,False,1.0
VZHSPUWKMPTQJY-LOYHVIPDSA-N,bindingdb|pubchem_confirmatory,False,True,,False,1.0
QXUGPCRCOYOEQC-FIRIVFDPSA-N,bindingdb|pubchem_confirmatory,False,True,,False,1.0
BAACMINFRYGEOW-MODGDONCSA-N,bindingdb|pubchem_confirmatory,False,True,,False,1.0
OWZSJTPAELCUTA-LOYHVIPDSA-N,bindingdb|pubchem_confirmatory,False,True,,False,1.0
SOUDLJVEBAMIIN-ACZRSVQJSA-N,bindingdb|pubchem_confirmatory,False,True,,False,1.0
VTSQFJFCFADIMM-FQLXRVMXSA-N,bindingdb|pubchem_confirmatory,False,True,,False,1.0
MJEVWSCKIVQISM-NHMVCCKCSA-N,bindingdb|pubchem_confirmatory,False,True,,False,1.0
VEZZYLYRGWCRGN-NHMVCCKCSA-N,bindingdb|pubchem_confirmatory,False,True,,False,1.0
SVAJFUONVUFFPS-VSGBNLITSA-N,bindingdb|pubchem_confirmatory,False,True,,False,1.0
YLHZIGFFQMDKLR-MDAUBKBASA-N,bindingdb|pubchem_confirmatory,False,True,,False,1.0
HAFZSDAXQFQHKW-KAYWLYCHSA-N,bindingdb|pubchem_confirmatory,False,True,,False,1.0
ZRASDNFEONITRH-ZHFHXLPRSA-N,bindingdb|pubchem_confirmatory,False,True,,False,1.0
FDDGLONZWVFBMI-RDHWPSBWSA-N,bindingdb|pubchem_confirmatory,False,True,,False,1.0
FDDGLONZWVFBMI-PQRMCGFUSA-N,bindingdb|pubchem_confirmatory,False,True,,False,1.0
MPGFEFZASUKBJA-CDISPVAFSA-N,bindingdb|pubchem_confirmatory,False,True,,False,1.0
INJZPMFSLXVHHA-WIISGGPLSA-N,bindingdb|pubchem_confirmatory,False,True,,False,1.0
WCPXOJTYDVBBDT-IWGZPIKUSA-N,bindingdb|pubchem_confirmatory,False,True,,False,1.0
GXGQLCLUCHQMFB-UONXBRBJSA-N,bindingdb|pubchem_confirmatory,False,True,,False,1.0
MFBNVSSMAJQYTO-AHWVRZQESA-N,bindingdb|pubchem_confirmatory,False,True,,False,1.0
GBGNRJWWXVCZOB-FPSALIRRSA-N,bindingdb|pubchem_confirmatory,False,True,,False,1.0
BIJFVWNUHUJPCU-NESNGIIPSA-N,bindingdb|pubchem_confirmatory,False,True,,False,1.0
KZKLJHZXCXYNPM-ZWUPQFPUSA-N,bindingdb|pubchem_confirmatory,False,True,,False,1.0
CTMKGFXRSMZDIB-SQGQPVMHSA-N,bindingdb|pubchem_confirmatory,False,True,,False,1.0
BPDIWPXYWOBUKD-LOYHVIPDSA-N,bindingdb|pubchem_confirmatory,False,True,,False,1.0
XKLVHLDZERVUOM-PYKDQWMASA-N,bindingdb|pubchem_confirmatory,False,True,,False,1.0
DQFHXHFVOQHYQN-HXUWFJFHSA-N,bindingdb|pubchem_confirmatory,False,True,,False,1.0
KHDOCWSGAMXNIE-UHFFFAOYSA-N,bindingdb|pubchem_confirmatory,False,True,,False,1.0
KWWRZQBFPHGLLU-GOSISDBHSA-N,bindingdb|pubchem_confirmatory,False,True,,False,1.0
BJGNGAUQQVLOFK-OAQYLSRUSA-N,bindingdb|pubchem_confirmatory,False,True,,False,1.0
JUAAXXWFYBKTOK-JOCHJYFZSA-N,bindingdb|pubchem_confirmatory,False,True,,False,1.0
KVVLHOAFZBAXJA-OAQYLSRUSA-N,bindingdb|pubchem_confirmatory,False,True,,False,1.0
OTTXISGXVQCDKH-MRXNPFEDSA-N,bindingdb|pubchem_confirmatory,False,True,,False,1.0
YTWWPSKDZIWWGS-HSZRJFAPSA-N,bindingdb|pubchem_confirmatory,False,True,,False,1.0
INNIPFBUZSIMHT-JOCHJYFZSA-N,bindingdb|pubchem_confirmatory,False,True,,False,1.0
LIIIMFCUVRIFDK-HSZRJFAPSA-N,bindingdb|pubchem_confirmatory,False,True,,False,1.0
QVUBWUSXYZDOKJ-JOCHJYFZSA-N,bindingdb|pubchem_confirmatory,False,True,,False,1.0
BHNCFTVRTDAWMG-HXUWFJFHSA-N,bindingdb|pubchem_confirmatory,False,True,,False,1.0
LBTLXLUYSGUICZ-HSZRJFAPSA-N,bindingdb|pubchem_confirmatory,False,True,,False,1.0
IJJMOGUYFPBFLU-HSZRJFAPSA-N,bindingdb|pubchem_confirmatory,False,True,,False,1.0
OURALECKKSXVBI-HXUWFJFHSA-N,bindingdb|pubchem_confirmatory,False,True,,False,1.0
OIPUCNKRUQAQOG-HXUWFJFHSA-N,bindingdb|pubchem_confirmatory,False,True,,False,1.0
ZVYWQARDVBIPNE-JOCHJYFZSA-N,bindingdb|pubchem_confirmatory,False,True,,False,1.0
VMPJLOARTDNYOG-OAQYLSRUSA-N,bindingdb|pubchem_confirmatory,False,True,,False,1.0
XQEFZYJZQWLHPA-HXUWFJFHSA-N,bindingdb|pubchem_confirmatory,False,True,,False,1.0
MZZIBKVZKGOPOK-GOSISDBHSA-N,bindingdb|pubchem_confirmatory,False,True,,False,1.0
NPZVTWIYGOQTMM-WRSRUZKNSA-N,bindingdb|pubchem_confirmatory,False,True,,False,1.0
WMVKZLRWPDNEEV-UHFFFAOYSA-N,bindingdb|pubchem_confirmatory,False,True,,False,1.0
YEYGBCBODNQPPQ-OAQYLSRUSA-N,bindingdb|pubchem_confirmatory,False,True,,False,1.0
ATMQYASCICEAIR-QGZVFWFLSA-N,bindingdb|chembl|pubchem_confirmatory,False,True,,False,1.0
FHRGHWJREIVLTF-OXJNMPFZSA-N,bindingdb|chembl|pubchem_confirmatory,False,True,,False,1.0
XCHVAFMDSDWGKU-QGZVFWFLSA-N,bindingdb|chembl|pubchem_confirmatory,False,True,,False,1.0
VWCKDLAMHWKXFJ-HXUWFJFHSA-N,bindingdb|chembl|pubchem_confirmatory,False,True,,False,1.0
JQGQSIFPSQABNF-GOSISDBHSA-N,bindingdb|chembl|pubchem_confirmatory,False,True,,False,1.0
UZZCYFPUQONPSM-HXUWFJFHSA-N,bindingdb|chembl|pubchem_confirmatory,False,True,,False,1.0
XOPFZBSGTNUENT-UHFFFAOYSA-N,bindingdb|chembl|pubchem_confirmatory,False,True,,False,1.0
CCJHJEGQQRESRQ-UHFFFAOYSA-N,bindingdb|chembl|pubchem_confirmatory,False,True,,False,1.0
NGLHWLJAOJUKDB-UHFFFAOYSA-N,bindingdb|chembl|pubchem_confirmatory,False,True,,False,1.0
LDFIAHIZNOGABR-UHFFFAOYSA-N,bindingdb|chembl|pubchem_confirmatory,False,True,,False,1.0
CIUJUXIRJKCLNI-UHFFFAOYSA-N,bindingdb|chembl|pubchem_confirmatory,False,True,,False,1.0
UTLSDQLDTDZRJB-BJMVGYQFSA-N,bindingdb|chembl|pubchem_confirmatory,False,True,,False,1.0
KKRHFNFLOSUOPU-UHFFFAOYSA-N,bindingdb|chembl|pubchem_confirmatory,False,True,,False,1.0
TVWVXTPUYKCYDY-UHFFFAOYSA-N,bindingdb|chembl|pubchem_confirmatory,False,True,,False,1.0
BDYDINKSILYBOL-WMZHIEFXSA-N,bindingdb|chembl|pubchem_confirmatory,False,True,,False,1.0
LJJCYRVBDASIDX-DEOSSOPVSA-N,bindingdb|chembl|pubchem_confirmatory,False,True,,False,1.0
SOZMHIJABUOUSN-ORMVGFHCSA-N,bindingdb|chembl|pubchem_confirmatory,False,True,,False,1.0
BEBWDQKWFGMXJE-JJRALNOCSA-N,bindingdb|chembl|pubchem_confirmatory,False,True,,False,1.0
RNPHDOGEBPEBJL-BWRKVPRGSA-N,bindingdb|chembl|pubchem_confirmatory,False,True,,False,1.0
KSRIRFYXGRVHIQ-NHFPRBITSA-N,bindingdb|chembl|pubchem_confirmatory,False,True,,False,1.0
XVDOJGKFRPGAMA-XOAKMBAOSA-N,bindingdb|chembl|pubchem_confirmatory,False,True,,False,1.0
DEXCMYZIMLJRHD-MLUOZVFJSA-N,bindingdb|chembl|pubchem_confirmatory,False,True,,False,1.0
XXWKQQADEORQKB-TZFJXLEPSA-N,bindingdb|chembl|pubchem_confirmatory,False,True,,False,1.0
WSECFSPSIZWXKX-SGURQHNMSA-N,bindingdb|chembl|pubchem_confirmatory,False,True,,False,1.0
AWLWGEWTGVCELL-IAVHNDNQSA-N,bindingdb|chembl|pubchem_confirmatory,False,True,,False,1.0
XLFRTKXSXYRMCR-NQLGDYOOSA-N,bindingdb|chembl|pubchem_confirmatory,False,True,,False,1.0
AYPOFBCPZVCFFN-RBZQAINGSA-N,bindingdb|chembl|pubchem_confirmatory,False,True,,False,1.0
JQVQFHRHFJDUQB-WUYKWKHLSA-N,bindingdb|chembl|pubchem_confirmatory,False,True,,False,1.0
OPOIXJXKOVEMMK-SGURQHNMSA-N,bindingdb|chembl|pubchem_confirmatory,False,True,,False,1.0
LDFXPUUHGIRAJW-HXUWFJFHSA-N,bindingdb|pubchem_confirmatory,False,True,,False,1.0
YTNOZLXUKPRAIR-UHFFFAOYSA-N,bindingdb|pubchem_confirmatory,False,True,,False,1.0
KCQDMTUOIGYZJW-UHFFFAOYSA-N,bindingdb|chembl|pubchem_confirmatory,False,True,,False,1.0
YENZISCKOLNUNL-OFNKIYASSA-N,bindingdb|chembl|pubchem_confirmatory,False,True,,False,1.0
YYDSWHOUUXLIPO-HXUWFJFHSA-N,chembl|pubchem_confirmatory,False,True,,False,1.0
FWKPAEDBNWIWNN-HSZRJFAPSA-N,chembl|pubchem_confirmatory,False,True,,False,1.0
KGASJTZJKUTRKA-HXUWFJFHSA-N,chembl|pubchem_confirmatory,False,True,,False,1.0
QQJBUMHLLPCNES-HXUWFJFHSA-N,chembl|pubchem_confirmatory,False,True,,False,1.0
LDAFREJPMJXRPV-LJQANCHMSA-N,chembl|pubchem_confirmatory,False,True,,False,1.0
SOIIUZAYVFXKQU-HXUWFJFHSA-N,chembl|pubchem_confirmatory,False,True,,False,1.0
DQYBRNLGMWOIAD-UHFFFAOYSA-N,chembl|pubchem_confirmatory,False,True,,False,1.0
RFFRJSYCHSXGKZ-UHFFFAOYSA-N,chembl|pubchem_confirmatory,False,True,,False,1.0
FMFNHGMJLLUKKO-UHFFFAOYSA-N,chembl|pubchem_confirmatory,False,True,,False,1.0
QGRRZABEPJXVLV-UHFFFAOYSA-N,chembl|pubchem_confirmatory,False,True,,False,1.0
SPYSMKILPZOVSD-UHFFFAOYSA-N,chembl|pubchem_confirmatory,False,True,,False,1.0
PSSQKPFLUZJLND-UHFFFAOYSA-N,chembl|pubchem_confirmatory,False,True,,False,1.0
XERIXIFQJJFPGS-UHFFFAOYSA-N,bindingdb|chembl|pubchem_confirmatory,False,True,,False,1.0
NJSZICRJHDQNCG-QGZVFWFLSA-N,bindingdb|chembl|pubchem_confirmatory,False,True,,False,1.0
BPWATVWOHQZVRP-NSHDSACASA-N,bindingdb|chembl|pubchem_confirmatory,False,True,,False,1.0
OLFDULIIJWCYCK-NSHDSACASA-N,bindingdb|chembl|pubchem_confirmatory,False,True,,False,1.0
ROSPXSVYPPWPER-FQEVSTJZSA-N,bindingdb|chembl|pubchem_confirmatory,False,True,,False,1.0
AEHNGMWCWNFYGA-VWLOTQADSA-N,bindingdb|chembl|pubchem_confirmatory,False,True,,False,1.0
SJULYGXYEMITLA-SANMLTNESA-N,bindingdb|chembl|pubchem_confirmatory,False,True,,False,1.0
RNVGQUCPIOCOLA-CIFBLZBGSA-N,bindingdb|chembl|pubchem_confirmatory,False,True,,False,1.0
OMNPZEKDRDIEOQ-NRFANRHFSA-N,bindingdb|chembl|pubchem_confirmatory,False,True,,False,1.0
SIKMFSCAHDNGSX-SANMLTNESA-N,bindingdb|chembl|pubchem_confirmatory,False,True,,False,1.0
DOGQFSIYZSBGIT-QHCPKHFHSA-N,bindingdb|chembl|pubchem_confirmatory,False,True,,False,1.0
CPOUBCIXTQYKFZ-NDEPHWFRSA-N,bindingdb|chembl|pubchem_confirmatory,False,True,,False,1.0
UKMDSKISUOFSSN-SANMLTNESA-N,bindingdb|chembl|pubchem_confirmatory,False,True,,False,1.0
GBABZCBYODXOKT-SANMLTNESA-N,bindingdb|chembl|pubchem_confirmatory,False,True,,False,1.0
WQQYYEAXCGSTEG-QHCPKHFHSA-N,bindingdb|chembl|pubchem_confirmatory,False,True,,False,1.0
WBVSLOZIPBGMGD-DEOSSOPVSA-N,bindingdb|chembl|pubchem_confirmatory,False,True,,False,1.0
DWPKJMZNKNGEPT-PMERELPUSA-N,bindingdb|chembl|pubchem_confirmatory,False,True,,False,1.0
CWLQVFRMYVBVQR-VWLOTQADSA-N,bindingdb|chembl|pubchem_confirmatory,False,True,,False,1.0
LBPHQNXLYXBJPB-IBGZPJMESA-N,bindingdb|chembl|pubchem_confirmatory,False,True,,False,1.0
QEDRWCZKWJJCHF-IBGZPJMESA-N,bindingdb|chembl|pubchem_confirmatory,False,True,,False,1.0
QSOANCWMQYCQPM-SFHVURJKSA-N,bindingdb|chembl|pubchem_confirmatory,False,True,,False,1.0
RAQKNQGJRDRXAH-SFTDATJTSA-N,bindingdb|chembl|pubchem_confirmatory,False,True,,False,1.0
PRZSMYDCTDEWSN-SFHVURJKSA-N,bindingdb|chembl|pubchem_confirmatory,False,True,,False,1.0
YGGURSRNOHLZLN-SANMLTNESA-N,bindingdb|chembl|pubchem_confirmatory,False,True,,False,1.0
KMIRIWMQABSUPL-FQEVSTJZSA-N,bindingdb|chembl|pubchem_confirmatory,False,True,,False,1.0
SXPYPXNLXOZOHG-QFIPXVFZSA-N,bindingdb|chembl|pubchem_confirmatory,False,True,,False,1.0
JEKTVRHJBCGHFJ-PMERELPUSA-N,bindingdb|chembl|pubchem_confirmatory,False,True,,False,1.0
QOTBHKUABHMCMR-SANMLTNESA-N,bindingdb|chembl|pubchem_confirmatory,False,True,,False,1.0
YHJJOLOVMCPJEK-SANMLTNESA-N,bindingdb|chembl|pubchem_confirmatory,False,True,,False,1.0
PJHFHEHDIDEJBH-SANMLTNESA-N,bindingdb|chembl|pubchem_confirmatory,False,True,,False,1.0
ZDGDTEUUOXKROF-QHCPKHFHSA-N,bindingdb|chembl|pubchem_confirmatory,False,True,,False,1.0
QAMZIERTQHLZOB-QFIPXVFZSA-N,bindingdb|chembl|pubchem_confirmatory,False,True,,False,1.0
XROHWYCHEUBBDR-MHZLTWQESA-N,bindingdb|chembl|pubchem_confirmatory,False,True,,False,1.0
VHPAZOVJJOZCLD-QHCPKHFHSA-N,bindingdb|chembl|pubchem_confirmatory,False,True,,False,1.0
XRXJMFYWQKEMHA-SANMLTNESA-N,bindingdb|chembl|pubchem_confirmatory,False,True,,False,1.0
MBUPAWYIYXGPCY-QHCPKHFHSA-N,bindingdb|chembl|pubchem_confirmatory,False,True,,False,1.0
RCLARCLPTIUJGB-LJAQVGFWSA-N,bindingdb|chembl|pubchem_confirmatory,False,True,,False,1.0
RXABGCFSEVZQBM-MHZLTWQESA-N,bindingdb|chembl|pubchem_confirmatory,False,True,,False,1.0
SLTJFRJEBDWGCV-FQEVSTJZSA-N,bindingdb|chembl|pubchem_confirmatory,False,True,,False,1.0
RBZZBCNIQBLEAZ-SANMLTNESA-N,bindingdb|chembl|pubchem_confirmatory,False,True,,False,1.0
KGLNTJBSYGPAQJ-SANMLTNESA-N,bindingdb|chembl|pubchem_confirmatory,False,True,,False,1.0
GTFLWUJOYDUBAI-LJAQVGFWSA-N,bindingdb|chembl|pubchem_confirmatory,False,True,,False,1.0
FTQKRNRRSRXYAW-VWLOTQADSA-N,bindingdb|chembl|pubchem_confirmatory,False,True,,False,1.0
KZUGVCMKFKXKJX-MHZLTWQESA-N,bindingdb|chembl|pubchem_confirmatory,False,True,,False,1.0
RWXJNOXHHROAGK-NDEPHWFRSA-N,bindingdb|chembl|pubchem_confirmatory,False,True,,False,1.0
VDHXSLHHCSTMGO-HNNXBMFYSA-N,chembl|pubchem_confirmatory,False,True,,False,1.0
QHGIRHHYXMSBAA-SFHVURJKSA-N,chembl|pubchem_confirmatory,False,True,,False,1.0
CZNJLZHFEMUNBU-HNNXBMFYSA-N,chembl|pubchem_confirmatory,False,True,,False,1.0
QTNKNBCYZAJJCL-SFHVURJKSA-N,chembl|pubchem_confirmatory,False,True,,False,1.0
ZXKZQAWKAXBIOW-SFHVURJKSA-N,chembl|pubchem_confirmatory,False,True,,False,1.0
QVQLUTLQWGEXFG-HNNXBMFYSA-N,chembl|pubchem_confirmatory,False,True,,False,1.0
WNHMXJIINSBZFX-SFHVURJKSA-N,chembl|pubchem_confirmatory,False,True,,False,1.0
PZPLTWPXLXBYJL-SFHVURJKSA-N,chembl|pubchem_confirmatory,False,True,,False,1.0
PXJXCBYHGJEEJH-OXJNMPFZSA-N,chembl|pubchem_confirmatory,False,True,,False,1.0
OBWPHUHZPTUUFY-UHFFFAOYSA-N,bindingdb|chembl|pubchem_confirmatory,False,True,,False,1.0
GRZLMBNRDLTGCD-UHFFFAOYSA-N,bindingdb|chembl|pubchem_confirmatory,False,True,,False,1.0
RNSKAVUKRKPYGK-UHFFFAOYSA-N,bindingdb|chembl|pubchem_confirmatory,False,True,,False,1.0
HVCBKNIGIAIONV-UHFFFAOYSA-N,bindingdb|chembl|pubchem_confirmatory,False,True,,False,1.0
GHTSDFVXGDTGAV-UHFFFAOYSA-N,bindingdb|chembl|pubchem_confirmatory,False,True,,False,1.0
UMMNKCUSQIKSGP-UHFFFAOYSA-N,bindingdb|chembl|pubchem_confirmatory,False,True,,False,1.0
HAEQQPWTMBVMLJ-UHFFFAOYSA-N,bindingdb|chembl|pubchem_confirmatory,False,True,,False,1.0
QHJBNEFEIDZZCN-UHFFFAOYSA-N,bindingdb|chembl|pubchem_confirmatory,False,True,,False,1.0
HMERIDRZXRVXIZ-UHFFFAOYSA-N,bindingdb|chembl|pubchem_confirmatory,False,True,,False,1.0
VFJSDBUJXJBRRA-UHFFFAOYSA-N,bindingdb|chembl|pubchem_confirmatory,False,True,,False,1.0
VUCFCRGOVAAFJN-NSHDSACASA-N,bindingdb|chembl|pubchem_confirmatory,False,True,,False,1.0
RNKUFKLZNUHJKO-INIZCTEOSA-N,bindingdb|chembl|pubchem_confirmatory,False,True,,False,1.0
IMRNUHDAZKODPJ-NSHDSACASA-N,bindingdb|chembl|pubchem_confirmatory,False,True,,False,1.0
HBEIARVCIYYMOR-NSHDSACASA-N,bindingdb|chembl|pubchem_confirmatory,False,True,,False,1.0
VPPKASORXGKPDU-HNNXBMFYSA-N,bindingdb|chembl|pubchem_confirmatory,False,True,,False,1.0
SARPVRSDFMPZPF-UHFFFAOYSA-N,bindingdb|chembl|pubchem_confirmatory,False,True,,False,1.0
ZIGXSTQPULUMFD-UHFFFAOYSA-N,bindingdb|chembl|pubchem_confirmatory,False,True,,False,1.0
WIMIJIUBOOEMPC-HNNXBMFYSA-N,bindingdb|chembl|pubchem_confirmatory,False,True,,False,1.0
HAIYEFMGUXOXIY-UHFFFAOYSA-N,bindingdb|chembl|pubchem_confirmatory,False,True,,False,1.0
SDHVJUNLHOVWRK-HNNXBMFYSA-N,bindingdb|chembl|pubchem_confirmatory,False,True,,False,1.0
ZRLDFUHXUJOSFA-UHFFFAOYSA-N,bindingdb|chembl|pubchem_confirmatory,False,True,,False,1.0
AHDXCBUOFCCIOH-UHFFFAOYSA-N,bindingdb|chembl|pubchem_confirmatory,False,True,,False,1.0
WHWRPJIORHPXHS-UHFFFAOYSA-N,bindingdb|chembl|pubchem_confirmatory,False,True,,False,1.0
SNBPARNTIPIAEU-ZETCQYMHSA-N,bindingdb|chembl|pubchem_confirmatory,False,True,,False,1.0
SPEHNMIVJCEDKE-VIFPVBQESA-N,bindingdb|chembl|pubchem_confirmatory,False,True,,False,1.0
BFTJZPPYQCJEJO-JTQLQIEISA-N,bindingdb|chembl|pubchem_confirmatory,False,True,,False,1.0
KBOPZPXVLCULAV-UHFFFAOYSA-N,bindingdb|chembl,False,True,,False,1.0
RYLFERIMAZCADF-NTEUORMPSA-N,chembl,False,True,,False,1.0
CYDMQBQPVICBEU-XRNKAMNCSA-N,chembl,False,True,,False,1.0
MQTOSJVFKKJCRP-BICOPXKESA-N,bindingdb|chembl,False,True,,False,1.0
JBIWCJUYHHGXTC-AKNGSSGZSA-N,chembl,False,True,,False,1.0
OFVLGDICTFRJMM-WESIUVDSSA-N,chembl,False,True,,False,1.0
VHOGYURTWQBHIL-UHFFFAOYSA-N,bindingdb|chembl,False,True,,False,1.0
ATKURNZHHVJOEJ-UHFFFAOYSA-N,chembl,False,True,,False,1.0
IEDVJHCEMCRBQM-UHFFFAOYSA-N,bindingdb|chembl,False,True,,False,1.0
GECHUMIMRBOMGK-UHFFFAOYSA-N,bindingdb|chembl,False,True,,False,1.0
KDLRVYVGXIQJDK-AWPVFWJPSA-N,chembl,False,True,,False,1.0
DYKFCLLONBREIL-KVUCHLLUSA-N,chembl,False,True,,False,1.0
BPWATVWOHQZVRP-UHFFFAOYSA-N,chembl,False,True,,False,1.0
NUGMNTQVDBMPEN-RMKNXTFCSA-N,bindingdb|chembl,False,True,,False,1.0
ZLGIFGMQKAADIC-RMKNXTFCSA-N,bindingdb|chembl,False,True,,False,1.0
YDEBKDHQZGZWFE-VOTSOKGWSA-N,bindingdb|chembl,False,True,,False,1.0
OAKOVENJQUMSSP-OUKQBFOZSA-N,bindingdb|chembl,False,True,,False,1.0
FXPYZBJXFKHAMD-VAWYXSNFSA-N,bindingdb|chembl,False,True,,False,1.0
HZWOPHYRQAVKDW-PKNBQFBNSA-N,bindingdb|chembl,False,True,,False,1.0
GQUMYNJQPXMCLS-UXBLZVDNSA-N,bindingdb|chembl,False,True,,False,1.0
CZZQCTJRWCGYOM-GFXQXFAQSA-N,bindingdb|chembl,False,True,,False,1.0
YCRMPLASSUEONU-SGAJGPLNSA-N,bindingdb|chembl,False,True,,False,1.0
IIBXCAFLVSBPDI-IZZDOVSWSA-N,bindingdb|chembl,False,True,,False,1.0
BPJZWYQGXLWYJW-MDZDMXLPSA-N,bindingdb|chembl,False,True,,False,1.0
PFPQEUAJFUXCTI-BUHFOSPRSA-N,bindingdb|chembl,False,True,,False,1.0
NQYQQQWYHSWMTD-BUHFOSPRSA-N,bindingdb|chembl,False,True,,False,1.0
WCOZZUZDUPYGJI-VAWYXSNFSA-N,bindingdb|chembl,False,True,,False,1.0
ZCRRDBTVEZUYDL-ZHACJKMWSA-N,bindingdb|chembl,False,True,,False,1.0
LOEXUSVIWSCCBG-OUKQBFOZSA-N,bindingdb|chembl,False,True,,False,1.0
QJFKUUMRDQJUNX-FMIVXFBMSA-N,bindingdb|chembl,False,True,,False,1.0
HTGQZAUTISWGMG-RMKNXTFCSA-N,bindingdb|chembl,False,True,,False,1.0
WBVOLKSUHPCNDE-DHZHZOJOSA-N,bindingdb|chembl,False,True,,False,1.0
DTSXXPKXJJANNA-CMDGGOBGSA-N,bindingdb|chembl,False,True,,False,1.0
CBMQAWZEHLKOQT-ZHACJKMWSA-N,bindingdb|chembl,False,True,,False,1.0
SRKIQLOBBOTVGA-DHZHZOJOSA-N,bindingdb|chembl,False,True,,False,1.0
KSDWHCKHPLWNBX-ZRDIBKRKSA-N,bindingdb|chembl,False,True,,False,1.0
WTWHVUQRYQJVRM-RMKNXTFCSA-N,bindingdb|chembl,False,True,,False,1.0
XESCZJQXWCFRHJ-VAWYXSNFSA-N,bindingdb|chembl,False,True,,False,1.0
VQBNCRXWHQSPBU-VOTSOKGWSA-N,bindingdb|chembl,False,True,,False,1.0
KOLUAOQQVUCBJJ-CMDGGOBGSA-N,bindingdb|chembl,False,True,,False,1.0
QEWZVAPXNKWYEC-DHZHZOJOSA-N,bindingdb|chembl,False,True,,False,1.0
WVGHMXKTXLCQGY-NTCAYCPXSA-N,bindingdb|chembl,False,True,,False,1.0
INUOOSQJDOAIOE-ZHACJKMWSA-N,bindingdb|chembl,False,True,,False,1.0
DQQVMYBNHGJTCB-ZRDIBKRKSA-N,bindingdb|chembl,False,True,,False,1.0
PHFBVAYTCGKKPB-WYMLVPIESA-N,bindingdb|chembl,False,True,,False,1.0
KAKYUQWVDCKBEI-UXBLZVDNSA-N,bindingdb|chembl,False,True,,False,1.0
LNPPSCCHVKSHLX-YRNVUSSQSA-N,bindingdb|chembl,False,True,,False,1.0
MQPPGEDUMWADHH-RMKNXTFCSA-N,bindingdb|chembl,False,True,,False,1.0
VDIYQSXFCUFYKY-VAWYXSNFSA-N,bindingdb|chembl,False,True,,False,1.0
LYHXOVMBOCPEQK-DHZHZOJOSA-N,bindingdb|chembl,False,True,,False,1.0
JLKIGFTWXXRPMT-UHFFFAOYSA-N,bindingdb|chembl,False,True,,False,1.0
RPFABSIPTHSNOM-CMDGGOBGSA-N,bindingdb|chembl,False,True,,False,1.0
UCSJYZPVAKXKNQ-HZYVHMACSA-N,chembl,False,True,,False,1.0
OSSVXTKQSUKSKL-UYLJJQDDSA-N,bindingdb|chembl,False,True,,False,1.0
FBOZXECLQNJBKD-ZDUSSCGKSA-N,bindingdb|chembl,False,True,,False,1.0
LMEKQMALGUDUQG-UHFFFAOYSA-N,bindingdb|chembl,False,True,,False,1.0
VZHHYRNMJNWPKX-KPKJPENVSA-N,bindingdb|chembl,False,True,,False,1.0
NORYLKDIJBBIBL-DGOOTMLLSA-N,bindingdb|chembl,False,True,,False,1.0
WAFVQVKFCWNAGU-DHZHZOJOSA-N,bindingdb|chembl,False,True,,False,1.0
XMXQBEIZVKEUFL-XYOKQWHBSA-N,bindingdb|chembl,False,True,,False,1.0
WPXIRWBIPXVBLA-RMKNXTFCSA-N,bindingdb|chembl,False,True,,False,1.0
WJOOYBOPBBEGPI-UHFFFAOYSA-N,bindingdb|chembl,False,True,,False,1.0
LFCAQMDLVAXWQJ-DHZHZOJOSA-N,bindingdb|chembl,False,True,,False,1.0
UOERWAOIWPFBRM-OUKQBFOZSA-N,bindingdb|chembl,False,True,,False,1.0
UYIRNXCZJCQHPZ-ZHACJKMWSA-N,bindingdb|chembl,False,True,,False,1.0
YBQNSCWXHJWERQ-UXBLZVDNSA-N,bindingdb|chembl,False,True,,False,1.0
DVADAALIWBNZPS-BQYQJAHWSA-N,bindingdb|chembl,False,True,,False,1.0
AMNQBYGNUCOYKU-SOFGYWHQSA-N,bindingdb|chembl,False,True,,False,1.0
HLDOVVWQFAUYHZ-RMKNXTFCSA-N,bindingdb|chembl,False,True,,False,1.0
QLZJIYJKDHEGTK-CMDGGOBGSA-N,bindingdb|chembl,False,True,,False,1.0
DKZYUGXMOMDOGR-MDZDMXLPSA-N,bindingdb|chembl,False,True,,False,1.0
DJNODPHIERPNSL-VOTSOKGWSA-N,bindingdb|chembl,False,True,,False,1.0
MTZCDOKXQOQLCC-CMDGGOBGSA-N,bindingdb|chembl,False,True,,False,1.0
NTNPLNBIOAUCSF-BJMVGYQFSA-N,bindingdb|chembl,False,True,,False,1.0
XOVCOBSURGZBAS-CPNJWEJPSA-N,bindingdb|chembl,False,True,,False,1.0
CQOGESLXUFCNAJ-RMKNXTFCSA-N,bindingdb|chembl,False,True,,False,1.0
GOCGCXQKABAYPB-YRNVUSSQSA-N,bindingdb|chembl,False,True,,False,1.0
ANZGNVWPAHETBJ-FOCLMDBBSA-N,bindingdb|chembl,False,True,,False,1.0
RWVIQNUBYKAHQF-QHHAFSJGSA-N,bindingdb|chembl,False,True,,False,1.0
MMIBLLZYVXRJBH-PHAHWRSJSA-N,bindingdb|chembl,False,True,,False,1.0
OLIFOXDQXBKCJE-TWDLTGNASA-N,bindingdb|chembl,False,True,,False,1.0
RUHISKAQQPXKFY-HYYKEQEVSA-N,bindingdb|chembl,False,True,,False,1.0
HIZIUWWWBSPLHC-KECVGCMWSA-N,bindingdb|chembl,False,True,,False,1.0
PYMUTJVSYNKPAV-VOTSOKGWSA-N,bindingdb|chembl,False,True,,False,1.0
XNMQOHUOVRJQHF-DHZHZOJOSA-N,bindingdb|chembl,False,True,,False,1.0
VVWGPQZBDQVQRC-RMKNXTFCSA-N,bindingdb|chembl,False,True,,False,1.0
ZUOYOUZECMBHBR-MDZDMXLPSA-N,bindingdb|chembl,False,True,,False,1.0
OUZQOKSVINHKKH-JXMROGBWSA-N,bindingdb|chembl,False,True,,False,1.0
QUJIMYXGRCETPJ-NTCAYCPXSA-N,bindingdb|chembl,False,True,,False,1.0
HGDUYLMPOUWPKC-UHFFFAOYSA-N,bindingdb|chembl,False,True,,False,1.0
YIJGNIIQDRGGFT-DTQAZKPQSA-N,bindingdb|chembl,False,True,,False,1.0
XVKBQQHOTIOWGS-FMIVXFBMSA-N,bindingdb|chembl,False,True,,False,1.0
UKBNPYFOTWCCJG-CMDGGOBGSA-N,bindingdb|chembl,False,True,,False,1.0
CHCSYZMBITZHNF-VOTSOKGWSA-N,bindingdb|chembl,False,True,,False,1.0
CMYJZYNWNNSYCJ-VAWYXSNFSA-N,bindingdb|chembl,False,True,,False,1.0
UTIWQCCMBJPWLT-DHZHZOJOSA-N,bindingdb|chembl,False,True,,False,1.0
CKOSWMJVDBYHQA-JXMROGBWSA-N,bindingdb|chembl,False,True,,False,1.0
PAJZQOVJYFGKLT-DHZHZOJOSA-N,bindingdb|chembl,False,True,,False,1.0
WPGXXNFPQSXEDI-DOZIQCTLSA-N,bindingdb|chembl,False,True,,False,1.0
CTTLJAXKRLBSBX-MDZDMXLPSA-N,bindingdb|chembl,False,True,,False,1.0
YEADKARXRYOYLV-DNQXCXABSA-N,bindingdb|chembl,False,True,,False,1.0
QGSACIOZYKXEGK-BQYQJAHWSA-N,bindingdb|chembl,False,True,,False,1.0
UDLOKUPYPMDNIK-NHCUHLMSSA-N,bindingdb|chembl,False,True,,False,1.0
LVOLHDIEZDJLHE-DNQXCXABSA-N,bindingdb|chembl,False,True,,False,1.0
FPDXTIDJPDDUKV-KUVLNDGKSA-N,bindingdb|chembl,False,True,,False,1.0
TXAZLQQRTUTQHQ-YRNVUSSQSA-N,bindingdb|chembl,False,True,,False,1.0
NRIYTRHASBWQOY-ZHACJKMWSA-N,bindingdb|chembl,False,True,,False,1.0
VHYLBTORNNQGSC-UXBLZVDNSA-N,bindingdb|chembl,False,True,,False,1.0
UPWSJPHNUKHUCZ-JXMROGBWSA-N,bindingdb|chembl,False,True,,False,1.0
BBQAZEXXCBQCQA-BUHFOSPRSA-N,bindingdb|chembl,False,True,,False,1.0
PRXCDNXAAKXWAR-VQHVLOKHSA-N,bindingdb|chembl,False,True,,False,1.0
HCCLAUJRZXAOCM-BQYQJAHWSA-N,bindingdb|chembl,False,True,,False,1.0
CZZQLIYGVNJSFG-ZRDIBKRKSA-N,bindingdb|chembl,False,True,,False,1.0
ZNIBAEFRLCABBV-SDNWHVSQSA-N,bindingdb|chembl,False,True,,False,1.0
BXKCULGTDZRKBR-JQODSXCXSA-N,bindingdb|chembl,False,True,,False,1.0
SZVGMEAFHPBHFS-BYICHJTDSA-N,bindingdb|chembl,False,True,,False,1.0
AMJAKWLWIGSEOK-FGZHOGPDSA-N,bindingdb|chembl,False,True,,False,1.0
DAMOADWBROAURZ-OWOONTSJSA-N,bindingdb|chembl,False,True,,False,1.0
BWVCHHYIDOXMGD-CMDGGOBGSA-N,bindingdb|chembl,False,True,,False,1.0
PVWKJJQDBPEYDN-FOCLMDBBSA-N,bindingdb|chembl,False,True,,False,1.0
KUSALJBCSRHTCX-CCWBKVMBSA-N,bindingdb|chembl,False,True,,False,1.0
ODDXYPQHKMSWGQ-JQODSXCXSA-N,bindingdb|chembl,False,True,,False,1.0
SWPZHPDLUDTPJZ-ZTFYXODMSA-N,bindingdb|chembl,False,True,,False,1.0
INUWJBSOTTYTSH-BQYQJAHWSA-N,bindingdb|chembl,False,True,,False,1.0
RSLOSXNYQJRRJE-MDZDMXLPSA-N,bindingdb|chembl,False,True,,False,1.0
KKXJWCFDPMXNAM-DHIUTWEWSA-N,bindingdb|chembl,False,True,,False,1.0
VHMWXFYGQZFDSK-CCEZHUSRSA-N,bindingdb|chembl,False,True,,False,1.0
BRHZMWNNWYPSOR-FGZHOGPDSA-N,bindingdb|chembl,False,True,,False,1.0
BGYRIPUDYLUQIA-LCRYKWFRSA-N,bindingdb|chembl,False,True,,False,1.0
CCTBSSAXPUOLPN-ZHACJKMWSA-N,bindingdb|chembl,False,True,,False,1.0
WTIKWTLPSGYTGL-ZRDIBKRKSA-N,bindingdb|chembl,False,True,,False,1.0
KXWKVMYIGPCWNS-QMCAYLGFSA-N,bindingdb|chembl,False,True,,False,1.0
PKLKAZQHEAVYDH-CCWBKVMBSA-N,bindingdb|chembl,False,True,,False,1.0
VFWVELKIFHUNLL-HYYKEQEVSA-N,bindingdb|chembl,False,True,,False,1.0
VMTDUZQFAQJFQI-DNQXCXABSA-N,bindingdb|chembl,False,True,,False,1.0
HVLSVVNXGQWBCK-CGZXKHBLSA-N,bindingdb|chembl,False,True,,False,1.0
QMZUIAWVLLFXLQ-FTNFKZBYSA-N,bindingdb|chembl,False,True,,False,1.0
GACGJDCWTUNVIT-CCWBKVMBSA-N,bindingdb|chembl,False,True,,False,1.0
ZDTTWDHETLQVDM-QZPZUKOXSA-N,bindingdb|chembl,False,True,,False,1.0
RPNSOHXMFPDRCS-RXEARMEOSA-N,bindingdb|chembl,False,True,,False,1.0
CVRBPSSPRGAELE-JWQCQUIFSA-N,bindingdb|chembl,False,True,,False,1.0
DDWSSDNJWYFNFR-ZHFHXLPRSA-N,bindingdb|chembl,False,True,,False,1.0
ZREUJCGWPDHLSI-GFXQXFAQSA-N,bindingdb|chembl,False,True,,False,1.0
DOMCFXJRGKURHY-YXGQNDMDSA-N,bindingdb|chembl,False,True,,False,1.0
GPFHGKHNKUQWQX-NHCUHLMSSA-N,bindingdb|chembl,False,True,,False,1.0
KFQUIAVTQVAEHY-BYICHJTDSA-N,bindingdb|chembl,False,True,,False,1.0
BJKMKISQCBDZEF-FOCLMDBBSA-N,bindingdb|chembl,False,True,,False,1.0
VGPSYVMQSLFVNH-DTQAZKPQSA-N,bindingdb|chembl,False,True,,False,1.0
UIXXFRMOZIOSDH-CAQIZEMESA-N,bindingdb|chembl,False,True,,False,1.0
LDUNJCOTDJXWNX-TWDLTGNASA-N,bindingdb|chembl,False,True,,False,1.0
JJLQAOZSDZVDAI-RMKNXTFCSA-N,bindingdb|chembl,False,True,,False,1.0
HODHYXSBNQGCDU-DNQXCXABSA-N,bindingdb|chembl,False,True,,False,1.0
OCNNNOYDUNPIFN-JCHVILAISA-N,bindingdb|chembl,False,True,,False,1.0
LCSSWLIVMOHRDX-FYWRMAATSA-N,bindingdb|chembl,False,True,,False,1.0
YANASIZQUJUBIW-RMKNXTFCSA-N,bindingdb|chembl,False,True,,False,1.0
XPZWPIJPQPKEBN-OAFWRPHQSA-N,bindingdb|chembl,False,True,,False,1.0
SSGRDYOYZSQTGC-UCDZCMRKSA-N,bindingdb|chembl,False,True,,False,1.0
QCIGCAIYNGQUKS-AGJPTXKDSA-N,bindingdb|chembl,False,True,,False,1.0
RYMUQIKRWINTKY-CCWBKVMBSA-N,bindingdb|chembl,False,True,,False,1.0
PEOALMVPXVMWBD-LCRYKWFRSA-N,bindingdb|chembl,False,True,,False,1.0
PFSQBKLSWWPHPX-DNQXCXABSA-N,bindingdb|chembl,False,True,,False,1.0
BQAQGZDFXCYLGF-FCBLIUAWSA-N,bindingdb|chembl,False,True,,False,1.0
YDVXHMCHMCWIRM-HDRCEPDYSA-N,bindingdb|chembl,False,True,,False,1.0
GWJUMAOGOXRZCX-AGJPTXKDSA-N,bindingdb|chembl,False,True,,False,1.0
MRBUXAAHYUNVEP-FGZHOGPDSA-N,bindingdb|chembl,False,True,,False,1.0
FGQKISFJHYCLJA-JWQCQUIFSA-N,bindingdb|chembl,False,True,,False,1.0
CHFLFHFJPCIJNV-DHIUTWEWSA-N,bindingdb|chembl,False,True,,False,1.0
OBIOWVDIMNCUNT-SGAJGPLNSA-N,bindingdb|chembl,False,True,,False,1.0
XHOOALODNCKXST-FGZHOGPDSA-N,chembl,False,True,,False,1.0
YXISTULJZQYESJ-JWQCQUIFSA-N,bindingdb|chembl,False,True,,False,1.0
HPTWTFRIWSEIDB-NHCUHLMSSA-N,bindingdb|chembl,False,True,,False,1.0
BCBXTIMNEQSJON-DHZHZOJOSA-N,bindingdb|chembl,False,True,,False,1.0
FCTRDMKLYZADPP-MDZDMXLPSA-N,bindingdb|chembl,False,True,,False,1.0
MRLIOAXCEGJAFD-RMKNXTFCSA-N,bindingdb|chembl,False,True,,False,1.0
CSKXEWYPHWPIFH-XYOKQWHBSA-N,bindingdb|chembl,False,True,,False,1.0
GBGNLBUOAYDKBU-ZHACJKMWSA-N,bindingdb|chembl,False,True,,False,1.0
TTYTUYWXQBPXJR-SAPNQHFASA-N,bindingdb|chembl,False,True,,False,1.0
NAXPVOYEAMEMAE-IMQOFUTHSA-N,bindingdb,False,True,,False,1.0
ZEFWTEDSWFEURK-RULIXLRNSA-N,bindingdb,False,True,,False,1.0
ARXTZUKWNSDEOC-VEIFUORISA-N,bindingdb,False,True,,False,1.0
APYRWCZSHVVKRE-QGKQGDAHSA-N,bindingdb,False,True,,False,1.0
KVMPLKNGFPPJEW-RULIXLRNSA-N,bindingdb,False,True,,False,1.0
UMTNZLIVNKAOHV-PGUFJCEWSA-N,bindingdb,False,True,,False,1.0
YYQNLADCXBBSSY-IFBGDRKOSA-N,bindingdb,False,True,,False,1.0
AUADQYHLGGWAST-ZBXIDMRXSA-N,bindingdb,False,True,,False,1.0
JLMXHLBHJXINQD-AIIMPHFFSA-N,bindingdb,False,True,,False,1.0
LTYNIYBRTYGLBC-LUZQPNRXSA-N,bindingdb,False,True,,False,1.0
YPTZCJCUBUMRGV-UPHHSBJESA-N,bindingdb,False,True,,False,1.0
YYQNLADCXBBSSY-IIUXCBAFSA-N,bindingdb,False,True,,False,1.0
BBUWOTVOSWGBEU-MBHZRMRWSA-N,bindingdb,False,True,,False,1.0
YIUTYFHWNVNFKV-ITWANUEWSA-N,bindingdb,False,True,,False,1.0
MGBWCRRBQWOHAP-RHBMULDMSA-N,bindingdb,False,True,,False,1.0
YIUTYFHWNVNFKV-OEGGEXCMSA-N,bindingdb,False,True,,False,1.0
XDQHXYJSQGISGP-RGKQFTPRSA-N,bindingdb,False,True,,False,1.0
LLUXEAVZZKSWRK-GYLNWSRFSA-N,bindingdb,False,True,,False,1.0
KVMPLKNGFPPJEW-JGZPXTCXSA-N,bindingdb,False,True,,False,1.0
LFNUUCVWQIPJNI-SUHSUELASA-N,bindingdb,False,True,,False,1.0
PUDNJEPLLSZMLH-WOLFRULKSA-N,bindingdb,False,True,,False,1.0
HDXXLIVEWODPMN-WOLFRULKSA-N,bindingdb,False,True,,False,1.0
DCYQDTVUELGXCW-HJTMSMKXSA-N,bindingdb,False,True,,False,1.0
XDQHXYJSQGISGP-KMXSSCKGSA-N,bindingdb,False,True,,False,1.0
XXBQBQBNLBPNJU-AIIMPHFFSA-N,bindingdb,False,True,,False,1.0
RWSAIPTUGLXTQK-MXOGAJIBSA-N,bindingdb,False,True,,False,1.0
YIUTYFHWNVNFKV-OHHYZGJZSA-N,bindingdb,False,True,,False,1.0
IFLXSINNDKWWKI-HUZKPYMCSA-N,bindingdb,False,True,,False,1.0
GMXRDAAVNXOYRT-DWNPXIOKSA-N,bindingdb,False,True,,False,1.0
ZEFWTEDSWFEURK-JGZPXTCXSA-N,bindingdb,False,True,,False,1.0
IJGLEGHJYSFYEE-FBAMOALMSA-N,bindingdb,False,True,,False,1.0
RHPSIPFSVPURJS-ZOYFSZBYSA-N,bindingdb,False,True,,False,1.0
NAXPVOYEAMEMAE-VNWIGOPPSA-N,bindingdb,False,True,,False,1.0
ZJFXGBOASCGRSH-VNWIGOPPSA-N,bindingdb,False,True,,False,1.0
DLCRTWBWVRWAOW-WOLFRULKSA-N,bindingdb,False,True,,False,1.0
KIXKMXVZIOFSGT-YXTMZCGESA-N,bindingdb,False,True,,False,1.0
FYBNYGJFTMMBRN-HUZKPYMCSA-N,bindingdb,False,True,,False,1.0
LFHDZNKHUOLINQ-AIIMPHFFSA-N,bindingdb,False,True,,False,1.0
GWQXCHAEZGADIJ-DAHJMEMZSA-N,bindingdb,False,True,,False,1.0
YOSVQIPVTZEQFN-JPCRPCMMSA-N,bindingdb,False,True,,False,1.0
PFNDSALLWCTSCH-MPRWRVAZSA-N,bindingdb,False,True,,False,1.0
PILJMVSCVPOULO-FEAVFBAASA-N,bindingdb,False,True,,False,1.0
MEBUSOSHQDLZTO-UBAZJPBISA-N,bindingdb,False,True,,False,1.0
RTPCRZFGAPFECK-YKBLPDKLSA-N,bindingdb,False,True,,False,1.0
PNNOIETUGBXYFF-ZBXIDMRXSA-N,bindingdb,False,True,,False,1.0
FAKZLEOJTWMVSN-SLMNRAFDSA-N,bindingdb,False,True,,False,1.0
BJMCGQQKWVBYPV-ZBXIDMRXSA-N,bindingdb,False,True,,False,1.0
SSDLYMGCSCTEQF-ZBXIDMRXSA-N,bindingdb,False,True,,False,1.0
NJFALQNPHLBHBZ-RGKQFTPRSA-N,bindingdb,False,True,,False,1.0
HWVVOFUEJCARRO-FALQBERWSA-N,bindingdb,False,True,,False,1.0
RHPSIPFSVPURJS-LPOJHJQVSA-N,bindingdb,False,True,,False,1.0
DQNLFFPZCRXJPI-YKBLPDKLSA-N,bindingdb,False,True,,False,1.0
PJOKJMKPZXQSHS-AIIMPHFFSA-N,bindingdb,False,True,,False,1.0
DWTAOGUQVXJQHS-WOLFRULKSA-N,bindingdb,False,True,,False,1.0
NNMHFHZOXZPGKW-MECTWPEFSA-N,bindingdb,False,True,,False,1.0
LCFQAKXCEXEDDU-GVVXZHHHSA-N,bindingdb,False,True,,False,1.0
ARXTZUKWNSDEOC-UPHHSBJESA-N,bindingdb,False,True,,False,1.0
ZFRQMRCSPOQMDY-YKBLPDKLSA-N,bindingdb,False,True,,False,1.0
ONLYCFUHPIFRGJ-KBYQROSPSA-N,bindingdb,False,True,,False,1.0
KPLUGYHUPKNQPI-HUZKPYMCSA-N,bindingdb,False,True,,False,1.0
OHQGFBZPOUJKCA-WOLFRULKSA-N,bindingdb,False,True,,False,1.0
JDVRZNXNUWXDCL-YKBLPDKLSA-N,bindingdb,False,True,,False,1.0
PQYPVYLLCZIAAE-COPCDDAFSA-N,bindingdb,False,True,,False,1.0
CKINKBLJYCITJY-GYLNWSRFSA-N,bindingdb,False,True,,False,1.0
FYJWAOBLQMZHSM-AIIMPHFFSA-N,bindingdb,False,True,,False,1.0
OGFMCHMUTBVKKY-ROPQOSIYSA-N,bindingdb,False,True,,False,1.0
ZZJYFNPBUMYMDN-RGKQFTPRSA-N,bindingdb,False,True,,False,1.0
YVXORZZJQQADSN-UBAZJPBISA-N,bindingdb,False,True,,False,1.0
QMLMJLSUYUDGTB-WOLFRULKSA-N,bindingdb,False,True,,False,1.0
YPTZCJCUBUMRGV-VEIFUORISA-N,bindingdb,False,True,,False,1.0
TWYDFTDLDAMGKO-USOMCTOXSA-N,bindingdb,False,True,,False,1.0
JDBRPXYNNLFJMS-ZBXIDMRXSA-N,bindingdb,False,True,,False,1.0
MHKZTFMUCWXJJM-SQDLTUCFSA-N,bindingdb,False,True,,False,1.0
MHKZTFMUCWXJJM-KPNCYPGSSA-N,bindingdb,False,True,,False,1.0
VIBUIXOZYVNCIW-YKBLPDKLSA-N,bindingdb,False,True,,False,1.0
GMXRDAAVNXOYRT-CTTNORCBSA-N,bindingdb,False,True,,False,1.0
LFNUUCVWQIPJNI-USOMCTOXSA-N,bindingdb,False,True,,False,1.0
AMVPDYRLVKUNIT-YKBLPDKLSA-N,bindingdb,False,True,,False,1.0
XODQWSDULGEXER-CHOVIJNXSA-N,bindingdb,False,True,,False,1.0
TVRCRZNFCUYEKH-LOIHPRHOSA-N,bindingdb,False,True,,False,1.0
YMBFYRFMFJMXJB-RYFPDZNGSA-N,bindingdb,False,True,,False,1.0
MGPFUBIXJDMGPE-WOLFRULKSA-N,bindingdb,False,True,,False,1.0
RUHPDBCMUJISAS-KXTWMDTESA-N,bindingdb,False,True,,False,1.0
TVRCRZNFCUYEKH-XDUYTMKBSA-N,bindingdb,False,True,,False,1.0
VSNXLJCINCZNGS-YKBLPDKLSA-N,bindingdb,False,True,,False,1.0
ZJFXGBOASCGRSH-IMQOFUTHSA-N,bindingdb,False,True,,False,1.0
TWYDFTDLDAMGKO-SUHSUELASA-N,bindingdb,False,True,,False,1.0
KCLKPPOQKQRKOU-UHFFFAOYSA-N,bindingdb,False,True,,False,1.0
RNPLSXLZRGPQCU-WYOUFOJNSA-N,bindingdb,False,True,,False,1.0
ZZZRUAITSXLWBH-CSYJEMQYSA-N,bindingdb,False,True,,False,1.0
MUHBBHLZPHKTTR-GWFFGYACSA-N,bindingdb,False,True,,False,1.0
VXVNYCRICCVPTD-MULYGRJNSA-N,bindingdb,False,True,,False,1.0
ITQQZKYCEGSRPS-ZCTIVXDHSA-N,bindingdb,False,True,,False,1.0
AXGWQMGSKOZGLA-AWPCGBSGSA-N,bindingdb,False,True,,False,1.0
FAKZLEOJTWMVSN-LBFAPPCDSA-N,bindingdb,False,True,,False,1.0
