inchi_key_a,inchi_key_b,shared_core,n_shared_cores,delta_pic50,tanimoto,cliff_tier,mmp_large_delta,hub_a,hub_b,mmp_type,is_canonical_severe_cliff
SNGZWRFTYBDAGE-JCHVILAISA-N,RKLNNGQJROHZOF-GNTVVGMTSA-N,COc1cc(C(=O)N2CC3CCC2[C@@H]3N)cc2nc([*:1])n(C)c12,3,0.3744589128225151,0.8888888955116272,non_cliff,False,False,False,small_substituent,False
SNGZWRFTYBDAGE-JCHVILAISA-N,WQNCRDJMLQSQCQ-UCDZCMRKSA-N,COc1cc(C(=O)N2CC3CCC2[C@@H]3N)cc2nc([*:1])n(C)c12,2,0.0299632233774431,0.8160919547080994,non_cliff,False,False,False,single_atom_change,False
SNGZWRFTYBDAGE-JCHVILAISA-N,TZPKGQDKWPGOGH-VDOBOPNRSA-N,COc1cc(C(=O)N2CC3CCC2[C@@H]3N)cc2nc([*:1])n(C)c12,2,0.1217335967330894,0.8452380895614624,non_cliff,False,False,False,single_atom_change,False
SNGZWRFTYBDAGE-JCHVILAISA-N,UTKKNIQJEBWKCD-CDNDPLPTSA-N,COc1cc(C(=O)N2CC3CCC2[C@@H]3N)cc2nc([*:1])n(C)c12,3,0.1480625354554376,0.8674699068069458,non_cliff,False,False,False,single_atom_change,False
SNGZWRFTYBDAGE-JCHVILAISA-N,BWTBYTFLDISNFI-WFNCXJDMSA-N,COc1cc(C(=O)N2CC3CCC2[C@@H]3N)cc2nc([*:1])n(C)c12,2,0.0621479067488444,0.8139534592628479,non_cliff,False,False,False,single_atom_change,False
SNGZWRFTYBDAGE-JCHVILAISA-N,YUHZLTYIGGBRCL-OFKODDFHSA-N,COc1cc(C(=O)N2CC3CCC2[C@@H]3N)cc2nc([*:1])n(C)c12,2,0.0850107897083489,0.7727272510528564,non_cliff,False,False,False,single_atom_change,False
SNGZWRFTYBDAGE-JCHVILAISA-N,WNVSDECEZODUPK-JAEXGXQOSA-N,COc1cc(C(=O)N2CC3CCC2[C@@H]3N)cc2nc([*:1])n(C)c12,2,0.134698573897456,0.7640449404716492,non_cliff,False,False,False,single_atom_change,False
SNGZWRFTYBDAGE-JCHVILAISA-N,FOBNOYWWYUHZGJ-CPWPOOERSA-N,COc1cc(C(=O)N2CC3CCC2[C@@H]3N)cc2nc([*:1])n(C)c12,2,0.0621479067488444,0.8352941274642944,non_cliff,False,False,False,small_substituent,False
SNGZWRFTYBDAGE-JCHVILAISA-N,PPYDIYQJBOFKJJ-CCWBKVMBSA-N,COc1cc(C(=O)N2CC3CCC2[C@@H]3N)cc2nc([*:1])n(C)c12,2,0.2914846777577509,0.8275862336158752,non_cliff,False,False,False,single_atom_change,False
SNGZWRFTYBDAGE-JCHVILAISA-N,LFPPSFVNBGNNPR-UCDZCMRKSA-N,COc1cc(C(=O)N2CC3CCC2[C@@H]3N)cc2nc([*:1])n(C)c12,2,0.539269161468507,0.8488371968269348,non_cliff,False,False,False,single_atom_change,False
SNGZWRFTYBDAGE-JCHVILAISA-N,CGWRMBYFKYPJSA-RXEARMEOSA-N,COc1cc(C(=O)N2CC3CCC2[C@@H]3N)cc2nc([*:1])n(C)c12,2,0.2218487496163561,0.8255813717842102,non_cliff,False,False,False,single_atom_change,False
SNGZWRFTYBDAGE-JCHVILAISA-N,SMADULGDNOCLOP-GISFHXKWSA-N,COc1cc(C(=O)N2CC3CCC2[C@@H]3N)cc2nc([*:1])n(C)c12,2,1.956915099300652,0.7555555701255798,non_cliff,False,False,True,single_atom_change,False
SNGZWRFTYBDAGE-JCHVILAISA-N,UNGYPWLQAZQTIO-ZREWPKOVSA-N,COc1cc(C(=O)N2CC3CCC2[C@@H]3N)cc2nc([*:1])n(C)c12,2,0.1618508199410699,0.7777777910232544,non_cliff,False,False,False,small_substituent,False
SNGZWRFTYBDAGE-JCHVILAISA-N,MRNJWOMRYSTQPG-LCRYKWFRSA-N,COc1cc(C(=O)N2CC3CCC2[C@@H]3N)cc2nc([*:1])n(C)c12,2,0.009759837289156,0.7954545617103577,non_cliff,False,False,False,single_atom_change,False
SNGZWRFTYBDAGE-JCHVILAISA-N,WRHOMFJKHSWYJS-VDOBOPNRSA-N,COc1cc(C(=O)N2CC3CCC2[C@@H]3N)cc2nc([*:1])n(C)c12,2,0.2730012720637376,0.8452380895614624,non_cliff,False,False,False,single_atom_change,False
SNGZWRFTYBDAGE-JCHVILAISA-N,UGYGQLAFRCVHJW-JWJBQAENSA-N,COc1cc(C(=O)N2CC3CCC2[C@@H]3N)cc2nc([*:1])n(C)c12,2,1.660865478003868,0.8352941274642944,moderate,False,False,False,single_atom_change,False
SNGZWRFTYBDAGE-JCHVILAISA-N,XZEQIKBQYLFCFP-OFKODDFHSA-N,COc1cc(C(=O)N2CC3CCC2[C@@H]3N)cc2nc([*:1])n(C)c12,2,1.6935315408295049,0.7311828136444092,non_cliff,False,False,False,single_atom_change,False
SNGZWRFTYBDAGE-JCHVILAISA-N,NXLODQYXKFLXEG-BTDDGAACSA-N,COc1cc(C(=O)N2CC3CCC2[C@@H]3N)cc2nc([*:1])n(C)c12,2,0.6989700043360187,0.7446808218955994,non_cliff,False,False,False,small_substituent,False
SNGZWRFTYBDAGE-JCHVILAISA-N,RAVBZQAQTVGKIV-XBPDSQQVSA-N,COc1cc(C(=O)N2CC3CCC2[C@@H]3N)cc2nc([*:1])n(C)c12,2,2.0059427671652843,0.8160919547080994,severe,True,False,True,single_atom_change,True
SNGZWRFTYBDAGE-JCHVILAISA-N,BCZPEKVMAZSURM-GNTVVGMTSA-N,COc1cc(C(=O)N2CC3CCC2[C@@H]3N)cc2nc([*:1])n(C)c12,2,1.9321353973192463,0.760869562625885,non_cliff,False,False,False,single_atom_change,False
SNGZWRFTYBDAGE-JCHVILAISA-N,YBRYCMKAKUNWFO-LTFVAXTNSA-N,COc1cc(C(=O)N2CC3CCC2[C@@H]3N)cc2nc([*:1])n(C)c12,2,1.476155081947642,0.6770833134651184,non_cliff,False,False,False,single_atom_change,False
SNGZWRFTYBDAGE-JCHVILAISA-N,JLGGAYUHFPLCCK-IKXBFRDRSA-N,COc1cc(C(=O)N2CC3CCC2[C@@H]3N)cc2nc([*:1])n(C)c12,2,1.4812833420593303,0.8275862336158752,broad,False,False,False,small_substituent,False
SNGZWRFTYBDAGE-JCHVILAISA-N,GDNYILLQBQRSAV-TWDLTGNASA-N,COc1cc(C(=O)N2CC3CCC2[C@@H]3N)cc2nc([*:1])n(C)c12,2,0.0511525224473814,0.7727272510528564,non_cliff,False,False,False,single_atom_change,False
SNGZWRFTYBDAGE-JCHVILAISA-N,UXUIFFMVADUAON-CXBZOWBPSA-N,COc1cc(C(=O)N2CC3CCC2[C@@H]3N)cc2nc([*:1])n(C)c12,1,0.8750612633917001,0.6100000143051147,non_cliff,False,False,False,single_atom_change,False
SNGZWRFTYBDAGE-JCHVILAISA-N,LHCGWKJDICUCEG-KTBVXVCESA-N,COc1cc(C(=O)N2CC3CCC2[C@@H]3N)cc2nc([*:1])n(C)c12,2,0.3309932190414244,0.7888888716697693,non_cliff,False,False,False,small_substituent,False
RKLNNGQJROHZOF-GNTVVGMTSA-N,WQNCRDJMLQSQCQ-UCDZCMRKSA-N,COc1cc(C(=O)N2CC3CCC2[C@@H]3N)cc2nc([*:1])n(C)c12,2,0.3444956894450719,0.8470588326454163,non_cliff,False,False,False,single_atom_change,False
RKLNNGQJROHZOF-GNTVVGMTSA-N,TZPKGQDKWPGOGH-VDOBOPNRSA-N,COc1cc(C(=O)N2CC3CCC2[C@@H]3N)cc2nc([*:1])n(C)c12,2,0.2527253160894256,0.8780487775802612,non_cliff,False,False,False,small_substituent,False
RKLNNGQJROHZOF-GNTVVGMTSA-N,UTKKNIQJEBWKCD-CDNDPLPTSA-N,COc1cc(C(=O)N2CC3CCC2[C@@H]3N)cc2nc([*:1])n(C)c12,3,0.2263963773670774,0.8780487775802612,non_cliff,False,False,False,single_atom_change,False
RKLNNGQJROHZOF-GNTVVGMTSA-N,BWTBYTFLDISNFI-WFNCXJDMSA-N,COc1cc(C(=O)N2CC3CCC2[C@@H]3N)cc2nc([*:1])n(C)c12,2,0.3123110060736707,0.8452380895614624,non_cliff,False,False,False,small_substituent,False
RKLNNGQJROHZOF-GNTVVGMTSA-N,YUHZLTYIGGBRCL-OFKODDFHSA-N,COc1cc(C(=O)N2CC3CCC2[C@@H]3N)cc2nc([*:1])n(C)c12,2,0.2894481231141661,0.8235294222831726,non_cliff,False,False,False,small_substituent,False
RKLNNGQJROHZOF-GNTVVGMTSA-N,WNVSDECEZODUPK-JAEXGXQOSA-N,COc1cc(C(=O)N2CC3CCC2[C@@H]3N)cc2nc([*:1])n(C)c12,2,0.2397603389250591,0.8352941274642944,non_cliff,False,False,False,single_atom_change,False
RKLNNGQJROHZOF-GNTVVGMTSA-N,FOBNOYWWYUHZGJ-CPWPOOERSA-N,COc1cc(C(=O)N2CC3CCC2[C@@H]3N)cc2nc([*:1])n(C)c12,2,0.3123110060736707,0.9135802388191224,non_cliff,False,False,False,medium_substituent,False
RKLNNGQJROHZOF-GNTVVGMTSA-N,PPYDIYQJBOFKJJ-CCWBKVMBSA-N,COc1cc(C(=O)N2CC3CCC2[C@@H]3N)cc2nc([*:1])n(C)c12,2,0.0829742350647642,0.7555555701255798,non_cliff,False,False,False,small_substituent,False
RKLNNGQJROHZOF-GNTVVGMTSA-N,LFPPSFVNBGNNPR-UCDZCMRKSA-N,COc1cc(C(=O)N2CC3CCC2[C@@H]3N)cc2nc([*:1])n(C)c12,2,0.1648102486459919,0.8372092843055725,non_cliff,False,False,False,small_substituent,False
RKLNNGQJROHZOF-GNTVVGMTSA-N,CGWRMBYFKYPJSA-RXEARMEOSA-N,COc1cc(C(=O)N2CC3CCC2[C@@H]3N)cc2nc([*:1])n(C)c12,2,0.1526101632061589,0.8352941274642944,non_cliff,False,False,False,small_substituent,False
RKLNNGQJROHZOF-GNTVVGMTSA-N,SMADULGDNOCLOP-GISFHXKWSA-N,COc1cc(C(=O)N2CC3CCC2[C@@H]3N)cc2nc([*:1])n(C)c12,2,2.3313740121231668,0.7840909361839294,non_cliff,True,False,True,small_substituent,False
RKLNNGQJROHZOF-GNTVVGMTSA-N,UNGYPWLQAZQTIO-ZREWPKOVSA-N,COc1cc(C(=O)N2CC3CCC2[C@@H]3N)cc2nc([*:1])n(C)c12,2,0.2126080928814451,0.7472527623176575,non_cliff,False,False,False,medium_substituent,False
RKLNNGQJROHZOF-GNTVVGMTSA-N,MRNJWOMRYSTQPG-LCRYKWFRSA-N,COc1cc(C(=O)N2CC3CCC2[C@@H]3N)cc2nc([*:1])n(C)c12,2,0.364699075533359,0.8255813717842102,non_cliff,False,False,False,small_substituent,False
RKLNNGQJROHZOF-GNTVVGMTSA-N,WRHOMFJKHSWYJS-VDOBOPNRSA-N,COc1cc(C(=O)N2CC3CCC2[C@@H]3N)cc2nc([*:1])n(C)c12,2,0.1014576407587775,0.8780487775802612,non_cliff,False,False,False,small_substituent,False
RKLNNGQJROHZOF-GNTVVGMTSA-N,UGYGQLAFRCVHJW-JWJBQAENSA-N,COc1cc(C(=O)N2CC3CCC2[C@@H]3N)cc2nc([*:1])n(C)c12,2,2.035324390826383,0.8674699068069458,severe,True,False,False,single_atom_change,True
RKLNNGQJROHZOF-GNTVVGMTSA-N,XZEQIKBQYLFCFP-OFKODDFHSA-N,COc1cc(C(=O)N2CC3CCC2[C@@H]3N)cc2nc([*:1])n(C)c12,2,2.06799045365202,0.7582417726516724,non_cliff,True,False,False,small_substituent,False
RKLNNGQJROHZOF-GNTVVGMTSA-N,NXLODQYXKFLXEG-BTDDGAACSA-N,COc1cc(C(=O)N2CC3CCC2[C@@H]3N)cc2nc([*:1])n(C)c12,2,0.3245110915135036,0.7526881694793701,non_cliff,False,False,False,medium_substituent,False
RKLNNGQJROHZOF-GNTVVGMTSA-N,RAVBZQAQTVGKIV-XBPDSQQVSA-N,COc1cc(C(=O)N2CC3CCC2[C@@H]3N)cc2nc([*:1])n(C)c12,2,2.3804016799877994,0.8470588326454163,severe,True,False,True,small_substituent,True
RKLNNGQJROHZOF-GNTVVGMTSA-N,BCZPEKVMAZSURM-GNTVVGMTSA-N,COc1cc(C(=O)N2CC3CCC2[C@@H]3N)cc2nc([*:1])n(C)c12,2,2.3065943101417616,0.7692307829856873,non_cliff,True,False,False,small_substituent,False
RKLNNGQJROHZOF-GNTVVGMTSA-N,YBRYCMKAKUNWFO-LTFVAXTNSA-N,COc1cc(C(=O)N2CC3CCC2[C@@H]3N)cc2nc([*:1])n(C)c12,2,1.850613994770157,0.6842105388641357,non_cliff,False,False,False,small_substituent,False
RKLNNGQJROHZOF-GNTVVGMTSA-N,JLGGAYUHFPLCCK-IKXBFRDRSA-N,COc1cc(C(=O)N2CC3CCC2[C@@H]3N)cc2nc([*:1])n(C)c12,2,1.8557422548818456,0.8160919547080994,moderate,False,False,False,medium_substituent,False
RKLNNGQJROHZOF-GNTVVGMTSA-N,GDNYILLQBQRSAV-TWDLTGNASA-N,COc1cc(C(=O)N2CC3CCC2[C@@H]3N)cc2nc([*:1])n(C)c12,2,0.3233063903751336,0.8023256063461304,non_cliff,False,False,False,small_substituent,False
RKLNNGQJROHZOF-GNTVVGMTSA-N,UXUIFFMVADUAON-CXBZOWBPSA-N,COc1cc(C(=O)N2CC3CCC2[C@@H]3N)cc2nc([*:1])n(C)c12,1,0.500602350569185,0.6161616444587708,non_cliff,False,False,False,small_substituent,False
RKLNNGQJROHZOF-GNTVVGMTSA-N,LHCGWKJDICUCEG-KTBVXVCESA-N,COc1cc(C(=O)N2CC3CCC2[C@@H]3N)cc2nc([*:1])n(C)c12,2,0.0434656937810906,0.739130437374115,non_cliff,False,False,False,medium_substituent,False
WQNCRDJMLQSQCQ-UCDZCMRKSA-N,TZPKGQDKWPGOGH-VDOBOPNRSA-N,COc1cc(C(=O)N2CC3CCC2[C@@H]3N)cc2nc([*:1])n(C)c12,3,0.0917703733556463,0.8928571343421936,non_cliff,False,False,False,single_atom_change,False
WQNCRDJMLQSQCQ-UCDZCMRKSA-N,UTKKNIQJEBWKCD-CDNDPLPTSA-N,COc1cc(C(=O)N2CC3CCC2[C@@H]3N)cc2nc([*:1])n(C)c12,2,0.1180993120779945,0.8068181872367859,non_cliff,False,False,False,single_atom_change,False
WQNCRDJMLQSQCQ-UCDZCMRKSA-N,BWTBYTFLDISNFI-WFNCXJDMSA-N,COc1cc(C(=O)N2CC3CCC2[C@@H]3N)cc2nc([*:1])n(C)c12,2,0.0321846833714012,0.8823529481887817,non_cliff,False,False,False,single_atom_change,False
WQNCRDJMLQSQCQ-UCDZCMRKSA-N,YUHZLTYIGGBRCL-OFKODDFHSA-N,COc1cc(C(=O)N2CC3CCC2[C@@H]3N)cc2nc([*:1])n(C)c12,2,0.0550475663309057,0.8181818127632141,non_cliff,False,False,False,single_atom_change,False
WQNCRDJMLQSQCQ-UCDZCMRKSA-N,WNVSDECEZODUPK-JAEXGXQOSA-N,COc1cc(C(=O)N2CC3CCC2[C@@H]3N)cc2nc([*:1])n(C)c12,2,0.1047353505200128,0.8089887499809265,non_cliff,False,False,False,single_atom_change,False
WQNCRDJMLQSQCQ-UCDZCMRKSA-N,FOBNOYWWYUHZGJ-CPWPOOERSA-N,COc1cc(C(=O)N2CC3CCC2[C@@H]3N)cc2nc([*:1])n(C)c12,2,0.0321846833714012,0.8390804529190063,non_cliff,False,False,False,small_substituent,False
WQNCRDJMLQSQCQ-UCDZCMRKSA-N,PPYDIYQJBOFKJJ-CCWBKVMBSA-N,COc1cc(C(=O)N2CC3CCC2[C@@H]3N)cc2nc([*:1])n(C)c12,2,0.2615214543803077,0.77173912525177,non_cliff,False,False,False,small_substituent,False
WQNCRDJMLQSQCQ-UCDZCMRKSA-N,LFPPSFVNBGNNPR-UCDZCMRKSA-N,COc1cc(C(=O)N2CC3CCC2[C@@H]3N)cc2nc([*:1])n(C)c12,2,0.5093059380910638,0.8314606547355652,non_cliff,False,False,False,small_substituent,False
WQNCRDJMLQSQCQ-UCDZCMRKSA-N,CGWRMBYFKYPJSA-RXEARMEOSA-N,COc1cc(C(=O)N2CC3CCC2[C@@H]3N)cc2nc([*:1])n(C)c12,2,0.1918855262389129,0.8089887499809265,non_cliff,False,False,False,small_substituent,False
WQNCRDJMLQSQCQ-UCDZCMRKSA-N,SMADULGDNOCLOP-GISFHXKWSA-N,COc1cc(C(=O)N2CC3CCC2[C@@H]3N)cc2nc([*:1])n(C)c12,2,1.9868783226780948,0.8202247023582458,moderate,False,False,True,small_substituent,False
WQNCRDJMLQSQCQ-UCDZCMRKSA-N,UNGYPWLQAZQTIO-ZREWPKOVSA-N,COc1cc(C(=O)N2CC3CCC2[C@@H]3N)cc2nc([*:1])n(C)c12,2,0.1318875965636268,0.7634408473968506,non_cliff,False,False,False,small_substituent,False
WQNCRDJMLQSQCQ-UCDZCMRKSA-N,MRNJWOMRYSTQPG-LCRYKWFRSA-N,COc1cc(C(=O)N2CC3CCC2[C@@H]3N)cc2nc([*:1])n(C)c12,2,0.020203386088287,0.800000011920929,non_cliff,False,False,False,single_atom_change,False
WQNCRDJMLQSQCQ-UCDZCMRKSA-N,WRHOMFJKHSWYJS-VDOBOPNRSA-N,COc1cc(C(=O)N2CC3CCC2[C@@H]3N)cc2nc([*:1])n(C)c12,2,0.2430380486862944,0.8705882430076599,non_cliff,False,False,False,single_atom_change,False
WQNCRDJMLQSQCQ-UCDZCMRKSA-N,UGYGQLAFRCVHJW-JWJBQAENSA-N,COc1cc(C(=O)N2CC3CCC2[C@@H]3N)cc2nc([*:1])n(C)c12,2,1.690828701381311,0.8604651093482971,moderate,False,False,False,single_atom_change,False
WQNCRDJMLQSQCQ-UCDZCMRKSA-N,XZEQIKBQYLFCFP-OFKODDFHSA-N,COc1cc(C(=O)N2CC3CCC2[C@@H]3N)cc2nc([*:1])n(C)c12,2,1.723494764206948,0.79347825050354,non_cliff,False,False,False,single_atom_change,False
WQNCRDJMLQSQCQ-UCDZCMRKSA-N,NXLODQYXKFLXEG-BTDDGAACSA-N,COc1cc(C(=O)N2CC3CCC2[C@@H]3N)cc2nc([*:1])n(C)c12,2,0.6690067809585756,0.7142857313156128,non_cliff,False,False,False,small_substituent,False
WQNCRDJMLQSQCQ-UCDZCMRKSA-N,RAVBZQAQTVGKIV-XBPDSQQVSA-N,COc1cc(C(=O)N2CC3CCC2[C@@H]3N)cc2nc([*:1])n(C)c12,3,2.0359059905427275,0.8620689511299133,severe,True,False,True,single_atom_change,True
WQNCRDJMLQSQCQ-UCDZCMRKSA-N,BCZPEKVMAZSURM-GNTVVGMTSA-N,COc1cc(C(=O)N2CC3CCC2[C@@H]3N)cc2nc([*:1])n(C)c12,2,1.9620986206966893,0.7291666865348816,non_cliff,False,False,False,small_substituent,False
WQNCRDJMLQSQCQ-UCDZCMRKSA-N,YBRYCMKAKUNWFO-LTFVAXTNSA-N,COc1cc(C(=O)N2CC3CCC2[C@@H]3N)cc2nc([*:1])n(C)c12,2,1.506118305325085,0.6499999761581421,non_cliff,False,False,False,single_atom_change,False
WQNCRDJMLQSQCQ-UCDZCMRKSA-N,JLGGAYUHFPLCCK-IKXBFRDRSA-N,COc1cc(C(=O)N2CC3CCC2[C@@H]3N)cc2nc([*:1])n(C)c12,2,1.5112465654367735,0.791208803653717,non_cliff,False,False,False,medium_substituent,False
WQNCRDJMLQSQCQ-UCDZCMRKSA-N,GDNYILLQBQRSAV-TWDLTGNASA-N,COc1cc(C(=O)N2CC3CCC2[C@@H]3N)cc2nc([*:1])n(C)c12,2,0.0211892990699382,0.7977527976036072,non_cliff,False,False,False,single_atom_change,False
WQNCRDJMLQSQCQ-UCDZCMRKSA-N,UXUIFFMVADUAON-CXBZOWBPSA-N,COc1cc(C(=O)N2CC3CCC2[C@@H]3N)cc2nc([*:1])n(C)c12,1,0.8450980400142569,,non_cliff,False,False,False,single_atom_change,False
WQNCRDJMLQSQCQ-UCDZCMRKSA-N,LHCGWKJDICUCEG-KTBVXVCESA-N,COc1cc(C(=O)N2CC3CCC2[C@@H]3N)cc2nc([*:1])n(C)c12,2,0.3010299956639812,0.7553191781044006,non_cliff,False,False,False,small_substituent,False
TZPKGQDKWPGOGH-VDOBOPNRSA-N,UTKKNIQJEBWKCD-CDNDPLPTSA-N,COc1cc(C(=O)N2CC3CCC2[C@@H]3N)cc2nc([*:1])n(C)c12,2,0.0263289387223482,0.8352941274642944,non_cliff,False,False,False,single_atom_change,False
TZPKGQDKWPGOGH-VDOBOPNRSA-N,BWTBYTFLDISNFI-WFNCXJDMSA-N,COc1cc(C(=O)N2CC3CCC2[C@@H]3N)cc2nc([*:1])n(C)c12,2,0.059585689984245,0.8255813717842102,non_cliff,False,False,False,single_atom_change,False
TZPKGQDKWPGOGH-VDOBOPNRSA-N,YUHZLTYIGGBRCL-OFKODDFHSA-N,COc1cc(C(=O)N2CC3CCC2[C@@H]3N)cc2nc([*:1])n(C)c12,2,0.0367228070247405,0.7840909361839294,non_cliff,False,False,False,single_atom_change,False
TZPKGQDKWPGOGH-VDOBOPNRSA-N,WNVSDECEZODUPK-JAEXGXQOSA-N,COc1cc(C(=O)N2CC3CCC2[C@@H]3N)cc2nc([*:1])n(C)c12,2,0.0129649771643665,0.7752808928489685,non_cliff,False,False,False,single_atom_change,False
TZPKGQDKWPGOGH-VDOBOPNRSA-N,FOBNOYWWYUHZGJ-CPWPOOERSA-N,COc1cc(C(=O)N2CC3CCC2[C@@H]3N)cc2nc([*:1])n(C)c12,2,0.059585689984245,0.8690476417541504,non_cliff,False,False,False,small_substituent,False
TZPKGQDKWPGOGH-VDOBOPNRSA-N,PPYDIYQJBOFKJJ-CCWBKVMBSA-N,COc1cc(C(=O)N2CC3CCC2[C@@H]3N)cc2nc([*:1])n(C)c12,2,0.1697510810246614,0.739130437374115,non_cliff,False,False,False,single_atom_change,False
TZPKGQDKWPGOGH-VDOBOPNRSA-N,LFPPSFVNBGNNPR-UCDZCMRKSA-N,COc1cc(C(=O)N2CC3CCC2[C@@H]3N)cc2nc([*:1])n(C)c12,2,0.4175355647354175,0.8604651093482971,non_cliff,False,False,False,single_atom_change,False
TZPKGQDKWPGOGH-VDOBOPNRSA-N,CGWRMBYFKYPJSA-RXEARMEOSA-N,COc1cc(C(=O)N2CC3CCC2[C@@H]3N)cc2nc([*:1])n(C)c12,2,0.1001151528832666,0.8372092843055725,non_cliff,False,False,False,single_atom_change,False
TZPKGQDKWPGOGH-VDOBOPNRSA-N,SMADULGDNOCLOP-GISFHXKWSA-N,COc1cc(C(=O)N2CC3CCC2[C@@H]3N)cc2nc([*:1])n(C)c12,2,2.078648696033741,0.8068181872367859,severe,True,False,True,single_atom_change,True
TZPKGQDKWPGOGH-VDOBOPNRSA-N,UNGYPWLQAZQTIO-ZREWPKOVSA-N,COc1cc(C(=O)N2CC3CCC2[C@@H]3N)cc2nc([*:1])n(C)c12,2,0.0401172232079805,0.7311828136444092,non_cliff,False,False,False,small_substituent,False
TZPKGQDKWPGOGH-VDOBOPNRSA-N,MRNJWOMRYSTQPG-LCRYKWFRSA-N,COc1cc(C(=O)N2CC3CCC2[C@@H]3N)cc2nc([*:1])n(C)c12,2,0.1119737594439334,0.8275862336158752,non_cliff,False,False,False,single_atom_change,False
TZPKGQDKWPGOGH-VDOBOPNRSA-N,WRHOMFJKHSWYJS-VDOBOPNRSA-N,COc1cc(C(=O)N2CC3CCC2[C@@H]3N)cc2nc([*:1])n(C)c12,2,0.1512676753306481,0.9024389982223512,non_cliff,False,False,False,single_atom_change,False
TZPKGQDKWPGOGH-VDOBOPNRSA-N,UGYGQLAFRCVHJW-JWJBQAENSA-N,COc1cc(C(=O)N2CC3CCC2[C@@H]3N)cc2nc([*:1])n(C)c12,2,1.7825990747369571,0.891566276550293,moderate,False,False,False,single_atom_change,False
TZPKGQDKWPGOGH-VDOBOPNRSA-N,XZEQIKBQYLFCFP-OFKODDFHSA-N,COc1cc(C(=O)N2CC3CCC2[C@@H]3N)cc2nc([*:1])n(C)c12,2,1.8152651375625943,0.760869562625885,non_cliff,False,False,False,single_atom_change,False
TZPKGQDKWPGOGH-VDOBOPNRSA-N,NXLODQYXKFLXEG-BTDDGAACSA-N,COc1cc(C(=O)N2CC3CCC2[C@@H]3N)cc2nc([*:1])n(C)c12,2,0.5772364076029293,0.7368420958518982,non_cliff,False,False,False,small_substituent,False
TZPKGQDKWPGOGH-VDOBOPNRSA-N,RAVBZQAQTVGKIV-XBPDSQQVSA-N,COc1cc(C(=O)N2CC3CCC2[C@@H]3N)cc2nc([*:1])n(C)c12,3,2.127676363898374,0.8928571343421936,severe,True,False,True,single_atom_change,True
TZPKGQDKWPGOGH-VDOBOPNRSA-N,BCZPEKVMAZSURM-GNTVVGMTSA-N,COc1cc(C(=O)N2CC3CCC2[C@@H]3N)cc2nc([*:1])n(C)c12,2,2.053868994052336,0.7526881694793701,non_cliff,True,False,False,single_atom_change,False
TZPKGQDKWPGOGH-VDOBOPNRSA-N,YBRYCMKAKUNWFO-LTFVAXTNSA-N,COc1cc(C(=O)N2CC3CCC2[C@@H]3N)cc2nc([*:1])n(C)c12,2,1.5978886786807314,0.6701030731201172,non_cliff,False,False,False,single_atom_change,False
TZPKGQDKWPGOGH-VDOBOPNRSA-N,JLGGAYUHFPLCCK-IKXBFRDRSA-N,COc1cc(C(=O)N2CC3CCC2[C@@H]3N)cc2nc([*:1])n(C)c12,3,1.60301693879242,0.8390804529190063,moderate,False,False,False,small_substituent,False
TZPKGQDKWPGOGH-VDOBOPNRSA-N,GDNYILLQBQRSAV-TWDLTGNASA-N,COc1cc(C(=O)N2CC3CCC2[C@@H]3N)cc2nc([*:1])n(C)c12,2,0.070581074285708,0.8255813717842102,non_cliff,False,False,False,single_atom_change,False
TZPKGQDKWPGOGH-VDOBOPNRSA-N,UXUIFFMVADUAON-CXBZOWBPSA-N,COc1cc(C(=O)N2CC3CCC2[C@@H]3N)cc2nc([*:1])n(C)c12,1,0.7533276666586106,0.603960394859314,non_cliff,False,False,False,single_atom_change,False
TZPKGQDKWPGOGH-VDOBOPNRSA-N,LHCGWKJDICUCEG-KTBVXVCESA-N,COc1cc(C(=O)N2CC3CCC2[C@@H]3N)cc2nc([*:1])n(C)c12,2,0.2092596223083349,0.7234042286872864,non_cliff,False,False,False,small_substituent,False
UTKKNIQJEBWKCD-CDNDPLPTSA-N,BWTBYTFLDISNFI-WFNCXJDMSA-N,COc1cc(C(=O)N2CC3CCC2[C@@H]3N)cc2nc([*:1])n(C)c12,2,0.0859146287065932,0.8045976758003235,non_cliff,False,False,False,single_atom_change,False
UTKKNIQJEBWKCD-CDNDPLPTSA-N,YUHZLTYIGGBRCL-OFKODDFHSA-N,COc1cc(C(=O)N2CC3CCC2[C@@H]3N)cc2nc([*:1])n(C)c12,2,0.0630517457470887,0.7640449404716492,non_cliff,False,False,False,single_atom_change,False
UTKKNIQJEBWKCD-CDNDPLPTSA-N,WNVSDECEZODUPK-JAEXGXQOSA-N,COc1cc(C(=O)N2CC3CCC2[C@@H]3N)cc2nc([*:1])n(C)c12,2,0.0133639615579816,0.7555555701255798,non_cliff,False,False,False,single_atom_change,False
UTKKNIQJEBWKCD-CDNDPLPTSA-N,FOBNOYWWYUHZGJ-CPWPOOERSA-N,COc1cc(C(=O)N2CC3CCC2[C@@H]3N)cc2nc([*:1])n(C)c12,2,0.0859146287065932,0.8255813717842102,non_cliff,False,False,False,small_substituent,False
UTKKNIQJEBWKCD-CDNDPLPTSA-N,PPYDIYQJBOFKJJ-CCWBKVMBSA-N,COc1cc(C(=O)N2CC3CCC2[C@@H]3N)cc2nc([*:1])n(C)c12,2,0.1434221423023132,0.739130437374115,non_cliff,False,False,False,small_substituent,False
UTKKNIQJEBWKCD-CDNDPLPTSA-N,LFPPSFVNBGNNPR-UCDZCMRKSA-N,COc1cc(C(=O)N2CC3CCC2[C@@H]3N)cc2nc([*:1])n(C)c12,2,0.3912066260130693,0.7977527976036072,non_cliff,False,False,False,small_substituent,False
UTKKNIQJEBWKCD-CDNDPLPTSA-N,CGWRMBYFKYPJSA-RXEARMEOSA-N,COc1cc(C(=O)N2CC3CCC2[C@@H]3N)cc2nc([*:1])n(C)c12,2,0.0737862141609184,0.8160919547080994,non_cliff,False,False,False,small_substituent,False
UTKKNIQJEBWKCD-CDNDPLPTSA-N,SMADULGDNOCLOP-GISFHXKWSA-N,COc1cc(C(=O)N2CC3CCC2[C@@H]3N)cc2nc([*:1])n(C)c12,2,2.1049776347560893,0.7472527623176575,non_cliff,True,False,True,small_substituent,False
UTKKNIQJEBWKCD-CDNDPLPTSA-N,UNGYPWLQAZQTIO-ZREWPKOVSA-N,COc1cc(C(=O)N2CC3CCC2[C@@H]3N)cc2nc([*:1])n(C)c12,2,0.0137882844856322,0.7311828136444092,non_cliff,False,False,False,small_substituent,False
UTKKNIQJEBWKCD-CDNDPLPTSA-N,MRNJWOMRYSTQPG-LCRYKWFRSA-N,COc1cc(C(=O)N2CC3CCC2[C@@H]3N)cc2nc([*:1])n(C)c12,2,0.1383026981662816,0.7865168452262878,non_cliff,False,False,False,single_atom_change,False
UTKKNIQJEBWKCD-CDNDPLPTSA-N,WRHOMFJKHSWYJS-VDOBOPNRSA-N,COc1cc(C(=O)N2CC3CCC2[C@@H]3N)cc2nc([*:1])n(C)c12,2,0.1249387366082999,0.8352941274642944,non_cliff,False,False,False,single_atom_change,False
UTKKNIQJEBWKCD-CDNDPLPTSA-N,UGYGQLAFRCVHJW-JWJBQAENSA-N,COc1cc(C(=O)N2CC3CCC2[C@@H]3N)cc2nc([*:1])n(C)c12,2,1.808928013459305,0.8255813717842102,moderate,False,False,False,single_atom_change,False
UTKKNIQJEBWKCD-CDNDPLPTSA-N,XZEQIKBQYLFCFP-OFKODDFHSA-N,COc1cc(C(=O)N2CC3CCC2[C@@H]3N)cc2nc([*:1])n(C)c12,2,1.8415940762849423,0.7234042286872864,non_cliff,False,False,False,single_atom_change,False
UTKKNIQJEBWKCD-CDNDPLPTSA-N,NXLODQYXKFLXEG-BTDDGAACSA-N,COc1cc(C(=O)N2CC3CCC2[C@@H]3N)cc2nc([*:1])n(C)c12,2,0.5509074688805811,0.7368420958518982,non_cliff,False,False,False,small_substituent,False
UTKKNIQJEBWKCD-CDNDPLPTSA-N,RAVBZQAQTVGKIV-XBPDSQQVSA-N,COc1cc(C(=O)N2CC3CCC2[C@@H]3N)cc2nc([*:1])n(C)c12,2,2.154005302620722,0.8068181872367859,severe,True,False,True,single_atom_change,True
UTKKNIQJEBWKCD-CDNDPLPTSA-N,BCZPEKVMAZSURM-GNTVVGMTSA-N,COc1cc(C(=O)N2CC3CCC2[C@@H]3N)cc2nc([*:1])n(C)c12,2,2.080197932774684,0.7526881694793701,non_cliff,True,False,False,small_substituent,False
UTKKNIQJEBWKCD-CDNDPLPTSA-N,YBRYCMKAKUNWFO-LTFVAXTNSA-N,COc1cc(C(=O)N2CC3CCC2[C@@H]3N)cc2nc([*:1])n(C)c12,2,1.6242176174030796,0.6701030731201172,non_cliff,False,False,False,single_atom_change,False
UTKKNIQJEBWKCD-CDNDPLPTSA-N,JLGGAYUHFPLCCK-IKXBFRDRSA-N,COc1cc(C(=O)N2CC3CCC2[C@@H]3N)cc2nc([*:1])n(C)c12,2,1.6293458775147682,0.7977527976036072,non_cliff,False,False,False,medium_substituent,False
UTKKNIQJEBWKCD-CDNDPLPTSA-N,GDNYILLQBQRSAV-TWDLTGNASA-N,COc1cc(C(=O)N2CC3CCC2[C@@H]3N)cc2nc([*:1])n(C)c12,2,0.0969100130080562,0.7640449404716492,non_cliff,False,False,False,single_atom_change,False
UTKKNIQJEBWKCD-CDNDPLPTSA-N,UXUIFFMVADUAON-CXBZOWBPSA-N,COc1cc(C(=O)N2CC3CCC2[C@@H]3N)cc2nc([*:1])n(C)c12,1,0.7269987279362624,0.603960394859314,non_cliff,False,False,False,single_atom_change,False
UTKKNIQJEBWKCD-CDNDPLPTSA-N,LHCGWKJDICUCEG-KTBVXVCESA-N,COc1cc(C(=O)N2CC3CCC2[C@@H]3N)cc2nc([*:1])n(C)c12,2,0.1829306835859867,0.7234042286872864,non_cliff,False,False,False,small_substituent,False
BWTBYTFLDISNFI-WFNCXJDMSA-N,YUHZLTYIGGBRCL-OFKODDFHSA-N,COc1cc(C(=O)N2CC3CCC2[C@@H]3N)cc2nc([*:1])n(C)c12,2,0.0228628829595045,0.8372092843055725,non_cliff,False,False,False,single_atom_change,False
BWTBYTFLDISNFI-WFNCXJDMSA-N,WNVSDECEZODUPK-JAEXGXQOSA-N,COc1cc(C(=O)N2CC3CCC2[C@@H]3N)cc2nc([*:1])n(C)c12,2,0.0725506671486115,0.8275862336158752,non_cliff,False,False,False,single_atom_change,False
BWTBYTFLDISNFI-WFNCXJDMSA-N,FOBNOYWWYUHZGJ-CPWPOOERSA-N,COc1cc(C(=O)N2CC3CCC2[C@@H]3N)cc2nc([*:1])n(C)c12,2,0.0,0.8160919547080994,non_cliff,False,False,False,small_substituent,False
BWTBYTFLDISNFI-WFNCXJDMSA-N,PPYDIYQJBOFKJJ-CCWBKVMBSA-N,COc1cc(C(=O)N2CC3CCC2[C@@H]3N)cc2nc([*:1])n(C)c12,2,0.2293367710089064,0.7888888716697693,non_cliff,False,False,False,single_atom_change,False
BWTBYTFLDISNFI-WFNCXJDMSA-N,LFPPSFVNBGNNPR-UCDZCMRKSA-N,COc1cc(C(=O)N2CC3CCC2[C@@H]3N)cc2nc([*:1])n(C)c12,2,0.4771212547196626,0.7888888716697693,non_cliff,False,False,False,single_atom_change,False
BWTBYTFLDISNFI-WFNCXJDMSA-N,CGWRMBYFKYPJSA-RXEARMEOSA-N,COc1cc(C(=O)N2CC3CCC2[C@@H]3N)cc2nc([*:1])n(C)c12,2,0.1597008428675117,0.7865168452262878,non_cliff,False,False,False,single_atom_change,False
BWTBYTFLDISNFI-WFNCXJDMSA-N,SMADULGDNOCLOP-GISFHXKWSA-N,COc1cc(C(=O)N2CC3CCC2[C@@H]3N)cc2nc([*:1])n(C)c12,2,2.019063006049496,0.8181818127632141,severe,True,False,True,single_atom_change,True
BWTBYTFLDISNFI-WFNCXJDMSA-N,UNGYPWLQAZQTIO-ZREWPKOVSA-N,COc1cc(C(=O)N2CC3CCC2[C@@H]3N)cc2nc([*:1])n(C)c12,2,0.0997029131922255,0.7802197933197021,non_cliff,False,False,False,small_substituent,False
BWTBYTFLDISNFI-WFNCXJDMSA-N,MRNJWOMRYSTQPG-LCRYKWFRSA-N,COc1cc(C(=O)N2CC3CCC2[C@@H]3N)cc2nc([*:1])n(C)c12,2,0.0523880694596883,0.7977527976036072,non_cliff,False,False,False,single_atom_change,False
BWTBYTFLDISNFI-WFNCXJDMSA-N,WRHOMFJKHSWYJS-VDOBOPNRSA-N,COc1cc(C(=O)N2CC3CCC2[C@@H]3N)cc2nc([*:1])n(C)c12,2,0.2108533653148931,0.8255813717842102,non_cliff,False,False,False,single_atom_change,False
BWTBYTFLDISNFI-WFNCXJDMSA-N,UGYGQLAFRCVHJW-JWJBQAENSA-N,COc1cc(C(=O)N2CC3CCC2[C@@H]3N)cc2nc([*:1])n(C)c12,2,1.7230133847527125,0.8160919547080994,moderate,False,False,False,single_atom_change,False
BWTBYTFLDISNFI-WFNCXJDMSA-N,XZEQIKBQYLFCFP-OFKODDFHSA-N,COc1cc(C(=O)N2CC3CCC2[C@@H]3N)cc2nc([*:1])n(C)c12,2,1.7556794475783493,0.791208803653717,non_cliff,False,False,False,single_atom_change,False
BWTBYTFLDISNFI-WFNCXJDMSA-N,NXLODQYXKFLXEG-BTDDGAACSA-N,COc1cc(C(=O)N2CC3CCC2[C@@H]3N)cc2nc([*:1])n(C)c12,2,0.6368220975871743,0.7291666865348816,non_cliff,False,False,False,small_substituent,False
BWTBYTFLDISNFI-WFNCXJDMSA-N,RAVBZQAQTVGKIV-XBPDSQQVSA-N,COc1cc(C(=O)N2CC3CCC2[C@@H]3N)cc2nc([*:1])n(C)c12,2,2.0680906739141287,0.7977527976036072,non_cliff,True,False,True,single_atom_change,False
BWTBYTFLDISNFI-WFNCXJDMSA-N,BCZPEKVMAZSURM-GNTVVGMTSA-N,COc1cc(C(=O)N2CC3CCC2[C@@H]3N)cc2nc([*:1])n(C)c12,2,1.994283304068091,0.7446808218955994,non_cliff,False,False,False,single_atom_change,False
BWTBYTFLDISNFI-WFNCXJDMSA-N,YBRYCMKAKUNWFO-LTFVAXTNSA-N,COc1cc(C(=O)N2CC3CCC2[C@@H]3N)cc2nc([*:1])n(C)c12,2,1.5383029886964863,0.6632652878761292,non_cliff,False,False,False,single_atom_change,False
BWTBYTFLDISNFI-WFNCXJDMSA-N,JLGGAYUHFPLCCK-IKXBFRDRSA-N,COc1cc(C(=O)N2CC3CCC2[C@@H]3N)cc2nc([*:1])n(C)c12,2,1.543431248808175,0.7692307829856873,non_cliff,False,False,False,small_substituent,False
BWTBYTFLDISNFI-WFNCXJDMSA-N,GDNYILLQBQRSAV-TWDLTGNASA-N,COc1cc(C(=O)N2CC3CCC2[C@@H]3N)cc2nc([*:1])n(C)c12,2,0.0109953843014629,0.7752808928489685,non_cliff,False,False,False,single_atom_change,False
BWTBYTFLDISNFI-WFNCXJDMSA-N,UXUIFFMVADUAON-CXBZOWBPSA-N,COc1cc(C(=O)N2CC3CCC2[C@@H]3N)cc2nc([*:1])n(C)c12,1,0.8129133566428557,,non_cliff,False,False,False,single_atom_change,False
BWTBYTFLDISNFI-WFNCXJDMSA-N,LHCGWKJDICUCEG-KTBVXVCESA-N,COc1cc(C(=O)N2CC3CCC2[C@@H]3N)cc2nc([*:1])n(C)c12,2,0.26884531229258,0.77173912525177,non_cliff,False,False,False,small_substituent,False
YUHZLTYIGGBRCL-OFKODDFHSA-N,WNVSDECEZODUPK-JAEXGXQOSA-N,COc1cc(C(=O)N2CC3CCC2[C@@H]3N)cc2nc([*:1])n(C)c12,2,0.049687784189107,0.8488371968269348,non_cliff,False,False,False,single_atom_change,False
YUHZLTYIGGBRCL-OFKODDFHSA-N,FOBNOYWWYUHZGJ-CPWPOOERSA-N,COc1cc(C(=O)N2CC3CCC2[C@@H]3N)cc2nc([*:1])n(C)c12,2,0.0228628829595045,0.7954545617103577,non_cliff,False,False,False,small_substituent,False
YUHZLTYIGGBRCL-OFKODDFHSA-N,PPYDIYQJBOFKJJ-CCWBKVMBSA-N,COc1cc(C(=O)N2CC3CCC2[C@@H]3N)cc2nc([*:1])n(C)c12,2,0.2064738880494019,0.7888888716697693,non_cliff,False,False,False,single_atom_change,False
YUHZLTYIGGBRCL-OFKODDFHSA-N,LFPPSFVNBGNNPR-UCDZCMRKSA-N,COc1cc(C(=O)N2CC3CCC2[C@@H]3N)cc2nc([*:1])n(C)c12,2,0.454258371760158,0.75,non_cliff,False,False,False,single_atom_change,False
YUHZLTYIGGBRCL-OFKODDFHSA-N,CGWRMBYFKYPJSA-RXEARMEOSA-N,COc1cc(C(=O)N2CC3CCC2[C@@H]3N)cc2nc([*:1])n(C)c12,2,0.1368379599080071,0.7472527623176575,non_cliff,False,False,False,single_atom_change,False
YUHZLTYIGGBRCL-OFKODDFHSA-N,SMADULGDNOCLOP-GISFHXKWSA-N,COc1cc(C(=O)N2CC3CCC2[C@@H]3N)cc2nc([*:1])n(C)c12,2,2.0419258890090006,0.8181818127632141,severe,True,False,True,single_atom_change,True
YUHZLTYIGGBRCL-OFKODDFHSA-N,UNGYPWLQAZQTIO-ZREWPKOVSA-N,COc1cc(C(=O)N2CC3CCC2[C@@H]3N)cc2nc([*:1])n(C)c12,2,0.076840030232721,0.7802197933197021,non_cliff,False,False,False,small_substituent,False
YUHZLTYIGGBRCL-OFKODDFHSA-N,MRNJWOMRYSTQPG-LCRYKWFRSA-N,COc1cc(C(=O)N2CC3CCC2[C@@H]3N)cc2nc([*:1])n(C)c12,2,0.0752509524191928,0.7582417726516724,non_cliff,False,False,False,single_atom_change,False
YUHZLTYIGGBRCL-OFKODDFHSA-N,WRHOMFJKHSWYJS-VDOBOPNRSA-N,COc1cc(C(=O)N2CC3CCC2[C@@H]3N)cc2nc([*:1])n(C)c12,2,0.1879904823553886,0.7840909361839294,non_cliff,False,False,False,single_atom_change,False
YUHZLTYIGGBRCL-OFKODDFHSA-N,UGYGQLAFRCVHJW-JWJBQAENSA-N,COc1cc(C(=O)N2CC3CCC2[C@@H]3N)cc2nc([*:1])n(C)c12,2,1.7458762677122168,0.7752808928489685,non_cliff,False,False,False,single_atom_change,False
YUHZLTYIGGBRCL-OFKODDFHSA-N,XZEQIKBQYLFCFP-OFKODDFHSA-N,COc1cc(C(=O)N2CC3CCC2[C@@H]3N)cc2nc([*:1])n(C)c12,2,1.7785423305378538,0.791208803653717,non_cliff,False,False,False,single_atom_change,False
YUHZLTYIGGBRCL-OFKODDFHSA-N,NXLODQYXKFLXEG-BTDDGAACSA-N,COc1cc(C(=O)N2CC3CCC2[C@@H]3N)cc2nc([*:1])n(C)c12,2,0.6139592146276698,0.6938775777816772,non_cliff,False,False,False,small_substituent,False
YUHZLTYIGGBRCL-OFKODDFHSA-N,RAVBZQAQTVGKIV-XBPDSQQVSA-N,COc1cc(C(=O)N2CC3CCC2[C@@H]3N)cc2nc([*:1])n(C)c12,2,2.0909535568736333,0.7582417726516724,non_cliff,True,False,True,single_atom_change,False
YUHZLTYIGGBRCL-OFKODDFHSA-N,BCZPEKVMAZSURM-GNTVVGMTSA-N,COc1cc(C(=O)N2CC3CCC2[C@@H]3N)cc2nc([*:1])n(C)c12,2,2.0171461870275955,0.7083333134651184,non_cliff,True,False,False,single_atom_change,False
YUHZLTYIGGBRCL-OFKODDFHSA-N,YBRYCMKAKUNWFO-LTFVAXTNSA-N,COc1cc(C(=O)N2CC3CCC2[C@@H]3N)cc2nc([*:1])n(C)c12,2,1.5611658716559909,0.6632652878761292,non_cliff,False,False,False,single_atom_change,False
YUHZLTYIGGBRCL-OFKODDFHSA-N,JLGGAYUHFPLCCK-IKXBFRDRSA-N,COc1cc(C(=O)N2CC3CCC2[C@@H]3N)cc2nc([*:1])n(C)c12,2,1.5662941317676795,0.7311828136444092,non_cliff,False,False,False,small_substituent,False
YUHZLTYIGGBRCL-OFKODDFHSA-N,GDNYILLQBQRSAV-TWDLTGNASA-N,COc1cc(C(=O)N2CC3CCC2[C@@H]3N)cc2nc([*:1])n(C)c12,2,0.0338582672609675,0.7752808928489685,non_cliff,False,False,False,single_atom_change,False
YUHZLTYIGGBRCL-OFKODDFHSA-N,UXUIFFMVADUAON-CXBZOWBPSA-N,COc1cc(C(=O)N2CC3CCC2[C@@H]3N)cc2nc([*:1])n(C)c12,1,0.7900504736833511,,non_cliff,False,False,False,single_atom_change,False
YUHZLTYIGGBRCL-OFKODDFHSA-N,LHCGWKJDICUCEG-KTBVXVCESA-N,COc1cc(C(=O)N2CC3CCC2[C@@H]3N)cc2nc([*:1])n(C)c12,2,0.2459824293330754,0.77173912525177,non_cliff,False,False,False,small_substituent,False
WNVSDECEZODUPK-JAEXGXQOSA-N,FOBNOYWWYUHZGJ-CPWPOOERSA-N,COc1cc(C(=O)N2CC3CCC2[C@@H]3N)cc2nc([*:1])n(C)c12,2,0.0725506671486115,0.8068181872367859,non_cliff,False,False,False,small_substituent,False
WNVSDECEZODUPK-JAEXGXQOSA-N,PPYDIYQJBOFKJJ-CCWBKVMBSA-N,COc1cc(C(=O)N2CC3CCC2[C@@H]3N)cc2nc([*:1])n(C)c12,2,0.1567861038602949,0.8202247023582458,non_cliff,False,False,False,small_substituent,False
WNVSDECEZODUPK-JAEXGXQOSA-N,LFPPSFVNBGNNPR-UCDZCMRKSA-N,COc1cc(C(=O)N2CC3CCC2[C@@H]3N)cc2nc([*:1])n(C)c12,2,0.404570587571051,0.7419354915618896,non_cliff,False,False,False,small_substituent,False
WNVSDECEZODUPK-JAEXGXQOSA-N,CGWRMBYFKYPJSA-RXEARMEOSA-N,COc1cc(C(=O)N2CC3CCC2[C@@H]3N)cc2nc([*:1])n(C)c12,2,0.0871501757189001,0.739130437374115,non_cliff,False,False,False,small_substituent,False
WNVSDECEZODUPK-JAEXGXQOSA-N,SMADULGDNOCLOP-GISFHXKWSA-N,COc1cc(C(=O)N2CC3CCC2[C@@H]3N)cc2nc([*:1])n(C)c12,2,2.091613673198108,0.8720930218696594,severe,True,False,True,small_substituent,True
WNVSDECEZODUPK-JAEXGXQOSA-N,UNGYPWLQAZQTIO-ZREWPKOVSA-N,COc1cc(C(=O)N2CC3CCC2[C@@H]3N)cc2nc([*:1])n(C)c12,2,0.0271522460436139,0.8314606547355652,non_cliff,False,False,False,small_substituent,False
WNVSDECEZODUPK-JAEXGXQOSA-N,MRNJWOMRYSTQPG-LCRYKWFRSA-N,COc1cc(C(=O)N2CC3CCC2[C@@H]3N)cc2nc([*:1])n(C)c12,2,0.1249387366082999,0.75,non_cliff,False,False,False,single_atom_change,False
WNVSDECEZODUPK-JAEXGXQOSA-N,WRHOMFJKHSWYJS-VDOBOPNRSA-N,COc1cc(C(=O)N2CC3CCC2[C@@H]3N)cc2nc([*:1])n(C)c12,2,0.1383026981662816,0.7752808928489685,non_cliff,False,False,False,single_atom_change,False
WNVSDECEZODUPK-JAEXGXQOSA-N,UGYGQLAFRCVHJW-JWJBQAENSA-N,COc1cc(C(=O)N2CC3CCC2[C@@H]3N)cc2nc([*:1])n(C)c12,2,1.7955640519013238,0.7666666507720947,non_cliff,False,False,False,single_atom_change,False
WNVSDECEZODUPK-JAEXGXQOSA-N,XZEQIKBQYLFCFP-OFKODDFHSA-N,COc1cc(C(=O)N2CC3CCC2[C@@H]3N)cc2nc([*:1])n(C)c12,2,1.8282301147269608,0.8426966071128845,moderate,False,False,False,single_atom_change,False
WNVSDECEZODUPK-JAEXGXQOSA-N,NXLODQYXKFLXEG-BTDDGAACSA-N,COc1cc(C(=O)N2CC3CCC2[C@@H]3N)cc2nc([*:1])n(C)c12,2,0.5642714304385628,0.6868686676025391,non_cliff,False,False,False,small_substituent,False
WNVSDECEZODUPK-JAEXGXQOSA-N,RAVBZQAQTVGKIV-XBPDSQQVSA-N,COc1cc(C(=O)N2CC3CCC2[C@@H]3N)cc2nc([*:1])n(C)c12,2,2.1406413410627403,0.75,non_cliff,True,False,True,single_atom_change,False
WNVSDECEZODUPK-JAEXGXQOSA-N,BCZPEKVMAZSURM-GNTVVGMTSA-N,COc1cc(C(=O)N2CC3CCC2[C@@H]3N)cc2nc([*:1])n(C)c12,2,2.0668339712167025,0.7010309100151062,non_cliff,True,False,False,small_substituent,False
WNVSDECEZODUPK-JAEXGXQOSA-N,YBRYCMKAKUNWFO-LTFVAXTNSA-N,COc1cc(C(=O)N2CC3CCC2[C@@H]3N)cc2nc([*:1])n(C)c12,2,1.610853655845098,0.6565656661987305,non_cliff,False,False,False,single_atom_change,False
WNVSDECEZODUPK-JAEXGXQOSA-N,JLGGAYUHFPLCCK-IKXBFRDRSA-N,COc1cc(C(=O)N2CC3CCC2[C@@H]3N)cc2nc([*:1])n(C)c12,2,1.6159819159567863,0.7234042286872864,non_cliff,False,False,False,medium_substituent,False
WNVSDECEZODUPK-JAEXGXQOSA-N,GDNYILLQBQRSAV-TWDLTGNASA-N,COc1cc(C(=O)N2CC3CCC2[C@@H]3N)cc2nc([*:1])n(C)c12,2,0.0835460514500745,0.8068181872367859,non_cliff,False,False,False,single_atom_change,False
WNVSDECEZODUPK-JAEXGXQOSA-N,UXUIFFMVADUAON-CXBZOWBPSA-N,COc1cc(C(=O)N2CC3CCC2[C@@H]3N)cc2nc([*:1])n(C)c12,1,0.7403626894942441,,non_cliff,False,False,False,single_atom_change,False
WNVSDECEZODUPK-JAEXGXQOSA-N,LHCGWKJDICUCEG-KTBVXVCESA-N,COc1cc(C(=O)N2CC3CCC2[C@@H]3N)cc2nc([*:1])n(C)c12,2,0.1962946451439684,0.8222222328186035,non_cliff,False,False,False,small_substituent,False
FOBNOYWWYUHZGJ-CPWPOOERSA-N,PPYDIYQJBOFKJJ-CCWBKVMBSA-N,COc1cc(C(=O)N2CC3CCC2[C@@H]3N)cc2nc([*:1])n(C)c12,2,0.2293367710089064,0.7311828136444092,non_cliff,False,False,False,single_atom_change,False
FOBNOYWWYUHZGJ-CPWPOOERSA-N,LFPPSFVNBGNNPR-UCDZCMRKSA-N,COc1cc(C(=O)N2CC3CCC2[C@@H]3N)cc2nc([*:1])n(C)c12,2,0.4771212547196626,0.8295454382896423,non_cliff,False,False,False,single_atom_change,False
FOBNOYWWYUHZGJ-CPWPOOERSA-N,CGWRMBYFKYPJSA-RXEARMEOSA-N,COc1cc(C(=O)N2CC3CCC2[C@@H]3N)cc2nc([*:1])n(C)c12,2,0.1597008428675117,0.8275862336158752,non_cliff,False,False,False,single_atom_change,False
FOBNOYWWYUHZGJ-CPWPOOERSA-N,SMADULGDNOCLOP-GISFHXKWSA-N,COc1cc(C(=O)N2CC3CCC2[C@@H]3N)cc2nc([*:1])n(C)c12,2,2.019063006049496,0.7582417726516724,non_cliff,True,False,True,single_atom_change,False
FOBNOYWWYUHZGJ-CPWPOOERSA-N,UNGYPWLQAZQTIO-ZREWPKOVSA-N,COc1cc(C(=O)N2CC3CCC2[C@@H]3N)cc2nc([*:1])n(C)c12,2,0.0997029131922255,0.7234042286872864,non_cliff,False,False,False,single_atom_change,False
FOBNOYWWYUHZGJ-CPWPOOERSA-N,MRNJWOMRYSTQPG-LCRYKWFRSA-N,COc1cc(C(=O)N2CC3CCC2[C@@H]3N)cc2nc([*:1])n(C)c12,2,0.0523880694596883,0.7977527976036072,non_cliff,False,False,False,small_substituent,False
FOBNOYWWYUHZGJ-CPWPOOERSA-N,WRHOMFJKHSWYJS-VDOBOPNRSA-N,COc1cc(C(=O)N2CC3CCC2[C@@H]3N)cc2nc([*:1])n(C)c12,2,0.2108533653148931,0.8690476417541504,non_cliff,False,False,False,small_substituent,False
FOBNOYWWYUHZGJ-CPWPOOERSA-N,UGYGQLAFRCVHJW-JWJBQAENSA-N,COc1cc(C(=O)N2CC3CCC2[C@@H]3N)cc2nc([*:1])n(C)c12,2,1.7230133847527125,0.8588235378265381,moderate,False,False,False,small_substituent,False
FOBNOYWWYUHZGJ-CPWPOOERSA-N,XZEQIKBQYLFCFP-OFKODDFHSA-N,COc1cc(C(=O)N2CC3CCC2[C@@H]3N)cc2nc([*:1])n(C)c12,2,1.7556794475783493,0.7340425252914429,non_cliff,False,False,False,small_substituent,False
FOBNOYWWYUHZGJ-CPWPOOERSA-N,NXLODQYXKFLXEG-BTDDGAACSA-N,COc1cc(C(=O)N2CC3CCC2[C@@H]3N)cc2nc([*:1])n(C)c12,2,0.6368220975871743,0.7291666865348816,non_cliff,False,False,False,single_atom_change,False
FOBNOYWWYUHZGJ-CPWPOOERSA-N,RAVBZQAQTVGKIV-XBPDSQQVSA-N,COc1cc(C(=O)N2CC3CCC2[C@@H]3N)cc2nc([*:1])n(C)c12,2,2.0680906739141287,0.8390804529190063,severe,True,False,True,small_substituent,True
FOBNOYWWYUHZGJ-CPWPOOERSA-N,BCZPEKVMAZSURM-GNTVVGMTSA-N,COc1cc(C(=O)N2CC3CCC2[C@@H]3N)cc2nc([*:1])n(C)c12,2,1.994283304068091,0.7446808218955994,non_cliff,False,False,False,single_atom_change,False
FOBNOYWWYUHZGJ-CPWPOOERSA-N,YBRYCMKAKUNWFO-LTFVAXTNSA-N,COc1cc(C(=O)N2CC3CCC2[C@@H]3N)cc2nc([*:1])n(C)c12,2,1.5383029886964863,0.6632652878761292,non_cliff,False,False,False,small_substituent,False
FOBNOYWWYUHZGJ-CPWPOOERSA-N,JLGGAYUHFPLCCK-IKXBFRDRSA-N,COc1cc(C(=O)N2CC3CCC2[C@@H]3N)cc2nc([*:1])n(C)c12,2,1.543431248808175,0.8089887499809265,moderate,False,False,False,single_atom_change,False
FOBNOYWWYUHZGJ-CPWPOOERSA-N,GDNYILLQBQRSAV-TWDLTGNASA-N,COc1cc(C(=O)N2CC3CCC2[C@@H]3N)cc2nc([*:1])n(C)c12,2,0.0109953843014629,0.7752808928489685,non_cliff,False,False,False,small_substituent,False
FOBNOYWWYUHZGJ-CPWPOOERSA-N,UXUIFFMVADUAON-CXBZOWBPSA-N,COc1cc(C(=O)N2CC3CCC2[C@@H]3N)cc2nc([*:1])n(C)c12,1,0.8129133566428557,,non_cliff,False,False,False,small_substituent,False
FOBNOYWWYUHZGJ-CPWPOOERSA-N,LHCGWKJDICUCEG-KTBVXVCESA-N,COc1cc(C(=O)N2CC3CCC2[C@@H]3N)cc2nc([*:1])n(C)c12,2,0.26884531229258,0.7157894968986511,non_cliff,False,False,False,single_atom_change,False
PPYDIYQJBOFKJJ-CCWBKVMBSA-N,LFPPSFVNBGNNPR-UCDZCMRKSA-N,COc1cc(C(=O)N2CC3CCC2[C@@H]3N)cc2nc([*:1])n(C)c12,2,0.2477844837107561,0.7446808218955994,non_cliff,False,False,False,single_atom_change,False
PPYDIYQJBOFKJJ-CCWBKVMBSA-N,CGWRMBYFKYPJSA-RXEARMEOSA-N,COc1cc(C(=O)N2CC3CCC2[C@@H]3N)cc2nc([*:1])n(C)c12,2,0.0696359281413947,0.7234042286872864,non_cliff,False,False,False,single_atom_change,False
PPYDIYQJBOFKJJ-CCWBKVMBSA-N,SMADULGDNOCLOP-GISFHXKWSA-N,COc1cc(C(=O)N2CC3CCC2[C@@H]3N)cc2nc([*:1])n(C)c12,2,2.2483997770584025,0.8314606547355652,severe,True,False,True,single_atom_change,True
PPYDIYQJBOFKJJ-CCWBKVMBSA-N,UNGYPWLQAZQTIO-ZREWPKOVSA-N,COc1cc(C(=O)N2CC3CCC2[C@@H]3N)cc2nc([*:1])n(C)c12,2,0.1296338578166809,0.8539325594902039,non_cliff,False,False,False,single_atom_change,False
PPYDIYQJBOFKJJ-CCWBKVMBSA-N,MRNJWOMRYSTQPG-LCRYKWFRSA-N,COc1cc(C(=O)N2CC3CCC2[C@@H]3N)cc2nc([*:1])n(C)c12,2,0.2817248404685948,0.7157894968986511,non_cliff,False,False,False,single_atom_change,False
PPYDIYQJBOFKJJ-CCWBKVMBSA-N,WRHOMFJKHSWYJS-VDOBOPNRSA-N,COc1cc(C(=O)N2CC3CCC2[C@@H]3N)cc2nc([*:1])n(C)c12,2,0.0184834056940133,0.739130437374115,non_cliff,False,False,False,single_atom_change,False
PPYDIYQJBOFKJJ-CCWBKVMBSA-N,UGYGQLAFRCVHJW-JWJBQAENSA-N,COc1cc(C(=O)N2CC3CCC2[C@@H]3N)cc2nc([*:1])n(C)c12,2,1.9523501557616187,0.7311828136444092,non_cliff,False,False,False,small_substituent,False
PPYDIYQJBOFKJJ-CCWBKVMBSA-N,XZEQIKBQYLFCFP-OFKODDFHSA-N,COc1cc(C(=O)N2CC3CCC2[C@@H]3N)cc2nc([*:1])n(C)c12,2,1.985016218587256,0.804347813129425,moderate,False,False,False,single_atom_change,False
PPYDIYQJBOFKJJ-CCWBKVMBSA-N,NXLODQYXKFLXEG-BTDDGAACSA-N,COc1cc(C(=O)N2CC3CCC2[C@@H]3N)cc2nc([*:1])n(C)c12,2,0.4074853265782678,0.6732673048973083,non_cliff,False,False,False,single_atom_change,False
PPYDIYQJBOFKJJ-CCWBKVMBSA-N,RAVBZQAQTVGKIV-XBPDSQQVSA-N,COc1cc(C(=O)N2CC3CCC2[C@@H]3N)cc2nc([*:1])n(C)c12,2,2.297427444923035,0.7157894968986511,non_cliff,True,False,True,single_atom_change,False
PPYDIYQJBOFKJJ-CCWBKVMBSA-N,BCZPEKVMAZSURM-GNTVVGMTSA-N,COc1cc(C(=O)N2CC3CCC2[C@@H]3N)cc2nc([*:1])n(C)c12,2,2.223620075076997,0.6868686676025391,non_cliff,True,False,False,single_atom_change,False
PPYDIYQJBOFKJJ-CCWBKVMBSA-N,YBRYCMKAKUNWFO-LTFVAXTNSA-N,COc1cc(C(=O)N2CC3CCC2[C@@H]3N)cc2nc([*:1])n(C)c12,2,1.7676397597053928,0.6435643434524536,non_cliff,False,False,False,single_atom_change,False
PPYDIYQJBOFKJJ-CCWBKVMBSA-N,JLGGAYUHFPLCCK-IKXBFRDRSA-N,COc1cc(C(=O)N2CC3CCC2[C@@H]3N)cc2nc([*:1])n(C)c12,2,1.7727680198170814,0.7263157963752747,non_cliff,False,False,False,small_substituent,False
PPYDIYQJBOFKJJ-CCWBKVMBSA-N,GDNYILLQBQRSAV-TWDLTGNASA-N,COc1cc(C(=O)N2CC3CCC2[C@@H]3N)cc2nc([*:1])n(C)c12,2,0.2403321553103694,0.7888888716697693,non_cliff,False,False,False,single_atom_change,False
PPYDIYQJBOFKJJ-CCWBKVMBSA-N,UXUIFFMVADUAON-CXBZOWBPSA-N,COc1cc(C(=O)N2CC3CCC2[C@@H]3N)cc2nc([*:1])n(C)c12,1,0.5835765856339492,,non_cliff,False,False,False,single_atom_change,False
PPYDIYQJBOFKJJ-CCWBKVMBSA-N,LHCGWKJDICUCEG-KTBVXVCESA-N,COc1cc(C(=O)N2CC3CCC2[C@@H]3N)cc2nc([*:1])n(C)c12,2,0.0395085412836735,0.8651685118675232,non_cliff,False,False,False,single_atom_change,False
LFPPSFVNBGNNPR-UCDZCMRKSA-N,CGWRMBYFKYPJSA-RXEARMEOSA-N,COc1cc(C(=O)N2CC3CCC2[C@@H]3N)cc2nc([*:1])n(C)c12,2,0.3174204118521508,0.800000011920929,non_cliff,False,False,False,single_atom_change,False
LFPPSFVNBGNNPR-UCDZCMRKSA-N,SMADULGDNOCLOP-GISFHXKWSA-N,COc1cc(C(=O)N2CC3CCC2[C@@H]3N)cc2nc([*:1])n(C)c12,2,2.4961842607691587,0.7526881694793701,non_cliff,True,False,True,single_atom_change,False
LFPPSFVNBGNNPR-UCDZCMRKSA-N,UNGYPWLQAZQTIO-ZREWPKOVSA-N,COc1cc(C(=O)N2CC3CCC2[C@@H]3N)cc2nc([*:1])n(C)c12,2,0.377418341527437,0.774193525314331,non_cliff,False,False,False,single_atom_change,False
LFPPSFVNBGNNPR-UCDZCMRKSA-N,MRNJWOMRYSTQPG-LCRYKWFRSA-N,COc1cc(C(=O)N2CC3CCC2[C@@H]3N)cc2nc([*:1])n(C)c12,2,0.5295093241793509,0.8111110925674438,non_cliff,False,False,False,single_atom_change,False
LFPPSFVNBGNNPR-UCDZCMRKSA-N,WRHOMFJKHSWYJS-VDOBOPNRSA-N,COc1cc(C(=O)N2CC3CCC2[C@@H]3N)cc2nc([*:1])n(C)c12,3,0.2662678894047694,0.8823529481887817,non_cliff,False,False,False,single_atom_change,False
LFPPSFVNBGNNPR-UCDZCMRKSA-N,UGYGQLAFRCVHJW-JWJBQAENSA-N,COc1cc(C(=O)N2CC3CCC2[C@@H]3N)cc2nc([*:1])n(C)c12,3,2.200134639472375,0.8941176533699036,severe,True,False,False,small_substituent,True
LFPPSFVNBGNNPR-UCDZCMRKSA-N,XZEQIKBQYLFCFP-OFKODDFHSA-N,COc1cc(C(=O)N2CC3CCC2[C@@H]3N)cc2nc([*:1])n(C)c12,2,2.232800702298012,0.7291666865348816,non_cliff,True,False,False,single_atom_change,False
LFPPSFVNBGNNPR-UCDZCMRKSA-N,NXLODQYXKFLXEG-BTDDGAACSA-N,COc1cc(C(=O)N2CC3CCC2[C@@H]3N)cc2nc([*:1])n(C)c12,2,0.1597008428675117,0.7070707082748413,non_cliff,False,False,False,single_atom_change,False
LFPPSFVNBGNNPR-UCDZCMRKSA-N,RAVBZQAQTVGKIV-XBPDSQQVSA-N,COc1cc(C(=O)N2CC3CCC2[C@@H]3N)cc2nc([*:1])n(C)c12,2,2.545211928633792,0.8314606547355652,severe,True,False,True,single_atom_change,True
LFPPSFVNBGNNPR-UCDZCMRKSA-N,BCZPEKVMAZSURM-GNTVVGMTSA-N,COc1cc(C(=O)N2CC3CCC2[C@@H]3N)cc2nc([*:1])n(C)c12,2,2.4714045587877536,0.7216494679450989,non_cliff,True,False,False,single_atom_change,False
LFPPSFVNBGNNPR-UCDZCMRKSA-N,YBRYCMKAKUNWFO-LTFVAXTNSA-N,COc1cc(C(=O)N2CC3CCC2[C@@H]3N)cc2nc([*:1])n(C)c12,2,2.015424243416149,0.6435643434524536,non_cliff,True,False,False,single_atom_change,False
LFPPSFVNBGNNPR-UCDZCMRKSA-N,JLGGAYUHFPLCCK-IKXBFRDRSA-N,COc1cc(C(=O)N2CC3CCC2[C@@H]3N)cc2nc([*:1])n(C)c12,2,2.0205525035278376,0.8021978139877319,severe,True,False,False,small_substituent,True
LFPPSFVNBGNNPR-UCDZCMRKSA-N,GDNYILLQBQRSAV-TWDLTGNASA-N,COc1cc(C(=O)N2CC3CCC2[C@@H]3N)cc2nc([*:1])n(C)c12,2,0.4881166390211255,0.7692307829856873,non_cliff,False,False,False,single_atom_change,False
LFPPSFVNBGNNPR-UCDZCMRKSA-N,UXUIFFMVADUAON-CXBZOWBPSA-N,COc1cc(C(=O)N2CC3CCC2[C@@H]3N)cc2nc([*:1])n(C)c12,1,0.3357921019231931,,non_cliff,False,False,False,single_atom_change,False
LFPPSFVNBGNNPR-UCDZCMRKSA-N,LHCGWKJDICUCEG-KTBVXVCESA-N,COc1cc(C(=O)N2CC3CCC2[C@@H]3N)cc2nc([*:1])n(C)c12,2,0.2082759424270825,0.7659574747085571,non_cliff,False,False,False,single_atom_change,False
CGWRMBYFKYPJSA-RXEARMEOSA-N,SMADULGDNOCLOP-GISFHXKWSA-N,COc1cc(C(=O)N2CC3CCC2[C@@H]3N)cc2nc([*:1])n(C)c12,2,2.178763848917008,0.7311828136444092,non_cliff,True,False,True,single_atom_change,False
CGWRMBYFKYPJSA-RXEARMEOSA-N,UNGYPWLQAZQTIO-ZREWPKOVSA-N,COc1cc(C(=O)N2CC3CCC2[C@@H]3N)cc2nc([*:1])n(C)c12,2,0.0599979296752861,0.7157894968986511,non_cliff,False,False,False,single_atom_change,False
CGWRMBYFKYPJSA-RXEARMEOSA-N,MRNJWOMRYSTQPG-LCRYKWFRSA-N,COc1cc(C(=O)N2CC3CCC2[C@@H]3N)cc2nc([*:1])n(C)c12,2,0.2120889123272,0.7888888716697693,non_cliff,False,False,False,single_atom_change,False
CGWRMBYFKYPJSA-RXEARMEOSA-N,WRHOMFJKHSWYJS-VDOBOPNRSA-N,COc1cc(C(=O)N2CC3CCC2[C@@H]3N)cc2nc([*:1])n(C)c12,2,0.0511525224473814,0.8372092843055725,non_cliff,False,False,False,single_atom_change,False
CGWRMBYFKYPJSA-RXEARMEOSA-N,UGYGQLAFRCVHJW-JWJBQAENSA-N,COc1cc(C(=O)N2CC3CCC2[C@@H]3N)cc2nc([*:1])n(C)c12,2,1.882714227620224,0.8275862336158752,moderate,False,False,False,small_substituent,False
CGWRMBYFKYPJSA-RXEARMEOSA-N,XZEQIKBQYLFCFP-OFKODDFHSA-N,COc1cc(C(=O)N2CC3CCC2[C@@H]3N)cc2nc([*:1])n(C)c12,2,1.915380290445861,0.7083333134651184,non_cliff,False,False,False,single_atom_change,False
CGWRMBYFKYPJSA-RXEARMEOSA-N,NXLODQYXKFLXEG-BTDDGAACSA-N,COc1cc(C(=O)N2CC3CCC2[C@@H]3N)cc2nc([*:1])n(C)c12,2,0.4771212547196626,0.7216494679450989,non_cliff,False,False,False,single_atom_change,False
CGWRMBYFKYPJSA-RXEARMEOSA-N,RAVBZQAQTVGKIV-XBPDSQQVSA-N,COc1cc(C(=O)N2CC3CCC2[C@@H]3N)cc2nc([*:1])n(C)c12,2,2.2277915167816404,0.8089887499809265,severe,True,False,True,single_atom_change,True
CGWRMBYFKYPJSA-RXEARMEOSA-N,BCZPEKVMAZSURM-GNTVVGMTSA-N,COc1cc(C(=O)N2CC3CCC2[C@@H]3N)cc2nc([*:1])n(C)c12,2,2.1539841469356027,0.7368420958518982,non_cliff,True,False,False,single_atom_change,False
CGWRMBYFKYPJSA-RXEARMEOSA-N,YBRYCMKAKUNWFO-LTFVAXTNSA-N,COc1cc(C(=O)N2CC3CCC2[C@@H]3N)cc2nc([*:1])n(C)c12,2,1.698003831563998,0.6565656661987305,non_cliff,False,False,False,single_atom_change,False
CGWRMBYFKYPJSA-RXEARMEOSA-N,JLGGAYUHFPLCCK-IKXBFRDRSA-N,COc1cc(C(=O)N2CC3CCC2[C@@H]3N)cc2nc([*:1])n(C)c12,2,1.703132091675687,0.800000011920929,moderate,False,False,False,small_substituent,False
CGWRMBYFKYPJSA-RXEARMEOSA-N,GDNYILLQBQRSAV-TWDLTGNASA-N,COc1cc(C(=O)N2CC3CCC2[C@@H]3N)cc2nc([*:1])n(C)c12,2,0.1706962271689747,0.7472527623176575,non_cliff,False,False,False,single_atom_change,False
CGWRMBYFKYPJSA-RXEARMEOSA-N,UXUIFFMVADUAON-CXBZOWBPSA-N,COc1cc(C(=O)N2CC3CCC2[C@@H]3N)cc2nc([*:1])n(C)c12,1,0.653212513775344,,non_cliff,False,False,False,single_atom_change,False
CGWRMBYFKYPJSA-RXEARMEOSA-N,LHCGWKJDICUCEG-KTBVXVCESA-N,COc1cc(C(=O)N2CC3CCC2[C@@H]3N)cc2nc([*:1])n(C)c12,2,0.1091444694250682,0.7083333134651184,non_cliff,False,False,False,single_atom_change,False
SMADULGDNOCLOP-GISFHXKWSA-N,UNGYPWLQAZQTIO-ZREWPKOVSA-N,COc1cc(C(=O)N2CC3CCC2[C@@H]3N)cc2nc([*:1])n(C)c12,2,2.1187659192417216,0.8426966071128845,severe,True,True,False,single_atom_change,True
SMADULGDNOCLOP-GISFHXKWSA-N,MRNJWOMRYSTQPG-LCRYKWFRSA-N,COc1cc(C(=O)N2CC3CCC2[C@@H]3N)cc2nc([*:1])n(C)c12,2,1.966674936589808,0.760869562625885,non_cliff,False,True,False,single_atom_change,False
SMADULGDNOCLOP-GISFHXKWSA-N,WRHOMFJKHSWYJS-VDOBOPNRSA-N,COc1cc(C(=O)N2CC3CCC2[C@@H]3N)cc2nc([*:1])n(C)c12,2,2.229916371364389,0.8068181872367859,severe,True,True,False,single_atom_change,True
SMADULGDNOCLOP-GISFHXKWSA-N,UGYGQLAFRCVHJW-JWJBQAENSA-N,COc1cc(C(=O)N2CC3CCC2[C@@H]3N)cc2nc([*:1])n(C)c12,2,0.2960496212967838,0.7777777910232544,non_cliff,False,True,False,small_substituent,False
SMADULGDNOCLOP-GISFHXKWSA-N,XZEQIKBQYLFCFP-OFKODDFHSA-N,COc1cc(C(=O)N2CC3CCC2[C@@H]3N)cc2nc([*:1])n(C)c12,2,0.2633835584711468,0.875,non_cliff,False,True,False,single_atom_change,False
SMADULGDNOCLOP-GISFHXKWSA-N,NXLODQYXKFLXEG-BTDDGAACSA-N,COc1cc(C(=O)N2CC3CCC2[C@@H]3N)cc2nc([*:1])n(C)c12,2,2.6558851036366704,0.6800000071525574,non_cliff,True,True,False,single_atom_change,False
SMADULGDNOCLOP-GISFHXKWSA-N,RAVBZQAQTVGKIV-XBPDSQQVSA-N,COc1cc(C(=O)N2CC3CCC2[C@@H]3N)cc2nc([*:1])n(C)c12,2,0.0490276678646326,0.760869562625885,non_cliff,False,True,True,single_atom_change,False
SMADULGDNOCLOP-GISFHXKWSA-N,BCZPEKVMAZSURM-GNTVVGMTSA-N,COc1cc(C(=O)N2CC3CCC2[C@@H]3N)cc2nc([*:1])n(C)c12,2,0.0247797019814051,0.6938775777816772,non_cliff,False,True,False,single_atom_change,False
SMADULGDNOCLOP-GISFHXKWSA-N,YBRYCMKAKUNWFO-LTFVAXTNSA-N,COc1cc(C(=O)N2CC3CCC2[C@@H]3N)cc2nc([*:1])n(C)c12,2,0.4807600173530097,0.6499999761581421,non_cliff,False,True,False,single_atom_change,False
SMADULGDNOCLOP-GISFHXKWSA-N,JLGGAYUHFPLCCK-IKXBFRDRSA-N,COc1cc(C(=O)N2CC3CCC2[C@@H]3N)cc2nc([*:1])n(C)c12,2,0.4756317572413211,0.7157894968986511,non_cliff,False,True,False,small_substituent,False
SMADULGDNOCLOP-GISFHXKWSA-N,GDNYILLQBQRSAV-TWDLTGNASA-N,COc1cc(C(=O)N2CC3CCC2[C@@H]3N)cc2nc([*:1])n(C)c12,2,2.008067621748033,0.8181818127632141,severe,True,True,False,single_atom_change,True
SMADULGDNOCLOP-GISFHXKWSA-N,UXUIFFMVADUAON-CXBZOWBPSA-N,COc1cc(C(=O)N2CC3CCC2[C@@H]3N)cc2nc([*:1])n(C)c12,1,2.831976362692352,,severe,True,True,False,single_atom_change,True
SMADULGDNOCLOP-GISFHXKWSA-N,LHCGWKJDICUCEG-KTBVXVCESA-N,COc1cc(C(=O)N2CC3CCC2[C@@H]3N)cc2nc([*:1])n(C)c12,2,2.287908318342076,0.8333333134651184,severe,True,True,False,single_atom_change,True
UNGYPWLQAZQTIO-ZREWPKOVSA-N,MRNJWOMRYSTQPG-LCRYKWFRSA-N,COc1cc(C(=O)N2CC3CCC2[C@@H]3N)cc2nc([*:1])n(C)c12,2,0.1520909826519139,0.7083333134651184,non_cliff,False,False,False,small_substituent,False
UNGYPWLQAZQTIO-ZREWPKOVSA-N,WRHOMFJKHSWYJS-VDOBOPNRSA-N,COc1cc(C(=O)N2CC3CCC2[C@@H]3N)cc2nc([*:1])n(C)c12,2,0.1111504521226676,0.7311828136444092,non_cliff,False,False,False,small_substituent,False
UNGYPWLQAZQTIO-ZREWPKOVSA-N,UGYGQLAFRCVHJW-JWJBQAENSA-N,COc1cc(C(=O)N2CC3CCC2[C@@H]3N)cc2nc([*:1])n(C)c12,2,1.8227162979449376,0.7234042286872864,non_cliff,False,False,False,small_substituent,False
UNGYPWLQAZQTIO-ZREWPKOVSA-N,XZEQIKBQYLFCFP-OFKODDFHSA-N,COc1cc(C(=O)N2CC3CCC2[C@@H]3N)cc2nc([*:1])n(C)c12,2,1.8553823607705748,0.8152173757553101,moderate,False,False,False,small_substituent,False
UNGYPWLQAZQTIO-ZREWPKOVSA-N,NXLODQYXKFLXEG-BTDDGAACSA-N,COc1cc(C(=O)N2CC3CCC2[C@@H]3N)cc2nc([*:1])n(C)c12,2,0.5371191843949488,0.6666666865348816,non_cliff,False,False,False,single_atom_change,False
UNGYPWLQAZQTIO-ZREWPKOVSA-N,RAVBZQAQTVGKIV-XBPDSQQVSA-N,COc1cc(C(=O)N2CC3CCC2[C@@H]3N)cc2nc([*:1])n(C)c12,2,2.1677935871063543,0.7083333134651184,non_cliff,True,False,True,small_substituent,False
UNGYPWLQAZQTIO-ZREWPKOVSA-N,BCZPEKVMAZSURM-GNTVVGMTSA-N,COc1cc(C(=O)N2CC3CCC2[C@@H]3N)cc2nc([*:1])n(C)c12,2,2.0939862172603165,0.6800000071525574,non_cliff,True,False,False,single_atom_change,False
UNGYPWLQAZQTIO-ZREWPKOVSA-N,YBRYCMKAKUNWFO-LTFVAXTNSA-N,COc1cc(C(=O)N2CC3CCC2[C@@H]3N)cc2nc([*:1])n(C)c12,2,1.638005901888712,0.6372548937797546,non_cliff,False,False,False,small_substituent,False
UNGYPWLQAZQTIO-ZREWPKOVSA-N,JLGGAYUHFPLCCK-IKXBFRDRSA-N,COc1cc(C(=O)N2CC3CCC2[C@@H]3N)cc2nc([*:1])n(C)c12,2,1.6431341620004003,0.71875,non_cliff,False,False,False,single_atom_change,False
UNGYPWLQAZQTIO-ZREWPKOVSA-N,GDNYILLQBQRSAV-TWDLTGNASA-N,COc1cc(C(=O)N2CC3CCC2[C@@H]3N)cc2nc([*:1])n(C)c12,2,0.1106982974936885,0.760869562625885,non_cliff,False,False,False,small_substituent,False
UNGYPWLQAZQTIO-ZREWPKOVSA-N,UXUIFFMVADUAON-CXBZOWBPSA-N,COc1cc(C(=O)N2CC3CCC2[C@@H]3N)cc2nc([*:1])n(C)c12,1,0.7132104434506301,,non_cliff,False,False,False,small_substituent,False
UNGYPWLQAZQTIO-ZREWPKOVSA-N,LHCGWKJDICUCEG-KTBVXVCESA-N,COc1cc(C(=O)N2CC3CCC2[C@@H]3N)cc2nc([*:1])n(C)c12,3,0.1691423991003544,0.9195402264595032,non_cliff,False,False,False,single_atom_change,False
MRNJWOMRYSTQPG-LCRYKWFRSA-N,WRHOMFJKHSWYJS-VDOBOPNRSA-N,COc1cc(C(=O)N2CC3CCC2[C@@H]3N)cc2nc([*:1])n(C)c12,2,0.2632414347745815,0.8488371968269348,non_cliff,False,False,False,single_atom_change,False
MRNJWOMRYSTQPG-LCRYKWFRSA-N,UGYGQLAFRCVHJW-JWJBQAENSA-N,COc1cc(C(=O)N2CC3CCC2[C@@H]3N)cc2nc([*:1])n(C)c12,2,1.670625315293024,0.8390804529190063,moderate,False,False,False,single_atom_change,False
MRNJWOMRYSTQPG-LCRYKWFRSA-N,XZEQIKBQYLFCFP-OFKODDFHSA-N,COc1cc(C(=O)N2CC3CCC2[C@@H]3N)cc2nc([*:1])n(C)c12,2,1.703291378118661,0.7368420958518982,non_cliff,False,False,False,single_atom_change,False
MRNJWOMRYSTQPG-LCRYKWFRSA-N,NXLODQYXKFLXEG-BTDDGAACSA-N,COc1cc(C(=O)N2CC3CCC2[C@@H]3N)cc2nc([*:1])n(C)c12,2,0.6892101670468627,0.7319587469100952,non_cliff,False,False,False,small_substituent,False
MRNJWOMRYSTQPG-LCRYKWFRSA-N,RAVBZQAQTVGKIV-XBPDSQQVSA-N,COc1cc(C(=O)N2CC3CCC2[C@@H]3N)cc2nc([*:1])n(C)c12,2,2.0157026044544404,0.800000011920929,severe,True,False,True,single_atom_change,True
MRNJWOMRYSTQPG-LCRYKWFRSA-N,BCZPEKVMAZSURM-GNTVVGMTSA-N,COc1cc(C(=O)N2CC3CCC2[C@@H]3N)cc2nc([*:1])n(C)c12,2,1.9418952346084024,0.7473683953285217,non_cliff,False,False,False,single_atom_change,False
MRNJWOMRYSTQPG-LCRYKWFRSA-N,YBRYCMKAKUNWFO-LTFVAXTNSA-N,COc1cc(C(=O)N2CC3CCC2[C@@H]3N)cc2nc([*:1])n(C)c12,2,1.485914919236798,0.6499999761581421,non_cliff,False,False,False,single_atom_change,False
MRNJWOMRYSTQPG-LCRYKWFRSA-N,JLGGAYUHFPLCCK-IKXBFRDRSA-N,COc1cc(C(=O)N2CC3CCC2[C@@H]3N)cc2nc([*:1])n(C)c12,2,1.4910431793484866,0.7526881694793701,non_cliff,False,False,False,small_substituent,False
MRNJWOMRYSTQPG-LCRYKWFRSA-N,GDNYILLQBQRSAV-TWDLTGNASA-N,COc1cc(C(=O)N2CC3CCC2[C@@H]3N)cc2nc([*:1])n(C)c12,2,0.0413926851582253,0.7777777910232544,non_cliff,False,False,False,single_atom_change,False
MRNJWOMRYSTQPG-LCRYKWFRSA-N,UXUIFFMVADUAON-CXBZOWBPSA-N,COc1cc(C(=O)N2CC3CCC2[C@@H]3N)cc2nc([*:1])n(C)c12,1,0.865301426102544,,non_cliff,False,False,False,single_atom_change,False
MRNJWOMRYSTQPG-LCRYKWFRSA-N,LHCGWKJDICUCEG-KTBVXVCESA-N,COc1cc(C(=O)N2CC3CCC2[C@@H]3N)cc2nc([*:1])n(C)c12,2,0.3212333817522683,0.7010309100151062,non_cliff,False,False,False,small_substituent,False
WRHOMFJKHSWYJS-VDOBOPNRSA-N,UGYGQLAFRCVHJW-JWJBQAENSA-N,COc1cc(C(=O)N2CC3CCC2[C@@H]3N)cc2nc([*:1])n(C)c12,3,1.9338667500676048,0.9146341681480408,moderate,False,False,False,single_atom_change,False
WRHOMFJKHSWYJS-VDOBOPNRSA-N,XZEQIKBQYLFCFP-OFKODDFHSA-N,COc1cc(C(=O)N2CC3CCC2[C@@H]3N)cc2nc([*:1])n(C)c12,2,1.9665328128932424,0.760869562625885,non_cliff,False,False,False,single_atom_change,False
WRHOMFJKHSWYJS-VDOBOPNRSA-N,NXLODQYXKFLXEG-BTDDGAACSA-N,COc1cc(C(=O)N2CC3CCC2[C@@H]3N)cc2nc([*:1])n(C)c12,2,0.4259687322722811,0.7368420958518982,non_cliff,False,False,False,small_substituent,False
WRHOMFJKHSWYJS-VDOBOPNRSA-N,RAVBZQAQTVGKIV-XBPDSQQVSA-N,COc1cc(C(=O)N2CC3CCC2[C@@H]3N)cc2nc([*:1])n(C)c12,2,2.278944039229022,0.8705882430076599,severe,True,False,True,single_atom_change,True
WRHOMFJKHSWYJS-VDOBOPNRSA-N,BCZPEKVMAZSURM-GNTVVGMTSA-N,COc1cc(C(=O)N2CC3CCC2[C@@H]3N)cc2nc([*:1])n(C)c12,2,2.205136669382984,0.7526881694793701,non_cliff,True,False,False,single_atom_change,False
WRHOMFJKHSWYJS-VDOBOPNRSA-N,YBRYCMKAKUNWFO-LTFVAXTNSA-N,COc1cc(C(=O)N2CC3CCC2[C@@H]3N)cc2nc([*:1])n(C)c12,2,1.7491563540113797,0.6701030731201172,non_cliff,False,False,False,single_atom_change,False
WRHOMFJKHSWYJS-VDOBOPNRSA-N,JLGGAYUHFPLCCK-IKXBFRDRSA-N,COc1cc(C(=O)N2CC3CCC2[C@@H]3N)cc2nc([*:1])n(C)c12,2,1.754284614123068,0.8181818127632141,moderate,False,False,False,small_substituent,False
WRHOMFJKHSWYJS-VDOBOPNRSA-N,GDNYILLQBQRSAV-TWDLTGNASA-N,COc1cc(C(=O)N2CC3CCC2[C@@H]3N)cc2nc([*:1])n(C)c12,2,0.2218487496163561,0.8045976758003235,non_cliff,False,False,False,single_atom_change,False
WRHOMFJKHSWYJS-VDOBOPNRSA-N,UXUIFFMVADUAON-CXBZOWBPSA-N,COc1cc(C(=O)N2CC3CCC2[C@@H]3N)cc2nc([*:1])n(C)c12,1,0.6020599913279625,0.603960394859314,non_cliff,False,False,False,single_atom_change,False
WRHOMFJKHSWYJS-VDOBOPNRSA-N,LHCGWKJDICUCEG-KTBVXVCESA-N,COc1cc(C(=O)N2CC3CCC2[C@@H]3N)cc2nc([*:1])n(C)c12,2,0.0579919469776868,0.7234042286872864,non_cliff,False,False,False,small_substituent,False
UGYGQLAFRCVHJW-JWJBQAENSA-N,XZEQIKBQYLFCFP-OFKODDFHSA-N,COc1cc(C(=O)N2CC3CCC2[C@@H]3N)cc2nc([*:1])n(C)c12,2,0.032666062825637,0.7526881694793701,non_cliff,False,False,False,single_atom_change,False
UGYGQLAFRCVHJW-JWJBQAENSA-N,NXLODQYXKFLXEG-BTDDGAACSA-N,COc1cc(C(=O)N2CC3CCC2[C@@H]3N)cc2nc([*:1])n(C)c12,2,2.3598354823398866,0.7291666865348816,non_cliff,True,False,False,small_substituent,False
UGYGQLAFRCVHJW-JWJBQAENSA-N,RAVBZQAQTVGKIV-XBPDSQQVSA-N,COc1cc(C(=O)N2CC3CCC2[C@@H]3N)cc2nc([*:1])n(C)c12,2,0.3450772891614164,0.8604651093482971,non_cliff,False,False,True,single_atom_change,False
UGYGQLAFRCVHJW-JWJBQAENSA-N,BCZPEKVMAZSURM-GNTVVGMTSA-N,COc1cc(C(=O)N2CC3CCC2[C@@H]3N)cc2nc([*:1])n(C)c12,2,0.2712699193153787,0.7446808218955994,non_cliff,False,False,False,small_substituent,False
UGYGQLAFRCVHJW-JWJBQAENSA-N,YBRYCMKAKUNWFO-LTFVAXTNSA-N,COc1cc(C(=O)N2CC3CCC2[C@@H]3N)cc2nc([*:1])n(C)c12,2,0.1847103960562259,0.6804123520851135,non_cliff,False,False,False,single_atom_change,False
UGYGQLAFRCVHJW-JWJBQAENSA-N,JLGGAYUHFPLCCK-IKXBFRDRSA-N,COc1cc(C(=O)N2CC3CCC2[C@@H]3N)cc2nc([*:1])n(C)c12,2,0.1795821359445373,0.8089887499809265,non_cliff,False,False,False,medium_substituent,False
UGYGQLAFRCVHJW-JWJBQAENSA-N,GDNYILLQBQRSAV-TWDLTGNASA-N,COc1cc(C(=O)N2CC3CCC2[C@@H]3N)cc2nc([*:1])n(C)c12,2,1.7120180004512493,0.7954545617103577,non_cliff,False,False,False,single_atom_change,False
UGYGQLAFRCVHJW-JWJBQAENSA-N,UXUIFFMVADUAON-CXBZOWBPSA-N,COc1cc(C(=O)N2CC3CCC2[C@@H]3N)cc2nc([*:1])n(C)c12,1,2.535926741395568,0.6138613820075989,non_cliff,True,False,False,single_atom_change,False
UGYGQLAFRCVHJW-JWJBQAENSA-N,LHCGWKJDICUCEG-KTBVXVCESA-N,COc1cc(C(=O)N2CC3CCC2[C@@H]3N)cc2nc([*:1])n(C)c12,2,1.9918586970452925,0.7340425252914429,non_cliff,False,False,False,small_substituent,False
XZEQIKBQYLFCFP-OFKODDFHSA-N,NXLODQYXKFLXEG-BTDDGAACSA-N,COc1cc(C(=O)N2CC3CCC2[C@@H]3N)cc2nc([*:1])n(C)c12,2,2.392501545165524,0.6601941585540771,non_cliff,True,False,False,small_substituent,False
XZEQIKBQYLFCFP-OFKODDFHSA-N,RAVBZQAQTVGKIV-XBPDSQQVSA-N,COc1cc(C(=O)N2CC3CCC2[C@@H]3N)cc2nc([*:1])n(C)c12,2,0.3124112263357794,0.7553191781044006,non_cliff,False,False,True,single_atom_change,False
XZEQIKBQYLFCFP-OFKODDFHSA-N,BCZPEKVMAZSURM-GNTVVGMTSA-N,COc1cc(C(=O)N2CC3CCC2[C@@H]3N)cc2nc([*:1])n(C)c12,2,0.2386038564897417,0.6732673048973083,non_cliff,False,False,False,single_atom_change,False
XZEQIKBQYLFCFP-OFKODDFHSA-N,YBRYCMKAKUNWFO-LTFVAXTNSA-N,COc1cc(C(=O)N2CC3CCC2[C@@H]3N)cc2nc([*:1])n(C)c12,2,0.2173764588818629,0.6310679316520691,non_cliff,False,False,False,single_atom_change,False
XZEQIKBQYLFCFP-OFKODDFHSA-N,JLGGAYUHFPLCCK-IKXBFRDRSA-N,COc1cc(C(=O)N2CC3CCC2[C@@H]3N)cc2nc([*:1])n(C)c12,2,0.2122481987701743,0.6938775777816772,non_cliff,False,False,False,small_substituent,False
XZEQIKBQYLFCFP-OFKODDFHSA-N,GDNYILLQBQRSAV-TWDLTGNASA-N,COc1cc(C(=O)N2CC3CCC2[C@@H]3N)cc2nc([*:1])n(C)c12,2,1.7446840632768863,0.791208803653717,non_cliff,False,False,False,single_atom_change,False
XZEQIKBQYLFCFP-OFKODDFHSA-N,UXUIFFMVADUAON-CXBZOWBPSA-N,COc1cc(C(=O)N2CC3CCC2[C@@H]3N)cc2nc([*:1])n(C)c12,1,2.568592804221205,,severe,True,False,False,single_atom_change,True
XZEQIKBQYLFCFP-OFKODDFHSA-N,LHCGWKJDICUCEG-KTBVXVCESA-N,COc1cc(C(=O)N2CC3CCC2[C@@H]3N)cc2nc([*:1])n(C)c12,2,2.0245247598709293,0.8064516186714172,severe,True,False,False,small_substituent,True
NXLODQYXKFLXEG-BTDDGAACSA-N,RAVBZQAQTVGKIV-XBPDSQQVSA-N,COc1cc(C(=O)N2CC3CCC2[C@@H]3N)cc2nc([*:1])n(C)c12,2,2.704912771501303,0.7319587469100952,non_cliff,True,False,True,small_substituent,False
NXLODQYXKFLXEG-BTDDGAACSA-N,BCZPEKVMAZSURM-GNTVVGMTSA-N,COc1cc(C(=O)N2CC3CCC2[C@@H]3N)cc2nc([*:1])n(C)c12,4,2.6311054016552653,0.8297872543334961,severe,True,False,False,single_atom_change,True
NXLODQYXKFLXEG-BTDDGAACSA-N,YBRYCMKAKUNWFO-LTFVAXTNSA-N,COc1cc(C(=O)N2CC3CCC2[C@@H]3N)cc2nc([*:1])n(C)c12,2,2.1751250862836606,0.6132075190544128,non_cliff,True,False,False,small_substituent,False
NXLODQYXKFLXEG-BTDDGAACSA-N,JLGGAYUHFPLCCK-IKXBFRDRSA-N,COc1cc(C(=O)N2CC3CCC2[C@@H]3N)cc2nc([*:1])n(C)c12,2,2.1802533463953493,0.7070707082748413,non_cliff,True,False,False,single_atom_change,False
NXLODQYXKFLXEG-BTDDGAACSA-N,GDNYILLQBQRSAV-TWDLTGNASA-N,COc1cc(C(=O)N2CC3CCC2[C@@H]3N)cc2nc([*:1])n(C)c12,2,0.6478174818886373,0.7113401889801025,non_cliff,False,False,False,small_substituent,False
NXLODQYXKFLXEG-BTDDGAACSA-N,UXUIFFMVADUAON-CXBZOWBPSA-N,COc1cc(C(=O)N2CC3CCC2[C@@H]3N)cc2nc([*:1])n(C)c12,1,0.1760912590556813,,non_cliff,False,False,False,small_substituent,False
NXLODQYXKFLXEG-BTDDGAACSA-N,LHCGWKJDICUCEG-KTBVXVCESA-N,COc1cc(C(=O)N2CC3CCC2[C@@H]3N)cc2nc([*:1])n(C)c12,2,0.3679767852945943,0.6601941585540771,non_cliff,False,False,False,single_atom_change,False
RAVBZQAQTVGKIV-XBPDSQQVSA-N,BCZPEKVMAZSURM-GNTVVGMTSA-N,COc1cc(C(=O)N2CC3CCC2[C@@H]3N)cc2nc([*:1])n(C)c12,2,0.0738073698460377,0.7291666865348816,non_cliff,False,True,False,single_atom_change,False
RAVBZQAQTVGKIV-XBPDSQQVSA-N,YBRYCMKAKUNWFO-LTFVAXTNSA-N,COc1cc(C(=O)N2CC3CCC2[C@@H]3N)cc2nc([*:1])n(C)c12,2,0.5297876852176424,0.6499999761581421,non_cliff,False,True,False,single_atom_change,False
RAVBZQAQTVGKIV-XBPDSQQVSA-N,JLGGAYUHFPLCCK-IKXBFRDRSA-N,COc1cc(C(=O)N2CC3CCC2[C@@H]3N)cc2nc([*:1])n(C)c12,2,0.5246594251059538,0.8111110925674438,non_cliff,False,True,False,small_substituent,False
RAVBZQAQTVGKIV-XBPDSQQVSA-N,GDNYILLQBQRSAV-TWDLTGNASA-N,COc1cc(C(=O)N2CC3CCC2[C@@H]3N)cc2nc([*:1])n(C)c12,2,2.0570952896126657,0.7977527976036072,non_cliff,True,True,False,single_atom_change,False
RAVBZQAQTVGKIV-XBPDSQQVSA-N,UXUIFFMVADUAON-CXBZOWBPSA-N,COc1cc(C(=O)N2CC3CCC2[C@@H]3N)cc2nc([*:1])n(C)c12,1,2.8810040305569844,,severe,True,True,False,single_atom_change,True
RAVBZQAQTVGKIV-XBPDSQQVSA-N,LHCGWKJDICUCEG-KTBVXVCESA-N,COc1cc(C(=O)N2CC3CCC2[C@@H]3N)cc2nc([*:1])n(C)c12,2,2.3369359862067087,0.7010309100151062,non_cliff,True,True,False,small_substituent,False
BCZPEKVMAZSURM-GNTVVGMTSA-N,YBRYCMKAKUNWFO-LTFVAXTNSA-N,COc1cc(C(=O)N2CC3CCC2[C@@H]3N)cc2nc([*:1])n(C)c12,2,0.4559803153716046,0.625,non_cliff,False,False,False,single_atom_change,False
BCZPEKVMAZSURM-GNTVVGMTSA-N,JLGGAYUHFPLCCK-IKXBFRDRSA-N,COc1cc(C(=O)N2CC3CCC2[C@@H]3N)cc2nc([*:1])n(C)c12,2,0.450852055259916,0.7216494679450989,non_cliff,False,False,False,small_substituent,False
BCZPEKVMAZSURM-GNTVVGMTSA-N,GDNYILLQBQRSAV-TWDLTGNASA-N,COc1cc(C(=O)N2CC3CCC2[C@@H]3N)cc2nc([*:1])n(C)c12,2,1.983287919766628,0.7083333134651184,non_cliff,False,False,False,single_atom_change,False
BCZPEKVMAZSURM-GNTVVGMTSA-N,UXUIFFMVADUAON-CXBZOWBPSA-N,COc1cc(C(=O)N2CC3CCC2[C@@H]3N)cc2nc([*:1])n(C)c12,1,2.807196660710946,,severe,True,False,False,single_atom_change,True
BCZPEKVMAZSURM-GNTVVGMTSA-N,LHCGWKJDICUCEG-KTBVXVCESA-N,COc1cc(C(=O)N2CC3CCC2[C@@H]3N)cc2nc([*:1])n(C)c12,2,2.263128616360671,0.6732673048973083,non_cliff,True,False,False,single_atom_change,False
YBRYCMKAKUNWFO-LTFVAXTNSA-N,JLGGAYUHFPLCCK-IKXBFRDRSA-N,COc1cc(C(=O)N2CC3CCC2[C@@H]3N)cc2nc([*:1])n(C)c12,2,0.0051282601116886,0.6435643434524536,non_cliff,False,False,False,small_substituent,False
YBRYCMKAKUNWFO-LTFVAXTNSA-N,GDNYILLQBQRSAV-TWDLTGNASA-N,COc1cc(C(=O)N2CC3CCC2[C@@H]3N)cc2nc([*:1])n(C)c12,2,1.527307604395023,0.6632652878761292,non_cliff,False,False,False,single_atom_change,False
YBRYCMKAKUNWFO-LTFVAXTNSA-N,UXUIFFMVADUAON-CXBZOWBPSA-N,COc1cc(C(=O)N2CC3CCC2[C@@H]3N)cc2nc([*:1])n(C)c12,1,2.351216345339342,0.8064516186714172,severe,True,False,False,single_atom_change,True
YBRYCMKAKUNWFO-LTFVAXTNSA-N,LHCGWKJDICUCEG-KTBVXVCESA-N,COc1cc(C(=O)N2CC3CCC2[C@@H]3N)cc2nc([*:1])n(C)c12,2,1.8071483009890663,0.6310679316520691,non_cliff,False,False,False,small_substituent,False
JLGGAYUHFPLCCK-IKXBFRDRSA-N,GDNYILLQBQRSAV-TWDLTGNASA-N,COc1cc(C(=O)N2CC3CCC2[C@@H]3N)cc2nc([*:1])n(C)c12,2,1.532435864506712,0.7311828136444092,non_cliff,False,False,False,small_substituent,False
JLGGAYUHFPLCCK-IKXBFRDRSA-N,UXUIFFMVADUAON-CXBZOWBPSA-N,COc1cc(C(=O)N2CC3CCC2[C@@H]3N)cc2nc([*:1])n(C)c12,1,2.35634460545103,,severe,True,False,False,small_substituent,True
JLGGAYUHFPLCCK-IKXBFRDRSA-N,LHCGWKJDICUCEG-KTBVXVCESA-N,COc1cc(C(=O)N2CC3CCC2[C@@H]3N)cc2nc([*:1])n(C)c12,2,1.812276561100755,0.7113401889801025,non_cliff,False,False,False,single_atom_change,False
GDNYILLQBQRSAV-TWDLTGNASA-N,UXUIFFMVADUAON-CXBZOWBPSA-N,COc1cc(C(=O)N2CC3CCC2[C@@H]3N)cc2nc([*:1])n(C)c12,1,0.8239087409443187,,non_cliff,False,False,False,single_atom_change,False
GDNYILLQBQRSAV-TWDLTGNASA-N,LHCGWKJDICUCEG-KTBVXVCESA-N,COc1cc(C(=O)N2CC3CCC2[C@@H]3N)cc2nc([*:1])n(C)c12,2,0.279840696594043,0.7526881694793701,non_cliff,False,False,False,small_substituent,False
UXUIFFMVADUAON-CXBZOWBPSA-N,LHCGWKJDICUCEG-KTBVXVCESA-N,COc1cc(C(=O)N2CC3CCC2[C@@H]3N)cc2nc([*:1])n(C)c12,1,0.5440680443502757,,non_cliff,False,False,False,small_substituent,False
SNGZWRFTYBDAGE-JCHVILAISA-N,XCRYSDRGCKTKKK-KFHGAJFOSA-N,COc1cc(C(=O)N2CC3CCC2[C@@H]3N)cc2nc(-c3cc4ccc([*:1])nc4n3CC3CC3)n(C)c12,1,0.1217335967330894,0.8588235378265381,non_cliff,False,False,False,medium_substituent,False
SNGZWRFTYBDAGE-JCHVILAISA-N,IOWPZLZDXNUXKG-OFKODDFHSA-N,COc1cc(C(=O)N2CC3CCC2[C@@H]3N)cc2nc(-c3cc4ccc([*:1])nc4n3CC3CC3)n(C)c12,1,0.2218487496163561,0.7234042286872864,non_cliff,False,False,False,small_substituent,False
SNGZWRFTYBDAGE-JCHVILAISA-N,NCNREJRBJOTJAJ-JAEXGXQOSA-N,COc1cc(C(=O)N2CC3CCC2[C@@H]3N)cc2nc(-c3cc4ccc([*:1])nc4n3CC3CC3)n(C)c12,1,0.3309932190414244,0.7234042286872864,non_cliff,False,False,False,small_substituent,False
SNGZWRFTYBDAGE-JCHVILAISA-N,PJLWBJYOZPZIFT-ZREWPKOVSA-N,COc1cc(C(=O)N2CC3CCC2[C@@H]3N)cc2nc(-c3cc4ccc([*:1])nc4n3CC3CC3)n(C)c12,1,0.1618508199410699,0.760869562625885,non_cliff,False,False,False,small_substituent,False
RKLNNGQJROHZOF-GNTVVGMTSA-N,XCRYSDRGCKTKKK-KFHGAJFOSA-N,COc1cc(C(=O)N2CC3CCC2[C@@H]3N)cc2nc(-c3cc4ccc([*:1])nc4n3CC3CC3)n(C)c12,1,0.2527253160894256,0.8255813717842102,non_cliff,False,False,False,medium_substituent,False
RKLNNGQJROHZOF-GNTVVGMTSA-N,IOWPZLZDXNUXKG-OFKODDFHSA-N,COc1cc(C(=O)N2CC3CCC2[C@@H]3N)cc2nc(-c3cc4ccc([*:1])nc4n3CC3CC3)n(C)c12,1,0.1526101632061589,0.7311828136444092,non_cliff,False,False,False,medium_substituent,False
RKLNNGQJROHZOF-GNTVVGMTSA-N,NCNREJRBJOTJAJ-JAEXGXQOSA-N,COc1cc(C(=O)N2CC3CCC2[C@@H]3N)cc2nc(-c3cc4ccc([*:1])nc4n3CC3CC3)n(C)c12,1,0.0434656937810906,0.7311828136444092,non_cliff,False,False,False,medium_substituent,False
RKLNNGQJROHZOF-GNTVVGMTSA-N,PJLWBJYOZPZIFT-ZREWPKOVSA-N,COc1cc(C(=O)N2CC3CCC2[C@@H]3N)cc2nc(-c3cc4ccc([*:1])nc4n3CC3CC3)n(C)c12,1,0.2126080928814451,0.7311828136444092,non_cliff,False,False,False,medium_substituent,False
WQNCRDJMLQSQCQ-UCDZCMRKSA-N,XCRYSDRGCKTKKK-KFHGAJFOSA-N,COc1cc(C(=O)N2CC3CCC2[C@@H]3N)cc2nc(-c3cc4ccc([*:1])nc4n3CC3CC3)n(C)c12,1,0.0917703733556463,0.800000011920929,non_cliff,False,False,False,medium_substituent,False
WQNCRDJMLQSQCQ-UCDZCMRKSA-N,IOWPZLZDXNUXKG-OFKODDFHSA-N,COc1cc(C(=O)N2CC3CCC2[C@@H]3N)cc2nc(-c3cc4ccc([*:1])nc4n3CC3CC3)n(C)c12,1,0.1918855262389129,0.7659574747085571,non_cliff,False,False,False,medium_substituent,False
WQNCRDJMLQSQCQ-UCDZCMRKSA-N,NCNREJRBJOTJAJ-JAEXGXQOSA-N,COc1cc(C(=O)N2CC3CCC2[C@@H]3N)cc2nc(-c3cc4ccc([*:1])nc4n3CC3CC3)n(C)c12,1,0.3010299956639812,0.7659574747085571,non_cliff,False,False,False,small_substituent,False
WQNCRDJMLQSQCQ-UCDZCMRKSA-N,PJLWBJYOZPZIFT-ZREWPKOVSA-N,COc1cc(C(=O)N2CC3CCC2[C@@H]3N)cc2nc(-c3cc4ccc([*:1])nc4n3CC3CC3)n(C)c12,1,0.1318875965636268,0.7473683953285217,non_cliff,False,False,False,small_substituent,False
TZPKGQDKWPGOGH-VDOBOPNRSA-N,XCRYSDRGCKTKKK-KFHGAJFOSA-N,COc1cc(C(=O)N2CC3CCC2[C@@H]3N)cc2nc(-c3cc4ccc([*:1])nc4n3CC3CC3)n(C)c12,1,0.0,0.8275862336158752,non_cliff,False,False,False,medium_substituent,False
TZPKGQDKWPGOGH-VDOBOPNRSA-N,IOWPZLZDXNUXKG-OFKODDFHSA-N,COc1cc(C(=O)N2CC3CCC2[C@@H]3N)cc2nc(-c3cc4ccc([*:1])nc4n3CC3CC3)n(C)c12,1,0.1001151528832666,0.7340425252914429,non_cliff,False,False,False,small_substituent,False
TZPKGQDKWPGOGH-VDOBOPNRSA-N,NCNREJRBJOTJAJ-JAEXGXQOSA-N,COc1cc(C(=O)N2CC3CCC2[C@@H]3N)cc2nc(-c3cc4ccc([*:1])nc4n3CC3CC3)n(C)c12,1,0.2092596223083349,0.7340425252914429,non_cliff,False,False,False,small_substituent,False
TZPKGQDKWPGOGH-VDOBOPNRSA-N,PJLWBJYOZPZIFT-ZREWPKOVSA-N,COc1cc(C(=O)N2CC3CCC2[C@@H]3N)cc2nc(-c3cc4ccc([*:1])nc4n3CC3CC3)n(C)c12,1,0.0401172232079805,0.7157894968986511,non_cliff,False,False,False,small_substituent,False
UTKKNIQJEBWKCD-CDNDPLPTSA-N,XCRYSDRGCKTKKK-KFHGAJFOSA-N,COc1cc(C(=O)N2CC3CCC2[C@@H]3N)cc2nc(-c3cc4ccc([*:1])nc4n3CC3CC3)n(C)c12,1,0.0263289387223482,0.8068181872367859,non_cliff,False,False,False,medium_substituent,False
UTKKNIQJEBWKCD-CDNDPLPTSA-N,IOWPZLZDXNUXKG-OFKODDFHSA-N,COc1cc(C(=O)N2CC3CCC2[C@@H]3N)cc2nc(-c3cc4ccc([*:1])nc4n3CC3CC3)n(C)c12,1,0.0737862141609184,0.7157894968986511,non_cliff,False,False,False,medium_substituent,False
UTKKNIQJEBWKCD-CDNDPLPTSA-N,NCNREJRBJOTJAJ-JAEXGXQOSA-N,COc1cc(C(=O)N2CC3CCC2[C@@H]3N)cc2nc(-c3cc4ccc([*:1])nc4n3CC3CC3)n(C)c12,1,0.1829306835859867,0.7157894968986511,non_cliff,False,False,False,small_substituent,False
UTKKNIQJEBWKCD-CDNDPLPTSA-N,PJLWBJYOZPZIFT-ZREWPKOVSA-N,COc1cc(C(=O)N2CC3CCC2[C@@H]3N)cc2nc(-c3cc4ccc([*:1])nc4n3CC3CC3)n(C)c12,1,0.0137882844856322,0.7157894968986511,non_cliff,False,False,False,small_substituent,False
BWTBYTFLDISNFI-WFNCXJDMSA-N,XCRYSDRGCKTKKK-KFHGAJFOSA-N,COc1cc(C(=O)N2CC3CCC2[C@@H]3N)cc2nc(-c3cc4ccc([*:1])nc4n3CC3CC3)n(C)c12,1,0.059585689984245,0.7777777910232544,non_cliff,False,False,False,medium_substituent,False
BWTBYTFLDISNFI-WFNCXJDMSA-N,IOWPZLZDXNUXKG-OFKODDFHSA-N,COc1cc(C(=O)N2CC3CCC2[C@@H]3N)cc2nc(-c3cc4ccc([*:1])nc4n3CC3CC3)n(C)c12,1,0.1597008428675117,0.7634408473968506,non_cliff,False,False,False,small_substituent,False
BWTBYTFLDISNFI-WFNCXJDMSA-N,NCNREJRBJOTJAJ-JAEXGXQOSA-N,COc1cc(C(=O)N2CC3CCC2[C@@H]3N)cc2nc(-c3cc4ccc([*:1])nc4n3CC3CC3)n(C)c12,1,0.26884531229258,0.7634408473968506,non_cliff,False,False,False,small_substituent,False
BWTBYTFLDISNFI-WFNCXJDMSA-N,PJLWBJYOZPZIFT-ZREWPKOVSA-N,COc1cc(C(=O)N2CC3CCC2[C@@H]3N)cc2nc(-c3cc4ccc([*:1])nc4n3CC3CC3)n(C)c12,1,0.0997029131922255,0.7634408473968506,non_cliff,False,False,False,small_substituent,False
YUHZLTYIGGBRCL-OFKODDFHSA-N,XCRYSDRGCKTKKK-KFHGAJFOSA-N,COc1cc(C(=O)N2CC3CCC2[C@@H]3N)cc2nc(-c3cc4ccc([*:1])nc4n3CC3CC3)n(C)c12,1,0.0367228070247405,0.739130437374115,non_cliff,False,False,False,medium_substituent,False
YUHZLTYIGGBRCL-OFKODDFHSA-N,IOWPZLZDXNUXKG-OFKODDFHSA-N,COc1cc(C(=O)N2CC3CCC2[C@@H]3N)cc2nc(-c3cc4ccc([*:1])nc4n3CC3CC3)n(C)c12,1,0.1368379599080071,0.7634408473968506,non_cliff,False,False,False,small_substituent,False
YUHZLTYIGGBRCL-OFKODDFHSA-N,NCNREJRBJOTJAJ-JAEXGXQOSA-N,COc1cc(C(=O)N2CC3CCC2[C@@H]3N)cc2nc(-c3cc4ccc([*:1])nc4n3CC3CC3)n(C)c12,1,0.2459824293330754,0.7634408473968506,non_cliff,False,False,False,small_substituent,False
YUHZLTYIGGBRCL-OFKODDFHSA-N,PJLWBJYOZPZIFT-ZREWPKOVSA-N,COc1cc(C(=O)N2CC3CCC2[C@@H]3N)cc2nc(-c3cc4ccc([*:1])nc4n3CC3CC3)n(C)c12,1,0.076840030232721,0.7634408473968506,non_cliff,False,False,False,small_substituent,False
WNVSDECEZODUPK-JAEXGXQOSA-N,XCRYSDRGCKTKKK-KFHGAJFOSA-N,COc1cc(C(=O)N2CC3CCC2[C@@H]3N)cc2nc(-c3cc4ccc([*:1])nc4n3CC3CC3)n(C)c12,1,0.0129649771643665,0.7311828136444092,non_cliff,False,False,False,medium_substituent,False
WNVSDECEZODUPK-JAEXGXQOSA-N,IOWPZLZDXNUXKG-OFKODDFHSA-N,COc1cc(C(=O)N2CC3CCC2[C@@H]3N)cc2nc(-c3cc4ccc([*:1])nc4n3CC3CC3)n(C)c12,1,0.0871501757189001,0.8131868243217468,non_cliff,False,False,False,medium_substituent,False
WNVSDECEZODUPK-JAEXGXQOSA-N,NCNREJRBJOTJAJ-JAEXGXQOSA-N,COc1cc(C(=O)N2CC3CCC2[C@@H]3N)cc2nc(-c3cc4ccc([*:1])nc4n3CC3CC3)n(C)c12,1,0.1962946451439684,0.79347825050354,non_cliff,False,False,False,small_substituent,False
WNVSDECEZODUPK-JAEXGXQOSA-N,PJLWBJYOZPZIFT-ZREWPKOVSA-N,COc1cc(C(=O)N2CC3CCC2[C@@H]3N)cc2nc(-c3cc4ccc([*:1])nc4n3CC3CC3)n(C)c12,1,0.0271522460436139,0.8131868243217468,non_cliff,False,False,False,small_substituent,False
FOBNOYWWYUHZGJ-CPWPOOERSA-N,XCRYSDRGCKTKKK-KFHGAJFOSA-N,COc1cc(C(=O)N2CC3CCC2[C@@H]3N)cc2nc(-c3cc4ccc([*:1])nc4n3CC3CC3)n(C)c12,1,0.059585689984245,0.8390804529190063,non_cliff,False,False,False,small_substituent,False
FOBNOYWWYUHZGJ-CPWPOOERSA-N,IOWPZLZDXNUXKG-OFKODDFHSA-N,COc1cc(C(=O)N2CC3CCC2[C@@H]3N)cc2nc(-c3cc4ccc([*:1])nc4n3CC3CC3)n(C)c12,1,0.1597008428675117,0.7083333134651184,non_cliff,False,False,False,single_atom_change,False
FOBNOYWWYUHZGJ-CPWPOOERSA-N,NCNREJRBJOTJAJ-JAEXGXQOSA-N,COc1cc(C(=O)N2CC3CCC2[C@@H]3N)cc2nc(-c3cc4ccc([*:1])nc4n3CC3CC3)n(C)c12,1,0.26884531229258,0.7083333134651184,non_cliff,False,False,False,single_atom_change,False
FOBNOYWWYUHZGJ-CPWPOOERSA-N,PJLWBJYOZPZIFT-ZREWPKOVSA-N,COc1cc(C(=O)N2CC3CCC2[C@@H]3N)cc2nc(-c3cc4ccc([*:1])nc4n3CC3CC3)n(C)c12,1,0.0997029131922255,0.7083333134651184,non_cliff,False,False,False,single_atom_change,False
PPYDIYQJBOFKJJ-CCWBKVMBSA-N,XCRYSDRGCKTKKK-KFHGAJFOSA-N,COc1cc(C(=O)N2CC3CCC2[C@@H]3N)cc2nc(-c3cc4ccc([*:1])nc4n3CC3CC3)n(C)c12,1,0.1697510810246614,0.7526881694793701,non_cliff,False,False,False,small_substituent,False
PPYDIYQJBOFKJJ-CCWBKVMBSA-N,IOWPZLZDXNUXKG-OFKODDFHSA-N,COc1cc(C(=O)N2CC3CCC2[C@@H]3N)cc2nc(-c3cc4ccc([*:1])nc4n3CC3CC3)n(C)c12,1,0.0696359281413947,0.7956989407539368,non_cliff,False,False,False,small_substituent,False
PPYDIYQJBOFKJJ-CCWBKVMBSA-N,NCNREJRBJOTJAJ-JAEXGXQOSA-N,COc1cc(C(=O)N2CC3CCC2[C@@H]3N)cc2nc(-c3cc4ccc([*:1])nc4n3CC3CC3)n(C)c12,2,0.0395085412836735,0.8351648449897766,non_cliff,False,False,False,single_atom_change,False
PPYDIYQJBOFKJJ-CCWBKVMBSA-N,PJLWBJYOZPZIFT-ZREWPKOVSA-N,COc1cc(C(=O)N2CC3CCC2[C@@H]3N)cc2nc(-c3cc4ccc([*:1])nc4n3CC3CC3)n(C)c12,1,0.1296338578166809,0.8351648449897766,non_cliff,False,False,False,single_atom_change,False
LFPPSFVNBGNNPR-UCDZCMRKSA-N,XCRYSDRGCKTKKK-KFHGAJFOSA-N,COc1cc(C(=O)N2CC3CCC2[C@@H]3N)cc2nc(-c3cc4ccc([*:1])nc4n3CC3CC3)n(C)c12,1,0.4175355647354175,0.8314606547355652,non_cliff,False,False,False,small_substituent,False
LFPPSFVNBGNNPR-UCDZCMRKSA-N,IOWPZLZDXNUXKG-OFKODDFHSA-N,COc1cc(C(=O)N2CC3CCC2[C@@H]3N)cc2nc(-c3cc4ccc([*:1])nc4n3CC3CC3)n(C)c12,1,0.3174204118521508,0.704081654548645,non_cliff,False,False,False,small_substituent,False
LFPPSFVNBGNNPR-UCDZCMRKSA-N,NCNREJRBJOTJAJ-JAEXGXQOSA-N,COc1cc(C(=O)N2CC3CCC2[C@@H]3N)cc2nc(-c3cc4ccc([*:1])nc4n3CC3CC3)n(C)c12,1,0.2082759424270825,0.704081654548645,non_cliff,False,False,False,single_atom_change,False
LFPPSFVNBGNNPR-UCDZCMRKSA-N,PJLWBJYOZPZIFT-ZREWPKOVSA-N,COc1cc(C(=O)N2CC3CCC2[C@@H]3N)cc2nc(-c3cc4ccc([*:1])nc4n3CC3CC3)n(C)c12,1,0.377418341527437,0.75789475440979,non_cliff,False,False,False,single_atom_change,False
CGWRMBYFKYPJSA-RXEARMEOSA-N,XCRYSDRGCKTKKK-KFHGAJFOSA-N,COc1cc(C(=O)N2CC3CCC2[C@@H]3N)cc2nc(-c3cc4ccc([*:1])nc4n3CC3CC3)n(C)c12,1,0.1001151528832666,0.8295454382896423,non_cliff,False,False,False,small_substituent,False
CGWRMBYFKYPJSA-RXEARMEOSA-N,IOWPZLZDXNUXKG-OFKODDFHSA-N,COc1cc(C(=O)N2CC3CCC2[C@@H]3N)cc2nc(-c3cc4ccc([*:1])nc4n3CC3CC3)n(C)c12,1,0.0,0.7010309100151062,non_cliff,False,False,False,small_substituent,False
CGWRMBYFKYPJSA-RXEARMEOSA-N,NCNREJRBJOTJAJ-JAEXGXQOSA-N,COc1cc(C(=O)N2CC3CCC2[C@@H]3N)cc2nc(-c3cc4ccc([*:1])nc4n3CC3CC3)n(C)c12,1,0.1091444694250682,0.7010309100151062,non_cliff,False,False,False,single_atom_change,False
CGWRMBYFKYPJSA-RXEARMEOSA-N,PJLWBJYOZPZIFT-ZREWPKOVSA-N,COc1cc(C(=O)N2CC3CCC2[C@@H]3N)cc2nc(-c3cc4ccc([*:1])nc4n3CC3CC3)n(C)c12,1,0.0599979296752861,0.7010309100151062,non_cliff,False,False,False,single_atom_change,False
XCRYSDRGCKTKKK-KFHGAJFOSA-N,IOWPZLZDXNUXKG-OFKODDFHSA-N,COc1cc(C(=O)N2CC3CCC2[C@@H]3N)cc2nc(-c3cc4ccc([*:1])nc4n3CC3CC3)n(C)c12,1,0.1001151528832666,0.6938775777816772,non_cliff,False,False,False,single_atom_change,False
XCRYSDRGCKTKKK-KFHGAJFOSA-N,SMADULGDNOCLOP-GISFHXKWSA-N,COc1cc(C(=O)N2CC3CCC2[C@@H]3N)cc2nc(-c3cc4ccc([*:1])nc4n3CC3CC3)n(C)c12,1,2.078648696033741,0.7234042286872864,non_cliff,True,False,True,small_substituent,False
XCRYSDRGCKTKKK-KFHGAJFOSA-N,NCNREJRBJOTJAJ-JAEXGXQOSA-N,COc1cc(C(=O)N2CC3CCC2[C@@H]3N)cc2nc(-c3cc4ccc([*:1])nc4n3CC3CC3)n(C)c12,1,0.2092596223083349,0.6938775777816772,non_cliff,False,False,False,small_substituent,False
XCRYSDRGCKTKKK-KFHGAJFOSA-N,UNGYPWLQAZQTIO-ZREWPKOVSA-N,COc1cc(C(=O)N2CC3CCC2[C@@H]3N)cc2nc(-c3cc4ccc([*:1])nc4n3CC3CC3)n(C)c12,1,0.0401172232079805,0.7446808218955994,non_cliff,False,False,False,small_substituent,False
XCRYSDRGCKTKKK-KFHGAJFOSA-N,MRNJWOMRYSTQPG-LCRYKWFRSA-N,COc1cc(C(=O)N2CC3CCC2[C@@H]3N)cc2nc(-c3cc4ccc([*:1])nc4n3CC3CC3)n(C)c12,1,0.1119737594439334,0.760869562625885,non_cliff,False,False,False,medium_substituent,False
XCRYSDRGCKTKKK-KFHGAJFOSA-N,WRHOMFJKHSWYJS-VDOBOPNRSA-N,COc1cc(C(=O)N2CC3CCC2[C@@H]3N)cc2nc(-c3cc4ccc([*:1])nc4n3CC3CC3)n(C)c12,1,0.1512676753306481,0.8275862336158752,non_cliff,False,False,False,medium_substituent,False
XCRYSDRGCKTKKK-KFHGAJFOSA-N,UGYGQLAFRCVHJW-JWJBQAENSA-N,COc1cc(C(=O)N2CC3CCC2[C@@H]3N)cc2nc(-c3cc4ccc([*:1])nc4n3CC3CC3)n(C)c12,1,1.7825990747369571,0.8181818127632141,moderate,False,False,False,medium_substituent,False
XCRYSDRGCKTKKK-KFHGAJFOSA-N,XZEQIKBQYLFCFP-OFKODDFHSA-N,COc1cc(C(=O)N2CC3CCC2[C@@H]3N)cc2nc(-c3cc4ccc([*:1])nc4n3CC3CC3)n(C)c12,1,1.8152651375625943,0.7010309100151062,non_cliff,False,False,False,medium_substituent,False
XCRYSDRGCKTKKK-KFHGAJFOSA-N,NXLODQYXKFLXEG-BTDDGAACSA-N,COc1cc(C(=O)N2CC3CCC2[C@@H]3N)cc2nc(-c3cc4ccc([*:1])nc4n3CC3CC3)n(C)c12,1,0.5772364076029293,0.7142857313156128,non_cliff,False,False,False,small_substituent,False
XCRYSDRGCKTKKK-KFHGAJFOSA-N,RAVBZQAQTVGKIV-XBPDSQQVSA-N,COc1cc(C(=O)N2CC3CCC2[C@@H]3N)cc2nc(-c3cc4ccc([*:1])nc4n3CC3CC3)n(C)c12,1,2.127676363898374,0.800000011920929,severe,True,False,True,medium_substituent,True
XCRYSDRGCKTKKK-KFHGAJFOSA-N,BCZPEKVMAZSURM-GNTVVGMTSA-N,COc1cc(C(=O)N2CC3CCC2[C@@H]3N)cc2nc(-c3cc4ccc([*:1])nc4n3CC3CC3)n(C)c12,1,2.053868994052336,0.7291666865348816,non_cliff,True,False,False,small_substituent,False
XCRYSDRGCKTKKK-KFHGAJFOSA-N,YBRYCMKAKUNWFO-LTFVAXTNSA-N,COc1cc(C(=O)N2CC3CCC2[C@@H]3N)cc2nc(-c3cc4ccc([*:1])nc4n3CC3CC3)n(C)c12,1,1.5978886786807314,0.6499999761581421,non_cliff,False,False,False,medium_substituent,False
XCRYSDRGCKTKKK-KFHGAJFOSA-N,JLGGAYUHFPLCCK-IKXBFRDRSA-N,COc1cc(C(=O)N2CC3CCC2[C@@H]3N)cc2nc(-c3cc4ccc([*:1])nc4n3CC3CC3)n(C)c12,1,1.60301693879242,0.8111110925674438,moderate,False,False,False,single_atom_change,False
XCRYSDRGCKTKKK-KFHGAJFOSA-N,GDNYILLQBQRSAV-TWDLTGNASA-N,COc1cc(C(=O)N2CC3CCC2[C@@H]3N)cc2nc(-c3cc4ccc([*:1])nc4n3CC3CC3)n(C)c12,1,0.070581074285708,0.7582417726516724,non_cliff,False,False,False,medium_substituent,False
XCRYSDRGCKTKKK-KFHGAJFOSA-N,PJLWBJYOZPZIFT-ZREWPKOVSA-N,COc1cc(C(=O)N2CC3CCC2[C@@H]3N)cc2nc(-c3cc4ccc([*:1])nc4n3CC3CC3)n(C)c12,1,0.0401172232079805,0.7291666865348816,non_cliff,False,False,False,small_substituent,False
XCRYSDRGCKTKKK-KFHGAJFOSA-N,LHCGWKJDICUCEG-KTBVXVCESA-N,COc1cc(C(=O)N2CC3CCC2[C@@H]3N)cc2nc(-c3cc4ccc([*:1])nc4n3CC3CC3)n(C)c12,1,0.2092596223083349,0.7368420958518982,non_cliff,False,False,False,small_substituent,False
IOWPZLZDXNUXKG-OFKODDFHSA-N,SMADULGDNOCLOP-GISFHXKWSA-N,COc1cc(C(=O)N2CC3CCC2[C@@H]3N)cc2nc(-c3cc4ccc([*:1])nc4n3CC3CC3)n(C)c12,1,2.178763848917008,0.8444444537162781,severe,True,False,True,small_substituent,True
IOWPZLZDXNUXKG-OFKODDFHSA-N,NCNREJRBJOTJAJ-JAEXGXQOSA-N,COc1cc(C(=O)N2CC3CCC2[C@@H]3N)cc2nc(-c3cc4ccc([*:1])nc4n3CC3CC3)n(C)c12,1,0.1091444694250682,0.8478260636329651,non_cliff,False,False,False,single_atom_change,False
IOWPZLZDXNUXKG-OFKODDFHSA-N,UNGYPWLQAZQTIO-ZREWPKOVSA-N,COc1cc(C(=O)N2CC3CCC2[C@@H]3N)cc2nc(-c3cc4ccc([*:1])nc4n3CC3CC3)n(C)c12,1,0.0599979296752861,0.8064516186714172,non_cliff,False,False,False,single_atom_change,False
IOWPZLZDXNUXKG-OFKODDFHSA-N,MRNJWOMRYSTQPG-LCRYKWFRSA-N,COc1cc(C(=O)N2CC3CCC2[C@@H]3N)cc2nc(-c3cc4ccc([*:1])nc4n3CC3CC3)n(C)c12,1,0.2120889123272,0.7113401889801025,non_cliff,False,False,False,small_substituent,False
IOWPZLZDXNUXKG-OFKODDFHSA-N,WRHOMFJKHSWYJS-VDOBOPNRSA-N,COc1cc(C(=O)N2CC3CCC2[C@@H]3N)cc2nc(-c3cc4ccc([*:1])nc4n3CC3CC3)n(C)c12,1,0.0511525224473814,0.7340425252914429,non_cliff,False,False,False,small_substituent,False
IOWPZLZDXNUXKG-OFKODDFHSA-N,UGYGQLAFRCVHJW-JWJBQAENSA-N,COc1cc(C(=O)N2CC3CCC2[C@@H]3N)cc2nc(-c3cc4ccc([*:1])nc4n3CC3CC3)n(C)c12,1,1.882714227620224,0.7263157963752747,non_cliff,False,False,False,medium_substituent,False
IOWPZLZDXNUXKG-OFKODDFHSA-N,XZEQIKBQYLFCFP-OFKODDFHSA-N,COc1cc(C(=O)N2CC3CCC2[C@@H]3N)cc2nc(-c3cc4ccc([*:1])nc4n3CC3CC3)n(C)c12,1,1.915380290445861,0.8172042965888977,moderate,False,False,False,small_substituent,False
IOWPZLZDXNUXKG-OFKODDFHSA-N,NXLODQYXKFLXEG-BTDDGAACSA-N,COc1cc(C(=O)N2CC3CCC2[C@@H]3N)cc2nc(-c3cc4ccc([*:1])nc4n3CC3CC3)n(C)c12,1,0.4771212547196626,0.6538461446762085,non_cliff,False,False,False,single_atom_change,False
IOWPZLZDXNUXKG-OFKODDFHSA-N,RAVBZQAQTVGKIV-XBPDSQQVSA-N,COc1cc(C(=O)N2CC3CCC2[C@@H]3N)cc2nc(-c3cc4ccc([*:1])nc4n3CC3CC3)n(C)c12,1,2.2277915167816404,0.7291666865348816,non_cliff,True,False,True,small_substituent,False
IOWPZLZDXNUXKG-OFKODDFHSA-N,BCZPEKVMAZSURM-GNTVVGMTSA-N,COc1cc(C(=O)N2CC3CCC2[C@@H]3N)cc2nc(-c3cc4ccc([*:1])nc4n3CC3CC3)n(C)c12,1,2.1539841469356027,0.6831682920455933,non_cliff,True,False,False,small_substituent,False
IOWPZLZDXNUXKG-OFKODDFHSA-N,YBRYCMKAKUNWFO-LTFVAXTNSA-N,COc1cc(C(=O)N2CC3CCC2[C@@H]3N)cc2nc(-c3cc4ccc([*:1])nc4n3CC3CC3)n(C)c12,1,1.698003831563998,0.625,non_cliff,False,False,False,small_substituent,False
IOWPZLZDXNUXKG-OFKODDFHSA-N,JLGGAYUHFPLCCK-IKXBFRDRSA-N,COc1cc(C(=O)N2CC3CCC2[C@@H]3N)cc2nc(-c3cc4ccc([*:1])nc4n3CC3CC3)n(C)c12,1,1.703132091675687,0.6868686676025391,non_cliff,False,False,False,single_atom_change,False
IOWPZLZDXNUXKG-OFKODDFHSA-N,GDNYILLQBQRSAV-TWDLTGNASA-N,COc1cc(C(=O)N2CC3CCC2[C@@H]3N)cc2nc(-c3cc4ccc([*:1])nc4n3CC3CC3)n(C)c12,1,0.1706962271689747,0.7634408473968506,non_cliff,False,False,False,small_substituent,False
IOWPZLZDXNUXKG-OFKODDFHSA-N,PJLWBJYOZPZIFT-ZREWPKOVSA-N,COc1cc(C(=O)N2CC3CCC2[C@@H]3N)cc2nc(-c3cc4ccc([*:1])nc4n3CC3CC3)n(C)c12,1,0.0599979296752861,0.7894737124443054,non_cliff,False,False,False,single_atom_change,False
IOWPZLZDXNUXKG-OFKODDFHSA-N,LHCGWKJDICUCEG-KTBVXVCESA-N,COc1cc(C(=O)N2CC3CCC2[C@@H]3N)cc2nc(-c3cc4ccc([*:1])nc4n3CC3CC3)n(C)c12,1,0.1091444694250682,0.7978723645210266,non_cliff,False,False,False,single_atom_change,False
SMADULGDNOCLOP-GISFHXKWSA-N,NCNREJRBJOTJAJ-JAEXGXQOSA-N,COc1cc(C(=O)N2CC3CCC2[C@@H]3N)cc2nc(-c3cc4ccc([*:1])nc4n3CC3CC3)n(C)c12,1,2.287908318342076,0.8241758346557617,severe,True,True,False,single_atom_change,True
SMADULGDNOCLOP-GISFHXKWSA-N,PJLWBJYOZPZIFT-ZREWPKOVSA-N,COc1cc(C(=O)N2CC3CCC2[C@@H]3N)cc2nc(-c3cc4ccc([*:1])nc4n3CC3CC3)n(C)c12,1,2.1187659192417216,0.8241758346557617,severe,True,True,False,single_atom_change,True
NCNREJRBJOTJAJ-JAEXGXQOSA-N,UNGYPWLQAZQTIO-ZREWPKOVSA-N,COc1cc(C(=O)N2CC3CCC2[C@@H]3N)cc2nc(-c3cc4ccc([*:1])nc4n3CC3CC3)n(C)c12,1,0.1691423991003544,0.7872340679168701,non_cliff,False,False,False,single_atom_change,False
NCNREJRBJOTJAJ-JAEXGXQOSA-N,MRNJWOMRYSTQPG-LCRYKWFRSA-N,COc1cc(C(=O)N2CC3CCC2[C@@H]3N)cc2nc(-c3cc4ccc([*:1])nc4n3CC3CC3)n(C)c12,1,0.3212333817522683,0.7113401889801025,non_cliff,False,False,False,small_substituent,False
NCNREJRBJOTJAJ-JAEXGXQOSA-N,WRHOMFJKHSWYJS-VDOBOPNRSA-N,COc1cc(C(=O)N2CC3CCC2[C@@H]3N)cc2nc(-c3cc4ccc([*:1])nc4n3CC3CC3)n(C)c12,1,0.0579919469776868,0.7340425252914429,non_cliff,False,False,False,small_substituent,False
NCNREJRBJOTJAJ-JAEXGXQOSA-N,UGYGQLAFRCVHJW-JWJBQAENSA-N,COc1cc(C(=O)N2CC3CCC2[C@@H]3N)cc2nc(-c3cc4ccc([*:1])nc4n3CC3CC3)n(C)c12,1,1.9918586970452925,0.7263157963752747,non_cliff,False,False,False,small_substituent,False
NCNREJRBJOTJAJ-JAEXGXQOSA-N,XZEQIKBQYLFCFP-OFKODDFHSA-N,COc1cc(C(=O)N2CC3CCC2[C@@H]3N)cc2nc(-c3cc4ccc([*:1])nc4n3CC3CC3)n(C)c12,1,2.0245247598709293,0.7978723645210266,non_cliff,True,False,False,small_substituent,False
NCNREJRBJOTJAJ-JAEXGXQOSA-N,NXLODQYXKFLXEG-BTDDGAACSA-N,COc1cc(C(=O)N2CC3CCC2[C@@H]3N)cc2nc(-c3cc4ccc([*:1])nc4n3CC3CC3)n(C)c12,1,0.3679767852945943,0.6538461446762085,non_cliff,False,False,False,single_atom_change,False
NCNREJRBJOTJAJ-JAEXGXQOSA-N,RAVBZQAQTVGKIV-XBPDSQQVSA-N,COc1cc(C(=O)N2CC3CCC2[C@@H]3N)cc2nc(-c3cc4ccc([*:1])nc4n3CC3CC3)n(C)c12,1,2.3369359862067087,0.7113401889801025,non_cliff,True,False,True,small_substituent,False
NCNREJRBJOTJAJ-JAEXGXQOSA-N,BCZPEKVMAZSURM-GNTVVGMTSA-N,COc1cc(C(=O)N2CC3CCC2[C@@H]3N)cc2nc(-c3cc4ccc([*:1])nc4n3CC3CC3)n(C)c12,1,2.263128616360671,0.6666666865348816,non_cliff,True,False,False,single_atom_change,False
NCNREJRBJOTJAJ-JAEXGXQOSA-N,YBRYCMKAKUNWFO-LTFVAXTNSA-N,COc1cc(C(=O)N2CC3CCC2[C@@H]3N)cc2nc(-c3cc4ccc([*:1])nc4n3CC3CC3)n(C)c12,1,1.8071483009890663,0.625,non_cliff,False,False,False,small_substituent,False
NCNREJRBJOTJAJ-JAEXGXQOSA-N,JLGGAYUHFPLCCK-IKXBFRDRSA-N,COc1cc(C(=O)N2CC3CCC2[C@@H]3N)cc2nc(-c3cc4ccc([*:1])nc4n3CC3CC3)n(C)c12,1,1.812276561100755,0.6868686676025391,non_cliff,False,False,False,single_atom_change,False
NCNREJRBJOTJAJ-JAEXGXQOSA-N,GDNYILLQBQRSAV-TWDLTGNASA-N,COc1cc(C(=O)N2CC3CCC2[C@@H]3N)cc2nc(-c3cc4ccc([*:1])nc4n3CC3CC3)n(C)c12,1,0.279840696594043,0.782608687877655,non_cliff,False,False,False,small_substituent,False
NCNREJRBJOTJAJ-JAEXGXQOSA-N,PJLWBJYOZPZIFT-ZREWPKOVSA-N,COc1cc(C(=O)N2CC3CCC2[C@@H]3N)cc2nc(-c3cc4ccc([*:1])nc4n3CC3CC3)n(C)c12,1,0.1691423991003544,0.7708333134651184,non_cliff,False,False,False,single_atom_change,False
NCNREJRBJOTJAJ-JAEXGXQOSA-N,LHCGWKJDICUCEG-KTBVXVCESA-N,COc1cc(C(=O)N2CC3CCC2[C@@H]3N)cc2nc(-c3cc4ccc([*:1])nc4n3CC3CC3)n(C)c12,1,0.0,0.7789473533630371,non_cliff,False,False,False,single_atom_change,False
UNGYPWLQAZQTIO-ZREWPKOVSA-N,PJLWBJYOZPZIFT-ZREWPKOVSA-N,COc1cc(C(=O)N2CC3CCC2[C@@H]3N)cc2nc(-c3cc4ccc([*:1])nc4n3CC3CC3)n(C)c12,2,0.0,0.9090909361839294,non_cliff,False,False,False,single_atom_change,False
MRNJWOMRYSTQPG-LCRYKWFRSA-N,PJLWBJYOZPZIFT-ZREWPKOVSA-N,COc1cc(C(=O)N2CC3CCC2[C@@H]3N)cc2nc(-c3cc4ccc([*:1])nc4n3CC3CC3)n(C)c12,1,0.1520909826519139,0.6938775777816772,non_cliff,False,False,False,small_substituent,False
WRHOMFJKHSWYJS-VDOBOPNRSA-N,PJLWBJYOZPZIFT-ZREWPKOVSA-N,COc1cc(C(=O)N2CC3CCC2[C@@H]3N)cc2nc(-c3cc4ccc([*:1])nc4n3CC3CC3)n(C)c12,1,0.1111504521226676,0.7157894968986511,non_cliff,False,False,False,small_substituent,False
UGYGQLAFRCVHJW-JWJBQAENSA-N,PJLWBJYOZPZIFT-ZREWPKOVSA-N,COc1cc(C(=O)N2CC3CCC2[C@@H]3N)cc2nc(-c3cc4ccc([*:1])nc4n3CC3CC3)n(C)c12,1,1.8227162979449376,0.7083333134651184,non_cliff,False,False,False,small_substituent,False
XZEQIKBQYLFCFP-OFKODDFHSA-N,PJLWBJYOZPZIFT-ZREWPKOVSA-N,COc1cc(C(=O)N2CC3CCC2[C@@H]3N)cc2nc(-c3cc4ccc([*:1])nc4n3CC3CC3)n(C)c12,1,1.8553823607705748,0.8571428656578064,moderate,False,False,False,small_substituent,False
NXLODQYXKFLXEG-BTDDGAACSA-N,PJLWBJYOZPZIFT-ZREWPKOVSA-N,COc1cc(C(=O)N2CC3CCC2[C@@H]3N)cc2nc(-c3cc4ccc([*:1])nc4n3CC3CC3)n(C)c12,1,0.5371191843949488,0.6538461446762085,non_cliff,False,False,False,single_atom_change,False
RAVBZQAQTVGKIV-XBPDSQQVSA-N,PJLWBJYOZPZIFT-ZREWPKOVSA-N,COc1cc(C(=O)N2CC3CCC2[C@@H]3N)cc2nc(-c3cc4ccc([*:1])nc4n3CC3CC3)n(C)c12,1,2.1677935871063543,0.6938775777816772,non_cliff,True,True,False,small_substituent,False
BCZPEKVMAZSURM-GNTVVGMTSA-N,PJLWBJYOZPZIFT-ZREWPKOVSA-N,COc1cc(C(=O)N2CC3CCC2[C@@H]3N)cc2nc(-c3cc4ccc([*:1])nc4n3CC3CC3)n(C)c12,1,2.0939862172603165,0.6666666865348816,non_cliff,True,False,False,single_atom_change,False
YBRYCMKAKUNWFO-LTFVAXTNSA-N,PJLWBJYOZPZIFT-ZREWPKOVSA-N,COc1cc(C(=O)N2CC3CCC2[C@@H]3N)cc2nc(-c3cc4ccc([*:1])nc4n3CC3CC3)n(C)c12,1,1.638005901888712,0.625,non_cliff,False,False,False,small_substituent,False
JLGGAYUHFPLCCK-IKXBFRDRSA-N,PJLWBJYOZPZIFT-ZREWPKOVSA-N,COc1cc(C(=O)N2CC3CCC2[C@@H]3N)cc2nc(-c3cc4ccc([*:1])nc4n3CC3CC3)n(C)c12,1,1.6431341620004003,0.704081654548645,non_cliff,False,False,False,single_atom_change,False
GDNYILLQBQRSAV-TWDLTGNASA-N,PJLWBJYOZPZIFT-ZREWPKOVSA-N,COc1cc(C(=O)N2CC3CCC2[C@@H]3N)cc2nc(-c3cc4ccc([*:1])nc4n3CC3CC3)n(C)c12,1,0.1106982974936885,0.7446808218955994,non_cliff,False,False,False,small_substituent,False
PJLWBJYOZPZIFT-ZREWPKOVSA-N,LHCGWKJDICUCEG-KTBVXVCESA-N,COc1cc(C(=O)N2CC3CCC2[C@@H]3N)cc2nc(-c3cc4ccc([*:1])nc4n3CC3CC3)n(C)c12,2,0.1691423991003544,0.898876428604126,non_cliff,False,False,False,single_atom_change,False
XQTXXZKKQQEXQJ-JOCHJYFZSA-N,XMLNOTFMOBYSBU-HXUWFJFHSA-N,COc1cc(C(=O)N2CCC[C@@H](N)C2)cc2nc([*:1])n(C)c12,2,0.5812098523548421,0.7111111283302307,non_cliff,False,False,False,single_atom_change,False
XQTXXZKKQQEXQJ-JOCHJYFZSA-N,KVTKINWILIQXMO-OAQYLSRUSA-N,COc1cc(C(=O)N2CCC[C@@H](N)C2)cc2nc([*:1])n(C)c12,2,0.3902725677195011,0.695652186870575,non_cliff,False,False,False,single_atom_change,False
XQTXXZKKQQEXQJ-JOCHJYFZSA-N,VCWHGOPUEXSIAX-JOCHJYFZSA-N,COc1cc(C(=O)N2CCC[C@@H](N)C2)cc2nc([*:1])n(C)c12,2,0.2693669874086435,0.695652186870575,non_cliff,False,False,False,single_atom_change,False
XQTXXZKKQQEXQJ-JOCHJYFZSA-N,BVUMJIRBLWLPNT-OAQYLSRUSA-N,COc1cc(C(=O)N2CCC[C@@H](N)C2)cc2nc([*:1])n(C)c12,2,0.7096938697277917,0.7032967209815979,non_cliff,False,False,False,single_atom_change,False
XQTXXZKKQQEXQJ-JOCHJYFZSA-N,KKEPYHNMZDFGFZ-JOCHJYFZSA-N,COc1cc(C(=O)N2CCC[C@@H](N)C2)cc2nc([*:1])n(C)c12,2,1.0133639615579817,0.6808510422706604,non_cliff,False,False,False,single_atom_change,False
XQTXXZKKQQEXQJ-JOCHJYFZSA-N,KYBHPHAXGGSZPB-JOCHJYFZSA-N,COc1cc(C(=O)N2CCC[C@@H](N)C2)cc2nc([*:1])n(C)c12,2,0.6283889300503116,0.695652186870575,non_cliff,False,False,False,small_substituent,False
XQTXXZKKQQEXQJ-JOCHJYFZSA-N,CQWFGKDJGWSGSK-OAQYLSRUSA-N,COc1cc(C(=O)N2CCC[C@@H](N)C2)cc2nc([*:1])n(C)c12,2,0.4417932923779188,0.695652186870575,non_cliff,False,False,False,single_atom_change,False
XQTXXZKKQQEXQJ-JOCHJYFZSA-N,JHCOCDUNEWCPDJ-LJQANCHMSA-N,COc1cc(C(=O)N2CCC[C@@H](N)C2)cc2nc([*:1])n(C)c12,2,0.4750854104472433,0.6808510422706604,non_cliff,False,False,False,single_atom_change,False
XQTXXZKKQQEXQJ-JOCHJYFZSA-N,IQBSSKFAACESCW-HXUWFJFHSA-N,COc1cc(C(=O)N2CCC[C@@H](N)C2)cc2nc([*:1])n(C)c12,2,0.7525285965492783,0.6736842393875122,non_cliff,False,False,False,small_substituent,False
XQTXXZKKQQEXQJ-JOCHJYFZSA-N,UDCDEKJNAMHBFH-HSZRJFAPSA-N,COc1cc(C(=O)N2CCC[C@@H](N)C2)cc2nc([*:1])n(C)c12,2,3.1938200260161125,0.695652186870575,non_cliff,True,False,True,small_substituent,False
XQTXXZKKQQEXQJ-JOCHJYFZSA-N,DVCKJOQIVOGXEI-XMMPIXPASA-N,COc1cc(C(=O)N2CCC[C@@H](N)C2)cc2nc([*:1])n(C)c12,2,3.1938200260161125,0.6808510422706604,non_cliff,True,False,True,small_substituent,False
XQTXXZKKQQEXQJ-JOCHJYFZSA-N,QYUCTVIPCCLAIZ-JOCHJYFZSA-N,COc1cc(C(=O)N2CCC[C@@H](N)C2)cc2nc([*:1])n(C)c12,2,0.4086638740638104,0.6808510422706604,non_cliff,False,False,False,small_substituent,False
XQTXXZKKQQEXQJ-JOCHJYFZSA-N,VLAXNKASDDXGFU-LJQANCHMSA-N,COc1cc(C(=O)N2CCC[C@@H](N)C2)cc2nc([*:1])n(C)c12,2,2.2552725051033056,0.8192771077156067,severe,True,False,False,small_substituent,True
XQTXXZKKQQEXQJ-JOCHJYFZSA-N,DCWONHKPZRUFJT-OAQYLSRUSA-N,COc1cc(C(=O)N2CCC[C@@H](N)C2)cc2nc([*:1])n(C)c12,3,2.465196897910188,0.8192771077156067,severe,True,False,False,small_substituent,True
XMLNOTFMOBYSBU-HXUWFJFHSA-N,KVTKINWILIQXMO-OAQYLSRUSA-N,COc1cc(C(=O)N2CCC[C@@H](N)C2)cc2nc([*:1])n(C)c12,3,0.190937284635341,0.8571428656578064,non_cliff,False,False,False,single_atom_change,False
XMLNOTFMOBYSBU-HXUWFJFHSA-N,VCWHGOPUEXSIAX-JOCHJYFZSA-N,COc1cc(C(=O)N2CCC[C@@H](N)C2)cc2nc([*:1])n(C)c12,3,0.3118428649461986,0.8571428656578064,non_cliff,False,False,False,small_substituent,False
XMLNOTFMOBYSBU-HXUWFJFHSA-N,BVUMJIRBLWLPNT-OAQYLSRUSA-N,COc1cc(C(=O)N2CCC[C@@H](N)C2)cc2nc([*:1])n(C)c12,3,0.1284840173729495,0.8902438879013062,non_cliff,False,False,False,single_atom_change,False
XMLNOTFMOBYSBU-HXUWFJFHSA-N,KKEPYHNMZDFGFZ-JOCHJYFZSA-N,COc1cc(C(=O)N2CCC[C@@H](N)C2)cc2nc([*:1])n(C)c12,3,0.4321541092031395,0.8372092843055725,non_cliff,False,False,False,small_substituent,False
XMLNOTFMOBYSBU-HXUWFJFHSA-N,KYBHPHAXGGSZPB-JOCHJYFZSA-N,COc1cc(C(=O)N2CCC[C@@H](N)C2)cc2nc([*:1])n(C)c12,3,0.0471790776954694,0.8571428656578064,non_cliff,False,False,False,small_substituent,False
XMLNOTFMOBYSBU-HXUWFJFHSA-N,CQWFGKDJGWSGSK-OAQYLSRUSA-N,COc1cc(C(=O)N2CCC[C@@H](N)C2)cc2nc([*:1])n(C)c12,3,0.1394165599769232,0.8571428656578064,non_cliff,False,False,False,small_substituent,False
XMLNOTFMOBYSBU-HXUWFJFHSA-N,JHCOCDUNEWCPDJ-LJQANCHMSA-N,COc1cc(C(=O)N2CCC[C@@H](N)C2)cc2nc([*:1])n(C)c12,3,0.1061244419075988,0.8372092843055725,non_cliff,False,False,False,small_substituent,False
XMLNOTFMOBYSBU-HXUWFJFHSA-N,IQBSSKFAACESCW-HXUWFJFHSA-N,COc1cc(C(=O)N2CCC[C@@H](N)C2)cc2nc([*:1])n(C)c12,3,0.1713187441944361,0.8275862336158752,non_cliff,False,False,False,small_substituent,False
XMLNOTFMOBYSBU-HXUWFJFHSA-N,UDCDEKJNAMHBFH-HSZRJFAPSA-N,COc1cc(C(=O)N2CCC[C@@H](N)C2)cc2nc([*:1])n(C)c12,3,2.6126101736612704,0.8571428656578064,severe,True,False,True,small_substituent,True
XMLNOTFMOBYSBU-HXUWFJFHSA-N,DVCKJOQIVOGXEI-XMMPIXPASA-N,COc1cc(C(=O)N2CCC[C@@H](N)C2)cc2nc([*:1])n(C)c12,3,2.6126101736612704,0.8372092843055725,severe,True,False,True,medium_substituent,True
XMLNOTFMOBYSBU-HXUWFJFHSA-N,QYUCTVIPCCLAIZ-JOCHJYFZSA-N,COc1cc(C(=O)N2CCC[C@@H](N)C2)cc2nc([*:1])n(C)c12,2,0.1725459782910317,0.7954545617103577,non_cliff,False,False,False,small_substituent,False
XMLNOTFMOBYSBU-HXUWFJFHSA-N,VLAXNKASDDXGFU-LJQANCHMSA-N,COc1cc(C(=O)N2CCC[C@@H](N)C2)cc2nc([*:1])n(C)c12,2,1.6740626527484634,0.7356321811676025,non_cliff,False,False,False,single_atom_change,False
XMLNOTFMOBYSBU-HXUWFJFHSA-N,DCWONHKPZRUFJT-OAQYLSRUSA-N,COc1cc(C(=O)N2CCC[C@@H](N)C2)cc2nc([*:1])n(C)c12,2,1.8839870455553456,0.7356321811676025,non_cliff,False,False,False,single_atom_change,False
KVTKINWILIQXMO-OAQYLSRUSA-N,VCWHGOPUEXSIAX-JOCHJYFZSA-N,COc1cc(C(=O)N2CCC[C@@H](N)C2)cc2nc([*:1])n(C)c12,3,0.1209055803108576,0.8372092843055725,non_cliff,False,False,False,single_atom_change,False
KVTKINWILIQXMO-OAQYLSRUSA-N,BVUMJIRBLWLPNT-OAQYLSRUSA-N,COc1cc(C(=O)N2CCC[C@@H](N)C2)cc2nc([*:1])n(C)c12,2,0.3194213020082905,0.8255813717842102,non_cliff,False,False,False,single_atom_change,False
KVTKINWILIQXMO-OAQYLSRUSA-N,KKEPYHNMZDFGFZ-JOCHJYFZSA-N,COc1cc(C(=O)N2CCC[C@@H](N)C2)cc2nc([*:1])n(C)c12,4,0.6230913938384806,0.9047619104385376,non_cliff,False,False,False,single_atom_change,False
KVTKINWILIQXMO-OAQYLSRUSA-N,KYBHPHAXGGSZPB-JOCHJYFZSA-N,COc1cc(C(=O)N2CCC[C@@H](N)C2)cc2nc([*:1])n(C)c12,3,0.2381163623308104,0.8372092843055725,non_cliff,False,False,False,small_substituent,False
KVTKINWILIQXMO-OAQYLSRUSA-N,CQWFGKDJGWSGSK-OAQYLSRUSA-N,COc1cc(C(=O)N2CCC[C@@H](N)C2)cc2nc([*:1])n(C)c12,3,0.0515207246584177,0.8588235378265381,non_cliff,False,False,False,single_atom_change,False
KVTKINWILIQXMO-OAQYLSRUSA-N,JHCOCDUNEWCPDJ-LJQANCHMSA-N,COc1cc(C(=O)N2CCC[C@@H](N)C2)cc2nc([*:1])n(C)c12,3,0.0848128427277421,0.8181818127632141,non_cliff,False,False,False,single_atom_change,False
KVTKINWILIQXMO-OAQYLSRUSA-N,IQBSSKFAACESCW-HXUWFJFHSA-N,COc1cc(C(=O)N2CCC[C@@H](N)C2)cc2nc([*:1])n(C)c12,4,0.3622560288297771,0.8720930218696594,non_cliff,False,False,False,small_substituent,False
KVTKINWILIQXMO-OAQYLSRUSA-N,UDCDEKJNAMHBFH-HSZRJFAPSA-N,COc1cc(C(=O)N2CCC[C@@H](N)C2)cc2nc([*:1])n(C)c12,4,2.803547458296612,0.9036144614219666,severe,True,False,True,small_substituent,True
KVTKINWILIQXMO-OAQYLSRUSA-N,DVCKJOQIVOGXEI-XMMPIXPASA-N,COc1cc(C(=O)N2CCC[C@@H](N)C2)cc2nc([*:1])n(C)c12,4,2.803547458296612,0.8823529481887817,severe,True,False,True,small_substituent,True
KVTKINWILIQXMO-OAQYLSRUSA-N,QYUCTVIPCCLAIZ-JOCHJYFZSA-N,COc1cc(C(=O)N2CCC[C@@H](N)C2)cc2nc([*:1])n(C)c12,3,0.0183913063443093,0.8823529481887817,non_cliff,False,False,False,small_substituent,False
KVTKINWILIQXMO-OAQYLSRUSA-N,VLAXNKASDDXGFU-LJQANCHMSA-N,COc1cc(C(=O)N2CCC[C@@H](N)C2)cc2nc([*:1])n(C)c12,2,1.8649999373838044,0.7191011309623718,non_cliff,False,False,False,small_substituent,False
KVTKINWILIQXMO-OAQYLSRUSA-N,DCWONHKPZRUFJT-OAQYLSRUSA-N,COc1cc(C(=O)N2CCC[C@@H](N)C2)cc2nc([*:1])n(C)c12,2,2.0749243301906866,0.7191011309623718,non_cliff,True,False,False,small_substituent,False
VCWHGOPUEXSIAX-JOCHJYFZSA-N,BVUMJIRBLWLPNT-OAQYLSRUSA-N,COc1cc(C(=O)N2CCC[C@@H](N)C2)cc2nc([*:1])n(C)c12,2,0.4403268823191482,0.8045976758003235,non_cliff,False,False,False,single_atom_change,False
VCWHGOPUEXSIAX-JOCHJYFZSA-N,KKEPYHNMZDFGFZ-JOCHJYFZSA-N,COc1cc(C(=O)N2CCC[C@@H](N)C2)cc2nc([*:1])n(C)c12,3,0.7439969741493382,0.8181818127632141,non_cliff,False,False,False,single_atom_change,False
VCWHGOPUEXSIAX-JOCHJYFZSA-N,KYBHPHAXGGSZPB-JOCHJYFZSA-N,COc1cc(C(=O)N2CCC[C@@H](N)C2)cc2nc([*:1])n(C)c12,3,0.3590219426416681,0.8372092843055725,non_cliff,False,False,False,single_atom_change,False
VCWHGOPUEXSIAX-JOCHJYFZSA-N,CQWFGKDJGWSGSK-OAQYLSRUSA-N,COc1cc(C(=O)N2CCC[C@@H](N)C2)cc2nc([*:1])n(C)c12,3,0.1724263049692753,0.8372092843055725,non_cliff,False,False,False,single_atom_change,False
VCWHGOPUEXSIAX-JOCHJYFZSA-N,JHCOCDUNEWCPDJ-LJQANCHMSA-N,COc1cc(C(=O)N2CCC[C@@H](N)C2)cc2nc([*:1])n(C)c12,3,0.2057184230385997,0.9047619104385376,non_cliff,False,False,False,single_atom_change,False
VCWHGOPUEXSIAX-JOCHJYFZSA-N,IQBSSKFAACESCW-HXUWFJFHSA-N,COc1cc(C(=O)N2CCC[C@@H](N)C2)cc2nc([*:1])n(C)c12,3,0.4831616091406348,0.8295454382896423,non_cliff,False,False,False,single_atom_change,False
VCWHGOPUEXSIAX-JOCHJYFZSA-N,UDCDEKJNAMHBFH-HSZRJFAPSA-N,COc1cc(C(=O)N2CCC[C@@H](N)C2)cc2nc([*:1])n(C)c12,3,2.924453038607469,0.8372092843055725,severe,True,False,True,single_atom_change,True
VCWHGOPUEXSIAX-JOCHJYFZSA-N,DVCKJOQIVOGXEI-XMMPIXPASA-N,COc1cc(C(=O)N2CCC[C@@H](N)C2)cc2nc([*:1])n(C)c12,3,2.924453038607469,0.8181818127632141,severe,True,False,True,small_substituent,True
VCWHGOPUEXSIAX-JOCHJYFZSA-N,QYUCTVIPCCLAIZ-JOCHJYFZSA-N,COc1cc(C(=O)N2CCC[C@@H](N)C2)cc2nc([*:1])n(C)c12,2,0.1392968866551669,0.7777777910232544,non_cliff,False,False,False,single_atom_change,False
VCWHGOPUEXSIAX-JOCHJYFZSA-N,VLAXNKASDDXGFU-LJQANCHMSA-N,COc1cc(C(=O)N2CCC[C@@H](N)C2)cc2nc([*:1])n(C)c12,2,1.985905517694662,0.7191011309623718,non_cliff,False,False,False,small_substituent,False
VCWHGOPUEXSIAX-JOCHJYFZSA-N,DCWONHKPZRUFJT-OAQYLSRUSA-N,COc1cc(C(=O)N2CCC[C@@H](N)C2)cc2nc([*:1])n(C)c12,2,2.195829910501544,0.7191011309623718,non_cliff,True,False,False,small_substituent,False
BVUMJIRBLWLPNT-OAQYLSRUSA-N,KKEPYHNMZDFGFZ-JOCHJYFZSA-N,COc1cc(C(=O)N2CCC[C@@H](N)C2)cc2nc([*:1])n(C)c12,2,0.30367009183019,0.8275862336158752,non_cliff,False,False,False,single_atom_change,False
BVUMJIRBLWLPNT-OAQYLSRUSA-N,KYBHPHAXGGSZPB-JOCHJYFZSA-N,COc1cc(C(=O)N2CCC[C@@H](N)C2)cc2nc([*:1])n(C)c12,2,0.08130493967748,0.8045976758003235,non_cliff,False,False,False,small_substituent,False
BVUMJIRBLWLPNT-OAQYLSRUSA-N,CQWFGKDJGWSGSK-OAQYLSRUSA-N,COc1cc(C(=O)N2CCC[C@@H](N)C2)cc2nc([*:1])n(C)c12,2,0.2679005773498728,0.8045976758003235,non_cliff,False,False,False,single_atom_change,False
BVUMJIRBLWLPNT-OAQYLSRUSA-N,JHCOCDUNEWCPDJ-LJQANCHMSA-N,COc1cc(C(=O)N2CCC[C@@H](N)C2)cc2nc([*:1])n(C)c12,2,0.2346084592805484,0.7865168452262878,non_cliff,False,False,False,single_atom_change,False
BVUMJIRBLWLPNT-OAQYLSRUSA-N,IQBSSKFAACESCW-HXUWFJFHSA-N,COc1cc(C(=O)N2CCC[C@@H](N)C2)cc2nc([*:1])n(C)c12,2,0.0428347268214865,0.7777777910232544,non_cliff,False,False,False,small_substituent,False
BVUMJIRBLWLPNT-OAQYLSRUSA-N,UDCDEKJNAMHBFH-HSZRJFAPSA-N,COc1cc(C(=O)N2CCC[C@@H](N)C2)cc2nc([*:1])n(C)c12,2,2.484126156288321,0.8045976758003235,severe,True,False,True,small_substituent,True
BVUMJIRBLWLPNT-OAQYLSRUSA-N,DVCKJOQIVOGXEI-XMMPIXPASA-N,COc1cc(C(=O)N2CCC[C@@H](N)C2)cc2nc([*:1])n(C)c12,2,2.484126156288321,0.7865168452262878,non_cliff,True,False,True,small_substituent,False
BVUMJIRBLWLPNT-OAQYLSRUSA-N,QYUCTVIPCCLAIZ-JOCHJYFZSA-N,COc1cc(C(=O)N2CCC[C@@H](N)C2)cc2nc([*:1])n(C)c12,2,0.3010299956639812,0.8068181872367859,non_cliff,False,False,False,small_substituent,False
BVUMJIRBLWLPNT-OAQYLSRUSA-N,VLAXNKASDDXGFU-LJQANCHMSA-N,COc1cc(C(=O)N2CCC[C@@H](N)C2)cc2nc([*:1])n(C)c12,2,1.545578635375514,0.7272727489471436,non_cliff,False,False,False,small_substituent,False
BVUMJIRBLWLPNT-OAQYLSRUSA-N,DCWONHKPZRUFJT-OAQYLSRUSA-N,COc1cc(C(=O)N2CCC[C@@H](N)C2)cc2nc([*:1])n(C)c12,2,1.755503028182396,0.7272727489471436,non_cliff,False,False,False,small_substituent,False
KKEPYHNMZDFGFZ-JOCHJYFZSA-N,KYBHPHAXGGSZPB-JOCHJYFZSA-N,COc1cc(C(=O)N2CCC[C@@H](N)C2)cc2nc([*:1])n(C)c12,3,0.3849750315076701,0.8181818127632141,non_cliff,False,False,False,single_atom_change,False
KKEPYHNMZDFGFZ-JOCHJYFZSA-N,CQWFGKDJGWSGSK-OAQYLSRUSA-N,COc1cc(C(=O)N2CCC[C@@H](N)C2)cc2nc([*:1])n(C)c12,3,0.5715706691800628,0.8181818127632141,non_cliff,False,False,False,single_atom_change,False
KKEPYHNMZDFGFZ-JOCHJYFZSA-N,JHCOCDUNEWCPDJ-LJQANCHMSA-N,COc1cc(C(=O)N2CCC[C@@H](N)C2)cc2nc([*:1])n(C)c12,3,0.5382785511107384,0.800000011920929,non_cliff,False,False,False,single_atom_change,False
KKEPYHNMZDFGFZ-JOCHJYFZSA-N,IQBSSKFAACESCW-HXUWFJFHSA-N,COc1cc(C(=O)N2CCC[C@@H](N)C2)cc2nc([*:1])n(C)c12,4,0.2608353650087034,0.8522727489471436,non_cliff,False,False,False,single_atom_change,False
KKEPYHNMZDFGFZ-JOCHJYFZSA-N,UDCDEKJNAMHBFH-HSZRJFAPSA-N,COc1cc(C(=O)N2CCC[C@@H](N)C2)cc2nc([*:1])n(C)c12,4,2.180456064458131,0.8823529481887817,severe,True,False,True,single_atom_change,True
KKEPYHNMZDFGFZ-JOCHJYFZSA-N,DVCKJOQIVOGXEI-XMMPIXPASA-N,COc1cc(C(=O)N2CCC[C@@H](N)C2)cc2nc([*:1])n(C)c12,4,2.180456064458131,0.8620689511299133,severe,True,False,True,small_substituent,True
KKEPYHNMZDFGFZ-JOCHJYFZSA-N,QYUCTVIPCCLAIZ-JOCHJYFZSA-N,COc1cc(C(=O)N2CCC[C@@H](N)C2)cc2nc([*:1])n(C)c12,2,0.6047000874941713,0.8202247023582458,non_cliff,False,False,False,single_atom_change,False
KKEPYHNMZDFGFZ-JOCHJYFZSA-N,VLAXNKASDDXGFU-LJQANCHMSA-N,COc1cc(C(=O)N2CCC[C@@H](N)C2)cc2nc([*:1])n(C)c12,2,1.241908543545324,0.7032967209815979,non_cliff,False,False,False,small_substituent,False
KKEPYHNMZDFGFZ-JOCHJYFZSA-N,DCWONHKPZRUFJT-OAQYLSRUSA-N,COc1cc(C(=O)N2CCC[C@@H](N)C2)cc2nc([*:1])n(C)c12,2,1.451832936352206,0.7032967209815979,non_cliff,False,False,False,small_substituent,False
KYBHPHAXGGSZPB-JOCHJYFZSA-N,CQWFGKDJGWSGSK-OAQYLSRUSA-N,COc1cc(C(=O)N2CCC[C@@H](N)C2)cc2nc([*:1])n(C)c12,3,0.1865956376723927,0.975000023841858,non_cliff,False,False,False,single_atom_change,False
KYBHPHAXGGSZPB-JOCHJYFZSA-N,JHCOCDUNEWCPDJ-LJQANCHMSA-N,COc1cc(C(=O)N2CCC[C@@H](N)C2)cc2nc([*:1])n(C)c12,3,0.1533035196030683,0.8181818127632141,non_cliff,False,False,False,single_atom_change,False
KYBHPHAXGGSZPB-JOCHJYFZSA-N,IQBSSKFAACESCW-HXUWFJFHSA-N,COc1cc(C(=O)N2CCC[C@@H](N)C2)cc2nc([*:1])n(C)c12,3,0.1241396664989666,0.8089887499809265,non_cliff,False,False,False,single_atom_change,False
KYBHPHAXGGSZPB-JOCHJYFZSA-N,UDCDEKJNAMHBFH-HSZRJFAPSA-N,COc1cc(C(=O)N2CCC[C@@H](N)C2)cc2nc([*:1])n(C)c12,3,2.565431095965801,0.8372092843055725,severe,True,False,True,single_atom_change,True
KYBHPHAXGGSZPB-JOCHJYFZSA-N,DVCKJOQIVOGXEI-XMMPIXPASA-N,COc1cc(C(=O)N2CCC[C@@H](N)C2)cc2nc([*:1])n(C)c12,3,2.565431095965801,0.8390804529190063,severe,True,False,True,single_atom_change,True
KYBHPHAXGGSZPB-JOCHJYFZSA-N,QYUCTVIPCCLAIZ-JOCHJYFZSA-N,COc1cc(C(=O)N2CCC[C@@H](N)C2)cc2nc([*:1])n(C)c12,2,0.2197250559865011,0.7777777910232544,non_cliff,False,False,False,single_atom_change,False
KYBHPHAXGGSZPB-JOCHJYFZSA-N,VLAXNKASDDXGFU-LJQANCHMSA-N,COc1cc(C(=O)N2CCC[C@@H](N)C2)cc2nc([*:1])n(C)c12,2,1.626883575052994,0.7191011309623718,non_cliff,False,False,False,medium_substituent,False
KYBHPHAXGGSZPB-JOCHJYFZSA-N,DCWONHKPZRUFJT-OAQYLSRUSA-N,COc1cc(C(=O)N2CCC[C@@H](N)C2)cc2nc([*:1])n(C)c12,2,1.836807967859876,0.7191011309623718,non_cliff,False,False,False,medium_substituent,False
CQWFGKDJGWSGSK-OAQYLSRUSA-N,JHCOCDUNEWCPDJ-LJQANCHMSA-N,COc1cc(C(=O)N2CCC[C@@H](N)C2)cc2nc([*:1])n(C)c12,3,0.0332921180693244,0.8181818127632141,non_cliff,False,False,False,single_atom_change,False
CQWFGKDJGWSGSK-OAQYLSRUSA-N,IQBSSKFAACESCW-HXUWFJFHSA-N,COc1cc(C(=O)N2CCC[C@@H](N)C2)cc2nc([*:1])n(C)c12,3,0.3107353041713594,0.8089887499809265,non_cliff,False,False,False,single_atom_change,False
CQWFGKDJGWSGSK-OAQYLSRUSA-N,UDCDEKJNAMHBFH-HSZRJFAPSA-N,COc1cc(C(=O)N2CCC[C@@H](N)C2)cc2nc([*:1])n(C)c12,3,2.7520267336381936,0.8372092843055725,severe,True,False,True,single_atom_change,True
CQWFGKDJGWSGSK-OAQYLSRUSA-N,DVCKJOQIVOGXEI-XMMPIXPASA-N,COc1cc(C(=O)N2CCC[C@@H](N)C2)cc2nc([*:1])n(C)c12,3,2.7520267336381936,0.8181818127632141,severe,True,False,True,small_substituent,True
CQWFGKDJGWSGSK-OAQYLSRUSA-N,QYUCTVIPCCLAIZ-JOCHJYFZSA-N,COc1cc(C(=O)N2CCC[C@@H](N)C2)cc2nc([*:1])n(C)c12,2,0.0331294183141084,0.7977527976036072,non_cliff,False,False,False,single_atom_change,False
CQWFGKDJGWSGSK-OAQYLSRUSA-N,VLAXNKASDDXGFU-LJQANCHMSA-N,COc1cc(C(=O)N2CCC[C@@H](N)C2)cc2nc([*:1])n(C)c12,2,1.8134792127253867,0.7191011309623718,non_cliff,False,False,False,small_substituent,False
CQWFGKDJGWSGSK-OAQYLSRUSA-N,DCWONHKPZRUFJT-OAQYLSRUSA-N,COc1cc(C(=O)N2CCC[C@@H](N)C2)cc2nc([*:1])n(C)c12,2,2.023403605532269,0.7191011309623718,non_cliff,True,False,False,small_substituent,False
JHCOCDUNEWCPDJ-LJQANCHMSA-N,IQBSSKFAACESCW-HXUWFJFHSA-N,COc1cc(C(=O)N2CCC[C@@H](N)C2)cc2nc([*:1])n(C)c12,3,0.277443186102035,0.8522727489471436,non_cliff,False,False,False,single_atom_change,False
JHCOCDUNEWCPDJ-LJQANCHMSA-N,UDCDEKJNAMHBFH-HSZRJFAPSA-N,COc1cc(C(=O)N2CCC[C@@H](N)C2)cc2nc([*:1])n(C)c12,3,2.718734615568869,0.8181818127632141,severe,True,False,True,single_atom_change,True
JHCOCDUNEWCPDJ-LJQANCHMSA-N,DVCKJOQIVOGXEI-XMMPIXPASA-N,COc1cc(C(=O)N2CCC[C@@H](N)C2)cc2nc([*:1])n(C)c12,3,2.718734615568869,0.800000011920929,severe,True,False,True,small_substituent,True
JHCOCDUNEWCPDJ-LJQANCHMSA-N,QYUCTVIPCCLAIZ-JOCHJYFZSA-N,COc1cc(C(=O)N2CCC[C@@H](N)C2)cc2nc([*:1])n(C)c12,2,0.0664215363834328,0.760869562625885,non_cliff,False,False,False,single_atom_change,False
JHCOCDUNEWCPDJ-LJQANCHMSA-N,VLAXNKASDDXGFU-LJQANCHMSA-N,COc1cc(C(=O)N2CCC[C@@H](N)C2)cc2nc([*:1])n(C)c12,2,1.7801870946560625,0.7032967209815979,non_cliff,False,False,False,small_substituent,False
JHCOCDUNEWCPDJ-LJQANCHMSA-N,DCWONHKPZRUFJT-OAQYLSRUSA-N,COc1cc(C(=O)N2CCC[C@@H](N)C2)cc2nc([*:1])n(C)c12,2,1.9901114874629444,0.7032967209815979,non_cliff,False,False,False,small_substituent,False
IQBSSKFAACESCW-HXUWFJFHSA-N,UDCDEKJNAMHBFH-HSZRJFAPSA-N,COc1cc(C(=O)N2CCC[C@@H](N)C2)cc2nc([*:1])n(C)c12,4,2.441291429466834,0.8720930218696594,severe,True,False,True,single_atom_change,True
IQBSSKFAACESCW-HXUWFJFHSA-N,DVCKJOQIVOGXEI-XMMPIXPASA-N,COc1cc(C(=O)N2CCC[C@@H](N)C2)cc2nc([*:1])n(C)c12,4,2.441291429466834,0.8522727489471436,severe,True,False,True,single_atom_change,True
IQBSSKFAACESCW-HXUWFJFHSA-N,QYUCTVIPCCLAIZ-JOCHJYFZSA-N,COc1cc(C(=O)N2CCC[C@@H](N)C2)cc2nc([*:1])n(C)c12,2,0.3438647224854678,0.791208803653717,non_cliff,False,False,False,single_atom_change,False
IQBSSKFAACESCW-HXUWFJFHSA-N,VLAXNKASDDXGFU-LJQANCHMSA-N,COc1cc(C(=O)N2CCC[C@@H](N)C2)cc2nc([*:1])n(C)c12,2,1.5027439085540273,0.695652186870575,non_cliff,False,False,False,medium_substituent,False
IQBSSKFAACESCW-HXUWFJFHSA-N,DCWONHKPZRUFJT-OAQYLSRUSA-N,COc1cc(C(=O)N2CCC[C@@H](N)C2)cc2nc([*:1])n(C)c12,2,1.7126683013609094,0.695652186870575,non_cliff,False,False,False,medium_substituent,False
UDCDEKJNAMHBFH-HSZRJFAPSA-N,DVCKJOQIVOGXEI-XMMPIXPASA-N,COc1cc(C(=O)N2CCC[C@@H](N)C2)cc2nc([*:1])n(C)c12,4,0.0,0.9753086566925048,non_cliff,False,True,True,single_atom_change,False
UDCDEKJNAMHBFH-HSZRJFAPSA-N,QYUCTVIPCCLAIZ-JOCHJYFZSA-N,COc1cc(C(=O)N2CCC[C@@H](N)C2)cc2nc([*:1])n(C)c12,2,2.785156151952302,0.8181818127632141,severe,True,True,False,single_atom_change,True
UDCDEKJNAMHBFH-HSZRJFAPSA-N,VLAXNKASDDXGFU-LJQANCHMSA-N,COc1cc(C(=O)N2CCC[C@@H](N)C2)cc2nc([*:1])n(C)c12,2,0.9385475209128068,0.7191011309623718,non_cliff,False,True,False,medium_substituent,False
UDCDEKJNAMHBFH-HSZRJFAPSA-N,DCWONHKPZRUFJT-OAQYLSRUSA-N,COc1cc(C(=O)N2CCC[C@@H](N)C2)cc2nc([*:1])n(C)c12,2,0.7286231281059248,0.7191011309623718,non_cliff,False,True,False,medium_substituent,False
DVCKJOQIVOGXEI-XMMPIXPASA-N,QYUCTVIPCCLAIZ-JOCHJYFZSA-N,COc1cc(C(=O)N2CCC[C@@H](N)C2)cc2nc([*:1])n(C)c12,2,2.785156151952302,0.800000011920929,severe,True,True,False,single_atom_change,True
DVCKJOQIVOGXEI-XMMPIXPASA-N,VLAXNKASDDXGFU-LJQANCHMSA-N,COc1cc(C(=O)N2CCC[C@@H](N)C2)cc2nc([*:1])n(C)c12,2,0.9385475209128068,0.7032967209815979,non_cliff,False,True,False,medium_substituent,False
DVCKJOQIVOGXEI-XMMPIXPASA-N,DCWONHKPZRUFJT-OAQYLSRUSA-N,COc1cc(C(=O)N2CCC[C@@H](N)C2)cc2nc([*:1])n(C)c12,2,0.7286231281059248,0.7032967209815979,non_cliff,False,True,False,medium_substituent,False
QYUCTVIPCCLAIZ-JOCHJYFZSA-N,VLAXNKASDDXGFU-LJQANCHMSA-N,COc1cc(C(=O)N2CCC[C@@H](N)C2)cc2nc([*:1])n(C)c12,2,1.8466086310394951,0.7032967209815979,non_cliff,False,False,False,medium_substituent,False
QYUCTVIPCCLAIZ-JOCHJYFZSA-N,DCWONHKPZRUFJT-OAQYLSRUSA-N,COc1cc(C(=O)N2CCC[C@@H](N)C2)cc2nc([*:1])n(C)c12,2,2.0565330238463773,0.7032967209815979,non_cliff,True,False,False,medium_substituent,False
VLAXNKASDDXGFU-LJQANCHMSA-N,DCWONHKPZRUFJT-OAQYLSRUSA-N,COc1cc(C(=O)N2CCC[C@@H](N)C2)cc2nc([*:1])n(C)c12,2,0.2099243928068821,0.8500000238418579,non_cliff,False,False,False,single_atom_change,False
XQTXXZKKQQEXQJ-JOCHJYFZSA-N,SCMQIRWIRWDRLV-AREMUKBSSA-N,COc1cc(C(=O)N2CCC[C@@H](N)C2)cc2nc(-c3cc4ccc([*:1])nc4n3CC3CC3)n(C)c12,1,0.7781512503836439,0.6666666865348816,non_cliff,False,False,False,medium_substituent,False
XQTXXZKKQQEXQJ-JOCHJYFZSA-N,BGBBWIFRUCEWMS-HXUWFJFHSA-N,COc1cc(C(=O)N2CCC[C@@H](N)C2)cc2nc(-c3cc4ccc([*:1])nc4n3CC3CC3)n(C)c12,1,0.994537104298498,0.6666666865348816,non_cliff,False,False,False,small_substituent,False
XQTXXZKKQQEXQJ-JOCHJYFZSA-N,XFNHWGBLXODYMR-HXUWFJFHSA-N,COc1cc(C(=O)N2CCC[C@@H](N)C2)cc2nc(-c3cc4ccc([*:1])nc4n3CC3CC3)n(C)c12,1,0.4619297558245909,0.6666666865348816,non_cliff,False,False,False,small_substituent,False
XMLNOTFMOBYSBU-HXUWFJFHSA-N,SCMQIRWIRWDRLV-AREMUKBSSA-N,COc1cc(C(=O)N2CCC[C@@H](N)C2)cc2nc(-c3cc4ccc([*:1])nc4n3CC3CC3)n(C)c12,2,0.1969413980288017,0.8181818127632141,non_cliff,False,False,False,medium_substituent,False
XMLNOTFMOBYSBU-HXUWFJFHSA-N,BGBBWIFRUCEWMS-HXUWFJFHSA-N,COc1cc(C(=O)N2CCC[C@@H](N)C2)cc2nc(-c3cc4ccc([*:1])nc4n3CC3CC3)n(C)c12,2,0.4133272519436559,0.8181818127632141,non_cliff,False,False,False,medium_substituent,False
XMLNOTFMOBYSBU-HXUWFJFHSA-N,XFNHWGBLXODYMR-HXUWFJFHSA-N,COc1cc(C(=O)N2CCC[C@@H](N)C2)cc2nc(-c3cc4ccc([*:1])nc4n3CC3CC3)n(C)c12,1,0.1192800965302511,0.7777777910232544,non_cliff,False,False,False,medium_substituent,False
KVTKINWILIQXMO-OAQYLSRUSA-N,SCMQIRWIRWDRLV-AREMUKBSSA-N,COc1cc(C(=O)N2CCC[C@@H](N)C2)cc2nc(-c3cc4ccc([*:1])nc4n3CC3CC3)n(C)c12,3,0.3878786826641427,0.8620689511299133,non_cliff,False,False,False,medium_substituent,False
KVTKINWILIQXMO-OAQYLSRUSA-N,BGBBWIFRUCEWMS-HXUWFJFHSA-N,COc1cc(C(=O)N2CCC[C@@H](N)C2)cc2nc(-c3cc4ccc([*:1])nc4n3CC3CC3)n(C)c12,3,0.6042645365789969,0.8620689511299133,non_cliff,False,False,False,small_substituent,False
KVTKINWILIQXMO-OAQYLSRUSA-N,XFNHWGBLXODYMR-HXUWFJFHSA-N,COc1cc(C(=O)N2CCC[C@@H](N)C2)cc2nc(-c3cc4ccc([*:1])nc4n3CC3CC3)n(C)c12,1,0.0716571881050898,0.760869562625885,non_cliff,False,False,False,small_substituent,False
VCWHGOPUEXSIAX-JOCHJYFZSA-N,SCMQIRWIRWDRLV-AREMUKBSSA-N,COc1cc(C(=O)N2CCC[C@@H](N)C2)cc2nc(-c3cc4ccc([*:1])nc4n3CC3CC3)n(C)c12,2,0.5087842629750003,0.800000011920929,non_cliff,False,False,False,medium_substituent,False
VCWHGOPUEXSIAX-JOCHJYFZSA-N,BGBBWIFRUCEWMS-HXUWFJFHSA-N,COc1cc(C(=O)N2CCC[C@@H](N)C2)cc2nc(-c3cc4ccc([*:1])nc4n3CC3CC3)n(C)c12,2,0.7251701168898546,0.800000011920929,non_cliff,False,False,False,small_substituent,False
VCWHGOPUEXSIAX-JOCHJYFZSA-N,XFNHWGBLXODYMR-HXUWFJFHSA-N,COc1cc(C(=O)N2CCC[C@@H](N)C2)cc2nc(-c3cc4ccc([*:1])nc4n3CC3CC3)n(C)c12,1,0.1925627684159474,0.8202247023582458,non_cliff,False,False,False,small_substituent,False
BVUMJIRBLWLPNT-OAQYLSRUSA-N,SCMQIRWIRWDRLV-AREMUKBSSA-N,COc1cc(C(=O)N2CCC[C@@H](N)C2)cc2nc(-c3cc4ccc([*:1])nc4n3CC3CC3)n(C)c12,1,0.0684573806558521,0.7692307829856873,non_cliff,False,False,False,medium_substituent,False
BVUMJIRBLWLPNT-OAQYLSRUSA-N,BGBBWIFRUCEWMS-HXUWFJFHSA-N,COc1cc(C(=O)N2CCC[C@@H](N)C2)cc2nc(-c3cc4ccc([*:1])nc4n3CC3CC3)n(C)c12,1,0.2848432345707063,0.7692307829856873,non_cliff,False,False,False,small_substituent,False
BVUMJIRBLWLPNT-OAQYLSRUSA-N,XFNHWGBLXODYMR-HXUWFJFHSA-N,COc1cc(C(=O)N2CCC[C@@H](N)C2)cc2nc(-c3cc4ccc([*:1])nc4n3CC3CC3)n(C)c12,1,0.2477641139032007,0.7692307829856873,non_cliff,False,False,False,small_substituent,False
KKEPYHNMZDFGFZ-JOCHJYFZSA-N,SCMQIRWIRWDRLV-AREMUKBSSA-N,COc1cc(C(=O)N2CCC[C@@H](N)C2)cc2nc(-c3cc4ccc([*:1])nc4n3CC3CC3)n(C)c12,3,0.2352127111743378,0.8426966071128845,non_cliff,False,False,False,medium_substituent,False
KKEPYHNMZDFGFZ-JOCHJYFZSA-N,BGBBWIFRUCEWMS-HXUWFJFHSA-N,COc1cc(C(=O)N2CCC[C@@H](N)C2)cc2nc(-c3cc4ccc([*:1])nc4n3CC3CC3)n(C)c12,3,0.0188268572594836,0.8426966071128845,non_cliff,False,False,False,small_substituent,False
KKEPYHNMZDFGFZ-JOCHJYFZSA-N,XFNHWGBLXODYMR-HXUWFJFHSA-N,COc1cc(C(=O)N2CCC[C@@H](N)C2)cc2nc(-c3cc4ccc([*:1])nc4n3CC3CC3)n(C)c12,1,0.5514342057333907,0.7446808218955994,non_cliff,False,False,False,small_substituent,False
SCMQIRWIRWDRLV-AREMUKBSSA-N,KYBHPHAXGGSZPB-JOCHJYFZSA-N,COc1cc(C(=O)N2CCC[C@@H](N)C2)cc2nc(-c3cc4ccc([*:1])nc4n3CC3CC3)n(C)c12,2,0.1497623203333322,0.800000011920929,non_cliff,False,False,False,small_substituent,False
SCMQIRWIRWDRLV-AREMUKBSSA-N,BGBBWIFRUCEWMS-HXUWFJFHSA-N,COc1cc(C(=O)N2CCC[C@@H](N)C2)cc2nc(-c3cc4ccc([*:1])nc4n3CC3CC3)n(C)c12,3,0.2163858539148542,0.8241758346557617,non_cliff,False,False,False,small_substituent,False
SCMQIRWIRWDRLV-AREMUKBSSA-N,CQWFGKDJGWSGSK-OAQYLSRUSA-N,COc1cc(C(=O)N2CCC[C@@H](N)C2)cc2nc(-c3cc4ccc([*:1])nc4n3CC3CC3)n(C)c12,2,0.336357958005725,0.800000011920929,non_cliff,False,False,False,medium_substituent,False
SCMQIRWIRWDRLV-AREMUKBSSA-N,JHCOCDUNEWCPDJ-LJQANCHMSA-N,COc1cc(C(=O)N2CCC[C@@H](N)C2)cc2nc(-c3cc4ccc([*:1])nc4n3CC3CC3)n(C)c12,2,0.3030658399364005,0.782608687877655,non_cliff,False,False,False,medium_substituent,False
SCMQIRWIRWDRLV-AREMUKBSSA-N,IQBSSKFAACESCW-HXUWFJFHSA-N,COc1cc(C(=O)N2CCC[C@@H](N)C2)cc2nc(-c3cc4ccc([*:1])nc4n3CC3CC3)n(C)c12,3,0.0256226538343655,0.8333333134651184,non_cliff,False,False,False,small_substituent,False
SCMQIRWIRWDRLV-AREMUKBSSA-N,UDCDEKJNAMHBFH-HSZRJFAPSA-N,COc1cc(C(=O)N2CCC[C@@H](N)C2)cc2nc(-c3cc4ccc([*:1])nc4n3CC3CC3)n(C)c12,3,2.4156687756324686,0.8620689511299133,severe,True,False,True,small_substituent,True
SCMQIRWIRWDRLV-AREMUKBSSA-N,DVCKJOQIVOGXEI-XMMPIXPASA-N,COc1cc(C(=O)N2CCC[C@@H](N)C2)cc2nc(-c3cc4ccc([*:1])nc4n3CC3CC3)n(C)c12,3,2.4156687756324686,0.8426966071128845,severe,True,False,True,small_substituent,True
SCMQIRWIRWDRLV-AREMUKBSSA-N,QYUCTVIPCCLAIZ-JOCHJYFZSA-N,COc1cc(C(=O)N2CCC[C@@H](N)C2)cc2nc(-c3cc4ccc([*:1])nc4n3CC3CC3)n(C)c12,1,0.3694873763198334,0.782608687877655,non_cliff,False,False,False,small_substituent,False
SCMQIRWIRWDRLV-AREMUKBSSA-N,XFNHWGBLXODYMR-HXUWFJFHSA-N,COc1cc(C(=O)N2CCC[C@@H](N)C2)cc2nc(-c3cc4ccc([*:1])nc4n3CC3CC3)n(C)c12,1,0.3162214945590529,0.7291666865348816,non_cliff,False,False,False,small_substituent,False
SCMQIRWIRWDRLV-AREMUKBSSA-N,VLAXNKASDDXGFU-LJQANCHMSA-N,COc1cc(C(=O)N2CCC[C@@H](N)C2)cc2nc(-c3cc4ccc([*:1])nc4n3CC3CC3)n(C)c12,1,1.4771212547196615,0.6881720423698425,non_cliff,False,False,False,medium_substituent,False
SCMQIRWIRWDRLV-AREMUKBSSA-N,DCWONHKPZRUFJT-OAQYLSRUSA-N,COc1cc(C(=O)N2CCC[C@@H](N)C2)cc2nc(-c3cc4ccc([*:1])nc4n3CC3CC3)n(C)c12,1,1.6870456475265438,0.6881720423698425,non_cliff,False,False,False,medium_substituent,False
KYBHPHAXGGSZPB-JOCHJYFZSA-N,BGBBWIFRUCEWMS-HXUWFJFHSA-N,COc1cc(C(=O)N2CCC[C@@H](N)C2)cc2nc(-c3cc4ccc([*:1])nc4n3CC3CC3)n(C)c12,2,0.3661481742481864,0.800000011920929,non_cliff,False,False,False,single_atom_change,False
KYBHPHAXGGSZPB-JOCHJYFZSA-N,XFNHWGBLXODYMR-HXUWFJFHSA-N,COc1cc(C(=O)N2CCC[C@@H](N)C2)cc2nc(-c3cc4ccc([*:1])nc4n3CC3CC3)n(C)c12,1,0.1664591742257206,0.760869562625885,non_cliff,False,False,False,single_atom_change,False
BGBBWIFRUCEWMS-HXUWFJFHSA-N,CQWFGKDJGWSGSK-OAQYLSRUSA-N,COc1cc(C(=O)N2CCC[C@@H](N)C2)cc2nc(-c3cc4ccc([*:1])nc4n3CC3CC3)n(C)c12,2,0.5527438119205792,0.800000011920929,non_cliff,False,False,False,small_substituent,False
BGBBWIFRUCEWMS-HXUWFJFHSA-N,JHCOCDUNEWCPDJ-LJQANCHMSA-N,COc1cc(C(=O)N2CCC[C@@H](N)C2)cc2nc(-c3cc4ccc([*:1])nc4n3CC3CC3)n(C)c12,2,0.5194516938512548,0.8021978139877319,non_cliff,False,False,False,small_substituent,False
BGBBWIFRUCEWMS-HXUWFJFHSA-N,IQBSSKFAACESCW-HXUWFJFHSA-N,COc1cc(C(=O)N2CCC[C@@H](N)C2)cc2nc(-c3cc4ccc([*:1])nc4n3CC3CC3)n(C)c12,3,0.2420085077492197,0.8539325594902039,non_cliff,False,False,False,single_atom_change,False
BGBBWIFRUCEWMS-HXUWFJFHSA-N,UDCDEKJNAMHBFH-HSZRJFAPSA-N,COc1cc(C(=O)N2CCC[C@@H](N)C2)cc2nc(-c3cc4ccc([*:1])nc4n3CC3CC3)n(C)c12,3,2.1992829217176144,0.8620689511299133,severe,True,False,True,single_atom_change,True
BGBBWIFRUCEWMS-HXUWFJFHSA-N,DVCKJOQIVOGXEI-XMMPIXPASA-N,COc1cc(C(=O)N2CCC[C@@H](N)C2)cc2nc(-c3cc4ccc([*:1])nc4n3CC3CC3)n(C)c12,3,2.1992829217176144,0.8426966071128845,severe,True,False,True,single_atom_change,True
BGBBWIFRUCEWMS-HXUWFJFHSA-N,QYUCTVIPCCLAIZ-JOCHJYFZSA-N,COc1cc(C(=O)N2CCC[C@@H](N)C2)cc2nc(-c3cc4ccc([*:1])nc4n3CC3CC3)n(C)c12,1,0.5858732302346876,0.782608687877655,non_cliff,False,False,False,single_atom_change,False
BGBBWIFRUCEWMS-HXUWFJFHSA-N,XFNHWGBLXODYMR-HXUWFJFHSA-N,COc1cc(C(=O)N2CCC[C@@H](N)C2)cc2nc(-c3cc4ccc([*:1])nc4n3CC3CC3)n(C)c12,1,0.5326073484739071,0.7473683953285217,non_cliff,False,False,False,single_atom_change,False
BGBBWIFRUCEWMS-HXUWFJFHSA-N,VLAXNKASDDXGFU-LJQANCHMSA-N,COc1cc(C(=O)N2CCC[C@@H](N)C2)cc2nc(-c3cc4ccc([*:1])nc4n3CC3CC3)n(C)c12,1,1.2607354008048075,0.6881720423698425,non_cliff,False,False,False,medium_substituent,False
BGBBWIFRUCEWMS-HXUWFJFHSA-N,DCWONHKPZRUFJT-OAQYLSRUSA-N,COc1cc(C(=O)N2CCC[C@@H](N)C2)cc2nc(-c3cc4ccc([*:1])nc4n3CC3CC3)n(C)c12,1,1.4706597936116896,0.70652174949646,non_cliff,False,False,False,medium_substituent,False
CQWFGKDJGWSGSK-OAQYLSRUSA-N,XFNHWGBLXODYMR-HXUWFJFHSA-N,COc1cc(C(=O)N2CCC[C@@H](N)C2)cc2nc(-c3cc4ccc([*:1])nc4n3CC3CC3)n(C)c12,1,0.020136463446672,0.760869562625885,non_cliff,False,False,False,small_substituent,False
JHCOCDUNEWCPDJ-LJQANCHMSA-N,XFNHWGBLXODYMR-HXUWFJFHSA-N,COc1cc(C(=O)N2CCC[C@@H](N)C2)cc2nc(-c3cc4ccc([*:1])nc4n3CC3CC3)n(C)c12,2,0.0131556546226523,0.8850574493408203,non_cliff,False,False,False,small_substituent,False
IQBSSKFAACESCW-HXUWFJFHSA-N,XFNHWGBLXODYMR-HXUWFJFHSA-N,COc1cc(C(=O)N2CCC[C@@H](N)C2)cc2nc(-c3cc4ccc([*:1])nc4n3CC3CC3)n(C)c12,1,0.2905988407246873,0.79347825050354,non_cliff,False,False,False,single_atom_change,False
UDCDEKJNAMHBFH-HSZRJFAPSA-N,XFNHWGBLXODYMR-HXUWFJFHSA-N,COc1cc(C(=O)N2CCC[C@@H](N)C2)cc2nc(-c3cc4ccc([*:1])nc4n3CC3CC3)n(C)c12,1,2.731890270191521,0.760869562625885,non_cliff,True,True,False,single_atom_change,False
DVCKJOQIVOGXEI-XMMPIXPASA-N,XFNHWGBLXODYMR-HXUWFJFHSA-N,COc1cc(C(=O)N2CCC[C@@H](N)C2)cc2nc(-c3cc4ccc([*:1])nc4n3CC3CC3)n(C)c12,1,2.731890270191521,0.7446808218955994,non_cliff,True,True,False,single_atom_change,False
QYUCTVIPCCLAIZ-JOCHJYFZSA-N,XFNHWGBLXODYMR-HXUWFJFHSA-N,COc1cc(C(=O)N2CCC[C@@H](N)C2)cc2nc(-c3cc4ccc([*:1])nc4n3CC3CC3)n(C)c12,2,0.0532658817607805,0.8222222328186035,non_cliff,False,False,False,single_atom_change,False
XFNHWGBLXODYMR-HXUWFJFHSA-N,VLAXNKASDDXGFU-LJQANCHMSA-N,COc1cc(C(=O)N2CCC[C@@H](N)C2)cc2nc(-c3cc4ccc([*:1])nc4n3CC3CC3)n(C)c12,1,1.7933427492787146,0.6881720423698425,non_cliff,False,False,False,medium_substituent,False
XFNHWGBLXODYMR-HXUWFJFHSA-N,DCWONHKPZRUFJT-OAQYLSRUSA-N,COc1cc(C(=O)N2CCC[C@@H](N)C2)cc2nc(-c3cc4ccc([*:1])nc4n3CC3CC3)n(C)c12,1,2.0032671420855968,0.6881720423698425,non_cliff,True,False,False,medium_substituent,False
HCVYAIQSYNFWFL-MDLALNFGSA-N,RXOPZPXJRLYRAF-KFACBJOOSA-N,COc1cc(C(=O)N2C[C@H]3CC[C@@H]2[C@@H]3N)cc2nc(-c3cc4ccc([*:1])nc4n3CC3CC3)n(C)c12,2,0.0263289387223482,0.7954545617103577,non_cliff,False,False,False,small_substituent,False
HCVYAIQSYNFWFL-MDLALNFGSA-N,QUGDJUDQMAHGNQ-AQEANLGOSA-N,COc1cc(C(=O)N2C[C@H]3CC[C@@H]2[C@@H]3N)cc2nc(-c3cc4ccc([*:1])nc4n3CC3CC3)n(C)c12,2,0.059585689984245,0.8021978139877319,non_cliff,False,False,False,single_atom_change,False
HCVYAIQSYNFWFL-MDLALNFGSA-N,FMNSJJUYYNOGSP-FLVRFYSZSA-N,COc1cc(C(=O)N2C[C@H]3CC[C@@H]2[C@@H]3N)cc2nc(-c3cc4ccc([*:1])nc4n3CC3CC3)n(C)c12,2,0.0,0.8089887499809265,non_cliff,False,False,False,single_atom_change,False
RXOPZPXJRLYRAF-KFACBJOOSA-N,QUGDJUDQMAHGNQ-AQEANLGOSA-N,COc1cc(C(=O)N2C[C@H]3CC[C@@H]2[C@@H]3N)cc2nc(-c3cc4ccc([*:1])nc4n3CC3CC3)n(C)c12,2,0.0859146287065932,0.7777777910232544,non_cliff,False,False,False,small_substituent,False
RXOPZPXJRLYRAF-KFACBJOOSA-N,FMNSJJUYYNOGSP-FLVRFYSZSA-N,COc1cc(C(=O)N2C[C@H]3CC[C@@H]2[C@@H]3N)cc2nc(-c3cc4ccc([*:1])nc4n3CC3CC3)n(C)c12,2,0.0263289387223482,0.8255813717842102,non_cliff,False,False,False,small_substituent,False
QUGDJUDQMAHGNQ-AQEANLGOSA-N,FMNSJJUYYNOGSP-FLVRFYSZSA-N,COc1cc(C(=O)N2C[C@H]3CC[C@@H]2[C@@H]3N)cc2nc(-c3cc4ccc([*:1])nc4n3CC3CC3)n(C)c12,2,0.059585689984245,0.791208803653717,non_cliff,False,False,False,single_atom_change,False
CQWFGKDJGWSGSK-OAQYLSRUSA-N,MZSMHDUPQNNXTK-FQEVSTJZSA-N,COc1cc([*:1])cc2nc(-c3cc4ccc(N(C5CC5)S(C)(=O)=O)nc4n3CC3CC3)n(C)c12,1,2.106135172785595,0.8181818127632141,severe,True,False,False,single_atom_change,True
JHCOCDUNEWCPDJ-LJQANCHMSA-N,CQJUFPGIBDGKLI-OXJNMPFZSA-N,COc1cc([*:1])cc2nc(-c3cc4ccc(N(C(F)F)S(C)(=O)=O)nc4n3CC3CC3)n(C)c12,1,0.0098885125370564,0.800000011920929,non_cliff,False,False,False,single_atom_change,False
JHCOCDUNEWCPDJ-LJQANCHMSA-N,YAHQJIWNFQVWGH-UHFFFAOYSA-N,COc1cc([*:1])cc2nc(-c3cc4ccc(N(C(F)F)S(C)(=O)=O)nc4n3CC3CC3)n(C)c12,1,2.123568332188808,0.8021978139877319,severe,True,False,False,single_atom_change,True
JHCOCDUNEWCPDJ-LJQANCHMSA-N,LIWXHHMEQAPAGZ-QKNQBKEWSA-N,COc1cc([*:1])cc2nc(-c3cc4ccc(N(C(F)F)S(C)(=O)=O)nc4n3CC3CC3)n(C)c12,1,0.3260588468891887,0.7340425252914429,non_cliff,False,False,False,single_atom_change,False
JHCOCDUNEWCPDJ-LJQANCHMSA-N,BCHLSCBZCOCRKN-SFTDATJTSA-N,COc1cc([*:1])cc2nc(-c3cc4ccc(N(C(F)F)S(C)(=O)=O)nc4n3CC3CC3)n(C)c12,1,2.615260833058424,0.6701030731201172,non_cliff,True,False,False,small_substituent,False
JHCOCDUNEWCPDJ-LJQANCHMSA-N,ZOAONFSVARXNNV-KXLZNQPTSA-N,COc1cc([*:1])cc2nc(-c3cc4ccc(N(C(F)F)S(C)(=O)=O)nc4n3CC3CC3)n(C)c12,1,0.7099606912613643,0.6190476417541504,non_cliff,False,False,False,medium_substituent,False
JHCOCDUNEWCPDJ-LJQANCHMSA-N,NFPBHTVGQPXGFY-NHCUHLMSSA-N,COc1cc([*:1])cc2nc(-c3cc4ccc(N(C(F)F)S(C)(=O)=O)nc4n3CC3CC3)n(C)c12,1,0.3999758529444568,0.6435643434524536,non_cliff,False,False,False,medium_substituent,False
JHCOCDUNEWCPDJ-LJQANCHMSA-N,IUVPDHXLQQUGMB-DNQXCXABSA-N,COc1cc([*:1])cc2nc(-c3cc4ccc(N(C(F)F)S(C)(=O)=O)nc4n3CC3CC3)n(C)c12,1,2.718734615568869,0.625,non_cliff,True,False,False,medium_substituent,False
JHCOCDUNEWCPDJ-LJQANCHMSA-N,QGGNDXGZJHUSSA-GOSISDBHSA-N,COc1cc([*:1])cc2nc(-c3cc4ccc(N(C(F)F)S(C)(=O)=O)nc4n3CC3CC3)n(C)c12,1,2.0283647829947684,0.9277108311653136,severe,True,False,False,single_atom_change,True
JHCOCDUNEWCPDJ-LJQANCHMSA-N,WDRJLORLDTWTEV-QZNHQXDQSA-N,COc1cc([*:1])cc2nc(-c3cc4ccc(N(C(F)F)S(C)(=O)=O)nc4n3CC3CC3)n(C)c12,1,2.718734615568869,0.6504854559898376,non_cliff,True,False,False,medium_substituent,False
CQJUFPGIBDGKLI-OXJNMPFZSA-N,YAHQJIWNFQVWGH-UHFFFAOYSA-N,COc1cc([*:1])cc2nc(-c3cc4ccc(N(C(F)F)S(C)(=O)=O)nc4n3CC3CC3)n(C)c12,1,2.133456844725864,0.7083333134651184,non_cliff,True,False,False,single_atom_change,False
CQJUFPGIBDGKLI-OXJNMPFZSA-N,LIWXHHMEQAPAGZ-QKNQBKEWSA-N,COc1cc([*:1])cc2nc(-c3cc4ccc(N(C(F)F)S(C)(=O)=O)nc4n3CC3CC3)n(C)c12,1,0.3161703343521322,0.7340425252914429,non_cliff,False,False,False,single_atom_change,False
CQJUFPGIBDGKLI-OXJNMPFZSA-N,BCHLSCBZCOCRKN-SFTDATJTSA-N,COc1cc([*:1])cc2nc(-c3cc4ccc(N(C(F)F)S(C)(=O)=O)nc4n3CC3CC3)n(C)c12,1,2.6251493455954806,0.6701030731201172,non_cliff,True,False,False,small_substituent,False
CQJUFPGIBDGKLI-OXJNMPFZSA-N,ZOAONFSVARXNNV-KXLZNQPTSA-N,COc1cc([*:1])cc2nc(-c3cc4ccc(N(C(F)F)S(C)(=O)=O)nc4n3CC3CC3)n(C)c12,1,0.7198492037984208,0.6190476417541504,non_cliff,False,False,False,medium_substituent,False
CQJUFPGIBDGKLI-OXJNMPFZSA-N,NFPBHTVGQPXGFY-NHCUHLMSSA-N,COc1cc([*:1])cc2nc(-c3cc4ccc(N(C(F)F)S(C)(=O)=O)nc4n3CC3CC3)n(C)c12,1,0.4098643654815133,0.6435643434524536,non_cliff,False,False,False,small_substituent,False
CQJUFPGIBDGKLI-OXJNMPFZSA-N,IUVPDHXLQQUGMB-DNQXCXABSA-N,COc1cc([*:1])cc2nc(-c3cc4ccc(N(C(F)F)S(C)(=O)=O)nc4n3CC3CC3)n(C)c12,1,2.7286231281059257,0.625,non_cliff,True,False,False,medium_substituent,False
CQJUFPGIBDGKLI-OXJNMPFZSA-N,QGGNDXGZJHUSSA-GOSISDBHSA-N,COc1cc([*:1])cc2nc(-c3cc4ccc(N(C(F)F)S(C)(=O)=O)nc4n3CC3CC3)n(C)c12,1,2.038253295531825,0.8181818127632141,severe,True,False,False,small_substituent,True
CQJUFPGIBDGKLI-OXJNMPFZSA-N,WDRJLORLDTWTEV-QZNHQXDQSA-N,COc1cc([*:1])cc2nc(-c3cc4ccc(N(C(F)F)S(C)(=O)=O)nc4n3CC3CC3)n(C)c12,1,2.7286231281059257,0.6504854559898376,non_cliff,True,False,False,medium_substituent,False
YAHQJIWNFQVWGH-UHFFFAOYSA-N,LIWXHHMEQAPAGZ-QKNQBKEWSA-N,COc1cc([*:1])cc2nc(-c3cc4ccc(N(C(F)F)S(C)(=O)=O)nc4n3CC3CC3)n(C)c12,1,2.4496271790779964,0.7010309100151062,non_cliff,True,False,False,single_atom_change,False
YAHQJIWNFQVWGH-UHFFFAOYSA-N,BCHLSCBZCOCRKN-SFTDATJTSA-N,COc1cc([*:1])cc2nc(-c3cc4ccc(N(C(F)F)S(C)(=O)=O)nc4n3CC3CC3)n(C)c12,1,0.4916925008696164,0.6565656661987305,non_cliff,False,False,False,small_substituent,False
YAHQJIWNFQVWGH-UHFFFAOYSA-N,ZOAONFSVARXNNV-KXLZNQPTSA-N,COc1cc([*:1])cc2nc(-c3cc4ccc(N(C(F)F)S(C)(=O)=O)nc4n3CC3CC3)n(C)c12,1,1.4136076409274434,0.6074766516685486,non_cliff,False,False,False,medium_substituent,False
YAHQJIWNFQVWGH-UHFFFAOYSA-N,NFPBHTVGQPXGFY-NHCUHLMSSA-N,COc1cc([*:1])cc2nc(-c3cc4ccc(N(C(F)F)S(C)(=O)=O)nc4n3CC3CC3)n(C)c12,1,1.7235924792443509,0.6310679316520691,non_cliff,False,False,False,small_substituent,False
YAHQJIWNFQVWGH-UHFFFAOYSA-N,IUVPDHXLQQUGMB-DNQXCXABSA-N,COc1cc([*:1])cc2nc(-c3cc4ccc(N(C(F)F)S(C)(=O)=O)nc4n3CC3CC3)n(C)c12,1,0.5951662833800615,0.6132075190544128,non_cliff,False,False,False,medium_substituent,False
YAHQJIWNFQVWGH-UHFFFAOYSA-N,QGGNDXGZJHUSSA-GOSISDBHSA-N,COc1cc([*:1])cc2nc(-c3cc4ccc(N(C(F)F)S(C)(=O)=O)nc4n3CC3CC3)n(C)c12,1,0.0952035491940392,0.7802197933197021,non_cliff,False,False,False,small_substituent,False
YAHQJIWNFQVWGH-UHFFFAOYSA-N,WDRJLORLDTWTEV-QZNHQXDQSA-N,COc1cc([*:1])cc2nc(-c3cc4ccc(N(C(F)F)S(C)(=O)=O)nc4n3CC3CC3)n(C)c12,1,0.5951662833800615,0.6380952596664429,non_cliff,False,False,False,medium_substituent,False
LIWXHHMEQAPAGZ-QKNQBKEWSA-N,BCHLSCBZCOCRKN-SFTDATJTSA-N,COc1cc([*:1])cc2nc(-c3cc4ccc(N(C(F)F)S(C)(=O)=O)nc4n3CC3CC3)n(C)c12,1,2.941319679947613,0.6632652878761292,non_cliff,True,False,False,small_substituent,False
LIWXHHMEQAPAGZ-QKNQBKEWSA-N,ZOAONFSVARXNNV-KXLZNQPTSA-N,COc1cc([*:1])cc2nc(-c3cc4ccc(N(C(F)F)S(C)(=O)=O)nc4n3CC3CC3)n(C)c12,1,1.036019538150553,0.6132075190544128,non_cliff,False,False,False,medium_substituent,False
LIWXHHMEQAPAGZ-QKNQBKEWSA-N,NFPBHTVGQPXGFY-NHCUHLMSSA-N,COc1cc([*:1])cc2nc(-c3cc4ccc(N(C(F)F)S(C)(=O)=O)nc4n3CC3CC3)n(C)c12,1,0.7260346998336455,0.6372548937797546,non_cliff,False,False,False,small_substituent,False
LIWXHHMEQAPAGZ-QKNQBKEWSA-N,IUVPDHXLQQUGMB-DNQXCXABSA-N,COc1cc([*:1])cc2nc(-c3cc4ccc(N(C(F)F)S(C)(=O)=O)nc4n3CC3CC3)n(C)c12,1,3.044793462458058,0.6190476417541504,non_cliff,True,False,False,medium_substituent,False
LIWXHHMEQAPAGZ-QKNQBKEWSA-N,QGGNDXGZJHUSSA-GOSISDBHSA-N,COc1cc([*:1])cc2nc(-c3cc4ccc(N(C(F)F)S(C)(=O)=O)nc4n3CC3CC3)n(C)c12,1,2.354423629883957,0.75,non_cliff,True,False,False,small_substituent,False
LIWXHHMEQAPAGZ-QKNQBKEWSA-N,WDRJLORLDTWTEV-QZNHQXDQSA-N,COc1cc([*:1])cc2nc(-c3cc4ccc(N(C(F)F)S(C)(=O)=O)nc4n3CC3CC3)n(C)c12,2,3.044793462458058,0.800000011920929,severe,True,False,False,medium_substituent,True
BCHLSCBZCOCRKN-SFTDATJTSA-N,ZOAONFSVARXNNV-KXLZNQPTSA-N,COc1cc([*:1])cc2nc(-c3cc4ccc(N(C(F)F)S(C)(=O)=O)nc4n3CC3CC3)n(C)c12,4,1.90530014179706,0.8279569745063782,moderate,False,False,False,medium_substituent,False
BCHLSCBZCOCRKN-SFTDATJTSA-N,NFPBHTVGQPXGFY-NHCUHLMSSA-N,COc1cc([*:1])cc2nc(-c3cc4ccc(N(C(F)F)S(C)(=O)=O)nc4n3CC3CC3)n(C)c12,2,2.215284980113968,0.8651685118675232,severe,True,False,False,single_atom_change,True
BCHLSCBZCOCRKN-SFTDATJTSA-N,IUVPDHXLQQUGMB-DNQXCXABSA-N,COc1cc([*:1])cc2nc(-c3cc4ccc(N(C(F)F)S(C)(=O)=O)nc4n3CC3CC3)n(C)c12,2,0.103473782510445,0.8369565010070801,non_cliff,False,False,False,medium_substituent,False
BCHLSCBZCOCRKN-SFTDATJTSA-N,QGGNDXGZJHUSSA-GOSISDBHSA-N,COc1cc([*:1])cc2nc(-c3cc4ccc(N(C(F)F)S(C)(=O)=O)nc4n3CC3CC3)n(C)c12,1,0.5868960500636557,0.6842105388641357,non_cliff,False,False,False,medium_substituent,False
BCHLSCBZCOCRKN-SFTDATJTSA-N,WDRJLORLDTWTEV-QZNHQXDQSA-N,COc1cc([*:1])cc2nc(-c3cc4ccc(N(C(F)F)S(C)(=O)=O)nc4n3CC3CC3)n(C)c12,1,0.103473782510445,0.6666666865348816,non_cliff,False,False,False,small_substituent,False
ZOAONFSVARXNNV-KXLZNQPTSA-N,NFPBHTVGQPXGFY-NHCUHLMSSA-N,COc1cc([*:1])cc2nc(-c3cc4ccc(N(C(F)F)S(C)(=O)=O)nc4n3CC3CC3)n(C)c12,2,0.3099848383169075,0.8510638475418091,non_cliff,False,False,False,medium_substituent,False
ZOAONFSVARXNNV-KXLZNQPTSA-N,IUVPDHXLQQUGMB-DNQXCXABSA-N,COc1cc([*:1])cc2nc(-c3cc4ccc(N(C(F)F)S(C)(=O)=O)nc4n3CC3CC3)n(C)c12,2,2.008773924307505,0.8061224222183228,severe,True,False,False,single_atom_change,True
ZOAONFSVARXNNV-KXLZNQPTSA-N,QGGNDXGZJHUSSA-GOSISDBHSA-N,COc1cc([*:1])cc2nc(-c3cc4ccc(N(C(F)F)S(C)(=O)=O)nc4n3CC3CC3)n(C)c12,1,1.318404091733404,0.6470588445663452,non_cliff,False,False,False,large_substituent,False
ZOAONFSVARXNNV-KXLZNQPTSA-N,WDRJLORLDTWTEV-QZNHQXDQSA-N,COc1cc([*:1])cc2nc(-c3cc4ccc(N(C(F)F)S(C)(=O)=O)nc4n3CC3CC3)n(C)c12,1,2.008773924307505,0.6181818246841431,non_cliff,True,False,False,small_substituent,False
NFPBHTVGQPXGFY-NHCUHLMSSA-N,IUVPDHXLQQUGMB-DNQXCXABSA-N,COc1cc([*:1])cc2nc(-c3cc4ccc(N(C(F)F)S(C)(=O)=O)nc4n3CC3CC3)n(C)c12,4,2.3187587626244124,0.8020833134651184,severe,True,False,False,medium_substituent,True
NFPBHTVGQPXGFY-NHCUHLMSSA-N,QGGNDXGZJHUSSA-GOSISDBHSA-N,COc1cc([*:1])cc2nc(-c3cc4ccc(N(C(F)F)S(C)(=O)=O)nc4n3CC3CC3)n(C)c12,1,1.6283889300503116,0.6565656661987305,non_cliff,False,False,False,medium_substituent,False
NFPBHTVGQPXGFY-NHCUHLMSSA-N,WDRJLORLDTWTEV-QZNHQXDQSA-N,COc1cc([*:1])cc2nc(-c3cc4ccc(N(C(F)F)S(C)(=O)=O)nc4n3CC3CC3)n(C)c12,1,2.3187587626244124,0.6415094137191772,non_cliff,True,False,False,small_substituent,False
IUVPDHXLQQUGMB-DNQXCXABSA-N,QGGNDXGZJHUSSA-GOSISDBHSA-N,COc1cc([*:1])cc2nc(-c3cc4ccc(N(C(F)F)S(C)(=O)=O)nc4n3CC3CC3)n(C)c12,1,0.6903698325741008,0.6534653306007385,non_cliff,False,False,False,large_substituent,False
IUVPDHXLQQUGMB-DNQXCXABSA-N,WDRJLORLDTWTEV-QZNHQXDQSA-N,COc1cc([*:1])cc2nc(-c3cc4ccc(N(C(F)F)S(C)(=O)=O)nc4n3CC3CC3)n(C)c12,1,0.0,0.6238532066345215,non_cliff,False,False,False,small_substituent,False
QGGNDXGZJHUSSA-GOSISDBHSA-N,WDRJLORLDTWTEV-QZNHQXDQSA-N,COc1cc([*:1])cc2nc(-c3cc4ccc(N(C(F)F)S(C)(=O)=O)nc4n3CC3CC3)n(C)c12,1,0.6903698325741008,0.6633663177490234,non_cliff,False,False,False,medium_substituent,False
KVMPLKNGFPPJEW-HWVXXCOISA-N,DFQZFXZWGBIVAD-CLJLJLNGSA-N,COc1cc(C(=O)N2C[C@H](N)C[C@@H](F)C2)cn2nc([*:1])c(C)c12,1,2.485985638199878,0.8160919547080994,severe,True,False,False,medium_substituent,True
KVMPLKNGFPPJEW-HWVXXCOISA-N,CQGWPDDLIRVUCO-JWQCQUIFSA-N,COc1cc(C(=O)N2C[C@H](N)C[C@@H](F)C2)cn2nc([*:1])c(C)c12,3,0.0088643834802155,0.8181818127632141,non_cliff,False,False,False,medium_substituent,False
KVMPLKNGFPPJEW-HWVXXCOISA-N,CIIHYWMLMWIWJT-DNQXCXABSA-N,COc1cc(C(=O)N2C[C@H](N)C[C@@H](F)C2)cn2nc([*:1])c(C)c12,2,0.6901056208558032,0.6836734414100647,non_cliff,False,False,False,medium_substituent,False
KVMPLKNGFPPJEW-HWVXXCOISA-N,WIELPYALLBTMLM-RDVROTLESA-N,COc1cc(C(=O)N2C[C@H](N)C[C@@H](F)C2)cn2nc([*:1])c(C)c12,2,0.141650614351775,0.8620689511299133,non_cliff,False,False,False,single_atom_change,False
KVMPLKNGFPPJEW-HWVXXCOISA-N,MKJUETQMTPGHGC-KAYWLYCHSA-N,COc1cc(C(=O)N2C[C@H](N)C[C@@H](F)C2)cn2nc([*:1])c(C)c12,2,0.3512870643024222,0.7954545617103577,non_cliff,False,False,False,medium_substituent,False
DFQZFXZWGBIVAD-CLJLJLNGSA-N,CQGWPDDLIRVUCO-JWQCQUIFSA-N,COc1cc(C(=O)N2C[C@H](N)C[C@@H](F)C2)cn2nc([*:1])c(C)c12,1,2.4771212547196626,0.8352941274642944,severe,True,False,False,single_atom_change,True
DFQZFXZWGBIVAD-CLJLJLNGSA-N,CIIHYWMLMWIWJT-DNQXCXABSA-N,COc1cc(C(=O)N2C[C@H](N)C[C@@H](F)C2)cn2nc([*:1])c(C)c12,1,3.1760912590556813,0.6770833134651184,non_cliff,True,False,False,single_atom_change,False
DFQZFXZWGBIVAD-CLJLJLNGSA-N,WIELPYALLBTMLM-RDVROTLESA-N,COc1cc(C(=O)N2C[C@H](N)C[C@@H](F)C2)cn2nc([*:1])c(C)c12,1,2.627636252551653,0.7752808928489685,non_cliff,True,False,False,medium_substituent,False
DFQZFXZWGBIVAD-CLJLJLNGSA-N,MKJUETQMTPGHGC-KAYWLYCHSA-N,COc1cc(C(=O)N2C[C@H](N)C[C@@H](F)C2)cn2nc([*:1])c(C)c12,1,2.134698573897456,0.8780487775802612,severe,True,False,False,single_atom_change,True
CQGWPDDLIRVUCO-JWQCQUIFSA-N,CIIHYWMLMWIWJT-DNQXCXABSA-N,COc1cc(C(=O)N2C[C@H](N)C[C@@H](F)C2)cn2nc([*:1])c(C)c12,2,0.6989700043360187,0.6804123520851135,non_cliff,False,False,False,single_atom_change,False
CQGWPDDLIRVUCO-JWQCQUIFSA-N,WIELPYALLBTMLM-RDVROTLESA-N,COc1cc(C(=O)N2C[C@H](N)C[C@@H](F)C2)cn2nc([*:1])c(C)c12,2,0.1505149978319906,0.7777777910232544,non_cliff,False,False,False,medium_substituent,False
CQGWPDDLIRVUCO-JWQCQUIFSA-N,MKJUETQMTPGHGC-KAYWLYCHSA-N,COc1cc(C(=O)N2C[C@H](N)C[C@@H](F)C2)cn2nc([*:1])c(C)c12,2,0.3424226808222066,0.8139534592628479,non_cliff,False,False,False,single_atom_change,False
CIIHYWMLMWIWJT-DNQXCXABSA-N,WIELPYALLBTMLM-RDVROTLESA-N,COc1cc(C(=O)N2C[C@H](N)C[C@@H](F)C2)cn2nc([*:1])c(C)c12,2,0.5484550065040281,0.6836734414100647,non_cliff,False,False,False,medium_substituent,False
CIIHYWMLMWIWJT-DNQXCXABSA-N,MKJUETQMTPGHGC-KAYWLYCHSA-N,COc1cc(C(=O)N2C[C@H](N)C[C@@H](F)C2)cn2nc([*:1])c(C)c12,2,1.0413926851582254,0.6947368383407593,non_cliff,False,False,False,single_atom_change,False
WIELPYALLBTMLM-RDVROTLESA-N,MKJUETQMTPGHGC-KAYWLYCHSA-N,COc1cc(C(=O)N2C[C@H](N)C[C@@H](F)C2)cn2nc([*:1])c(C)c12,3,0.4929376786541972,0.8588235378265381,non_cliff,False,False,False,medium_substituent,False
KVMPLKNGFPPJEW-HWVXXCOISA-N,KVMPLKNGFPPJEW-RULIXLRNSA-N,COc1cc(C(=O)N2C[C@H](N)C[C@@H](F)C2)cn2nc(-c3cc4cccc([*:1])c4n3CC3CC3)c(C)c12,2,0.0880456295278406,1.0,non_cliff,False,False,False,single_atom_change,False
KVMPLKNGFPPJEW-HWVXXCOISA-N,KVMPLKNGFPPJEW-JGZPXTCXSA-N,COc1cc(C(=O)N2C[C@H](N)C[C@@H](F)C2)cn2nc(-c3cc4cccc([*:1])c4n3CC3CC3)c(C)c12,2,0.0880456295278406,1.0,non_cliff,False,False,False,single_atom_change,False
CQGWPDDLIRVUCO-JWQCQUIFSA-N,KVMPLKNGFPPJEW-RULIXLRNSA-N,COc1cc(C(=O)N2C[C@H](N)C[C@@H](F)C2)cn2nc(-c3cc4cccc([*:1])c4n3CC3CC3)c(C)c12,2,0.0969100130080562,0.8181818127632141,non_cliff,False,False,False,medium_substituent,False
CQGWPDDLIRVUCO-JWQCQUIFSA-N,KVMPLKNGFPPJEW-JGZPXTCXSA-N,COc1cc(C(=O)N2C[C@H](N)C[C@@H](F)C2)cn2nc(-c3cc4cccc([*:1])c4n3CC3CC3)c(C)c12,2,0.0791812460476251,0.8181818127632141,non_cliff,False,False,False,medium_substituent,False
CIIHYWMLMWIWJT-DNQXCXABSA-N,KVMPLKNGFPPJEW-RULIXLRNSA-N,COc1cc(C(=O)N2C[C@H](N)C[C@@H](F)C2)cn2nc(-c3cc4cccc([*:1])c4n3CC3CC3)c(C)c12,1,0.6020599913279625,0.6836734414100647,non_cliff,False,False,False,medium_substituent,False
CIIHYWMLMWIWJT-DNQXCXABSA-N,KVMPLKNGFPPJEW-JGZPXTCXSA-N,COc1cc(C(=O)N2C[C@H](N)C[C@@H](F)C2)cn2nc(-c3cc4cccc([*:1])c4n3CC3CC3)c(C)c12,1,0.7781512503836439,0.6836734414100647,non_cliff,False,False,False,medium_substituent,False
WIELPYALLBTMLM-RDVROTLESA-N,KVMPLKNGFPPJEW-RULIXLRNSA-N,COc1cc(C(=O)N2C[C@H](N)C[C@@H](F)C2)cn2nc(-c3cc4cccc([*:1])c4n3CC3CC3)c(C)c12,1,0.0536049848239343,0.8620689511299133,non_cliff,False,False,False,single_atom_change,False
WIELPYALLBTMLM-RDVROTLESA-N,KVMPLKNGFPPJEW-JGZPXTCXSA-N,COc1cc(C(=O)N2C[C@H](N)C[C@@H](F)C2)cn2nc(-c3cc4cccc([*:1])c4n3CC3CC3)c(C)c12,1,0.2296962438796157,0.8620689511299133,non_cliff,False,False,False,single_atom_change,False
MKJUETQMTPGHGC-KAYWLYCHSA-N,KVMPLKNGFPPJEW-RULIXLRNSA-N,COc1cc(C(=O)N2C[C@H](N)C[C@@H](F)C2)cn2nc(-c3cc4cccc([*:1])c4n3CC3CC3)c(C)c12,1,0.4393326938302628,0.7954545617103577,non_cliff,False,False,False,medium_substituent,False
MKJUETQMTPGHGC-KAYWLYCHSA-N,KVMPLKNGFPPJEW-JGZPXTCXSA-N,COc1cc(C(=O)N2C[C@H](N)C[C@@H](F)C2)cn2nc(-c3cc4cccc([*:1])c4n3CC3CC3)c(C)c12,1,0.2632414347745815,0.7954545617103577,non_cliff,False,False,False,medium_substituent,False
KVMPLKNGFPPJEW-RULIXLRNSA-N,KVMPLKNGFPPJEW-JGZPXTCXSA-N,COc1cc(C(=O)N2C[C@H](N)C[C@@H](F)C2)cn2nc(-c3cc4cccc([*:1])c4n3CC3CC3)c(C)c12,2,0.1760912590556813,1.0,non_cliff,False,False,False,single_atom_change,False
SIQFSMORDDWOQU-AREMUKBSSA-N,DFQZFXZWGBIVAD-CLJLJLNGSA-N,COc1cc([*:1])cn2nc(-c3cc4cccc(C5CN(C(C)=O)C5)c4n3CC3CCC3)c(C)c12,1,0.3943358844032119,0.8313252925872803,non_cliff,False,False,False,single_atom_change,False
SIQFSMORDDWOQU-AREMUKBSSA-N,GMZVAQJVBFWSIS-RUZDIDTESA-N,COc1cc(C(=O)N2CCC[C@@H](N)C2)cn2nc([*:1])c(C)c12,1,0.1013640297158291,0.8313252925872803,non_cliff,False,False,False,single_atom_change,False
SIQFSMORDDWOQU-AREMUKBSSA-N,IGZIDTNYUHLUDZ-GWQXNCQPSA-N,COc1cc(C(=O)N2CCC[C@@H](N)C2)cn2nc([*:1])c(C)c12,1,2.043194747292638,0.6288659572601318,non_cliff,True,False,False,single_atom_change,False
SIQFSMORDDWOQU-AREMUKBSSA-N,INTIBJQLLPOYKV-HSZRJFAPSA-N,COc1cc(C(=O)N2CCC[C@@H](N)C2)cn2nc([*:1])c(C)c12,1,0.0868890637423565,0.6559139490127563,non_cliff,False,False,False,small_substituent,False
SIQFSMORDDWOQU-AREMUKBSSA-N,VRWQITKRSFXCGO-HSZRJFAPSA-N,COc1cc(C(=O)N2CCC[C@@H](N)C2)cn2nc([*:1])c(C)c12,1,2.480725378988488,0.6489361524581909,non_cliff,True,False,False,single_atom_change,False
SIQFSMORDDWOQU-AREMUKBSSA-N,CSIRJPXUQDSYOW-HHHXNRCGSA-N,COc1cc(C(=O)N2CCC[C@@H](N)C2)cn2nc([*:1])c(C)c12,1,2.480725378988488,0.800000011920929,severe,True,False,False,small_substituent,True
GMZVAQJVBFWSIS-RUZDIDTESA-N,IGZIDTNYUHLUDZ-GWQXNCQPSA-N,COc1cc(C(=O)N2CCC[C@@H](N)C2)cn2nc([*:1])c(C)c12,1,1.941830717576809,0.6326530575752258,non_cliff,False,False,False,single_atom_change,False
GMZVAQJVBFWSIS-RUZDIDTESA-N,INTIBJQLLPOYKV-HSZRJFAPSA-N,COc1cc(C(=O)N2CCC[C@@H](N)C2)cn2nc([*:1])c(C)c12,1,0.1882530934581856,0.6595744490623474,non_cliff,False,False,False,small_substituent,False
GMZVAQJVBFWSIS-RUZDIDTESA-N,VRWQITKRSFXCGO-HSZRJFAPSA-N,COc1cc(C(=O)N2CCC[C@@H](N)C2)cn2nc([*:1])c(C)c12,1,2.379361349272659,0.6526315808296204,non_cliff,True,False,False,single_atom_change,False
GMZVAQJVBFWSIS-RUZDIDTESA-N,CSIRJPXUQDSYOW-HHHXNRCGSA-N,COc1cc(C(=O)N2CCC[C@@H](N)C2)cn2nc([*:1])c(C)c12,2,2.379361349272659,0.9375,severe,True,False,False,small_substituent,True
IGZIDTNYUHLUDZ-GWQXNCQPSA-N,INTIBJQLLPOYKV-HSZRJFAPSA-N,COc1cc(C(=O)N2CCC[C@@H](N)C2)cn2nc([*:1])c(C)c12,4,2.1300838110349947,0.8202247023582458,severe,True,False,False,small_substituent,True
IGZIDTNYUHLUDZ-GWQXNCQPSA-N,VRWQITKRSFXCGO-HSZRJFAPSA-N,COc1cc(C(=O)N2CCC[C@@H](N)C2)cn2nc([*:1])c(C)c12,4,0.43753063169585,0.77173912525177,non_cliff,False,False,False,single_atom_change,False
IGZIDTNYUHLUDZ-GWQXNCQPSA-N,CSIRJPXUQDSYOW-HHHXNRCGSA-N,COc1cc(C(=O)N2CCC[C@@H](N)C2)cn2nc([*:1])c(C)c12,1,0.43753063169585,0.6262626051902771,non_cliff,False,False,False,small_substituent,False
INTIBJQLLPOYKV-HSZRJFAPSA-N,VRWQITKRSFXCGO-HSZRJFAPSA-N,COc1cc(C(=O)N2CCC[C@@H](N)C2)cn2nc([*:1])c(C)c12,4,2.5676144427308447,0.8068181872367859,severe,True,False,False,small_substituent,True
INTIBJQLLPOYKV-HSZRJFAPSA-N,CSIRJPXUQDSYOW-HHHXNRCGSA-N,COc1cc(C(=O)N2CCC[C@@H](N)C2)cn2nc([*:1])c(C)c12,1,2.5676144427308447,0.6526315808296204,non_cliff,True,False,False,medium_substituent,False
VRWQITKRSFXCGO-HSZRJFAPSA-N,CSIRJPXUQDSYOW-HHHXNRCGSA-N,COc1cc(C(=O)N2CCC[C@@H](N)C2)cn2nc([*:1])c(C)c12,1,0.0,0.6458333134651184,non_cliff,False,False,False,small_substituent,False
CQGWPDDLIRVUCO-JWQCQUIFSA-N,GMZVAQJVBFWSIS-RUZDIDTESA-N,COCC(=O)N1CC(c2cccc3cc(-c4nn5cc([*:1])cc(OC)c5c4C)n(CC4CC4)c23)C1,1,1.9814213406006216,0.8352941274642944,moderate,False,False,False,single_atom_change,False
GMZVAQJVBFWSIS-RUZDIDTESA-N,LFNUUCVWQIPJNI-SUHSUELASA-N,COc1cc(C(=O)N2CCC[C@@H](N)C2)cn2nc(-c3cc4cccc(C5CN(C(=O)[*:1])C5)c4n3CC3CC3)c(C)c12,2,1.9022400945529965,0.8139534592628479,moderate,False,False,False,medium_substituent,False
CSIRJPXUQDSYOW-HHHXNRCGSA-N,LFNUUCVWQIPJNI-SUHSUELASA-N,COc1cc(C(=O)N2CCC[C@@H](N)C2)cn2nc(-c3cc4cccc([*:1])c4n3CC3CC3)c(C)c12,1,0.4771212547196626,0.7840909361839294,non_cliff,False,False,False,small_substituent,False
IIWCKVZWLWDNIR-DNQXCXABSA-N,CHMUAFHYTBEENP-JWQCQUIFSA-N,Cc1c([*:1])nn2cc(C(=O)N3C[C@H](N)C[C@@H](F)C3)ccc12,1,0.9692653830238314,,non_cliff,False,False,False,single_atom_change,False
IIWCKVZWLWDNIR-DNQXCXABSA-N,IYTYCUFCBRYNSG-JWQCQUIFSA-N,Cc1c([*:1])nn2cc(C(=O)N3C[C@H](N)C[C@@H](F)C3)ccc12,1,1.0606978403536118,,broad,False,False,False,single_atom_change,False
CHMUAFHYTBEENP-JWQCQUIFSA-N,IYTYCUFCBRYNSG-JWQCQUIFSA-N,Cc1c([*:1])nn2cc(C(=O)N3C[C@H](N)C[C@@H](F)C3)ccc12,2,2.029963223377443,0.91566264629364,severe,True,False,False,single_atom_change,True
IUZXRGLRAITQQP-RUZDIDTESA-N,CZVROBPEHUHFMR-XMMPIXPASA-N,Cc1c([*:1])nn2cc(C(=O)N3CCC[C@@H](N)C3)ccc12,5,2.4712917110589387,0.8068181872367859,severe,True,False,False,single_atom_change,True
GRQYJPFSBYFLKX-WKBCRJLYSA-N,HMNKHISRBBCLDY-IOAASBHNSA-N,COc1cc(C(=O)N2CC3CCC2[C@@H]3N)cc2oc([*:1])c(C)c12,2,2.0036041242688256,0.8170731663703918,severe,True,False,False,small_substituent,True
PXOOLNADBLBDGP-WMXNZVEGSA-N,OFIHEFDHYWXPRX-UOLLPAKTSA-N,Cc1c([*:1])oc2cc(C(=O)N3CC4CCC3[C@@H]4N)ccc12,1,2.194960102352362,0.8160919547080994,severe,True,False,False,single_atom_change,True
WIELPYALLBTMLM-RDVROTLESA-N,YDUZIQDWBSFXRB-GYZOCXDNSA-N,Cc1c(-c2cc3cccc(C4CCN(C(=O)C5CC(O)C5)CC4)c3n2CC2CC2)nn2cc(C(=O)N3C[C@H](N)C[C@@H](F)C3)cc([*:1])c12,1,2.3679989420458973,0.8488371968269348,severe,True,False,False,single_atom_change,True
CSIRJPXUQDSYOW-HHHXNRCGSA-N,DXZLTZZZLYIHJG-AREMUKBSSA-N,COCC(=O)N1CCC(c2cccc3cc(-c4nn5cc(C(=O)N6CCC[C@@H](N)C6)cc([*:1])c5c4C)n(CC4CC4)c23)CC1,1,0.3010299956639812,0.8571428656578064,non_cliff,False,False,False,single_atom_change,False
MKJUETQMTPGHGC-KAYWLYCHSA-N,KREMBNXLYXOOPX-CLJLJLNGSA-N,CC(=O)N1CCC(c2cccc3cc(-c4nn5cc(C(=O)N6C[C@H](N)C[C@@H](F)C6)cc([*:1])c5c4C)n(CC4CC4)c23)CC1,1,0.7403626894942441,0.8414633870124817,non_cliff,False,False,False,single_atom_change,False
HDOICFJGKOAPSD-KAYWLYCHSA-N,YDUZIQDWBSFXRB-GYZOCXDNSA-N,Cc1c(-c2cc3cccc(C4CCN(C(=O)[*:1])CC4)c3n2CC2CC2)nn2cc(C(=O)N3C[C@H](N)C[C@@H](F)C3)cc(F)c12,3,0.2123034317101257,0.7865168452262878,non_cliff,False,False,False,single_atom_change,False
HDOICFJGKOAPSD-KAYWLYCHSA-N,XFXVYNYRKQIMDF-YJHZZORQSA-N,Cc1c(-c2cc3cccc(C4CCN(C(=O)[*:1])CC4)c3n2CC2CC2)nn2cc(C(=O)N3C[C@H](N)C[C@@H](F)C3)cc(F)c12,2,1.801060529847856,0.7553191781044006,non_cliff,False,False,False,medium_substituent,False
HDOICFJGKOAPSD-KAYWLYCHSA-N,CFDNEUFZAVYAPY-SACAOSOOSA-N,Cc1c(-c2cc3cccc(C4CCN(C(=O)[*:1])CC4)c3n2CC2CC2)nn2cc(C(=O)N3C[C@H](N)C[C@@H](F)C3)cc(F)c12,3,2.005180512503781,0.800000011920929,severe,True,False,False,single_atom_change,True
HDOICFJGKOAPSD-KAYWLYCHSA-N,KREMBNXLYXOOPX-CLJLJLNGSA-N,Cc1c(-c2cc3cccc(C4CCN(C(=O)[*:1])CC4)c3n2CC2CC2)nn2cc(C(=O)N3C[C@H](N)C[C@@H](F)C3)cc(F)c12,3,2.4031205211758184,0.8235294222831726,severe,True,False,False,medium_substituent,True
HDOICFJGKOAPSD-KAYWLYCHSA-N,NVKZHLKRHQPQSA-CLJLJLNGSA-N,Cc1c(-c2cc3cccc(C4CCN(C(=O)[*:1])CC4)c3n2CC2CC2)nn2cc(C(=O)N3C[C@H](N)C[C@@H](F)C3)cc(F)c12,3,2.227029262120137,0.8181818127632141,severe,True,False,False,small_substituent,True
YDUZIQDWBSFXRB-GYZOCXDNSA-N,XFXVYNYRKQIMDF-YJHZZORQSA-N,Cc1c(-c2cc3cccc(C4CCN(C(=O)[*:1])CC4)c3n2CC2CC2)nn2cc(C(=O)N3C[C@H](N)C[C@@H](F)C3)cc(F)c12,2,2.0133639615579817,0.8620689511299133,severe,True,False,False,medium_substituent,True
YDUZIQDWBSFXRB-GYZOCXDNSA-N,CFDNEUFZAVYAPY-SACAOSOOSA-N,Cc1c(-c2cc3cccc(C4CCN(C(=O)[*:1])CC4)c3n2CC2CC2)nn2cc(C(=O)N3C[C@H](N)C[C@@H](F)C3)cc(F)c12,3,2.2174839442139067,0.7865168452262878,non_cliff,True,False,False,single_atom_change,False
YDUZIQDWBSFXRB-GYZOCXDNSA-N,KREMBNXLYXOOPX-CLJLJLNGSA-N,Cc1c(-c2cc3cccc(C4CCN(C(=O)[*:1])CC4)c3n2CC2CC2)nn2cc(C(=O)N3C[C@H](N)C[C@@H](F)C3)cc(F)c12,3,2.615423952885944,0.8536585569381714,severe,True,False,False,medium_substituent,True
YDUZIQDWBSFXRB-GYZOCXDNSA-N,NVKZHLKRHQPQSA-CLJLJLNGSA-N,Cc1c(-c2cc3cccc(C4CCN(C(=O)[*:1])CC4)c3n2CC2CC2)nn2cc(C(=O)N3C[C@H](N)C[C@@H](F)C3)cc(F)c12,3,2.439332693830263,0.8045976758003235,severe,True,False,False,small_substituent,True
XFXVYNYRKQIMDF-YJHZZORQSA-N,CFDNEUFZAVYAPY-SACAOSOOSA-N,Cc1c(-c2cc3cccc(C4CCN(C(=O)[*:1])CC4)c3n2CC2CC2)nn2cc(C(=O)N3C[C@H](N)C[C@@H](F)C3)cc(F)c12,2,0.204119982655925,0.7368420958518982,non_cliff,False,False,False,medium_substituent,False
XFXVYNYRKQIMDF-YJHZZORQSA-N,KREMBNXLYXOOPX-CLJLJLNGSA-N,Cc1c(-c2cc3cccc(C4CCN(C(=O)[*:1])CC4)c3n2CC2CC2)nn2cc(C(=O)N3C[C@H](N)C[C@@H](F)C3)cc(F)c12,2,0.6020599913279625,0.7954545617103577,non_cliff,False,False,False,medium_substituent,False
XFXVYNYRKQIMDF-YJHZZORQSA-N,NVKZHLKRHQPQSA-CLJLJLNGSA-N,Cc1c(-c2cc3cccc(C4CCN(C(=O)[*:1])CC4)c3n2CC2CC2)nn2cc(C(=O)N3C[C@H](N)C[C@@H](F)C3)cc(F)c12,2,0.4259687322722811,0.77173912525177,non_cliff,False,False,False,medium_substituent,False
CFDNEUFZAVYAPY-SACAOSOOSA-N,KREMBNXLYXOOPX-CLJLJLNGSA-N,Cc1c(-c2cc3cccc(C4CCN(C(=O)[*:1])CC4)c3n2CC2CC2)nn2cc(C(=O)N3C[C@H](N)C[C@@H](F)C3)cc(F)c12,3,0.3979400086720375,0.8235294222831726,non_cliff,False,False,False,small_substituent,False
CFDNEUFZAVYAPY-SACAOSOOSA-N,NVKZHLKRHQPQSA-CLJLJLNGSA-N,Cc1c(-c2cc3cccc(C4CCN(C(=O)[*:1])CC4)c3n2CC2CC2)nn2cc(C(=O)N3C[C@H](N)C[C@@H](F)C3)cc(F)c12,3,0.2218487496163561,0.8181818127632141,non_cliff,False,False,False,single_atom_change,False
KREMBNXLYXOOPX-CLJLJLNGSA-N,NVKZHLKRHQPQSA-CLJLJLNGSA-N,Cc1c(-c2cc3cccc(C4CCN(C(=O)[*:1])CC4)c3n2CC2CC2)nn2cc(C(=O)N3C[C@H](N)C[C@@H](F)C3)cc(F)c12,3,0.1760912590556813,0.8433734774589539,non_cliff,False,False,False,small_substituent,False
NVKZHLKRHQPQSA-CLJLJLNGSA-N,DXZLTZZZLYIHJG-AREMUKBSSA-N,COCC(=O)N1CCC(c2cccc3cc(-c4nn5cc([*:1])cc(F)c5c4C)n(CC4CC4)c23)CC1,1,0.1249387366082999,0.8470588326454163,non_cliff,False,False,False,single_atom_change,False
KVMPLKNGFPPJEW-JGZPXTCXSA-N,LFNUUCVWQIPJNI-SUHSUELASA-N,COc1cc([*:1])cn2nc(-c3cc4cccc(C5CN(C(=O)[C@H]6CC[C@H](O)CC6)C5)c4n3CC3CC3)c(C)c12,2,0.0,0.8390804529190063,non_cliff,False,False,False,single_atom_change,False
