scaffold_smiles,n_compounds,mean_pic50,std_pic50,pic50_range,contains_patent_exclusive
O=C(c1ccc2[nH]c(-c3cc4ccc(-c5ccccc5)nc4n3CC3CC3)nc2c1)N1CC2CCC1C2,174,7.067509998092138,0.44928705794314866,2.6591552809406283,False
O=C(c1ccc2[nH]c(-c3cc4ccc(-c5ccccc5)nc4n3CC3CC3)nc2c1)N1CCCCC1,102,6.953136320848462,0.36561367820452784,1.9596024963809313,False
O=C(c1ccc2cc(-c3cc4cccc(C5CCNCC5)c4n3CC3CC3)nn2c1)N1CCCCC1,60,6.99143353757544,0.4567970936465034,2.4031205211758184,False
O=C1NCCc2cc3[nH]c(-c4cc5ccccc5n4CC4CC4)nc3cc21,58,6.425283814752862,0.3397335261540748,2.0,False
O=C(c1ccc2[nH]c(-c3cc4cccnc4n3CC3CC3)nc2c1)N1CCCCC1,48,6.454491054901723,0.7593614430276975,2.6724399567969694,False
O=C(c1ccc2[nH]c(-c3cc4ccc(-c5ccccc5)cc4n3CC3CC3)nc2c1)N1CC2CCC1C2,44,7.130276571014431,0.2582990979195826,1.2419085435453248,False
O=C(c1ccc2cc(-c3cc4ccc(-c5ccccc5)cc4n3CC3CC3)nn2c1)N1CCCCC1,39,6.411991071713919,0.42491841166737426,1.9268567089496926,False
O=C(c1ccc2[nH]c(-c3cc4ccc(-c5cccnc5)nc4n3CC3CC3)nc2c1)N1CC2CCC1C2,33,7.153368327614136,0.2941827363872838,1.4795273244855407,False
O=C(c1ccc2cc(-c3cc4cccc(C5CCN(C(=O)C6CCCCC6)CC5)c4n3CC3CC3)nn2c1)N1CCCCC1,29,7.126068364707727,0.5144224944129852,1.7481880270062007,True
O=C(/C=C/c1cncnc1)c1c(-c2ccccc2)c2ccccc2[nH]c1=O,28,4.6663168298845354,0.5041264523413669,1.6690067809585756,False
O=C(/C=C/c1cccnc1)c1c(-c2ccccc2)c2ccccc2[nH]c1=O,28,5.230797588037673,0.5256120176356864,1.6690067809585756,False
O=C(/C=C/c1cccnc1)C1C(=O)NC2CCCCC2C1c1ccccc1,27,5.208830508300389,0.5223624608652547,1.6690067809585756,True
O=C(c1ccc2[nH]c(-c3cc4ccc(-c5cccnc5)nc4n3CC3CC3)nc2c1)N1CCCCC1,27,6.96494840014505,0.3155144427126579,1.2167521925969744,False
O=C(c1ccn2cc(-c3cc4ccccc4n3Cc3ccccc3)nc2c1)N1CCCCC1,23,5.763942330885893,0.31985818909661307,0.7403626894942441,False
O=C(c1ccc2cc(-c3cc4ccc(-c5ccccc5)nc4n3CC3CC3)nn2c1)N1CC2CCC1C2,22,6.824379366959746,0.6644751491257067,2.0874825227654643,False
O=C(c1ccc2[nH]c(-c3cc4ccc(-c5ccccc5)cc4n3CC3CC3)nc2c1)N1C[C@H]2CC[C@@H]1C2,20,7.0343297196959025,0.23564276435256004,0.7132104434506301,False
O=C1NCCc2cc3[nH]c(-c4cc5ccccc5[nH]4)nc3cc21,19,6.194886563294993,0.3157465437170917,1.259637310505756,False
O=C(/C=C/c1cncnc1)C1C(=O)NC2CCCCC2C1c1ccccc1,18,4.64539167996028,0.571258157627552,1.6690067809585756,True
O=C(c1ccc2cc(-c3cc4ccc(N5CCCCC5)cc4n3CC3CC3)nn2c1)N1CCCCC1,18,6.732320401573219,0.4157074801155941,1.2852357284807487,False
O=C(NCc1ccc2cc(-c3nc4cc(C(=O)N5CCCCN5)ccc4[nH]3)n(CC3CC3)c2n1)c1ccccc1,16,6.854701656723162,0.11443644746772437,0.36811873479149604,False
O=C(c1ccc2cc(-c3cc4ccc(-c5ccccc5)nc4n3CC3CC3)nn2c1)N1CCCCC1,16,6.619783713468758,0.3117907227147754,1.1832698436828046,False
O=C(c1ccc2cc(-c3cc4cccc(C5CN(C(=O)C6CCCCC6)C5)c4n3CC3CC3)nn2c1)N1CCCCC1,16,6.94151768097526,0.48470726640907835,1.5272001190629805,True
O=C(c1ccc2cc(-c3cc4cccc(C5CNC5)c4n3CC3CC3)nn2c1)N1CCCCC1,16,6.29329267280202,0.5288259145494149,1.9814213406006216,False
O=C(c1ccc2[nH]c(-c3cc4ccc(-c5ccccc5)nc4n3CC3CC3)nc2c1)N1C[C@H]2CC[C@@H]1C2,16,7.108037380041979,0.2701309487446262,0.7643629658980116,False
O=C(c1ccc2[nH]c(-c3cc4ccc(Nc5ccncc5)nc4n3CC3CC3)nc2c1)N1CC2CCC1C2,15,7.329483642316402,0.30443246555485604,1.0517954455579925,False
O=C(c1ccc2cc(-c3cc4cccc(C5CCN(C(=O)C6CCC6)CC5)c4n3CC3CC3)nn2c1)N1CCCCC1,15,6.993528040775483,0.6641846117215892,2.6571969786109815,False
O=C(c1ccc2[nH]c(-c3cc4ccc(-c5ccccc5)cc4n3CC3CC3)nc2c1)N1CCCCC1,15,6.672337384231499,0.5215982898162564,1.5060538173181506,False
O=C(c1ccn2cc(-c3cc4ccccc4[nH]3)nc2c1)N1CCCCC1,14,5.805177646989054,0.3536401295607851,1.0,False
O=C(c1ccc2cc(-c3cc4cccnc4n3CC3CC3)nn2c1)N1CCCCC1,13,6.358802727616543,0.5844219380685898,1.8950540313954019,False
O=C(c1ccc2[nH]c(-c3cc4ccc(-c5cn[nH]c5)nc4n3CC3CC3)nc2c1)N1CC2CCC1C2,12,6.9896069898701105,0.6706038068899342,2.6311054016552653,False
O=C(CNC(=O)c1cc2c([nH]c3ccccc32)c(-c2ccccc2)n1)NCc1ccccc1,12,5.719352974641023,0.3282185584584298,1.103673841729976,False
c1ccccc1,12,4.066610235994542,1.257861737367918,3.674823326868747,False
O=C(c1ccn2cc(-c3cc4ccccc4n3CC3CC3)nc2c1)N1CCCCC1,12,5.690444733765648,0.3833258030840073,1.0,False
O=C(c1ccc2cc(-c3cc4cccnc4n3CC3CC3)nn2c1)N1CC2CCC1C2,12,7.208782028009929,0.49535003068761885,1.500602350569185,False
O=C1NCCc2cc3[nH]c(-c4cc5cccc(OCCn6ccnc6)c5n4CC4CC4)nc3cc21,11,7.513016624906655,0.5914062516089647,1.292931613413308,False
O=C(/C=C/c1ccccc1)c1c(-c2ccccc2)c2ccccc2[nH]c1=O,11,4.5686746179837545,0.42806666758803485,0.9393021596463882,False
O=C1NCCc2cc3[nH]c(-c4cc5ccccc5n4Cc4ccno4)nc3cc21,11,6.587169457931799,0.2689897449343531,1.134698573897456,False
O=C(c1ccc2[nH]c(-c3cc4cccnc4n3CC3CC3)nc2c1)N1[C@H]2CC[C@@H]1CC2,10,6.858212361897604,1.0177962617500942,3.172630726946174,False
O=C1CC(COc2cccc3cc(-c4cc5ccc(C(=O)N6CCCCC6)cn5n4)n(CC4CC4)c23)CN1,10,7.13578631142545,0.33302211245204844,1.0401929735929976,False
O=C(NCc1ccc2cc(-c3nc4cc(C(=O)N5CC[C@H]6CC[C@@H]5C6)ccc4[nH]3)n(CC3CC3)c2n1)C1CC1,10,7.110166643711617,0.14861364075688804,0.5009769038325071,True
O=C(NCc1ccc2cc(-c3nc4cc(C(=O)N5CC[C@@H]6CC[C@H]5C6)ccc4[nH]3)n(CC3CC3)c2n1)C1CC1,10,7.110166643711617,0.14861364075688807,0.5009769038325071,False
O=C1Cc2cc(-c3ccc4cc(-c5nc6cc(C(=O)N7CC8CCC7C8)ccc6[nH]5)n(CC5CC5)c4n3)ccc2N1,9,7.258077289539609,0.46669663808500467,1.4965837344890955,False
O=C(c1ccc2[nH]c(-c3cc4sccc4n3CC3CC3)nc2c1)N1C[C@H]2CC[C@@H]1C2,9,7.287232356494625,0.13983576688255292,0.41912930774197577,False
O=C(c1ccc2[nH]c(-c3cc4ccc(-c5ccncc5)nc4n3CC3CC3)nc2c1)N1CC2CCC1C2,9,6.877871383977513,0.23787043734558685,0.7618692858084506,False
O=C(c1ccc2[nH]c(-c3cc4ccc(Nc5ccccc5)nc4n3CC3CC3)nc2c1)N1CC2CCC1C2,9,6.964369652589124,0.1268764080814331,0.40122598511926455,False
O=C(CNC(=O)c1cc2c(cn1)[nH]c1ccccc12)NCc1ccccc1,9,5.828793666615386,0.39011536762728005,1.2942488226905873,False
O=C(c1ccc2[nH]c(-c3cc4ccc(-c5ccc6[nH]c(=O)ccc6c5)nc4n3CC3CC3)nc2c1)N1CC2CCC1C2,8,7.2328935385800746,0.31103550754097714,0.9882615967287558,False
O=C(c1ccc2[nH]c(-c3cc4ccc(-c5ccccn5)nc4n3CC3CC3)nc2c1)N1CC2CCC1C2,8,6.964634469545437,0.28350920023714427,0.8516950450674869,False
O=C(c1ccc2cc(-c3cc4ccc(-c5ccccc5)cc4n3CC3CC3)oc2c1)N1CC2CCC1C2,8,6.518296155332905,0.5871762327956843,1.6314437690131722,False
O=C(NCc1ccc2cc(-c3nc4cc(C(=O)N5CC[C@@H]6CC[C@H]5C6)ccc4[nH]3)n(CC3CC3)c2n1)c1cccnc1,8,7.137945261359969,0.10973905734902734,0.370933367109588,False
O=C(c1ccc2cc(-c3cc4ccnc(OCCn5ccnc5)c4n3CC3CC3)nn2c1)N1CCCCC1,8,6.8794061403230335,1.0706668145723117,2.4712917110589387,False
O=C1NCCc2cc3[nH]c(-c4cc5cccnc5n4CC4CC4)nc3cc21,8,6.396160475128977,0.18350476744525876,0.3979400086720375,False
O=C(NCc1ccc2cc(-c3nc4cc(C(=O)N5CC[C@H]6CC[C@@H]5C6)ccc4[nH]3)n(CC3CC3)c2n1)c1cccnc1,8,7.137945261359969,0.10973905734902752,0.370933367109588,True
O=C(/C=C/c1ccccc1)C1C(=O)NC2CCCCC2C1c1ccccc1,7,4.693058965459669,0.42291099251912756,0.9393021596463882,True
O=C(c1ccc2[nH]c(-c3cc4ccccc4n3CC3CC3)nc2c1)N1CCCCC1,7,6.924888323160139,0.5620019929783829,1.6018015452390637,False
O=C(NCc1ccc2cc(-c3nc4cc(C(=O)N5CCCCN5)ccc4[nH]3)n(CC3CC3)c2n1)C1CC1,7,6.982426367710815,0.14569462399659883,0.4330142202137459,False
O=C(c1ccc2[nH]c(-c3cc4ccc(N5CCC5)nc4n3CC3CC3)nc2c1)N1CC2CCC1C2,7,6.151151886291065,0.3229348913706694,0.7884469230053055,False
O=C(c1ccc2[nH]c(-c3cc4ccc(-c5ccc6[nH]ccc(=O)c6c5)nc4n3CC3CC3)nc2c1)N1CC2CCC1C2,7,7.1890500925121765,0.31115078713650296,0.8507019175322554,False
O=C(c1ccc2[nH]c(-c3cnc(-c4ccccc4)n3CC3CC3)nc2c1)N1CCCCC1,7,5.3643536998924,0.32238343742019215,0.927078228050692,False
O=C(c1ccc2[nH]c(-c3cc4ccc(-c5ccc6[nH]c(=O)ccc6c5)cc4n3CC3CC3)nc2c1)N1CC2CCC1C2,7,7.407293231069185,0.24688342903505026,0.6886291709977996,False
O=C(c1ccc2c(c1)nc(-c1cc3cccnc3n1CC1CC1)n2C1CC1)N1CCCCC1,7,6.706971222571824,0.6584016305138299,1.7715206714846312,False
O=C1NCCc2cc3[nH]c(-c4cc5cccc(OCCn6cncn6)c5n4CC4CC4)nc3cc21,7,6.817204657901003,0.6491117414122127,2.0,False
O=C(c1ccc2cc(-c3cc4ccc(-c5ccccc5)cc4n3CC3CC3)nn2c1)N1CC2CCC1C2,7,6.861181262165114,0.34341382211682,0.8740950906196794,False
O=C(c1ccc2cc(-c3cc4ccc(N5CCCCC5)nc4n3CC3CC3)nn2c1)N1CCCCC1,7,5.651327317445825,0.13290330099435468,0.3934042548391563,False
O=C1Cc2cc(-c3ccc4cc(-c5nc6cc(C(=O)N7CCCCC7)ccc6[nH]5)n(CC5CC5)c4n3)ccc2N1,7,7.047262884827306,0.27126818863166074,0.6020599913279625,False
O=C(c1ccc2[nH]c(-c3cc4cccnc4n3CC3CC3)nc2c1)N1CC[C@H]2CC[C@@H]1C2,6,7.055204841458946,0.11634264096560662,0.32525987528848166,True
O=C(c1ccc2[nH]c(-c3cc4cccnc4n3CC3CC3)nc2c1)N1C[C@H]2CC[C@@H]1C2,6,5.551051581943135,0.7397857448176011,1.718804249320991,False
O=C(c1ccc2[nH]c(-c3cc4ccc(Nc5cccnc5)nc4n3CC3CC3)nc2c1)N1CC2CCC1C2,6,6.806916085566964,0.39904582851651166,1.0805448091203722,False
O=C(c1ccc2[nH]c(-c3cc4cccnc4n3CC3CC3)nc2c1)N1CC[C@@H]2CC[C@H]1C2,6,7.055204841458946,0.11634264096560651,0.32525987528848166,False
O=C(c1ccc2[nH]c(-c3cc4ccc(-c5cncnc5)nc4n3CC3CC3)nc2c1)N1CC2CCC1C2,6,7.0545701052479535,0.3348324159264249,0.8469189839058826,False
O=C(c1ccc2[nH]c(-c3cc4ccc(CNC(=O)C56CC(C5)C6)nc4n3CC3CC3)nc2c1)N1CC[C@@H]2CC[C@H]1C2,6,7.089648110375779,0.12029345723615056,0.34640769216293243,False
O=C(c1ccc2[nH]c(-c3cc4ccc(CNC(=O)C56CC(C5)C6)nc4n3CC3CC3)nc2c1)N1CC[C@H]2CC[C@@H]1C2,6,7.089648110375779,0.12029345723615081,0.34640769216293243,True
O=C(c1ccc2[nH]c(-c3cccnc3)nc2c1)N1C[C@H]2CC[C@@H]1C2,6,5.174292915093446,0.27001342300754355,0.5228787452803374,False
O=C1CCc2cc(-c3ccc4cc(-c5nc6cc(C(=O)N7CC8CCC7C8)ccc6[nH]5)n(CC5CC5)c4n3)ccc2N1,6,7.326711666780544,0.299181712795676,0.8498444750387186,False
O=C(c1ccc2cc(-c3cc4ccc(N5CCCCC5)nc4n3CC3CC3)nn2c1)N1CC2CCC1C2,6,7.026390193731636,0.21169165933394854,0.5740312677277188,False
O=C(c1cc2c3c(c1)nc(-c1cc4ccccc4n1CC1CC1)n3CCN2)N1CCCCC1,6,6.293272885084292,0.5063759475411846,1.240362689494244,False
O=C(c1ccc2cc(-c3cc4cccc(C5CCN(C(=O)C6CCCCO6)CC5)c4n3CC3CC3)nn2c1)N1CCCCC1,6,7.113357027289737,0.3981054929060944,1.066946789630613,False
O=C(c1ccc2cc(-c3cc4cccc(C5CCN(C(=O)C6CCCO6)CC5)c4n3CC3CC3)nn2c1)N1CCCCC1,6,6.939017418729269,0.60733249673634,1.518513939877888,False
O=C(Nc1ccccc1)c1ccc2cc(-c3nc4cc(C(=O)N5CCCCC5)ccc4[nH]3)n(CC3CC3)c2n1,6,6.75401927696754,0.5230484742710324,1.519708698490831,False
O=C(c1ccc2[nH]c(-c3cccn3CC3CC3)nc2c1)N1CCCCC1,6,5.533805013883694,0.40149453613419145,0.9602398954400284,False
O=C(N[C@H]1CCNC1)c1ccc2[nH]c(-c3cc4cccnc4n3CC3CC3)nc2c1,6,5.171509509615062,0.8542859077479276,2.3187587626244124,False
O=C(c1ccc2cc(-c3cc4ccccc4n3CC3CC3)sc2c1)N1CCCCC1,6,6.093082691935611,0.2809991861120536,0.7264313934572764,False
O=C(c1ccc2cc(-c3cc4ccccc4n3CC3CC3)oc2c1)N1CCCCC1,6,6.271809905821152,0.5762811109264484,1.5595229195209992,False
O=C(c1ccc2cc(-c3cc4cccnc4n3CC3CC3)oc2c1)N1CC2CCC1C2,6,6.7349716206235035,0.7129397685827085,2.0036041242688256,False
O=C1C=CC2=CC(c3ccc4cc(-c5nc6cc(C(=O)N7CC8CCC7C8)ccc6[nH]5)n(CC5CC5)c4c3)C=CC2=N1,6,7.415750882328414,0.26933407763224954,0.6886291709977996,True
O=C1CC[C@@H](COc2cccc3cc(-c4cc5ccc(C(=O)N6CCCCC6)cn5n4)n(CC4CC4)c23)N1,6,7.211590123325705,0.294897896354474,0.9030899869919438,False
O=C1C=CC2=CC(c3ccc4cc(-c5nc6cc(C(=O)N7CC8CCC7C8)ccc6[nH]5)n(CC5CC5)c4n3)C=CC2=N1,6,7.287745194793509,0.31518315592785734,0.8016323462331663,True
O=C(c1ccc2[nH]c(-c3cc4ccc(-c5cccnc5)cc4n3CC3CC3)nc2c1)N1CC2CCC1C2,6,7.161518741087316,0.3558192613486312,0.922643523367622,False
O=C(c1ccc2[nH]c(-c3cc4ccc(-c5cn[nH]c5)nc4n3CC3CC3)nc2c1)N1CCCCC1,6,7.0493453432880875,0.23564598716656845,0.6532125137753431,False
c1ccc(-c2ccccc2)cc1,5,4.242317467664458,0.22154397609083,0.5542872095319624,False
O=C(c1ccc2[nH]c(-c3cc4ccc(CNC(=O)C56CC(C5)C6)nc4n3CC3CC3)nc2c1)N1CCCCN1,5,6.989950192161127,0.09933285566600736,0.2588431112928333,False
O=C(c1cc2c3c(c1)nc(-c1cc4ccccc4n1CC1CC1)n3CCO2)N1CCCCC1,5,6.029818655252877,0.7277221751366162,1.870181344747122,False
O=C(c1ccc2[nH]c(-c3cc4ccc(-c5cn[nH]c5)cc4n3CC3CC3)nc2c1)N1CC2CCC1C2,5,6.90406804343675,0.1458397583569386,0.33169881543043456,False
O=C(c1ccc2[nH]c(-c3cc4ccccc4[nH]3)nc2c1)N1CCCCC1,5,6.833856054923656,0.5166757570042395,1.3326392946759382,False
O=C(c1ccc2[nH]c(-c3cc4ccccc4n3CC3CC3)nc2c1)N1CC2CCC1C2,5,7.164696104063057,0.42943102835934843,1.0408793344677179,False
O=C(c1ccc2[nH]c(-c3cc4ccc(-c5ccc6ncccc6c5)nc4n3CC3CC3)nc2c1)N1CC2CCC1C2,5,7.33213213178021,0.22967483515617357,0.5729576096236544,False
O=C1NCCc2cc3[nH]c(-c4cc5ccncc5n4CC4CC4)nc3cc21,5,6.04997549464332,0.06843176434656235,0.1249387366082999,False
O=C(c1ccc2[nH]c(-c3cc4ccc(Nc5ccncc5)nc4n3CC3CC3)nc2c1)N1CCCCC1,5,7.153415611233538,0.22205381581869804,0.59176003468815,False
O=C(c1ccc2[nH]c(-c3cccnc3CC3CC3)nc2c1)N1C[C@H]2CC[C@@H]1C2,5,5.8,0.44721359549995804,1.0,False
O=C(Cc1ccccc1)NCc1ccc2cc(-c3nc4cc(C(=O)N5CCCCN5)ccc4[nH]3)n(CC3CC3)c2n1,5,6.807633981919503,0.2896678403812846,0.7068767542546075,False
O=C(CNC(=O)c1ccccc1)NCc1ccccc1,5,5.465608989553161,0.299983205760261,0.7049037049053002,False
O=C(c1ccc2[nH]c(-c3cc4ccc(-c5ccc6[nH]c(=O)ccc6c5)nc4n3CC3CC3)nc2c1)N1CCCCC1,5,7.0750373931989206,0.20489847862334787,0.4685210829577455,False
O=C(c1ccc2cc(-c3cc4ccc(-c5ccccc5)cc4n3CC3CC3)oc2c1)N1CCCCC1,5,5.653722483393365,0.4477958194468896,1.1629251730746129,False
O=C(NCc1ccc2cc(-c3nc4cc(C(=O)N5CC[C@@H]6CC[C@H]5C6)ccc4[nH]3)n(CC3CC3)c2n1)c1ccccc1,5,6.99976832891052,0.28439124519392206,0.7141259870432197,False
O=C(c1ccc2cc(-c3cc4ccccc4n3CC3CC3)oc2c1)N1CC2CCC1C2,5,6.838564855193925,0.4836364180333707,1.0543576623225928,False
O=C(NCc1ccc2cc(-c3nc4cc(C(=O)N5CC[C@H]6CC[C@@H]5C6)ccc4[nH]3)n(CC3CC3)c2n1)c1ccccc1,5,6.99976832891052,0.2843912451939217,0.7141259870432197,True
O=C1NCCc2cc3[nH]c(-c4cc5ccccc5n4CC4CCC4)nc3cc21,5,6.44329074354593,0.17796418207150633,0.3979400086720375,False
O=C1Cc2cc(-c3ccc4cc(-c5nc6cc(C(=O)N7CC8CCC7C8)ccc6[nH]5)n(CC5CC5)c4c3)ccc2N1,5,7.3611437648891185,0.15366237921994452,0.40823996531185003,False
O=C1CC[C@H](COc2cccc3cc(-c4cc5ccc(C(=O)N6CCCCC6)cn5n4)n(CC4CC4)c23)N1,5,6.602853646970185,0.5359453616254095,1.3502480183341632,False
O=C(N[C@@H]1CCCNC1)c1ccc2[nH]c(-c3cc4cccnc4n3CC3CC3)nc2c1,5,6.350307108359229,0.7322610846792893,1.710708407607263,False
O=C(/C=C/c1ccccn1)c1c(-c2ccccc2)c2ccccc2[nH]c1=O,5,4.5945616877849815,0.475221594534566,0.9393021596463882,False
O=C(c1ccn2cc(-c3cc4ccccc4n3Cc3ccccn3)nc2c1)N1CCCCC1,5,5.8346183080674345,0.36980470539514576,0.8269084596628291,False
O=C1CCc2cc(-c3ccc4cc(-c5nc6cc(C(=O)N7CCCCC7)ccc6[nH]5)n(CC5CC5)c4n3)ccc2N1,5,7.1851353131814575,0.09717646568925657,0.2582780152430315,False
O=C(c1ccc2cc(-c3cc4ccccc4n3CC3CC3)nn2c1)N1CC2CCC1C2,5,7.5286483251828,0.3270772959360783,0.8981265674603929,False
O=C(/C=C/c1cncnc1)c1cnc2ccccc2c1-c1ccccc1,5,4.154901959985743,0.0,0.0,False
O=C(c1ccc2cc(-c3cc4cccc(C5CCNCC5)c4n3CC3CC3)nn2c1)N1CC2CCC1C2,5,8.044369749923272,0.2975642229057992,0.8239087409443187,False
O=C(c1cc2c3c(c1)nc(-c1cc4ccccc4n1Cc1ccccc1)n3CCO2)N1CCCCC1,5,6.055782386303454,0.40551334577119047,0.7403626894942441,False
O=C(c1ccc2cc(-c3cc4ccc(N5CCC5)cc4n3CC3CC3)nn2c1)N1CCCCC1,5,6.23545123124048,0.5458461443584369,1.478806902177288,False
O=C(c1ccc2[nH]c(-c3cc4ccc(-c5cccnc5-c5cncs5)nc4n3CC3CC3)nc2c1)N1CCCCC1,4,6.6589709500888965,0.2417018897289722,0.459482506306947,False
O=C(/C=C/c1cccnc1)c1c(-c2ccccc2)c2cccnc2[nH]c1=O,4,4.939302159646388,0.0,0.0,False
O=C(c1ccc2[nH]c(-c3cc4ccc(-c5cccnc5)cc4n3CC3CC3)nc2c1)N1CCCCC1,4,7.2611687105294305,0.24121303064768082,0.44424002832500786,False
O=C1CC(=O)C2C(=O)C3C(=O)c4ccccc4C[C@H]3C[C@H]2C1,4,3.3452538141419246,0.4405430185310018,0.9344984512435675,False
O=C1NCc2ccc(-c3ccc4cc(-c5nc6cc(C(=O)N7CC8CCC7C8)ccc6[nH]5)n(CC5CC5)c4n3)cc21,4,7.586961023769016,0.3226009612388991,0.6842467475153127,False
O=C(c1ccc2cc(-c3cc4ccc(-c5ccccc5)cc4n3CC3CC3)sc2c1)N1CC2CCC1C2,4,5.966505369379736,0.47195798924198,1.0219397649243884,False
O=C(c1ccc2c(c1)nc(-c1cc3cccnc3n1CC1CC1)n2C1CC1)N1[C@H]2CC[C@@H]1CC2,4,7.250813243999953,0.28865388021651794,0.6939102055666169,False
O=C(c1ccc2c(c1)nc1n2Cc2cccc(c2)-c2ccccc2CCCCn2c-1cc1cccnc12)N1CCCCC1,4,7.339150205998232,0.3175479571933665,0.7152072032067043,False
O=C(c1ccc2c(c1)nc(-c1cccn1CC1CC1)n2CC1CCC1)N1C[C@H]2CC[C@@H]1C2,4,5.761439372640169,0.0,0.0,True
O=C1CC(COc2nccc3cc(-c4cc5ccc(C(=O)N6CCCCC6)cn5n4)n(CC4CC4)c23)CN1,4,7.330544618722391,0.1441512966803695,0.3345033904792878,False
O=C(c1ccc2[nH]c(-c3cc4ccc(-c5ccc6[nH]ccc(=O)c6c5)cc4n3CC3CC3)nc2c1)N1CC2CCC1C2,4,7.333715492824527,0.3600763818566247,0.8219301749622305,False
O=C(NCc1ccc2cc(-c3nc4cc(C(=O)N5CCCCN5)ccc4[nH]3)n(CC3CC3)c2n1)c1ncccn1,4,7.088106791245248,0.34893191288350556,0.8372727025023003,False
O=C(NCc1ccc2cc(-c3nc4cc(C(=O)N5CCCCN5)ccc4[nH]3)n(CC3CC3)c2n1)c1cccnc1,4,7.07651735851133,0.07306113183861743,0.16941133131485575,False
O=C(c1ccc2[nH]c(-c3cc4scc(-c5cn[nH]c5)c4n3CC3CC3)nc2c1)N1C[C@H]2CC[C@@H]1C2,4,7.436765211632842,0.24155842143296782,0.5404030902638706,False
O=C(c1ccc2[nH]c(-c3cc4scc(C5CCC5)c4n3CC3CC3)nc2c1)N1C[C@H]2CC[C@@H]1C2,4,7.40609919096293,0.2594538250555528,0.6350602514308878,False
O=C(c1ccc2[nH]c(-c3cc4ccc(N5CCCC5=O)nc4n3CC3CC3)nc2c1)N1CCCCC1,4,6.150436478688585,0.283518937119271,0.5855658134664044,False
O=C(c1ccc2[nH]c(-c3cc4ccc(N5CCCCC5)cc4n3CC3CC3)nc2c1)N1CC2CCC1C2,4,7.424924514377025,0.26976861595900725,0.5873367345072564,False
O=C(c1ccc2[nH]c(-c3cc4ccc(NC5CC5)nc4n3CC3CC3)nc2c1)N1CCCCC1,4,6.891982950685588,0.24941074358983462,0.5301779840218375,False
O=C(c1ccc2[nH]c(-c3cc4ccc(Nc5ccncn5)nc4n3CC3CC3)nc2c1)N1CC2CCC1C2,4,6.878043751549188,0.03536426137413592,0.06897620679031391,False
O=C1NCCc2cc3[nH]c(-c4cc5cccnc5[nH]4)nc3cc21,4,6.06246936830415,0.0721334132130137,0.1249387366082999,False
O=C1NCCC2C=c3[nH]c(C4Cc5ccccc5N4CC4CC4)nc3=CC12,4,6.1845757676846915,0.34863947602971096,0.707068386586692,False
O=C(c1ccc2cc(-c3cc4ccc(N5CCCCC5)cc4n3CC3CC3)oc2c1)N1CC2CCC1C2,4,6.7090659093048615,0.9364979326576022,1.7965743332104296,False
O=C(c1ccc2cc(-c3cc4ccc(-c5ccc6[nH]ncc6c5)nc4n3CC3CC3)nn2c1)N1CCCCC1,4,6.111543801671965,0.6229571932739484,1.288440868355961,False
O=C(c1ccc2cc(-c3cc4cccc(OCCn5cncn5)c4n3CC3CC3)nn2c1)N1CCCCC1,4,7.491644061128262,0.19809489967265026,0.4771212547196626,False
O=C(c1ccc2cc(-c3cc4ccc(-c5ccc6[nH]c(=O)ccc6c5)cc4n3CC3CC3)nn2c1)N1CCCCC1,4,7.098619869140633,0.12905966437192218,0.30102999566398125,False
O=C(c1ccc2[nH]c(-c3cc4ccc(-c5ccc(=O)[nH]c5)nc4n3CC3CC3)nc2c1)N1CC2CCC1C2,4,7.064606485429298,0.24356141534436737,0.5859304910274261,False
O=C(c1ccc2cc(-c3cc4ccnc(OCCn5cnnc5)c4n3CC3CC3)nn2c1)N1CCCCC1,4,7.305462187404089,0.48492101023310097,1.0969100130080562,False
O=C1CCc2cc(-c3ccc4cc(-c5nc6cc(C(=O)N7CC8CCC7C8)ccc6[nH]5)n(CC5CC5)c4c3)ccc2N1,4,7.3244973711491355,0.17746898446124665,0.403019534201313,False
O=C(/C=C/c1nc2ccccc2[nH]1)c1c(-c2ccccc2)c2ccccc2[nH]c1=O,4,4.116176469989307,0.07745097999287161,0.15490195998574308,False
O=C(N[C@@H]1CCNC1)c1ccc2[nH]c(-c3cc4cccnc4n3CC3CC3)nc2c1,4,5.285152918829584,0.8013922034946653,1.9053001417970599,False
O=C(c1ccc2cc(-c3cc4cccc(OCCn5cccn5)c4n3CC3CC3)nn2c1)N1CCCCC1,4,6.829013217312122,0.9250454884940345,2.20682587603185,False
O=C1NCc2ccc(-c3ccc4cc(-c5cc6ccc(C(=O)N7CCCCC7)cn6n5)n(CC5CC5)c4n3)cc21,4,6.292697932102259,0.26633059417225924,0.5723248039137019,False
O=C1NCc2cc(-c3ccc4cc(-c5cc6ccc(C(=O)N7CCCCC7)cn6n5)n(CC5CC5)c4n3)ccc21,4,6.343531916522425,0.49467669687290317,1.205054954990998,False
O=C1C2=CC3C(=O)C=CC[C@@H]3C[C@@H]2Cc2ccccc21,4,3.3452538141419246,0.4405430185310018,0.9344984512435675,False
O=C(/C=C/c1ccccn1)C1C(=O)NC2CCCCC2C1c1ccccc1,4,4.704476619734791,0.4696510798231941,0.9393021596463882,True
O=C(c1ccn2cc(-c3cc4ccccc4n3Cc3ccncc3)nc2c1)N1CCCCC1,4,5.688303109208813,0.4733864856602274,1.0,False
O=C(/C=C/c1cccnc1)C1C(=O)NC2NCCCC2C1c1ccccc1,4,4.939302159646388,0.0,0.0,True
O=C(c1ccn2cc(-c3cc4ccccc4n3Cc3cccnc3)nc2c1)N1CCCCC1,3,5.917737478945084,0.142482866025819,0.24678756316474804,False
O=C(/C=C/c1ccc(=O)[nH]c1)c1c(-c2ccccc2)c2ccccc2[nH]c1=O,3,5.234171020079032,0.5107278478392747,0.8846065812979305,False
NO_SCAFFOLD,3,3.546090721327469,1.8796056479331702,3.638272163982407,False
O=C(/C=C/C1CC1)c1c(-c2ccccc2)c2ccccc2[nH]c1=O,3,4.416368693205958,0.4528736664264696,0.7844001996606451,False
O=C(NCc1ccc2cc(-c3nc4cc(C(=O)N5[C@H]6CC[C@@H]5CC6)ccc4[nH]3)n(CC3CC3)c2n1)c1ccccc1,3,7.072214416223884,0.4118233128924939,0.737185731413474,False
O=C(c1ccc2cc(-c3cc4ccc(-c5cccnc5)cc4n3CC3CC3)nn2c1)N1CCCCC1,3,6.966543151627479,0.29476976681241335,0.5563025007672877,False
O=C(c1ccc2cc(-c3cc4ccc(-c5cccnc5)nc4n3CC3CC3)nn2c1)N1CC2CCC1C2,3,7.485310651883242,0.45168262585739954,0.8450980400142569,False
O=C(c1ccc2cc(-c3cc4ccc(C5CC5)nc4n3CC3CC3)nn2c1)N1CC2CCC1C2,3,7.407669471714532,0.30305359938231374,0.5869962448920862,False
O=C(c1ccc2cc(-c3cc4ccc(-c5ccccc5)nc4n3CC3CC3)sc2c1)N1CC2CCC1C2,3,6.571628437260199,0.37923829516704666,0.7375994066921505,False
O=C(/C=C/c1cncnc1)C1C(=O)NC2NCCCC2C1c1ccccc1,3,4.6778354264261734,0.45287366642646976,0.7844001996606451,True
O=C1NCCN1c1ccccc1-c1ccc2cc(-c3cc4ccc(C(=O)N5CC6CCC5C6)cn4n3)n(CC3CC3)c2n1,3,7.121505417728362,0.17379974903075132,0.30102999566398125,False
O=C1C=CC2C=C(c3ccc4cc(-c5nc6cc(C(=O)N7CCCCC7)ccc6[nH]5)n(CC5CC5)c4n3)C=CC2=N1,3,7.086282800382738,0.1691583573315643,0.33348201944511935,True
O=C(c1ccc2cc(-c3cc4ccc(-c5ccn6cnnc6c5)nc4n3CC3CC3)nn2c1)N1CC2CCC1C2,3,7.359871919273881,0.5038651114997857,1.0,False
O=C(c1ccc2cc(-c3cc4ccc(N5CCC5)nc4n3CC3CC3)nn2c1)N1CC2CCC1C2,3,6.864081604978772,0.2379050087743824,0.4571041411977754,False
O=C(c1ccc2cc(-c3cc4cccnc4n3CC3CC3)oc2c1)N1CCCCC1,3,6.271983933708252,0.36479815185404507,0.6699182072781955,False
O=C(NCc1ccc2cc(-c3nc4cc(C(=O)N5CC[C@@H]6CC[C@H]5C6)ccc4n3C3CC3)n(CC3CC3)c2n1)C1CC1,3,7.226348839610972,0.13382167499008557,0.2545501427237884,False
O=C(NCc1ccc2cc(-c3nc4cc(C(=O)N5CC[C@H]6CC[C@@H]5C6)ccc4[nH]3)n(CC3CC3)c2n1)C1CCC1,3,7.044608841997338,0.0451296782764965,0.08892153857037322,True
O=C(NCc1ccc2cc(-c3nc4cc(C(=O)N5CC[C@H]6CC[C@@H]5C6)ccc4n3C3CC3)n(CC3CC3)c2n1)C1CC1,3,7.226348839610972,0.13382167499008565,0.2545501427237884,True
O=C1C=CC(=O)c2ncccc21,3,5.91109934437197,0.39278237987302794,0.7703259128716873,False
O=C(c1ccc2cc(-c3cc4ccc(-c5ccn6cnnc6c5)cc4n3CC3CC3)nn2c1)N1CCCCC1,3,6.99432222023374,0.19566510661443454,0.3912066260130693,False
O=C(c1ccc2cc(-c3cc4ccccc4n3CC3CC3)nn2c1)N1CCCCC1,3,6.824508945261575,0.9142833535478374,1.7470787173816102,False
O=C1Cc2cccc(-c3ccc4cc(-c5nc6cc(C(=O)N7CC8CCC7C8)ccc6[nH]5)n(CC5CC5)c4n3)c2N1,3,7.306282398653504,0.5128549100503969,1.002406069765878,False
O=C(c1ccc2cc(-c3cc4ccnc(OCCn5cncn5)c4n3CC3CC3)nn2c1)N1CCCCC1,3,6.949339201514175,0.5782293106351801,1.1563472008599245,False
O=C(c1ccc2[nH]c(-c3cccn3Cc3ccccc3)nc2c1)N1CCCCC1,3,5.063754023795657,0.11042520840103412,0.19126207138697282,False
O=C(c1ccc2[nH]c(-c3cc4ccc(-c5ccc6c(c5)CCC6)nc4n3CC3CC3)nc2c1)N1CC2CCC1C2,3,6.789340738291137,0.1432920022284954,0.2535300976230488,False
O=C(c1ccc2c(c1)nc(-c1cc3ccccc3n1CC1CC1)n2Cc1cn[nH]c1)N1CC2CCC1C2,3,7.252632022632317,0.2554542461370661,0.49790486064295436,False
O=C(c1ccc2[nH]c(-c3cc4ccc(-c5ccc6[nH]ccc6c5)nc4n3CC3CC3)nc2c1)N1CC2CCC1C2,3,6.993603523792655,0.1764852750180464,0.3507177798530883,False
O=C(c1ccc2[nH]c(-c3cc4ccc(-c5ccc(N6CCCC6=O)nc5)nc4n3CC3CC3)nc2c1)N1CCCCC1,3,7.091184392196452,0.4136269943783372,0.7269987279362624,False
O=C(c1ccc2[nH]c(-c3cc4cccnc4n3CC3CC3)nc2c1)N1CC2CCC1C2,3,7.532041613363533,0.07628446728515037,0.1383026981662816,False
O=C(c1ccc2[nH]c(-c3cc4ccc(Nc5cncnc5)nc4n3CC3CC3)nc2c1)N1CC2CCC1C2,3,7.050664421126189,0.2701638775739803,0.5118833609788744,False
O=C(/C=C/c1cncnc1)c1c(-c2ccccc2)c2cccnc2[nH]c1=O,3,4.6778354264261734,0.4528736664264696,0.7844001996606451,False
O=C1NCCc2cc3[nH]c(-c4cc5ccccc5n4Cc4ccco4)nc3cc21,3,6.7684649336888105,0.4253677559606579,0.7367585652254185,False
O=C(c1ccc2[nH]c(-c3cc4ccc(-c5ccc6ncccc6c5)cc4n3CC3CC3)nc2c1)N1CC2CCC1C2,3,7.3756295823932305,0.6059009404771688,1.1792963989308918,False
O=C1c2cc3nc(-c4cc5ccccc5n4CC4CC4)[nH]c3cc2CCN1C[C@H]1COCCN1,3,6.323908740944319,0.17231307834609214,0.2984550065040281,False
O=C(c1ccc2[nH]c(-c3cc4ccc(-c5ccccn5)nc4n3CC3CC3)nc2c1)N1CCCCC1,3,7.090073285259906,0.2173244885781473,0.41989458456008677,False
O=C1NCc2cc(-c3ccc4cc(-c5cc6ccc(C(=O)N7CC8CCC7C8)cn6n5)n(CC5CC5)c4n3)ccc21,3,7.624677012302481,0.3960450237563878,0.7861201800549189,False
O=C1NCc2ccc(-c3ccc4cc(-c5nc6cc(C(=O)N7CCCCC7)ccc6[nH]5)n(CC5CC5)c4n3)cc21,3,7.108437169854697,0.34658881069816116,0.6020599913279625,False
O=C(c1ccc2[nH]c(-c3cc4ccc(C5CNC5)nc4n3CC3CC3)nc2c1)N1CCCCC1,3,7.046198214054098,0.39109396925839024,0.7175664928276762,False
O=C(c1ccc2[nH]c(-c3cc4ccc(NS(=O)(=O)C5CC5)nc4n3CC3CC3)nc2c1)N1CCCCC1,3,6.946784270839653,0.19712892291454764,0.36493974856911215,False
O=C(c1ccc2[nH]c(-c3cc4ccc(N5CCCCC5)nc4n3CC3CC3)nc2c1)N1CC2CCC1C2,3,6.667447604047833,0.43752535377495383,0.7942978863342001,False
O=C(CNC(=O)c1ccc2nonc2c1)NCc1ccccc1,3,5.678495458248807,0.0424763895966112,0.08141412747991694,False
O=C(c1ccc2[nH]c(-c3cc4sccc4n3CC3CC3)nc2c1)N1CCCCC1,3,7.153758498557321,0.08010077158050233,0.1563472008599236,False
O=C(NCc1ccc2cc(-c3nc4cc(C(=O)N5CC[C@@H]6CC[C@H]5C6)ccc4[nH]3)n(CC3CC3)c2n1)C1CCC1,3,7.044608841997338,0.0451296782764965,0.08892153857037322,False
O=C(c1ccc2[nH]c(-c3ccc(Cc4ccccc4)n3CC3CC3)nc2c1)N1CCCCC1,3,5.626363607964669,0.25841221537549974,0.48474750314644144,False
O=C(c1ccc2[nH]c(-c3cnc(-c4ccccc4)n3CC3CC3)nc2c1)N1C[C@H]2CC[C@@H]1C2,3,6.0,0.0,0.0,False
O=C(c1ccc2c(c1)nc(-c1cc3ccc(CNC(=O)C45CC(C4)C5)nc3n1CC1CC1)n2C1CC1)N1CC[C@H]2CC[C@@H]1C2,3,7.0393163385795035,0.1149598392691064,0.20021493210238717,True
O=C(c1ccc2c(c1)nc(-c1cc3ccc(CNC(=O)C45CC(C4)C5)nc3n1CC1CC1)n2C1CC1)N1CC[C@@H]2CC[C@H]1C2,3,7.0393163385795035,0.1149598392691064,0.20021493210238717,False
O=C1CCCN1c1ccc(-c2ccc3cc(-c4nc5cc(C(=O)N6CC7CCC6C7)ccc5[nH]4)n(CC4CC4)c3n2)cn1,3,7.231814949959852,0.520798664129091,0.979244778409381,False
O=C1CC(COc2cccc3cc(-c4nc5cc6c(cc5[nH]4)CCNC6=O)n(CC4CC4)c23)CN1,3,6.598171757847755,0.23919105389442596,0.4396294050679366,False
O=C(c1ccc2[nH]c(-c3ccc(-c4ccccc4)n3CC3CC3)nc2c1)N1CCCCC1,3,5.284718818700461,0.49314745986019,0.854156456101383,False
O=C(c1ccc2[nH]c(-c3cc4cccnc4n3CC3CC3)nc2c1)N1[C@@H]2CCC[C@H]1CC2,3,6.482504703766668,0.9635449535738173,1.7773208591518745,False
O=C1NCCc2cc3[nH]c(-c4cc5ccccc5n4Cc4ncco4)nc3cc21,3,6.6456718394845735,0.10634193899016432,0.18418964130635462,False
O=C(c1ccc2[nH]c(-c3cccc(=O)n3CC3CC3)nc2c1)N1C[C@H]2CC[C@@H]1C2,3,6.0,0.0,0.0,False
O=C(c1ccc2c(c1)nc(-c1cc3cccnc3n1CC1CC1)n2CC1CC1)N1CCCCC1,3,6.764157467959912,0.2436654047857565,0.4237742127877393,False
O=C(c1ccc2c(c1)nc1n2Cc2cccc(c2)-c2ccccc2CCCCn2c-1cc1cccnc12)N1CC2CCC1C2,3,7.185560225096591,0.1508373083199174,0.292075153011055,False
O=C(c1ccc2[nH]c(-c3cc4ccc(C5CCC5)nc4n3CC3CC3)nc2c1)N1CC2CCC1C2,3,7.113861475585281,0.21459506139286946,0.42093718525234003,False
O=C(c1ccc2[nH]c(-c3cc4ccc(CNC(=O)C5(c6ccccc6)CC5)nc4n3CC3CC3)nc2c1)N1CCCCN1,3,6.059640327789748,0.5826124169554843,1.075976106172413,False
O=C(c1ccc2[nH]c(-c3cc4ccc(N5CCC5)cc4n3CC3CC3)nc2c1)N1CC2CCC1C2,3,6.581867101759747,0.3152369654620896,0.6304117305488255,False
O=C(NCCc1ccccc1)c1ccccc1,3,3.3390922041104845,0.29366246298493776,0.5086383061657269,False
O=C1NCc2ccc(-c3ccc4cc(-c5cc6ccc(C(=O)N7CC8CCC7C8)cn6n5)n(CC5CC5)c4n3)cc21,3,7.403708294741527,0.19064139208429076,0.38021124171160636,False
O=C(c1ccc2cc(-c3cc4cccc(C5CN(C(=O)C6CCCCO6)C5)c4n3CC3CC3)nn2c1)N1CCCCC1,2,6.277821437171986,0.4344537812827869,0.6144104297143915,False
O=C(c1ccc2cc(-c3cc4cccc(C5CNC5)c4n3CC3CCC3)nn2c1)N1CCCCC1,2,5.021076683145925,0.27883757792670566,0.3943358844032119,False
O=C(c1ccc2cc(-c3cc4cccc(OCC5CNC5)c4n3CC3CC3)oc2c1)N1CCCCC1,2,6.3822143153794855,0.2479200033436206,0.3506118311121318,False
O=C(NCc1ccc2cc(-c3nc4cc(C(=O)N5CC[C@H]6CC[C@@H]5C6)ccc4[nH]3)n(CC3CC3)c2n1)c1ccncc1,2,7.096834024770889,0.04716086471950327,0.06669553449956478,True
O=C(/C=C/c1ccccc1)C1CC2CCCCC2NC1=O,2,4.154901959985743,0.0,0.0,True
O=C(/C=C/C1CC1)C1C(=O)NC2CCCCC2C1c1ccccc1,2,4.547102059816066,0.5546547003441239,0.7844001996606451,True
O=C1NCc2cc(-c3ccc4cc(-c5nc6cc(C(=O)N7CC8CCC7C8)ccc6[nH]5)n(CC5CC5)c4c3)ccc2N1,2,7.55395269865476,0.04394520629865708,0.062147906748844406,False
O=C1NCc2cc(-c3ccc4cc(-c5nc6cc(C(=O)N7CC8CCC7C8)ccc6[nH]5)n(CC5CC5)c4c3)ccc21,2,7.619788758288394,0.17669005577721764,0.2498774732165998,False
O=C1NCc2cc(-c3ccc4cc(-c5nc6cc(C(=O)N7CC8CCC7C8)ccc6[nH]5)n(CC5CC5)c4n3)ccc21,2,7.758563208195623,0.0527739376022291,0.07463361829690385,False
O=C1NCc2cc(-c3ccc4cc(-c5nc6cc(C(=O)N7CC8CCC7C8)ccc6[nH]5)n(CC5CC5)c4n3)ccc2N1,2,7.352326425833191,0.03454115335723959,0.04884856753781719,False
O=C(/C=C/c1cnc[nH]1)C1C(=O)NC2CCCCC2C1c1ccccc1,2,4.547102059816066,0.5546547003441239,0.7844001996606451,True
O=C(/C=C/c1ccccc1)c1cc2ccccc2[nH]c1=O,2,4.154901959985743,0.0,0.0,False
O=C1NCc2cc(-c3ccc4cc(-c5cc6ccc(C(=O)N7CC8CCC7C8)cc6o5)n(CC5CC5)c4c3)ccc21,2,6.8849927951978716,0.09854837751455095,0.13936845203094173,False
O=C1NCc2cc(-c3ccc4cc(-c5cc6ccc(C(=O)N7CC8CCC7C8)cn6n5)n(CC5CC5)c4c3)ccc21,2,7.714728530059051,0.29145558970244645,0.412180447786648,False
O=C(NCc1ccc2cc(-c3nc4cc(C(=O)N5CCCCN5)ccc4[nH]3)n(CC3CC3)c2n1)c1ccccn1,2,6.74668660992688,0.1559857616326921,0.22059717963804992,False
O=C1NCCc2cc3[nH]c(-c4cc5ccccc5n4Cc4cnco4)nc3cc21,2,6.522878745280337,0.0,0.0,False
c1ccc2c(c1)cc(-c1nc3cccc4c3n1CCN4)n2CC1CC1,2,6.379818655252878,0.16996208768561655,0.2403626894942441,False
c1ccc2[nH]ccc2c1,2,4.082471949139942,0.5108500720168789,0.722451100185542,False
O=C1NCc2ccc3cc(-c4nc5cc(C(=O)N6CCCCC6)ccc5n4C4CC4)n(c3n2)CCCCCC2C[C@@H]12,2,8.261439372640169,0.05598959602307623,0.07918124604762511,False
O=C(c1ccc2cc(-c3cc4ccc(N5CCC(N6CCCC6=O)CC5)cc4n3CC3CC3)nn2c1)N1CCCCC1,2,5.599010178540735,0.0608889288072779,0.08610994891762225,False
O=C1COCCN1c1ccc2cc(-c3cc4ccc(C(=O)N5CC6CCC5C6)cn4n3)n(CC3CC3)c2n1,2,7.301029995663981,0.0,0.0,False
O=C1Cc2cccc(-c3ccc4cc(-c5nc6cc(C(=O)N7CCCCC7)ccc6[nH]5)n(CC5CC5)c4n3)c2N1,2,6.542168198247113,1.1379035096048242,1.6092385759550858,False
O=C(c1ccc2cc(-c3cc4ccc(N5CCC(N6CCOC6=O)CC5)cc4n3CC3CC3)nn2c1)N1CCCCC1,2,6.631801748861679,0.9464316629509851,1.338456493604605,False
O=C(c1ccc2cc(-c3cc4ccc(N5CCC5)cc4n3CC3CC3)nn2c1)N1CC2CCC1C2,2,6.145492291513941,0.10594045937804561,0.14982243445646848,False
O=C(c1ccc2cc(-c3cc4ccc(N5CCC(C(=O)N6CCCC6)CC5)cc4n3CC3CC3)nn2c1)N1CCCCC1,2,7.110924374808178,0.8316221045724969,1.1760912590556813,False
O=C1CCc2cc(-c3ccc4cc(-c5nc6cc(C(=O)N7C[C@H]8CC[C@@H]7C8)ccc6[nH]5)n(CC5CC5)c4n3)ccc2N1,2,7.621301985603488,0.05130106872039133,0.07255066714861158,False
O=C(C1C=CC2CC(C3=CC4CC=CN=C4N3CC3CC3)=NN2C1)N1CCCCC1,2,6.202598278078019,0.20939816608939613,0.2961337264196784,False
O=C(/C=C/c1ccccn1)c1cnc2ccccc2c1-c1ccccc1,2,4.154901959985743,0.0,0.0,False
O=C1c2cc3nc(-c4cc5cccc(OCCn6ccnc6)c5n4CC4CC4)[nH]c3cc2CCN1C[C@H]1COCCN1,2,8.0,0.0,0.0,False
O=C1c2cc3nc(-c4cc5ccc(-c6ccccc6)nc5n4CC4CC4)[nH]c3cc2CCN1C[C@H]1COCCN1,2,6.323908740944319,0.28138607863743126,0.3979400086720375,False
O=C1c2cc3nc(-c4cc5cccc(C6CCNCC6)c5n4CC4CC4)[nH]c3cc2CCN1C[C@H]1COCCN1,2,7.259637310505756,0.0,0.0,False
O=C(/C=C/c1c[nH]cn1)c1c(-c2ccccc2)c2ccccc2[nH]c1=O,2,4.547102059816066,0.5546547003441239,0.7844001996606451,False
O=C1NCCc2cc3[nH]c(-c4cc5cccc(OCCc6cnoc6)c5n4CC4CC4)nc3cc21,2,7.722363991439659,0.3926366087091674,0.5552720171206831,False
O=C(CNC(=O)c1c[nH]c2ccccc12)NCc1ccccc1,2,6.0731508941119134,0.11561346609722711,0.16350213174766015,False
O=C1NCCc2cc3[nH]c(-c4cc5cccc(OCCn6cnnc6)c5n4CC4CC4)nc3cc21,2,6.891258027893047,0.5209669775681647,0.7367585652254185,False
O=C1NCCc2cc3[nH]c(-c4cc5cccc(OCCn6cnnn6)c5n4CC4CC4)nc3cc21,2,7.722363991439659,0.3926366087091674,0.5552720171206831,False
O=C(NCc1ccc2cc(-c3nc4cc(C(=O)N5CC[C@H]6CC[C@@H]5C6)ccc4[nH]3)n(CC3CC3)c2n1)c1cn[nH]c1,2,7.200437438152893,0.1660534004160511,0.23483497094655004,True
O=C1NCC2(CCN(c3ccc4cc(-c5nc6cc(C(=O)N7CC8CCC7C8)ccc6[nH]5)n(CC5CC5)c4c3)CC2)O1,2,7.247696614679024,0.1134277446055201,0.16041105477051776,False
O=C(c1ccc2cc(-c3cc4cccc(OCCn5ccnc5)c4n3CC3CC3)nn2c1)N1CCCCC1,2,7.4604093769761874,0.33737567466050744,0.4771212547196626,False
O=C(NCc1ccc2cc(-c3nc4cc(C(=O)N5CC[C@H]6CC[C@@H]5C6)ccc4[nH]3)n(CC3CC3)c2n1)c1cncnc1,2,6.971890709363847,0.1669037098527692,0.2360374900841702,True
O=C(c1ccc2cc(-c3cc4ccccc4n3CC3CC3)sc2c1)N1CC2CCC1C2,2,6.906437135949136,0.1447260740261105,0.20467357671673803,False
O=C(Cn1cccn1)NCc1ccc2cc(-c3nc4cc(C(=O)N5[C@H]6CC[C@@H]5CC6)ccc4[nH]3)n(CC3CC3)c2n1,2,7.191017815388242,0.21892823948602022,0.30961128546759475,False
O=C(c1ccn2cc(-c3cc4ccccc4n3Cc3cncs3)nc2c1)N1CCCCC1,2,5.629818655252878,0.5235154782788902,0.7403626894942441,False
O=C(c1ccc2cc(-c3cc4ccc(-c5cccc(-c6nn[nH]n6)c5)cc4n3CC3CC3)nn2c1)N1CCCCC1,2,5.457676119572635,0.13458483445096456,0.19033169817029183,False
O=C1NCC2(CCN(c3ccc4cc(-c5nc6cc(C(=O)N7CC8CCC7C8)ccc6[nH]5)n(CC5CC5)c4n3)CC2)O1,2,7.108155381826341,0.17110938510373846,0.24198521306302734,False
O=C1NCC2(CCN(c3ccc4cc(-c5nc6cc(C(=O)N7CCCCC7)ccc6[nH]5)n(CC5CC5)c4c3)CC2)O1,2,7.057093312669754,0.21286035127455813,0.30102999566398125,False
O=C(c1ccc2cc(-c3cc4ccc(-c5ccc6cn[nH]c6c5)nc4n3CC3CC3)nn2c1)N1CCCCC1,2,5.610924374808178,1.1130081832099281,1.5740312677277188,False
O=C(NCc1ccc2cc(-c3nc4cc(C(=O)N5CC[C@@H]6CC[C@H]5C6)ccc4n3C3CC3)n(CC3CC3)c2n1)c1cccnc1,2,7.000942289084625,0.06542896929039191,0.09253053574256498,False
O=C(c1ccc2cc(-c3cc4ccc(C5CC5)cc4n3CC3CC3)oc2c1)N1CC2CCC1C2,2,6.285811099350457,0.6733676018801089,0.9522855950414968,False
O=C(c1ccc2cc(-c3cc4ccc(-c5ccncc5)nc4n3CC3CC3)nn2c1)N1CC2CCC1C2,2,7.084801911758265,0.1260393591352022,0.17824657108181619,False
O=C(c1ccc2cc(-c3cc4ccc(-c5ccn6cnnc6c5)nc4n3CC3CC3)nn2c1)N1CCCCC1,2,7.068934310343481,0.03956361812515917,0.055951405329150106,False
O=C(c1ccc2cc(-c3cc4ccc(-c5cccc6[nH]ncc56)cc4n3CC3CC3)nn2c1)N1CCCCC1,2,6.186214667909728,0.26945865428223675,0.3810720833847423,False
O=C(c1ccc2[nH]c(-c3cc4ccc(-c5cc(=O)cc[nH]5)nc4n3CC3CC3)nc2c1)N1CC2CCC1C2,2,6.9257603709184234,0.156202436003626,0.22090360347204285,False
O=C(Nc1ccncc1)c1ccc2cc(-c3nc4cc(C(=O)N5CCCCC5)ccc4[nH]3)n(CC3CC3)c2n1,2,7.295757490560675,0.2888425268622076,0.4084850188786495,False
O=C(NCc1ccc2cc(-c3nc4cc(C(=O)N5[C@H]6CC[C@@H]5CC6)ccc4n3C3CC3)n(CC3CC3)c2c1)C1CC1,2,7.151791223668498,0.06911010921987913,0.0977364537558385,False
O=C(c1ccc2cc(-c3cc4cccc(C5CCN(C(=O)c6cccs6)CC5)c4n3CC3CC3)nn2c1)N1CCCCC1,2,6.949814727441218,0.2900371457340317,0.41017446508904953,False
O=C(NCc1ccc2cc(-c3nc4cc(C(=O)N5[C@H]6CC[C@@H]5CC6)ccc4[nH]3)n(CC3CC3)c2n1)C1CC1,2,6.92557532852039,0.43244751481364196,0.6115731404639924,False
O=C(NCc1ccc2cc(-c3nc4cc(C(=O)N5[C@H]6CC[C@@H]5CC6)ccc4[nH]3)n(CC3CC3)c2n1)N1CCC1,2,7.4160003690770955,0.17835741014572454,0.2522354683778243,False
O=C(NCc1ccc2cc(-c3nc4cc(C(=O)N5[C@H]6CC[C@@H]5CC6)ccc4[nH]3)n(CC3CC3)c2n1)N1CCCC1,2,7.598767075777108,0.18959116131642748,0.26812239163975704,False
O=C(NCc1ccc2cc(-c3nc4cc(C(=O)N5[C@H]6CC[C@@H]5CC6)ccc4[nH]3)n(CC3CC3)c2n1)c1cn[nH]c1,2,7.356282152060956,0.364500073135449,0.5154809469141375,False
O=C(NCc1ccc2cc(-c3nc4cc(C(=O)N5[C@H]6CC[C@@H]5CC6)ccc4n3C3CC3)n(CC3CC3)c2c1)c1ccccc1,2,6.965273256928254,0.07803399689515156,0.11035673673530333,False
O=C(c1ccc2cc(-c3cc4ccc(-c5ccn6cnnc6c5)cc4n3CC3CC3)nn2c1)N1CC2CCC1C2,2,7.697728532559313,0.10157241872563097,0.14364509212482623,False
O=C(c1ccc2cc(-c3cc4ccc(-c5ccccc5)nc4n3CC3CC3)oc2c1)N1CC2CCC1C2,2,6.805993828317904,0.09004637613606946,0.127344806374178,False
O=C(c1ccc2cc(-c3cc4ccc(C5CC5)nc4n3CC3CC3)nn2c1)N1CCCCC1,2,6.441019842198418,0.4718818783151932,0.6673417521514367,False
O=C(c1ccc2cc(-c3cc4ccc(N5CCOCC5)nc4n3CC3CC3)nn2c1)N1CC2CCC1C2,2,6.530740137411754,0.03125670950141258,0.04420366249205365,False
O=C(NCc1ccc2cc(-c3nc4cc(C(=O)N5CC[C@@H]6CC[C@H]5C6)ccc4[nH]3)n(CC3CC3)c2n1)c1cncnc1,2,6.971890709363847,0.1669037098527692,0.2360374900841702,False
O=C1CCCCN1c1ccc(-c2ccc3cc(-c4nc5cc(C(=O)N6CC7CCC6C7)ccc5[nH]4)n(CC4CC4)c3n2)cc1,2,7.528995973488843,0.10332812494955197,0.14612803567823818,False
O=C(c1ccc2cc(-c3cc4ccc(N5CCCCC5)cc4n3CC3CC3)sc2c1)N1CC2CCC1C2,2,7.127931773799377,0.41335288723062574,0.584569259167627,False
O=C(c1ccc2cc(-c3cc4cccc(C5CN(C(=O)C6CCC6)C5)c4n3CC3CC3)nn2c1)N1CCCCC1,2,7.18837535480105,0.04733852892647574,0.06694678963061307,False
O=C(c1ccc2[nH]c(-c3cc4ccc(-c5ccc(N6CCCCC6=O)cc5)nc4n3CC3CC3)nc2c1)N1CCCCC1,2,7.404834150914853,0.14680124418646576,0.20760831050174477,False
O=C(c1ccc2c(c1)nc(-c1cc3ccc(N4CCCCS4(=O)=O)nc3n1CC1CC1)n2C1CC1)N1CCCCC1,2,7.454595965220226,0.13022883839158422,0.1841713894654724,False
O=C(c1ccc2c(c1)nc(-c1cccn1CC1CC1)n2Cc1ccccn1)N1C[C@H]2CC[C@@H]1C2,2,5.0,0.0,0.0,False
O=C(c1ccc2[nH]c(-c3cncn3CC3CC3)nc2c1)N1CCCCC1,2,5.0,0.0,0.0,False
O=C(c1ccc2c(c1)nc(-c1cc3cccnc3n1CC1CC1)n2C1CC1)N1C[C@H]2CC[C@@H]1C2,2,6.037051183455309,1.4292619357810123,2.0212816137651313,False
O=C(c1ccc2c(c1)nc(-c1cc3cccnc3n1CC1CC1)n2C1CC1)N1[C@@H]2CCC[C@H]1CC2,2,7.13996171361593,0.4261445709023795,0.6026594317018086,False
O=C(c1ccc2[nH]c(-c3cc4ccc(-c5cc[nH]n5)nc4n3CC3CC3)nc2c1)N1CC2CCC1C2,2,6.674666571218594,0.5745318065308667,0.8125106728106664,False
O=C(c1ccc2[nH]c(-c3cc4ccc(-c5cc[nH]c(=O)c5)nc4n3CC3CC3)nc2c1)N1CC2CCC1C2,2,7.143675149186395,0.3595848127194855,0.5085297189712863,False
O=C(c1ccc2[nH]c(-c3cnn(-c4ccccn4)c3)nc2c1)N1CCCCC1,2,5.0,0.0,0.0,False
O=C(c1ccc2[nH]c(-c3cn(CC4CC4)c(-c4ccccc4)n3)nc2c1)N1C[C@H]2CC[C@@H]1C2,2,5.0,0.0,0.0,False
O=C(c1ccc2c(c1)nc1n2Cc2cccc(c2)CCCCCCn2c-1cc1cccnc12)N1C[C@H]2CC[C@@H]1C2,2,7.293218087001407,0.0771249455474843,0.10907114399053874,False
O=C(c1ccc2[nH]c(-c3cccn3CCc3ccccc3)nc2c1)N1C[C@H]2CC[C@@H]1C2,2,6.0,0.0,0.0,False
O=C(c1ccc2[nH]c(-c3cc4ccc(-c5ccc6c(c5)CCC6)nc4n3CC3CC3)nc2c1)N1CCCCC1,2,6.6780566230172465,0.08750020597151544,0.12374397799535597,False
O=C(c1ccc2[nH]c(-c3cc4ccc(-c5ccc6c(c5)CCO6)nc4n3CC3CC3)nc2c1)N1CCCCC1,2,6.894760478677377,0.021686130427847474,0.030668819766453304,False
O=C(c1ccc2[nH]c(-c3cc4ccc(-c5ccc6c(c5)CCO6)nc4n3CC3CC3)nc2c1)N1CC2CCC1C2,2,7.1615160928526205,0.2097106562463367,0.29657565423773136,False
O=C(c1ccc2[nH]c(-c3cnn(-c4ccccc4)c3C3CC3)nc2c1)N1CCCCC1,2,5.0,0.0,0.0,False
O=C(c1ccc2[nH]c(-c3cc4ccc(-c5ccc6[nH]ncc6c5)nc4n3CC3CC3)nc2c1)N1CCCCC1,2,5.871304725331348,0.006849932471922092,0.009687267403132083,False
O=C(c1ccc2cc(-c3cc4ccc(-c5cccc6[nH]ncc56)nc4n3CC3CC3)nn2c1)N1CCCCC1,2,6.489405350465031,0.26640298157648806,0.3767507096020992,False
O=C(c1ccc2cc(-c3cc4ccc(-c5ccn6cnnc6c5)cc4n3CC3CC3)oc2c1)N1CC2CCC1C2,2,7.239104175180438,0.3066407878389203,0.43365556093857194,False
O=C(c1ccc2c(c1)nc1n2Cc2cnn(c2)CCCCCCn2c-1cc1cccnc12)N1CCCCC1,2,5.642085831093225,1.294619743719893,1.8308687996846533,False
O=C(c1ccc2c(c1)nc1n2Cc2cnn(c2)CCCCCCn2c-1cc1ccccc12)N1CC2CCC1C2,2,7.17015327090306,0.4294855987149109,0.6073843585465557,False
O=C(c1ccc2[nH]c(-c3cc4ccc(-c5cc[nH]c(=O)c5)nc4n3CC3CC3)nc2c1)N1CCCCC1,2,6.973518435622248,0.18222774341251313,0.2577089461746205,False
O=C(c1ccc2cc(-c3cc4ccc(-c5ccc6cn[nH]c6c5)nc4n3CC3CC3)nn2c1)N1CC2CCC1C2,2,7.100329725273209,0.5975745548615414,0.8450980400142569,False
O=C(c1ccc2cc(-c3cc4ccc(-c5ccc6cn[nH]c6c5)cc4n3CC3CC3)nn2c1)N1CC2CCC1C2,2,7.261439372640169,0.6187617532979387,0.8750612633917001,False
O=C(c1ccc2cc(-c3cc4ccc(-c5ccc6[nH]ncc6c5)cc4n3CC3CC3)nn2c1)N1CCCCC1,2,6.298439739412091,0.05487492121235663,0.07760485781266979,False
O=C(c1ccc2cc(-c3cc4ccc(-c5ccc6[nH]c(=O)ccc6c5)nc4n3CC3CC3)nn2c1)N1CCCCC1,2,7.090228032229065,0.18613980361838284,0.2632414347745815,False
O=C(c1ccc2c(c1)nc1n2Cc2cncc(c2)-c2ccccc2CCCCn2c-1cc1cccnc12)N1CCCCC1,2,8.247425010840047,0.21286035127455813,0.30102999566398125,False
O=C(c1ccc2[nH]c(-c3cc4ccc(-c5ccc6[nH]ccc(=O)c6c5)cc4n3CC3CC3)nc2c1)N1CCCCC1,2,6.86594513509576,0.17142763076838263,0.24243528039813445,False
O=C(c1ccc2[nH]c(-c3ccc(-c4ccccn4)n3CC3CC3)nc2c1)N1CCCCC1,2,5.678106039306835,0.34276824663809635,0.48474750314644144,False
O=C(c1ccc2[nH]c(-c3ccc[nH]3)nc2c1)N1C[C@H]2CC[C@@H]1C2,2,5.761439372640169,0.33737567466050744,0.4771212547196626,False
O=C(c1ccc2[nH]c(-c3cc4scc(C5CCNCC5)c4n3CC3CC3)nc2c1)N1C[C@H]2CC[C@@H]1C2,2,7.887345359137068,0.04733852892647574,0.06694678963061307,False
O=C(c1ccc2[nH]c(-c3cc4ccc(-c5ccc6c(=O)[nH]ccc6c5)nc4n3CC3CC3)nc2c1)N1CCCCC1,2,7.101296975161809,0.2948733491988243,0.4170138896193549,False
O=C(c1ccc2[nH]c(-c3cc4scc(C5CNC5)c4n3CC3CC3)nc2c1)N1C[C@H]2CC[C@@H]1C2,2,7.077916794774899,0.2569916179080107,0.36344103146171314,False
O=C(NCc1ccc2cc(-c3nc4cc(C(=O)N5CC[C@H]6CC[C@@H]5C6)ccc4n3C3CC3)n(CC3CC3)c2n1)c1cccnc1,2,7.000942289084625,0.06542896929039191,0.09253053574256498,True
O=C(NCc1ccc2cc(-c3nc4cc(C(=O)N5CCCCC5)ccc4[nH]3)n(CC3CC3)c2c1)c1cn[nH]c1,2,6.963470919505582,0.03949744151178199,0.05585781746500018,False
O=C(NCc1ccc2cc(-c3nc4cc(C(=O)N5CCCCN5)ccc4[nH]3)n(CC3CC3)c2n1)c1cn[nH]c1,2,7.246924791609445,0.10415302714938551,0.14729462355687417,False
O=C(NCc1ccc2cc(-c3nc4cc(C(=O)N5CC[C@@H]6CC[C@H]5C6)ccc4[nH]3)n(CC3CC3)c2n1)c1cn[nH]c1,2,7.200437438152893,0.1660534004160511,0.23483497094655004,False
O=C(NCc1ccc2cc(-c3nc4cc(C(=O)N5CC[C@@H]6CC[C@H]5C6)ccc4[nH]3)n(CC3CC3)c2n1)c1ccncc1,2,7.096834024770889,0.04716086471950327,0.06669553449956478,False
O=C(c1ccc2[nH]c(-c3cn(CC4CC4)c(-c4ccccc4)n3)nc2c1)N1CCCCC1,2,5.0,0.0,0.0,False
O=C(c1ccc2[nH]c(-c3cccn3CC3CCC3)nc2c1)N1C[C@H]2CC[C@@H]1C2,2,6.0,0.0,0.0,True
O=C(c1ccc2[nH]c(-c3cc4scc(-c5cc[nH]n5)c4n3CC3CC3)nc2c1)N1C[C@H]2CC[C@@H]1C2,2,7.293182501400722,0.036170295497340514,0.05115252244738144,False
O=C(c1ccc2[nH]c(-c3ccc(-c4ccccc4)[nH]3)nc2c1)N1CCCCC1,2,5.158100403997636,0.04689767977290521,0.06632333477867292,False
O=C1CCCN1c1ccc(-c2ccc3cc(-c4cc5ccc(C(=O)N6CC7CCC6C7)cn5n4)n(CC4CC4)c3n2)cc1,2,7.328788659588897,0.9492361808280066,1.3424226808222066,False
O=C(c1ccc2[nH]c(-c3ccnn3CC3CC3)nc2c1)N1CCCCC1,2,5.0,0.0,0.0,False
O=C(c1ccc2[nH]c(-c3cc4ccc(NC5CCC5)nc4n3CC3CC3)nc2c1)N1CCCCC1,2,6.579871654646512,0.4052986686146102,0.5731788739665404,False
O=C1NCCc2cc3[nH]c(-c4cc5ccccc5n4Cc4nnco4)nc3cc21,2,6.261439372640169,0.3697311065260401,0.5228787452803374,False
O=C1NCCc2cc3[nH]c(-c4cc5ccccc5n4Cc4ncno4)nc3cc21,2,6.522878745280337,0.0,0.0,False
O=C(c1ccc2[nH]c(-c3cc4ccc(Oc5ccncc5)nc4n3CC3CC3)nc2c1)N1CC2CCC1C2,2,6.580012860056614,0.14119628956859387,0.19968170766466375,False
O=C(c1ccc2[nH]c(-c3cc4ccc(Nc5ccncc5)cc4n3CC3CC3)nc2c1)N1CC2CCC1C2,2,7.182258126592544,0.3697311065260401,0.5228787452803374,False
O=C(c1ccc2[nH]c(-c3cc4ccc([C@H]5CCCN5)nc4n3CC3CC3)nc2c1)N1[C@H]2CC[C@@H]1CC2,2,7.37524428705175,0.08497959614434639,0.12017929739232347,False
O=C(c1ccc2[nH]c(-c3cc4ccccc4n3CC3CC3)nc2c1)N1[C@H]2CC[C@@H]1CC2,2,7.522770198794222,0.08568620112202295,0.12117858773499357,False
O=C(c1ccc2[nH]c(-c3cc4ccc(N5CCCNS5(=O)=O)nc4n3CC3CC3)nc2c1)N1CCCCC1,2,6.31586399741055,0.06596779201956582,0.09329254615387761,False
O=C1NCCc2cc3[nH]c(-c4cc5ccccc5n4Cc4ccon4)nc3cc21,2,6.0,0.0,0.0,False
O=C1NCCc2cc3[nH]c(-c4cc5cccc(OCc6ccno6)c5n4CC4CC4)nc3cc21,2,6.522878745280337,0.0,0.0,False
O=C1NCCc2cc3[nH]c(-c4cc5cccc(OCc6nnco6)c5n4CC4CC4)nc3cc21,2,6.522878745280337,0.0,0.0,False
O=C1NCCc2cc3[nH]c(-c4cc5ccccc5n4Cc4ccn[nH]4)nc3cc21,2,6.261439372640169,0.3697311065260401,0.5228787452803374,False
O=C(c1ccc2[nH]c(-c3cc4scc(-c5ccn[nH]5)c4n3CC3CC3)nc2c1)N1C[C@H]2CC[C@@H]1C2,2,7.447756444343803,0.2432904315468676,0.3440646278891828,False
O=C(c1ccc2[nH]c(-c3cc4scc(-c5ccccc5)c4n3CC3CC3)nc2c1)N1C[C@H]2CC[C@@H]1C2,2,7.026528364651087,0.28654741984904486,0.4052392474135367,False
O=C(c1ccc2[nH]c(-c3cc4scc(-c5ccc[nH]5)c4n3CC3CC3)nc2c1)N1C[C@H]2CC[C@@H]1C2,2,6.8544377266938925,0.13079188643545006,0.1849676596453751,False
O=C(c1ccc2[nH]c(-c3cc4ccc(-c5cccnc5-c5ccccc5)nc4n3CC3CC3)nc2c1)N1CCCCC1,2,6.434254827152525,0.08569454591552295,0.12119038905513602,False
O=c1cc(-c2ccccc2)c2ccccc2[nH]1,2,4.154901959985743,0.0,0.0,False
O=C(c1ccc2[nH]c(-c3cc4ccc(CNC(=O)C56CC(C5)C6)nc4n3CC3CC3)nc2c1)N1[C@H]2CC[C@@H]1CC2,2,7.576605090329016,0.2309743394227482,0.3266470433718167,False
O=C(c1cnc2cc(-c3cc4ccc(-c5ccccc5)nc4n3CC3CC3)nn2c1)N1CC2CCC1C2,2,5.533256356075647,1.0031690177557349,1.4186952302626565,False
O=C1NCc2ccc(-c3ccc4cc(-c5nc6cc(C(=O)N7CCCCC7)ccc6[nH]5)n(CC5CC5)c4c3)cc21,2,7.07888265682638,0.19203253564475378,0.2715750163257056,False
O=C(c1ccc2[nH]c(-c3cc4cccnc4n3CC3CC3)nc2c1)N1CCCCN1,2,6.8660197668163985,0.3140199329398615,0.444091248019042,False
O=C(c1ccc2[nH]c(-c3cc4cccnc4n3CC3CC3)nc2c1)N1CCCC1,2,5.463470919505582,0.6676093396747655,0.9441421825349998,False
O=C1NCc2cc(-c3ccc4cc(-c5cc6ccc(C(=O)N7CCCCC7)cn6n5)n(CC5CC5)c4c3)ccc21,2,6.975934536485516,0.1411189654908379,0.19957235490520375,False
O=C(CNC(=O)c1cc2c([nH]c3ccccc32)c(-c2nc3ccccc3[nH]2)n1)NCc1ccccc1,2,5.015758525723032,0.022285920800517358,0.031517051446064315,False
O=C1CC(c2ccccc2)C2CCCCC2N1,2,4.154901959985743,0.0,0.0,True
O=C1CC=C(c2ccc3cc(-c4nc5cc(C(=O)N6CC7CCC6C7)ccc5[nH]4)n(CC4CC4)c3n2)C=N1,2,6.912171626359168,0.25362980462616763,0.3586867095243642,True
O=C1C=CC(=O)c2nc(-c3ccccn3)ccc21,2,6.406804392152253,0.301205379163167,0.42596873227228116,False
O=C(c1ccc2[nH]c(-c3cc4ccc(N5CCCCS5(=O)=O)nc4n3CC3CC3)nc2c1)N1CCCCC1,2,7.163655582310305,0.5162624886982219,0.7301054132615121,False
O=C(c1ccc2[nH]c(-c3cc4ccc(CNC(=O)C56CC(C5)C6)nc4n3CC3CC3)nc2c1)N1CCCCC1,2,7.114687381998347,0.12353576091842394,0.1747059485289153,False
O=C(c1ccc2[nH]c(-c3cc4ccc(-c5ccncc5)cc4n3CC3CC3)nc2c1)N1CC2CCC1C2,2,6.913348579055906,0.17375536038894773,0.2457271871970752,False
O=C(c1ccc2[nH]c(-c3cc4ccc(-c5ccncc5)nc4n3CC3CC3)nc2c1)N1CCCCC1,2,6.811711521471745,0.36609683247496544,0.5177391056279275,False
O=C(c1ccc2[nH]c(-c3cc4ccc(N5CCCC5)nc4n3CC3CC3)nc2c1)N1CC2CCC1C2,2,7.1531365255381765,0.3777079854853675,0.5341597556900268,False
O=C(c1ccc2[nH]c(-c3cc4ccc(N5CCCCC5=O)nc4n3CC3CC3)nc2c1)N1CCCCC1,2,6.148459685165263,0.06127694297855121,0.08665868382102992,False
O=C1NCc2ccc(-c3ccc4cc(-c5cc6ccc(C(=O)N7CC8CCC7C8)cc6o5)n(CC5CC5)c4c3)cc21,2,6.944654651363122,0.3061719441246686,0.4329925157992438,False
O=C(c1ccc2[nH]c(-c3cc4ccc(CC5CC5)nc4n3CC3CC3)nc2c1)N1CC2CCC1C2,2,7.223240529925516,0.12241912020800472,0.17312678009194205,False
O=C(c1ccc2[nH]c(-c3cc4ccc(C5CNC5)cc4n3CC3CC3)nc2c1)N1CC2CCC1C2,2,6.6667503697191535,0.018530927037362706,0.026206688339584616,False
C1CCC(O[C@@H]2OCC[C@H]2O[C@H]2CCCCO2)CC1,2,2.7447274948966935,0.0,0.0,False
O=C(c1ccc2[nH]c(-c3cc4ccc(-c5ccn[nH]5)nc4n3CC3CC3)nc2c1)N1CCCCC1,2,7.178965686329248,0.2652581803506735,0.3751317161823309,False
O=C(c1ccc2[nH]c(-c3cc4ccc(-c5ccn[nH]5)nc4n3CC3CC3)nc2c1)N1CC2CCC1C2,2,7.09049140065547,0.14612874336638912,0.2066572507212845,False
O=C(c1ccc2[nH]c(-c3cc4ccc(-c5ccn[nH]5)cc4n3CC3CC3)nc2c1)N1CC2CCC1C2,2,6.943061733684473,0.0992304612487803,0.14033306409856294,False
O=C(c1ccc2[nH]c(-c3cc4ccc(-c5cncnc5)nc4n3CC3CC3)nc2c1)N1CCCCC1,2,6.881027161695382,0.2062559553737931,0.2916899694098385,False
O=C(c1ccc2[nH]c(-c3cc4ccc(-c5cncnc5)cc4n3CC3CC3)nc2c1)N1CC2CCC1C2,2,7.286500520621731,0.39900015489294066,0.5642714304385619,False
O=C(c1ccc2[nH]c(-c3cc4ccc(-c5n[nH]c6ccccc56)nc4n3CC3CC3)nc2c1)N1CC2CCC1C2,2,6.654901959985743,0.9261712338365599,1.3098039199714862,False
O=C(c1ccc2[nH]c(-c3cc4ccc(C5CCNCC5)cc4n3CC3CC3)nc2c1)N1CC2CCC1C2,2,7.2508447231052,0.13568355681508457,0.19188552623891297,False
O=C(c1ccc2[nH]c(-c3cc4ccc(-c5cccc6ncccc56)nc4n3CC3CC3)nc2c1)N1CC2CCC1C2,2,7.717076090663241,0.11144558188029048,0.15760785336166805,False
O=C(c1ccc2[nH]c(-c3cc4ccc(-c5cccc6ncccc56)cc4n3CC3CC3)nc2c1)N1CC2CCC1C2,2,7.13348165853321,0.21286035127455813,0.30102999566398125,False
O=C(c1ccc2[nH]c(-c3cc4ccc(-c5ccn6cnnc6c5)nc4n3CC3CC3)nc2c1)N1CC2CCC1C2,2,7.0773579368260044,0.35432301302196073,0.5010884104765561,False
c1ccc(-c2cccc(-n3ccnn3)c2)cc1,1,4.657577319177793,0.0,0.0,False
C=C1C(=O)c2ccccc2-c2ccccc21,1,4.1249387366083,0.0,0.0,False
C=C1CCN(c2cccc(-c3ccc4cc(-c5nc6cc(C(=O)N7CC8CCC7C8)ccc6[nH]5)n(CC5CC5)c4c3)c2)C1=O,1,6.958607314841775,0.0,0.0,False
C=C1CCN(c2cccc(-c3ccc4cc(-c5nc6cc(C(=O)N7CC8CCC7C8)ccc6[nH]5)n(CC5CC5)c4n3)c2)C1=O,1,7.236572006437062,0.0,0.0,False
C=c1cc(-c2ccc3cc(-c4nc5cc(C(=O)N6CC7CCC6C7)ccc5[nH]4)n(CC4CC4)c3n2)cc2c1=NC(=O)C=C2,1,6.835647144215563,0.0,0.0,True
O=C1OCCN1Cc1ccc2cc(-c3cn4ccc(C(=O)N5[C@H]6CC[C@@H]5CC6)cc4n3)n(CC3CC3)c2n1,1,7.851811246337,0.0,0.0,False
O=C1OCc2cc(-c3ccc4cc(-c5nc6cc(C(=O)N7CC8CCC7C8)ccc6[nH]5)n(CC5CC5)c4c3)ccc21,1,7.075720713938118,0.0,0.0,False
O=C1OCc2cc(-c3ccc4cc(-c5nc6cc(C(=O)N7CC8CCC7C8)ccc6[nH]5)n(CC5CC5)c4n3)ccc21,1,7.221848749616356,0.0,0.0,False
O=C1OCc2cc(-c3ccc4cc(-c5nc6cc(C(=O)N7CCCCC7)ccc6[nH]5)n(CC5CC5)c4n3)ccc21,1,7.4089353929735005,0.0,0.0,False
O=C1OCc2ccc(-c3ccc4cc(-c5nc6cc(C(=O)N7CC8CCC7C8)ccc6[nH]5)n(CC5CC5)c4n3)cc21,1,7.552841968657781,0.0,0.0,False
O=C1OCc2ccc(-c3ccc4cc(-c5nc6cc(C(=O)N7CCCCC7)ccc6[nH]5)n(CC5CC5)c4n3)cc21,1,6.718966632752273,0.0,0.0,False
O=C1c2cc3nc(-c4cc5ccc(-c6ccc(N7CCCS7(=O)=O)cc6)nc5n4CC4CC4)[nH]c3cc2CCN1C[C@H]1COCCN1,1,7.259637310505756,0.0,0.0,False
O=C1c2cc3nc(-c4cc5ccc(-c6ccc(N7CCOC7=O)cc6)nc5n4CC4CC4)[nH]c3cc2CCN1C[C@H]1COCCN1,1,7.259637310505756,0.0,0.0,False
O=C(/C=C/c1cccnc1)C1C(=O)NC2CCCCC2C1c1ccccn1,1,4.0,0.0,0.0,True
O=C(/C=C/c1cccnc1)C1C(=O)NCCC1c1ccccc1,1,4.154901959985743,0.0,0.0,True
O=C(/C=C/c1cccnc1)C1CC2CCCCC2NC1=O,1,4.154901959985743,0.0,0.0,True
O=C(/C=C/C1CCCC1)C1C(=O)NC2CCCCC2C1c1ccccc1,1,4.154901959985743,0.0,0.0,True
O=C(/C=C/C1CCCCC1)c1c(-c2ccccc2)c2ccccc2[nH]c1=O,1,4.154901959985743,0.0,0.0,False
O=C(/C=C/c1ccc(=O)[nH]c1)C1C(=O)NC2CCCCC2C1c1ccccc1,1,5.823908740944319,0.0,0.0,True
O=C(/C=C/c1ccc(=O)n(CCN2CCOCC2)c1)C1C(=O)NC2CCCCC2C1c1ccccc1,1,4.939302159646388,0.0,0.0,True
O=C(/C=C/c1ccc(=O)n(CCN2CCOCC2)c1)c1c(-c2ccccc2)c2ccccc2[nH]c1=O,1,4.939302159646388,0.0,0.0,False
O=C(c1ccc2[nH]c(-c3cc4ccc(-c5cnc6c(c5)OCCN6)cc4n3CC3CC3)nc2c1)N1CCCCC1,1,7.494850021680094,0.0,0.0,False
O=C(c1ccc2[nH]c(-c3cc4ccc(-c5cnc6c(c5)OCCN6)nc4n3CC3CC3)nc2c1)N1CC2CCC1C2,1,6.863279432843593,0.0,0.0,False
O=C(c1ccc2[nH]c(-c3cc4ccc(-c5cnc6c(c5)OCCN6)nc4n3CC3CC3)nc2c1)N1CCCCC1,1,7.337242168318426,0.0,0.0,False
O=C(c1ccc2[nH]c(-c3cc4ccc(-c5cnccc5-c5ccccc5)nc4n3CC3CC3)nc2c1)N1CCCCC1,1,5.464705879957229,0.0,0.0,False
O=C(c1ccc2[nH]c(-c3cc4ccc(-c5cncs5)cc4n3CC3CC3)nc2c1)N1C[C@H]2CC[C@@H]1C2,1,7.292429823902064,0.0,0.0,False
O=C(c1ccc2[nH]c(-c3cc4ccc(-c5ccn6nccc6c5)nc4n3CC3CC3)nc2c1)N1CC2CCC1C2,1,7.214670164989233,0.0,0.0,False
O=C(c1ccc2[nH]c(-c3cc4ccc(-c5ccn6nccc6c5)nc4n3CC3CC3)nc2c1)N1CCCCC1,1,7.366531544420414,0.0,0.0,False
O=C(c1ccc2[nH]c(-c3cc4ccc(-c5ccn6nccc6n5)nc4n3CC3CC3)nc2c1)N1CCCCC1,1,6.991399828238083,0.0,0.0,False
O=C(c1ccc2[nH]c(-c3cc4ccc(-c5ccn6nnnc6c5)nc4n3CC3CC3)nc2c1)N1CC2CCC1C2,1,7.207608310501745,0.0,0.0,False
O=C(c1ccc2[nH]c(-c3cc4ccc(-c5ccn6nnnc6c5)nc4n3CC3CC3)nc2c1)N1CCCCC1,1,6.970616222314791,0.0,0.0,False
O=C(c1ccc2[nH]c(-c3cc4ccc(-c5cn[nH]c5-c5ccccc5)nc4n3CC3CC3)nc2c1)N1CC2CCC1C2,1,6.7447274948966935,0.0,0.0,False
O=C(c1ccc2[nH]c(-c3cc4ccc(-c5cnc6[nH]c(=O)[nH]c6c5)cc4n3CC3CC3)nc2c1)N1CC2CCC1C2,1,7.769551078621726,0.0,0.0,False
O=C(c1ccc2[nH]c(-c3cc4ccc(-c5cccnc5-c5cccnc5)nc4n3CC3CC3)nc2c1)N1CCCCC1,1,6.610833915635467,0.0,0.0,False
O=C(c1ccc2[nH]c(-c3cc4ccc(-c5cccnc5-c5cncnc5)nc4n3CC3CC3)nc2c1)N1CCCCC1,1,6.460923901207224,0.0,0.0,False
c1ccc2c(c1)ccc1ccccc12,1,4.1249387366083,0.0,0.0,False
c1ccc2c(c1)ccn2CC1CCCC1,1,4.6777807052660805,0.0,0.0,False
O=C(c1ccc2[nH]c(-c3cc4ccc(-c5cnoc5)nc4n3CC3CC3)nc2c1)N1CCCCC1,1,6.939302159646388,0.0,0.0,False
O=C(c1ccc2[nH]c(-c3cc4ccc(-c5nc6ccccn6n5)nc4n3CC3CC3)nc2c1)N1CC2CCC1C2,1,6.935542010773081,0.0,0.0,False
O=C(c1ccc2[nH]c(-c3cc4ccc(-c5nc6ncccn6n5)nc4n3CC3CC3)nc2c1)N1CC2CCC1C2,1,7.040958607678906,0.0,0.0,False
O=C(c1ccc2[nH]c(-c3cc4ccc(-c5nc6ncccn6n5)nc4n3CC3CC3)nc2c1)N1CCCCC1,1,6.886056647693163,0.0,0.0,False
O=C(c1ccc2[nH]c(-c3cc4ccc(-c5nnc6ccccn56)nc4n3CC3CC3)nc2c1)N1CC2CCC1C2,1,7.721246399047171,0.0,0.0,False
O=C(c1ccc2[nH]c(-c3cc4ccc(-c5nnn[nH]5)nc4n3CC3CC3)nc2c1)N1CC2CCC1C2,1,6.703334809738469,0.0,0.0,False
O=C(c1ccc2[nH]c(-c3cc4ccc(-n5cc6ccccc6n5)nc4n3CC3CC3)nc2c1)N1CC2CCC1C2,1,7.045757490560675,0.0,0.0,False
O=C(c1ccc2[nH]c(-c3cc4ccc(-n5ccccc5=O)nc4n3CC3CC3)nc2c1)N1CCCCC1,1,6.835647144215563,0.0,0.0,False
O=C(c1ccc2[nH]c(-c3cc4ccc(-c5cnc6[nH]c(=O)[nH]c6c5)cc4n3CC3CC3)nc2c1)N1CCCCC1,1,7.443697499232712,0.0,0.0,False
O=C(c1ccc2[nH]c(-c3cc4ccc(-c5cnc6[nH]c(=O)[nH]c6c5)nc4n3CC3CC3)nc2c1)N1CCCCC1,1,7.7447274948966935,0.0,0.0,False
O=C(c1ccc2[nH]c(-c3cc4ccc(-c5cnc6[nH]c(=O)ccc6c5)cc4n3CC3CC3)nc2c1)N1CC2CCC1C2,1,7.7447274948966935,0.0,0.0,False
O=C(c1ccc2[nH]c(-c3cc4ccc(-c5cnc6[nH]c(=O)ccc6c5)nc4n3CC3CC3)nc2c1)N1CC2CCC1C2,1,7.886056647693163,0.0,0.0,False
O=C(c1ccc2[nH]c(-c3cc4ccc(-c5cnc6[nH]c(=O)ccc6c5)nc4n3CC3CC3)nc2c1)N1CCCCC1,1,7.6020599913279625,0.0,0.0,False
O=C(c1ccc2[nH]c(-c3cc4ccc(-c5cnc6[nH]c(=O)oc6c5)nc4n3CC3CC3)nc2c1)N1CC2CCC1C2,1,7.1487416512809245,0.0,0.0,False
O=C(c1ccc2[nH]c(-c3cc4ccc(-c5cnc6[nH]ccc6c5)nc4n3CC3CC3)nc2c1)N1CC2CCC1C2,1,6.79317412396815,0.0,0.0,False
O=C(c1ccc2[nH]c(-c3cc4ccc(-c5cnc6c(=O)cc[nH]c6c5)cc4n3CC3CC3)nc2c1)N1CC2CCC1C2,1,8.301029995663981,0.0,0.0,False
O=C(c1ccc2[nH]c(-c3cc4ccc(-c5cccc6c5CCNC6)nc4n3CC3CC3)nc2c1)N1CCCCC1,1,7.346787486224656,0.0,0.0,False
O=C(c1ccc2[nH]c(-c3cc4ccc(-c5cccc6ncc(=O)[nH]c56)nc4n3CC3CC3)nc2c1)N1CCCCC1,1,6.71669877129645,0.0,0.0,False
O=C(c1ccc2[nH]c(-c3cc4ccc(-c5cccc6ocnc56)nc4n3CC3CC3)nc2c1)N1CCCCC1,1,5.73969005420508,0.0,0.0,False
O=C(c1ccc2[nH]c(-c3cc4ccc(C5CCCC5)nc4n3CC3CC3)nc2c1)N1CC2CCC1C2,1,6.774690718274137,0.0,0.0,False
O=C(c1ccc2[nH]c(-c3cc4ccc(C5CCCCC5)cc4n3CC3CC3)nc2c1)N1CC2CCC1C2,1,6.786785037403036,0.0,0.0,False
O=C(c1ccc2[nH]c(-c3cc4ccc(C5CCCCC5)nc4n3CC3CC3)nc2c1)N1CC2CCC1C2,1,6.913640169325252,0.0,0.0,False
O=C(c1ccc2[nH]c(-c3cc4ccc(C5CCCCC5)nc4n3CC3CC3)nc2c1)N1CCCCC1,1,7.142667503568731,0.0,0.0,False
O=C(c1ccc2[nH]c(-c3cc4ccc(C5CCNC5)cc4n3CC3CC3)nc2c1)N1CC2CCC1C2,1,7.102372908709558,0.0,0.0,False
O=C(c1ccc2[nH]c(-c3cc4ccc(C5CCNC5)nc4n3CC3CC3)nc2c1)N1CC2CCC1C2,1,7.308541432456234,0.0,0.0,False
O=C(c1ccc2[nH]c(-c3cc4ccc(-c5cncs5)nc4n3CC3CC3)nc2c1)N1CCCCC1,1,5.308918507877031,0.0,0.0,False
O=C(c1ccc2[nH]c(-c3cc4ccc(-c5cncs5)nc4n3CC3CC3)nc2c1)N1C[C@H]2CC[C@@H]1C2,1,6.821023052706831,0.0,0.0,False
O=C(c1ccc2[nH]c(-c3cc4ccc(-c5cnn(C6CC6)c5)nc4n3CC3CC3)nc2c1)N1CC2CCC1C2,1,6.946921556516581,0.0,0.0,False
O=C(c1ccc2[nH]c(-c3cc4ccc(-c5cnn6c5CCCC6)nc4n3CC3CC3)nc2c1)N1CC2CCC1C2,1,6.285670240254767,0.0,0.0,False
O=C(c1ccc2[nH]c(-c3cc4ccc(-c5cnn6ccccc56)nc4n3CC3CC3)nc2c1)N1CC2CCC1C2,1,7.1938200260161125,0.0,0.0,False
O=C(c1ccc2[nH]c(-c3cc4ccc(-c5cnoc5)cc4n3CC3CC3)nc2c1)N1CC2CCC1C2,1,7.040958607678906,0.0,0.0,False
O=C(c1ccc2[nH]c(-c3cc4ccc(-c5cnoc5)nc4n3CC3CC3)nc2c1)N1CC2CCC1C2,1,6.995678626217358,0.0,0.0,False
O=C(c1ccc2[nH]c(-c3cc4ccc(C5=CC6N=CC=C6N=C5)nc4n3CC3CC3)nc2c1)N1CC2CCC1C2,1,6.137272471682025,0.0,0.0,False
O=C(c1ccc2[nH]c(-c3cc4ccc(C5=CCNC5)nc4n3CC3CC3)nc2c1)N1CC2CCC1C2,1,6.935542010773081,0.0,0.0,False
O=C(c1ccc2[nH]c(-c3cc4ccc(C5=CCNCC5)nc4n3CC3CC3)nc2c1)N1CC2CCC1C2,1,6.749579997691105,0.0,0.0,False
O=C(c1ccc2[nH]c(-c3cc4ccc(C5=CN6NNN=C6C=C5)nc4n3CC3CC3)nc2c1)N1CCCCC1,1,6.181774106386044,0.0,0.0,False
O=C(c1ccc2[nH]c(-c3cc4ccc(C5CC5)nc4n3CC3CC3)nc2c1)N1CC2CCC1C2,1,7.301029995663981,0.0,0.0,False
O=C(c1ccc2[nH]c(-c3cc4ccc(C5CCC5)cc4n3CC3CC3)nc2c1)N1CC2CCC1C2,1,7.325264100392808,0.0,0.0,False
O=C(c1ccc2[nH]c(-c3cc4ccc(C5CCC5)nc4n3CC3CC3)nc2c1)N1CCCCC1,1,7.275724130399211,0.0,0.0,False
O=C(c1ccc2[nH]c(-c3cc4ccc(-c5cccnc5-c5csc(N6CCCCC6)n5)nc4n3CC3CC3)nc2c1)N1CCCCC1,1,6.454692883534176,0.0,0.0,False
O=C(c1ccc2[nH]c(-c3cc4ccc(-c5cccnc5N5CCCC5)nc4n3CC3CC3)nc2c1)N1CCCCC1,1,6.16304326294045,0.0,0.0,False
O=C(c1ccc2[nH]c(-c3cc4ccc(-c5cccnc5N5CCNCC5)nc4n3CC3CC3)nc2c1)N1CCCCC1,1,5.7281583934635005,0.0,0.0,False
O=C(c1ccc2[nH]c(-c3cc4ccc(-c5cccnc5N5CCOCC5)nc4n3CC3CC3)nc2c1)N1CCCCC1,1,6.34008379993015,0.0,0.0,False
O=C(c1ccc2[nH]c(-c3cc4ccc(-c5ccn6cnnc6c5)nc4n3CC3CC3)nc2c1)N1CCCCC1,1,7.42021640338319,0.0,0.0,False
O=C(c1ccc2[nH]c(-c3cc4ccc(-c5cccc6c(=O)[nH]ccc56)nc4n3CC3CC3)nc2c1)N1CC2CCC1C2,1,7.795880017344075,0.0,0.0,False
O=C(c1ccc2[nH]c(-c3cc4ccc(-c5cccc6c(=O)[nH]ccc56)nc4n3CC3CC3)nc2c1)N1CCCCC1,1,7.5376020021010435,0.0,0.0,False
O=C(c1ccc2[nH]c(-c3cc4ccc(-c5cccc6c5CCCN6)nc4n3CC3CC3)nc2c1)N1CC2CCC1C2,1,7.431798275933005,0.0,0.0,False
O=C(c1ccc2[nH]c(-c3cc4ccc(-c5cccc6c5CCNC6)nc4n3CC3CC3)nc2c1)N1CC2CCC1C2,1,6.1985962899826434,0.0,0.0,False
O=C(c1ccc2[nH]c(-c3cc4ccc(CNS(=O)(=O)c5ccccc5)nc4n3CC3CC3)nc2c1)N1[C@H]2CC[C@@H]1CC2,1,6.97061622231479,0.0,0.0,False
O=C(c1ccc2[nH]c(-c3cc4ccc(CNS(=O)(=O)c5cn[nH]c5)nc4n3CC3CC3)nc2c1)N1[C@H]2CC[C@@H]1CC2,1,7.115204636051019,0.0,0.0,False
O=C(c1ccc2[nH]c(-c3cc4ccc(C5CCNCC5)nc4n3CC3CC3)nc2c1)N1CC2CCC1C2,1,7.292429823902064,0.0,0.0,False
O=C(c1ccc2[nH]c(-c3cc4ccc(C5CCNCC5)nc4n3CC3CC3)nc2c1)N1CCCCC1,1,7.1487416512809245,0.0,0.0,False
O=C(c1ccc2[nH]c(-c3cc4ccc(C5CNNC5)nc4n3CC3CC3)nc2c1)N1CC2CCC1C2,1,6.85078088734462,0.0,0.0,True
O=C(c1ccc2[nH]c(-c3cc4ccc(C5CNNC5C5CC5)nc4n3CC3CC3)nc2c1)N1CC2CCC1C2,1,6.231361898752386,0.0,0.0,True
O=C(c1ccc2[nH]c(-c3cc4ccc(C5COC5)cc4n3CC3CC3)nc2c1)N1CC2CCC1C2,1,7.376750709602099,0.0,0.0,False
O=C(c1ccc2[nH]c(-c3cc4ccc(C5COC5)nc4n3CC3CC3)nc2c1)N1C[C@H]2CC[C@@H]1C2,1,7.275724130399211,0.0,0.0,False
O=C(c1ccc2[nH]c(-c3cc4ccc(C5CSC5)nc4n3CC3CC3)nc2c1)N1CCCCC1,1,6.642065152999546,0.0,0.0,False
O=C(c1ccc2[nH]c(-c3cc4ccc(C5NNC6CCCCC65)nc4n3CC3CC3)nc2c1)N1CC2CCC1C2,1,7.309803919971486,0.0,0.0,True
O=C(c1ccc2[nH]c(-c3cc4ccc(CC5CC5)nc4n3CC3CC3)nc2c1)N1CCCCC1,1,5.625801742070917,0.0,0.0,False
O=C(c1ccc2[nH]c(-c3cc4ccc(CC5CCC5)nc4n3CC3CC3)nc2c1)N1CCCCC1,1,7.4089353929735005,0.0,0.0,False
O=C(c1ccc2[nH]c(-c3cc4ccc(CC5CCCC5)nc4n3CC3CC3)nc2c1)N1CCCCC1,1,7.6020599913279625,0.0,0.0,False
O=C(c1ccc2[nH]c(-c3cc4ccc(CC5CCCCO5)nc4n3CC3CC3)nc2c1)N1CC2CCC1C2,1,6.912041246744953,0.0,0.0,False
O=C(c1ccc2[nH]c(-c3cc4ccc(CC5CCCCO5)nc4n3CC3CC3)nc2c1)N1CCCCC1,1,6.8794260687941495,0.0,0.0,False
O=C(c1ccc2[nH]c(-c3cc4ccc(-n5ccccc5=O)nc4n3CC3CC3)nc2c1)N1[C@H]2CC[C@@H]1CC2,1,7.39577394691553,0.0,0.0,False
O=C(c1ccc2[nH]c(-c3cc4ccc(-c5cccc(-c6ccno6)c5)nc4n3CC3CC3)nc2c1)N1CCCCC1,1,6.982966660701219,0.0,0.0,False
O=C(c1ccc2[nH]c(-c3cc4ccc(-c5cccc(=O)[nH]5)nc4n3CC3CC3)nc2c1)N1CC2CCC1C2,1,7.721246399047171,0.0,0.0,False
O=C(c1ccc2[nH]c(-c3cc4ccc(N5CC6(CCS6(=O)=O)C5)cc4n3CC3CC3)nc2c1)N1CC2CCC1C2,1,8.221848749616356,0.0,0.0,False
O=C(c1ccc2[nH]c(-c3cc4ccc(N5CC6(CCS6(=O)=O)C5)nc4n3CC3CC3)nc2c1)N1CC2CCC1C2,1,5.870632404277014,0.0,0.0,False
O=C(c1ccc2[nH]c(-c3cc4ccc(N5CC6(COC6)C5)cc4n3CC3CC3)nc2c1)N1CC2CCC1C2,1,5.51999305704285,0.0,0.0,False
O=C(c1ccc2[nH]c(-c3cc4ccc(N5CC6(COC6)C5)nc4n3CC3CC3)nc2c1)N1CC2CCC1C2,1,6.617982957425132,0.0,0.0,False
O=C(c1ccc2[nH]c(-c3cc4ccc(N5CCC(c6ccccc6)C5)nc4n3CC3CC3)nc2c1)N1CC2CCC1C2,1,6.7055337738384075,0.0,0.0,False
O=C(c1ccc2[nH]c(-c3cc4ccc(N5CCC(c6ccncc6)C5)nc4n3CC3CC3)nc2c1)N1CC2CCC1C2,1,7.4685210829577455,0.0,0.0,False
O=C(c1ccc2[nH]c(-c3cc4ccc(CC5CCNCC5)cc4n3CC3CC3)nc2c1)N1CC2CCC1C2,1,7.050609993355086,0.0,0.0,False
O=C(c1ccc2[nH]c(-c3cc4ccc(CC5CCOC5)nc4n3CC3CC3)nc2c1)N1CC2CCC1C2,1,6.782516055786093,0.0,0.0,False
O=C(c1ccc2[nH]c(-c3cc4ccc(CCC5CCNCC5)nc4n3CC3CC3)nc2c1)N1CCCCC1,1,7.5376020021010435,0.0,0.0,False
O=C(c1ccc2[nH]c(-c3cc4ccc(CNC(=O)C5(n6cccn6)CC5)nc4n3CC3CC3)nc2c1)N1[C@H]2CC[C@@H]1CC2,1,7.014573525916998,0.0,0.0,False
O=C(c1ccc2[nH]c(-c3cc4ccc(CNC(=O)C56C7C8C9C7C5C9C86)nc4n3CC3CC3)nc2c1)N1CC[C@@H]2CC[C@H]1C2,1,7.129011186239425,0.0,0.0,False
O=C(c1ccc2[nH]c(-c3cc4ccc(CNC(=O)C56C7C8C9C7C5C9C86)nc4n3CC3CC3)nc2c1)N1CC[C@H]2CC[C@@H]1C2,1,7.129011186239425,0.0,0.0,True
O=C(c1ccc2[nH]c(-c3cc4ccc(CNC(=O)C56CC(C5)C6)cc4n3CC3CC3)nc2c1)N1CCCCC1,1,6.29929628285498,0.0,0.0,False
O=C(c1ccc2[nH]c(-c3cc4ccc(CNC(=O)C56CC(C5)C6)cc4n3CC3CC3)nc2c1)N1[C@H]2CC[C@@H]1CC2,1,6.6401645176601125,0.0,0.0,False
O=C(c1ccc2[nH]c(-c3cc4ccc(N5CC(N6CCS(=O)(=O)CC6)C5)cc4n3CC3CC3)nc2c1)N1CC2CCC1C2,1,6.749579997691105,0.0,0.0,False
O=C(c1ccc2[nH]c(-c3cc4ccc(N5CC(N6CCS(=O)(=O)CC6)C5)nc4n3CC3CC3)nc2c1)N1CC2CCC1C2,1,5.449649327698385,0.0,0.0,False
O=C(c1ccc2[nH]c(-c3cc4ccc(N5CC(c6ccccn6)C5)nc4n3CC3CC3)nc2c1)N1CC2CCC1C2,1,7.229147988357855,0.0,0.0,False
O=C(c1ccc2[nH]c(-c3cc4ccc(N5CC(c6cccnc6)C5)cc4n3CC3CC3)nc2c1)N1CC2CCC1C2,1,5.748605149959896,0.0,0.0,False
O=C(c1ccc2[nH]c(-c3cc4ccc(N5CC(c6cccnc6)C5)nc4n3CC3CC3)nc2c1)N1CC2CCC1C2,1,6.248720896016658,0.0,0.0,False
O=C(c1ccc2[nH]c(-c3cc4ccc(N5CC6(CCC6)C5)cc4n3CC3CC3)nc2c1)N1CC2CCC1C2,1,6.3535962737769305,0.0,0.0,False
O=C(c1ccc2[nH]c(-c3cc4ccc(N5CC6(CCC6)C5)nc4n3CC3CC3)nc2c1)N1CC2CCC1C2,1,6.169411331314856,0.0,0.0,False
O=C(c1ccc2[nH]c(-c3cc4ccc(N5CC6(CCOC6)C5)nc4n3CC3CC3)nc2c1)N1CC2CCC1C2,1,5.986320302708807,0.0,0.0,False
O=C(c1ccc2[nH]c(-c3cc4ccc(-c5ccccc5)nc4n3[C][C]3[C][C]3)nc2c1)N1[C][C]2[C][C][C]1C2,1,7.3872161432802645,0.0,0.0,False
O=C(c1ccc2[nH]c(-c3cc4ccc(-c5ccc6oc(=O)[nH]c6c5)cc4n3CC3CC3)nc2c1)N1CC2CCC1C2,1,7.327902142064282,0.0,0.0,False
O=C(c1ccc2[nH]c(-c3cc4ccc(-c5ccc6occc6c5)nc4n3CC3CC3)nc2c1)N1CC2CCC1C2,1,6.8297382846050425,0.0,0.0,False
O=C(c1ccc2[nH]c(-c3cc4ccc(-c5ccc6sccc6c5)nc4n3CC3CC3)nc2c1)N1CC2CCC1C2,1,6.896196279044044,0.0,0.0,False
O=C(c1ccc2[nH]c(-c3cc4ccc(-c5ccc6scnc6c5)cc4n3CC3CC3)nc2c1)N1C[C@H]2CC[C@@H]1C2,1,7.022276394711152,0.0,0.0,False
O=C(c1ccc2[nH]c(-c3cc4ccc(-c5ccc6scnc6c5)nc4n3CC3CC3)nc2c1)N1C[C@H]2CC[C@@H]1C2,1,7.229147988357855,0.0,0.0,False
O=C(c1ccc2[nH]c(-c3cc4ccc(-c5ccc[nH]5)nc4n3CC3CC3)nc2c1)N1CC2CCC1C2,1,6.735182176990463,0.0,0.0,False
O=C(c1ccc2[nH]c(-c3cc4ccc(-c5cccc(-c6ccno6)c5)nc4n3CC3CC3)nc2c1)N1CC2CCC1C2,1,7.207608310501745,0.0,0.0,False
O=C(c1ccc2[nH]c(-c3cc4ccc(NCC5CCC5)nc4n3CC3CC3)nc2c1)N1CCCCC1,1,4.301029995663981,0.0,0.0,False
O=C(c1ccc2[nH]c(-c3cc4ccc(NCc5ccccc5)nc4n3CC3CC3)nc2c1)N1CC2CCC1C2,1,6.79317412396815,0.0,0.0,False
O=C(c1ccc2[nH]c(-c3cc4ccc(NCc5ccccc5)nc4n3CC3CC3)nc2c1)N1CCCCC1,1,6.71669877129645,0.0,0.0,False
O=C(c1ccc2[nH]c(-c3cc4ccc(NCc5ccncc5)cc4n3CC3CC3)nc2c1)N1CC2CCC1C2,1,6.112945621949042,0.0,0.0,False
O=C(c1ccc2[nH]c(-c3cc4ccc(NCc5ccncc5)nc4n3CC3CC3)nc2c1)N1CC2CCC1C2,1,6.821023052706831,0.0,0.0,False
O=C(c1ccc2[nH]c(-c3cc4ccc(NS(=O)(=O)c5ccccc5)nc4n3CC3CC3)nc2c1)N1CCCCC1,1,6.647817481888637,0.0,0.0,False
O=C(c1ccc2[nH]c(-c3cc4ccc(N5CCC5)nc4n3CC3CC3)nc2c1)N1CCCCC1,1,6.565431095965802,0.0,0.0,False
O=C(c1ccc2[nH]c(-c3cc4ccc(N5CCC6(CC5)CNC6=O)cc4n3CC3CC3)nc2c1)N1CC2CCC1C2,1,7.0655015487564325,0.0,0.0,False
O=C(c1ccc2[nH]c(-c3cc4ccc(N5CCC6(CC5)CNC6=O)cc4n3CC3CC3)nc2c1)N1CCCCC1,1,6.85078088734462,0.0,0.0,False
O=C(c1ccc2[nH]c(-c3cc4ccc(N5CCC6(CC5)CNC6=O)nc4n3CC3CC3)nc2c1)N1CC2CCC1C2,1,6.785156151952303,0.0,0.0,False
O=C(c1ccc2[nH]c(-c3cc4ccc(N5CCC6(CC5)CNC6=O)nc4n3CC3CC3)nc2c1)N1CCCCC1,1,7.0655015487564325,0.0,0.0,False
O=C(c1ccc2[nH]c(-c3cc4ccc(N5CCC6(CCNC6=O)CC5)cc4n3CC3CC3)nc2c1)N1CC2CCC1C2,1,7.113509274827518,0.0,0.0,False
O=C(c1ccc2[nH]c(-c3cc4ccc(N5CCCC5c5cccnc5)nc4n3CC3CC3)nc2c1)N1CC2CCC1C2,1,6.946921556516581,0.0,0.0,False
O=C(c1ccc2[nH]c(-c3cc4ccc(N5CCCC5c5cn[nH]c5)nc4n3CC3CC3)nc2c1)N1CC2CCC1C2,1,7.070581074285708,0.0,0.0,False
O=C(c1ccc2[nH]c(-c3cc4ccc(N5CCCCS5(=O)=O)nc4n3CC3CC3)nc2c1)N1C[C@H]2CC[C@@H]1C2,1,7.100726812682396,0.0,0.0,False
O=C(c1ccc2[nH]c(-c3cc4ccc(N(C5CC5)S(=O)(=O)C5CC5)nc4n3CC3CC3)nc2c1)N1CCCCC1,1,6.97469413473523,0.0,0.0,False
O=C(c1ccc2[nH]c(-c3cc4ccc(NC5CC5)nc4n3CC3CC3)nc2c1)N1CCCOC1,1,4.94692155651658,0.0,0.0,False
O=C(c1ccc2[nH]c(-c3cc4ccc(NCC5CC5)nc4n3CC3CC3)nc2c1)N1CCCCC1,1,4.301029995663981,0.0,0.0,False
O=C(c1ccc2[nH]c(-c3cc4ccc(-c5cccc6[nH]c(=O)[nH]c(=O)c56)cc4n3CC3CC3)nc2c1)N1C[C@H]2CC[C@@H]1C2,1,7.2441251443275085,0.0,0.0,False
O=C(c1ccc2[nH]c(-c3cc4ccc(-c5cccc6[nH]c(=O)[nH]c(=O)c56)nc4n3CC3CC3)nc2c1)N1CCCCC1,1,7.619788758288394,0.0,0.0,False
O=C(c1ccc2[nH]c(-c3cc4ccc(-c5cccc6[nH]c(=O)[nH]c(=O)c56)nc4n3CC3CC3)nc2c1)N1C[C@H]2CC[C@@H]1C2,1,7.522878745280337,0.0,0.0,False
O=C(c1ccc2[nH]c(-c3cc4ccc(-c5cccc6[nH]c(=O)[nH]c56)nc4n3CC3CC3)nc2c1)N1CCCCC1,1,6.995678626217357,0.0,0.0,False
O=C(c1ccc2[nH]c(-c3cc4ccc(-c5cccc6[nH]c(=O)ccc56)nc4n3CC3CC3)nc2c1)N1CC2CCC1C2,1,7.674360993000928,0.0,0.0,False
O=C(c1ccc2[nH]c(-c3cc4ccc(-c5cccc6[nH]ncc56)nc4n3CC3CC3)nc2c1)N1CCCCC1,1,5.632644078973981,0.0,0.0,False
O=C(c1ccc2[nH]c(-c3cc4ccc(-c5cccc6c(=O)[nH]ccc56)cc4n3CC3CC3)nc2c1)N1CC2CCC1C2,1,7.522878745280337,0.0,0.0,False
O=C(c1ccc2[nH]c(-c3cc4ccc(-c5ccc6cnccc6c5)nc4n3CC3CC3)nc2c1)N1C[C@H]2CC[C@@H]1C2,1,7.337242168318426,0.0,0.0,False
O=C(c1ccc2[nH]c(-c3cc4ccc(-c5ccc6nc[nH]c(=O)c6c5)cc4n3CC3CC3)nc2c1)N1CC2CCC1C2,1,7.6777807052660805,0.0,0.0,False
O=C(c1ccc2[nH]c(-c3cc4ccc(-c5ccc6nc[nH]c(=O)c6c5)nc4n3CC3CC3)nc2c1)N1CC2CCC1C2,1,7.958607314841775,0.0,0.0,False
O=C(c1ccc2[nH]c(-c3cc4ccc(-c5ccc6nc[nH]c6c5)cc4n3CC3CC3)nc2c1)N1CC2CCC1C2,1,6.7258421507363195,0.0,0.0,False
O=C(c1ccc2[nH]c(-c3cc4ccc(-c5ccc6nc[nH]c6c5)nc4n3CC3CC3)nc2c1)N1CC2CCC1C2,1,6.910094888560603,0.0,0.0,False
O=C(c1ccc2[nH]c(-c3cc4ccc(-c5ccc6nccc(=O)n6c5)nc4n3CC3CC3)nc2c1)N1CC2CCC1C2,1,6.735182176990463,0.0,0.0,False
O=C(c1ccc2[nH]c(-c3cc4ccc(-c5ccc6nccnc6c5)nc4n3CC3CC3)nc2c1)N1CC2CCC1C2,1,7.568636235841012,0.0,0.0,False
O=C(c1ccc2[nH]c(-c3cc4cccnc4[nH]3)nc2c1)N1CC[C@@H]2CC[C@H]1C2,1,6.596879478824182,0.0,0.0,False
O=C(c1ccc2[nH]c(-c3cc4cccnc4[nH]3)nc2c1)N1CC[C@H]2CC[C@@H]1C2,1,6.596879478824182,0.0,0.0,True
O=C(c1ccc2[nH]c(-c3cc4cccnc4n3C3CC3)nc2c1)N1CCCCC1,1,5.761953896871205,0.0,0.0,False
O=C(c1ccc2[nH]c(-c3cc4ccc(Nc5cc(=O)[nH]cn5)nc4n3CC3CC3)nc2c1)N1CC2CCC1C2,1,7.259637310505756,0.0,0.0,False
O=C(c1ccc2[nH]c(-c3cc4ccc(Nc5cc[nH]c(=O)c5)nc4n3CC3CC3)nc2c1)N1CC2CCC1C2,1,7.455931955649724,0.0,0.0,False
O=C(c1ccc2[nH]c(-c3cc4ccc(Nc5cc[nH]n5)nc4n3CC3CC3)nc2c1)N1CC2CCC1C2,1,6.8297382846050425,0.0,0.0,False
O=C(c1ccc2[nH]c(-c3cc4ccc(Nc5ccc6[nH]c(=O)oc6c5)nc4n3CC3CC3)nc2c1)N1CC2CCC1C2,1,7.356547323513812,0.0,0.0,False
O=C(c1ccc2[nH]c(-c3cc4ccc(Nc5ccc6[nH]cnc6c5)nc4n3CC3CC3)nc2c1)N1CC2CCC1C2,1,6.866461091629783,0.0,0.0,False
O=C(c1ccc2[nH]c(-c3cc4ccc(Nc5ccc6c(c5)NCC6)nc4n3CC3CC3)nc2c1)N1CC2CCC1C2,1,6.7423214251308154,0.0,0.0,False
O=C(c1ccc2[nH]c(-c3cc4ccc(Nc5ccccc5)nc4n3CC3CC3)nc2c1)N1CCCCC1,1,5.447331783887806,0.0,0.0,False
O=C(c1ccc2[nH]c(-c3cc4ccc(Nc5ccccc5)nc4n3CC3CC3)nc2c1)N1C[C@H]2CC[C@@H]1C2,1,7.0655015487564325,0.0,0.0,False
O=C(c1ccc2[nH]c(-c3cc4ccc(Nc5cncnc5)cc4n3CC3CC3)nc2c1)N1CC2CCC1C2,1,6.97469413473523,0.0,0.0,False
O=C(c1ccc2[nH]c(-c3cc4ccc(N5CCCCS5(=O)=O)nc4n3CC3CC3)nc2c1)N1[C@H]2CC[C@@H]1CC2,1,7.651695136951839,0.0,0.0,False
O=C(c1ccc2[nH]c(-c3cc4ccc(N5CCCS5(=O)=O)nc4n3CC3CC3)nc2c1)N1CCCCC1,1,5.978810700930062,0.0,0.0,False
O=C(c1ccc2[nH]c(-c3cc4ccc(N5CCc6ccccc6C5=O)nc4n3CC3CC3)nc2c1)N1CCCCC1,1,6.978810700930062,0.0,0.0,False
O=C(c1ccc2[nH]c(-c3cc4ccc(N5Cc6ccccc6C5=O)nc4n3CC3CC3)nc2c1)N1CCCCC1,1,6.772113295386326,0.0,0.0,False
O=C(c1ccc2[nH]c(-c3cc4ccc(-c5ccc6c(c5)OCCO6)nc4n3CC3CC3)nc2c1)N1CCCCC1,1,6.928117992693874,0.0,0.0,False
O=C(c1ccc2[nH]c(-c3cc4ccc(-c5ccc6c(n5)NCCO6)nc4n3CC3CC3)nc2c1)N1CCCCC1,1,6.761953896871205,0.0,0.0,False
O=C(c1ccc2[nH]c(-c3cc4ccc(-c5ccc6c[nH]c(=O)cc6c5)nc4n3CC3CC3)nc2c1)N1CC2CCC1C2,1,6.96657624451305,0.0,0.0,False
O=C(c1ccc2[nH]c(-c3cc4ccc(-c5ccc6cc[nH+]cc6c5)cc4n3CC3CC3)nc2c1)N1CC2CCC1C2,1,7.292429823902064,0.0,0.0,False
O=C(c1ccc2[nH]c(-c3cc4ccc(-c5ccc6cc[nH+]cc6c5)cc4n3CC3CC3)nc2c1)N1CCCCC1,1,7.017728766960431,0.0,0.0,False
O=C(c1ccc2[nH]c(-c3cc4ccc(-c5ccc6cc[nH+]cc6c5)nc4n3CC3CC3)nc2c1)N1CC2CCC1C2,1,7.221848749616356,0.0,0.0,False
O=C(c1ccc2[nH]c(-c3cc4cccnc4n3CC3CC3)nc2c1)N1CCCC2(CCCCN2)C1,1,4.301029995663981,0.0,0.0,False
O=C(c1ccc2[nH]c(-c3cc4cccnc4n3CC3CC3)nc2c1)N1CCCC2(CCCN2)C1,1,4.301029995663981,0.0,0.0,False
O=C(c1ccc2[nH]c(-c3cc4cccnc4n3CC3CC3)nc2c1)N1CCCC2(CCN2)C1,1,4.301029995663981,0.0,0.0,False
O=C(c1ccc2[nH]c(-c3cc4ccc(Oc5cccnc5)cc4n3CC3CC3)nc2c1)N1CC2CCC1C2,1,6.92445303860747,0.0,0.0,False
O=C(c1ccc2[nH]c(-c3cc4ccc(Oc5cccnc5)cc4n3CC3CC3)nc2c1)N1C[C@H]2CC[C@@H]1C2,1,6.703334809738469,0.0,0.0,False
O=C(c1ccc2[nH]c(-c3cc4ccc(S(=O)(=O)c5ccncc5)cc4n3CC3CC3)nc2c1)N1CC2CCC1C2,1,6.598599459218455,0.0,0.0,False
O=C(c1ccc2[nH]c(-c3cc4ccc(S(=O)(=O)c5ccncc5)cc4n3CC3CC3)nc2c1)N1C[C@H]2CC[C@@H]1C2,1,6.598599459218455,0.0,0.0,False
O=C(c1ccc2[nH]c(-c3cc4ccc(Sc5ccncc5)nc4n3CC3CC3)nc2c1)N1C[C@H]2CC[C@@H]1C2,1,7.187086643357144,0.0,0.0,False
O=C(c1ccc2[nH]c(-c3cc4ccccc4[nH]3)cc2c1)N1CCCCC1,1,5.494850021680094,0.0,0.0,False
O=C(c1ccc2[nH]c(-c3cc4cccnc4[nH]3)cc2c1)N1CCCCC1,1,6.698970004336019,0.0,0.0,False
O=C(c1ccc2[nH]c(-c3cc4cccnc4n3CC3CC3)nc2c1)N1CC2(CCCN2)C1,1,4.301029995663981,0.0,0.0,False
O=C(c1ccc2[nH]c(-c3cc4cccnc4n3CC3CC3)nc2c1)N1CC2(CCNC2)C1,1,5.29413628771608,0.0,0.0,False
O=C(c1ccc2[nH]c(-c3cc4cccnc4n3CC3CC3)nc2c1)N1CC2CCC2C1,1,6.183758700008217,0.0,0.0,False
O=C(c1ccc2[nH]c(-c3cc4cccnc4n3CC3CC3)nc2c1)N1CC2CCCC2C1,1,5.142667503568731,0.0,0.0,False
O=C(c1ccc2[nH]c(-c3cc4cccnc4n3CC3CC3)nc2c1)N1CC2CC[C@H](C2)C1,1,4.434152181326482,0.0,0.0,False
O=C(c1ccc2[nH]c(-c3cc4cccnc4n3CC3CC3)nc2c1)N1CCC2(CCC2)C1,1,4.663540266151471,0.0,0.0,False
O=C(c1ccc2[nH]c(-c3cc4ccc(-c5ccc6ncnn6c5)nc4n3CC3CC3)nc2c1)N1CC2CCC1C2,1,7.619788758288394,0.0,0.0,False
O=C(c1ccc2[nH]c(-c3cc4ccc(-c5ccc6nn[nH]c6c5)cc4n3CC3CC3)nc2c1)N1CC2CCC1C2,1,7.431798275933005,0.0,0.0,False
O=C(c1ccc2[nH]c(-c3cc4ccc(-c5ccc6nn[nH]c6c5)nc4n3CC3CC3)nc2c1)N1CC2CCC1C2,1,7.045757490560675,0.0,0.0,False
O=C(c1ccc2[nH]c(-c3cc4ccc(-c5ccc6nncnc6c5)nc4n3CC3CC3)nc2c1)N1CC2CCC1C2,1,7.267606240177031,0.0,0.0,False
O=C(c1ccc2[nH]c(-c3cc4ccc(-c5ccc6nncnc6c5)nc4n3CC3CC3)nc2c1)N1CCCCC1,1,7.443697499232712,0.0,0.0,False
O=C(c1ccc2[nH]c(-c3cc4ccc(-c5ccc6nnnn6c5)nc4n3CC3CC3)nc2c1)N1CC2CCC1C2,1,7.036212172654444,0.0,0.0,False
O=C(c1ccc2[nH]c(-c3cc4ccc(-c5ccc6nnnn6c5)nc4n3CC3CC3)nc2c1)N1CCCCC1,1,6.962573502059375,0.0,0.0,False
O=C(c1ccc2[nH]c(-c3cc4ccc(-c5ccc6c(c5)NCCC6)nc4n3CC3CC3)nc2c1)N1CC2CCC1C2,1,6.844663962534938,0.0,0.0,False
O=C(c1ccc2[nH]c(-c3cc4ccc(-c5ccc6c(c5)OCC6)nc4n3CC3CC3)nc2c1)N1CCCCC1,1,6.709965388637482,0.0,0.0,False
O=C(c1ccc2[nH]c(-c3cc4ccc(-c5ccc6c(c5)OCCO6)nc4n3CC3CC3)nc2c1)N1CC2CCC1C2,1,7.161150909262744,0.0,0.0,False
O=C(c1ccc2[nH]c(-c3cc4ccc(-c5ccc6c(=O)[nH]ccc6c5)nc4n3CC3CC3)nc2c1)N1CC2CCC1C2,1,7.7447274948966935,0.0,0.0,False
O=C(c1ccc2[nH]c(-c3cc4ccc(-c5ccc6c(=O)[nH]cnc6c5)nc4n3CC3CC3)nc2c1)N1CC2CCC1C2,1,7.508638306165726,0.0,0.0,False
O=C(c1ccc2[nH]c(-c3cc4ccc(-c5ccc6c(=O)[nH]cnc6c5)nc4n3CC3CC3)nc2c1)N1CCCCC1,1,7.585026652029182,0.0,0.0,False
O=C(c1ccc2[nH]c(-c3cc4ccc(-c5ccc6c(=O)cc[nH]c6c5)nc4n3CC3CC3)nc2c1)N1CC2CCC1C2,1,7.853871964321762,0.0,0.0,False
O=C(c1ccc2[nH]c(-c3cc4scc(C5COC5)c4n3CC3CC3)nc2c1)N1C[C@H]2CC[C@@H]1C2,1,7.200659450546418,0.0,0.0,False
O=C(c1ccc2[nH]c(-c3cc4scc(CC5CNC5)c4n3CC3CC3)nc2c1)N1C[C@H]2CC[C@@H]1C2,1,6.782516055786093,0.0,0.0,False
O=C(c1ccc2[nH]c(-c3cc4scc(Nc5ccncc5)c4n3CC3CC3)nc2c1)N1C[C@H]2CC[C@@H]1C2,1,7.207608310501746,0.0,0.0,False
O=C(c1ccc2[nH]c(-c3cc4cnccc4n3CC3CC3)nc2c1)N1CC2CCC1C2,1,6.79317412396815,0.0,0.0,False
O=C(c1ccc2[nH]c(-c3cc4sc(-c5ccncc5)cc4n3CC3CC3)nc2c1)N1C[C@H]2CC[C@@H]1C2,1,6.747146969020107,0.0,0.0,False
O=C(c1ccc2[nH]c(-c3cc4sc(-c5cn[nH]c5)cc4n3CC3CC3)nc2c1)N1C[C@H]2CC[C@@H]1C2,1,6.97061622231479,0.0,0.0,False
O=C(c1ccc2[nH]c(-c3cc4scc(-c5cccs5)c4n3CC3CC3)nc2c1)N1C[C@H]2CC[C@@H]1C2,1,7.0,0.0,0.0,False
O=C(c1ccc2[nH]c(-c3cc4scc(-c5ccncc5)c4n3CC3CC3)nc2c1)N1C[C@H]2CC[C@@H]1C2,1,6.8326826652518236,0.0,0.0,False
O=C(c1ccc2[nH]c(-c3cc4scc(-c5cn[nH]c5)c4n3CC3CC3)nc2c1)N1CCCCC1,1,7.301029995663981,0.0,0.0,False
O=C(c1ccc2[nH]c(-c3cc4scc(-c5cncnc5)c4n3CC3CC3)nc2c1)N1C[C@H]2CC[C@@H]1C2,1,6.853871964321762,0.0,0.0,False
O=C(c1ccc2[nH]c(-c3cc4cccnc4n3CC3CC3)nc2c1)C1C[C@@H]2CC[C@H]1C2,1,4.3223930472795065,0.0,0.0,False
O=C(c1ccc2[nH]c(-c3cc4cccnc4n3CC3CC3)nc2c1)N1CC2(CCCCN2)C1,1,4.301029995663981,0.0,0.0,False
O=C(c1ccc2[nH]c(-c3cc4scc(C5CC6(CNC6)C5)c4n3CC3CC3)nc2c1)N1C[C@H]2CC[C@@H]1C2,1,7.443697499232712,0.0,0.0,False
O=C(c1ccc2[nH]c(-c3cc4scc(C5CCCCC5)c4n3CC3CC3)nc2c1)N1C[C@H]2CC[C@@H]1C2,1,7.337242168318426,0.0,0.0,False
O=C(c1ccc2[nH]c(-c3cc4scc(C5CCCNC5)c4n3CC3CC3)nc2c1)N1C[C@H]2CC[C@@H]1C2,1,7.250156458690798,0.0,0.0,False
O=C(c1ccc2[nH]c(-c3cc4scc(C5CCOC5)c4n3CC3CC3)nc2c1)N1C[C@H]2CC[C@@H]1C2,1,7.309803919971486,0.0,0.0,False
O=C(c1ccc2[nH]c(-c3cc4scc(C5CCOCC5)c4n3CC3CC3)nc2c1)N1C[C@H]2CC[C@@H]1C2,1,7.3979400086720375,0.0,0.0,False
O=C(c1ccc2[nH]c(-c3cc4ccc(-c5ccc6cc[nH+]cc6c5)nc4n3CC3CC3)nc2c1)N1CCCCC1,1,7.130768280269024,0.0,0.0,False
O=C(c1ccc2[nH]c(-c3cc4ccc(-c5ccc6ccc(=O)[nH]c6c5)cc4n3CC3CC3)nc2c1)N1CC2CCC1C2,1,7.443697499232712,0.0,0.0,False
O=C(c1ccc2[nH]c(-c3cc4ccc(-c5ccc6ccc(=O)[nH]c6c5)nc4n3CC3CC3)nc2c1)N1CC2CCC1C2,1,7.327902142064282,0.0,0.0,False
O=C(c1ccc2[nH]c(-c3cc4ccc(-c5ccc6ccc(=O)[nH]c6c5)nc4n3CC3CC3)nc2c1)N1CCCCC1,1,7.508638306165726,0.0,0.0,False
O=C(c1ccc2[nH]c(-c3cc4ccc(-c5ccc6ccccc6c5)cc4n3CC3CC3)nc2c1)N1CC2CCC1C2,1,7.337242168318426,0.0,0.0,False
O=C(c1ccc2[nH]c(-c3cc4ccc(-c5ccc6ccccc6c5)nc4n3CC3CC3)nc2c1)N1CC2CCC1C2,1,7.4089353929735005,0.0,0.0,False
O=C(c1ccc2[nH]c(-c3cc4ccc(-c5ccc6ccccc6n5)cc4n3CC3CC3)nc2c1)N1CC2CCC1C2,1,7.142667503568731,0.0,0.0,False
O=C(c1ccc2[nH]c(-c3cc4ccc(-c5ccc6c(=O)[nH]c(=O)[nH]c6c5)cc4n3CC3CC3)nc2c1)N1CC2CCC1C2,1,7.585026652029182,0.0,0.0,False
O=C(c1ccc2[nH]c(-c3cc4ccc(-c5ccc6c(=O)[nH]c(=O)[nH]c6c5)nc4n3CC3CC3)nc2c1)N1CC2CCC1C2,1,7.6020599913279625,0.0,0.0,False
O=C(c1ccc2[nH]c(-c3cc4ccc(-c5ccc6c(=O)[nH]c(=O)[nH]c6c5)nc4n3CC3CC3)nc2c1)N1CCCCC1,1,7.154901959985743,0.0,0.0,False
O=C(c1ccc2[nH]c(-c3cc4ccc(-c5ccc6c(=O)[nH]ccc6c5)cc4n3CC3CC3)nc2c1)N1CC2CCC1C2,1,7.6777807052660805,0.0,0.0,False
O=C(c1ccc2[nH]c(-c3cccn3Cc3cn[nH]c3)nc2c1)N1C[C@H]2CC[C@@H]1C2,1,5.479305516506976,0.0,0.0,False
O=C(c1ccc2[nH]c(-c3cccnc3)nc2c1)N1CCCCC1,1,5.0,0.0,0.0,False
O=C(c1ccc2[nH]c(-c3ccn(-c4ccccc4)c3)nc2c1)N1C[C@H]2CC[C@@H]1C2,1,5.522878745280337,0.0,0.0,False
O=C(c1ccc2[nH]c(-c3ccn(Cc4ccccc4)c3)nc2c1)N1C[C@H]2CC[C@@H]1C2,1,5.522878745280337,0.0,0.0,False
O=C(c1ccc2[nH]c(-c3ccc(-c4ccccc4)n3CC3CC3)nc2c1)N1CC[C@@H]2CCN[C@@H]2C1,1,5.4357322877336145,0.0,0.0,False
O=C(c1ccc2[nH]c(-c3ccc(-c4ccccc4)n3CC3CC3)nc2c1)N1CC[C@H]2CCN[C@H]2C1,1,5.0,0.0,0.0,False
O=C(c1ccc2[nH]c(-c3ccc(-c4cccnc4)n3CC3CC3)nc2c1)N1CCCCC1,1,5.10411561384025,0.0,0.0,False
O=C(c1ccc2[nH]c(-c3ccc(-c4ccncc4)n3CC3CC3)nc2c1)N1CCCCC1,1,5.4357322877336145,0.0,0.0,False
O=C(c1ccc2[nH]c(-c3ccc(/C=C/c4ccccc4)n3CC3CC3)nc2c1)N1CCCCC1,1,5.920479790880056,0.0,0.0,False
O=C(c1ccc2[nH]c(-c3ccc(C(=O)N(Cc4ccccc4)c4ccccc4)n3CC3CC3)nc2c1)N1CCCCC1,1,5.761439372640169,0.0,0.0,False
O=C(c1ccc2[nH]c(-c3ccc(CCc4ccccc4)n3CC3CC3)nc2c1)N1CCCCC1,1,5.4565554105016645,0.0,0.0,False
O=C(c1ccc2[nH]c(-c3cccc(OCC4CC4)n3)nc2c1)N1C[C@H]2CC[C@@H]1C2,1,5.0,0.0,0.0,False
O=C(c1ccc2[nH]c(-c3ccccn3)nc2c1)N1C[C@H]2CC[C@@H]1C2,1,5.0,0.0,0.0,False
O=C(c1ccc2[nH]c(-c3cccn3-c3ccccc3)nc2c1)N1CCCCC1,1,5.0,0.0,0.0,False
O=C(c1ccc2[nH]c(-c3cccn3C3CC3)nc2c1)N1C[C@H]2CC[C@@H]1C2,1,6.0,0.0,0.0,False
O=C(c1ccc2[nH]c(-c3cc4scc(-c5cnn(C6CCOCC6)c5)c4n3CC3CC3)nc2c1)N1C[C@H]2CC[C@@H]1C2,1,7.537602002101044,0.0,0.0,False
O=C(c1ccc2[nH]c(-c3cnc(-c4cn[nH]c4)n3CC3CC3)nc2c1)N1C[C@H]2CC[C@@H]1C2,1,5.761439372640169,0.0,0.0,False
O=C(c1ccc2[nH]c(-c3cccn3CC3CC3)nc2c1)N1C[C@H]2CC[C@@H]1C2,1,5.960239895440028,0.0,0.0,False
O=C(c1ccc2[nH]c(-c3cccn3CC3CCOCC3)nc2c1)N1CCCCC1,1,5.261439372640169,0.0,0.0,False
O=C(c1ccc2[nH]c(-c3cccn3CCC3CCOCC3)nc2c1)N1C[C@H]2CCC1C2,1,5.313497179560294,0.0,0.0,False
O=C(c1ccc2[nH]c(-c3cccn3CCc3ccccc3)nc2c1)N1C[C@H]2CCC1C2,1,5.479305516506976,0.0,0.0,False
O=C(c1ccc2[nH]c(-c3cccn3CCc3ccccn3)nc2c1)N1C[C@H]2CC[C@@H]1C2,1,5.06246936830415,0.0,0.0,False
O=C(c1ccc2[nH]c(-c3cccn3Cc3ccccc3)nc2c1)N1C[C@H]2CC[C@@H]1C2,1,5.489717077891001,0.0,0.0,False
O=C(c1ccc2[nH]c(-c3cc4ccc(-c5ccc6c(=O)cc[nH]c6c5)nc4n3CC3CC3)nc2c1)N1CCCCC1,1,7.2839966563652006,0.0,0.0,False
O=C(c1ccc2[nH]c(-c3cc4ccc(-c5ccc6c(=O)cc[nH]c6n5)nc4n3CC3CC3)nc2c1)N1CC2CCC1C2,1,7.638272163982407,0.0,0.0,False
O=C(c1ccc2[nH]c(-c3cc4ccc(-c5ccc6c(c5)CCNC6)nc4n3CC3CC3)nc2c1)N1CC2CCC1C2,1,7.096910013008056,0.0,0.0,False
O=C(c1ccc2[nH]c(-c3cc4ccc(-c5ccc6[nH]c(=O)cnc6c5)cc4n3CC3CC3)nc2c1)N1CC2CCC1C2,1,7.619788758288394,0.0,0.0,False
O=C(c1ccc2[nH]c(-c3cc4ccc(-c5ccc6[nH]c(=O)cnc6c5)nc4n3CC3CC3)nc2c1)N1CC2CCC1C2,1,7.886056647693163,0.0,0.0,False
O=C(c1ccc2[nH]c(-c3cc4ccc(-c5ccc6[nH]c(=O)cnc6c5)nc4n3CC3CC3)nc2c1)N1CCCCC1,1,7.6777807052660805,0.0,0.0,False
O=C(c1ccc2[nH]c(-c3cc4ccc(-c5ccc6[nH]c(=O)ncc6c5)nc4n3CC3CC3)nc2c1)N1CCCCC1,1,7.508638306165727,0.0,0.0,False
O=C(c1ccc2[nH]c(-c3cc4ccc(-c5ccc6[nH]ccc(=O)c6c5)nc4n3CC3CC3)nc2c1)N1CCCCC1,1,6.8794260687941495,0.0,0.0,False
O=C(c1ccc2[nH]c(-c3cccn3Cc3cccnc3)nc2c1)N1C[C@H]2CC[C@@H]1C2,1,5.313497179560294,0.0,0.0,False
O=C(c1ccc2[nH]c(-c3cc4ccc(-c5ccc6[nH+]cccc6c5)nc4n3CC3CC3)nc2c1)N1CCCCC1,1,7.013228265733755,0.0,0.0,False
O=C(c1ccc2[nH]c(-c3cc4ccc(-c5ccc6[nH]c(=O)[nH]c(=O)c6c5)cc4n3CC3CC3)nc2c1)N1CC2CCC1C2,1,7.522878745280337,0.0,0.0,False
O=C(c1ccc2[nH]c(-c3ncc(-c4ccccc4)n3CC3CC3)nc2c1)N1CCCCC1,1,5.0,0.0,0.0,False
O=C(c1ccc2[nH]c(-n3nccc3-c3ccccc3)nc2c1)N1CCCCC1,1,5.0,0.0,0.0,False
O=C(c1ccc2c(c1)nc(-c1cc3ccc(CNC(=O)C45CC(C4)C5)cc3n1CC1CC1)n2C1CC1)N1[C@H]2CC[C@@H]1CC2,1,7.339134521996131,0.0,0.0,False
O=C(c1ccc2c(c1)nc(-c1cc3ccc(CNC(=O)C45CC(C4)C5)nc3n1CC1CC1)n2C1CC1)N1CCCCC1,1,7.146910470148135,0.0,0.0,False
O=C(c1ccc2[nH]c(-c3ccn(Cc4ccccc4)c3)nc2c1)N1C[C@H]2CC[C@@H]1[C@@H]2NCc1ccccc1,1,5.0,0.0,0.0,False
O=C(c1ccc2[nH]c(-c3ccn(S(=O)(=O)c4ccccc4)c3)nc2c1)N1C[C@H]2CC[C@@H]1C2,1,6.0,0.0,0.0,False
O=C(c1ccc2[nH]c(-c3ccn[nH]3)nc2c1)N1CCCCC1,1,5.0,0.0,0.0,False
O=C(c1ccc2[nH]c(-c3ccncc3)nc2c1)N1C[C@H]2CC[C@@H]1C2,1,5.522878745280337,0.0,0.0,False
O=C(c1ccc2[nH]c(-c3cn(CC4CC4)c(-c4nccs4)n3)nc2c1)N1CCCCC1,1,5.0,0.0,0.0,False
O=C(c1ccc2[nH]c(-c3cn(Cc4ccccc4)cn3)nc2c1)N1CCCCC1,1,5.0,0.0,0.0,False
O=C(c1ccc2[nH]c(-c3cnc(-c4ccccc4)n3CC3CC3)nc2c1)N1CCC2CCNC2C1,1,5.0,0.0,0.0,False
O=C(c1ccc2[nH]c(-c3cnc(-c4ccccn4)n3CC3CC3)nc2c1)N1CCCCC1,1,5.761439372640169,0.0,0.0,False
O=C(c1ccc2[nH]c(-c3cnc(-c4ccccn4)n3CC3CC3)nc2c1)N1C[C@H]2CC[C@@H]1C2,1,5.522878745280337,0.0,0.0,False
O=C(c1ccc2[nH]c(-c3cnc(-c4cn[nH]c4)n3CC3CC3)nc2c1)N1CCCCC1,1,5.4565554105016645,0.0,0.0,False
O=C(c1ccc2[nH]c(-c3cnc(CCc4ccccc4)n3CC3CC3)nc2c1)N1CCCCC1,1,5.0,0.0,0.0,False
O=C(c1ccc2[nH]c(-c3cnc(Cc4ccccc4)n3CC3CC3)nc2c1)N1CCCCC1,1,5.10411561384025,0.0,0.0,False
O=C(c1ccc2[nH]c(-c3cncs3)nc2c1)N1CCCCC1,1,5.0,0.0,0.0,False
O=C(c1ccc2[nH]c(-c3cnn(-c4ccccc4)c3)nc2c1)N1CCCCC1,1,5.0,0.0,0.0,False
O=C(c1ccc2[nH]c(-c3cc4ccc(-c5ccc6[nH]ccc6c5)cc4n3CC3CC3)nc2c1)N1CC2CCC1C2,1,6.838631997765025,0.0,0.0,False
O=C(c1ccc2[nH]c(-c3cc4ccc(-c5ccc6[nH]ncc(=O)c6c5)cc4n3CC3CC3)nc2c1)N1CC2CCC1C2,1,7.920818753952375,0.0,0.0,False
O=C(c1ccc2[nH]c(-c3cc4ccc(-c5ccc6[nH]ncc(=O)c6c5)cc4n3CC3CC3)nc2c1)N1CCCCC1,1,7.292429823902064,0.0,0.0,False
O=C(c1ccc2[nH]c(-c3cc4ccc(-c5ccc6[nH]ncc(=O)c6c5)nc4n3CC3CC3)nc2c1)N1CC2CCC1C2,1,7.214670164989233,0.0,0.0,False
O=C(c1ccc2[nH]c(-c3cc4ccc(-c5ccc6[nH]ncc6c5)nc4n3CC3CC3)nc2c1)N1CC2CCC1C2,1,7.136677139879544,0.0,0.0,False
O=C(c1ccc2[nH]c(-c3cc4ccc(-c5ccc(OCc6nnco6)cc5)nc4n3CC3CC3)nc2c1)N1CC2CCC1C2,1,7.200659450546418,0.0,0.0,False
O=C(c1ccc2[nH]c(-c3cc4ccc(-c5ccc(OCc6nnco6)cc5)nc4n3CC3CC3)nc2c1)N1CCCCC1,1,7.136677139879544,0.0,0.0,False
O=C(c1ccc2[nH]c(-c3cc4ccc(-c5ccc(S(=O)(=O)N6CCOCC6)cc5)nc4n3CC3CC3)nc2c1)N1CC2CCC1C2,1,6.8297382846050425,0.0,0.0,False
O=C(c1ccc2[nH]c(-c3cc4ccc(-c5ccc(S(=O)(=O)NC6CC6)cc5)nc4n3CC3CC3)nc2c1)N1CC2CCC1C2,1,6.970616222314791,0.0,0.0,False
O=C(c1ccc2[nH]c(-c3cc4ccc(-c5ccc6[nH+]cccc6c5)cc4n3CC3CC3)nc2c1)N1CC2CCC1C2,1,7.6777807052660805,0.0,0.0,False
O=C(c1ccc2[nH]c(-c3cc4ccc(-c5ccc6[nH+]cccc6c5)cc4n3CC3CC3)nc2c1)N1CCCCC1,1,7.167491087293764,0.0,0.0,False
O=C(c1ccc2[nH]c(-c3cc4ccc(-c5ccc6[nH+]cccc6c5)nc4n3CC3CC3)nc2c1)N1CC2CCC1C2,1,7.4685210829577455,0.0,0.0,False
O=C(c1ccc2c(c1)nc1n2Cc2cccc(c2)-c2ccccc2OCCCn2c-1cc1cccnc12)N1CCCCC1,1,6.920818753952375,0.0,0.0,False
O=C(c1ccc2c(c1)nc1n2Cc2cccc(c2)/C=C/CCCCn2c-1cc1cccnc12)N1CCCCC1,1,6.924453038607469,0.0,0.0,False
O=C(c1ccc2c(c1)nc1n2Cc2cccc(c2)CCCCCCn2c-1cc1cccnc12)N1CCCCC1,1,6.305945845279161,0.0,0.0,False
O=C(c1ccc2c(c1)nc1n2Cc2cccc(c2)[C@@H]2CNC[C@@H]2CCCCn2c-1cc1cccnc12)N1C[C@H]2CC[C@@H]1C2,1,7.303643611266668,0.0,0.0,False
O=C(c1ccc2c(c1)nc(-c1cc3ccc(CNC(=O)C45CC(C4)C5)nc3n1CC1CC1)n2C1CC1)N1[C@H]2CC[C@@H]1CC2,1,7.345823458122039,0.0,0.0,False
O=C(c1ccc2c(c1)nc(-c1cc3ccc(CNS(=O)(=O)C4CC4)nc3n1CC1CC1)n2C1CC1)N1CC[C@@H]2CC[C@H]1C2,1,7.0467236633326955,0.0,0.0,False
O=C(c1ccc2c(c1)nc(-c1cc3ccc(CNS(=O)(=O)C4CC4)nc3n1CC1CC1)n2C1CC1)N1CC[C@H]2CC[C@@H]1C2,1,7.0467236633326955,0.0,0.0,True
O=C(c1ccc2c(c1)nc(-c1cc3ccc(N4CCCCS4(=O)=O)cc3n1CC1CC1)n2C1CC1)N1[C@H]2CC[C@@H]1CC2,1,7.376750709602099,0.0,0.0,False
O=C(c1ccc2c(c1)nc(-c1cc3ccc(N4CCCCS4(=O)=O)nc3n1CC1CC1)n2C1CC1)N1C[C@H]2CC[C@@H]1C2,1,7.255707016877324,0.0,0.0,False
O=C(c1ccc2c(c1)nc(-c1cc3ccc(N4CCCCS4(=O)=O)nc3n1CC1CC1)n2C1CC1)N1[C@H]2CC[C@@H]1CC2,1,7.723538195826756,0.0,0.0,False
O=C(c1ccc2c(c1)nc(-c1cc3cccnc3n1C1CC1)n2CC1CC1)N1CCCCC1,1,6.3124710387853655,0.0,0.0,False
O=C(c1ccc2c(c1)nc(-c1cc3cccnc3n1CC1CC1)n2C12CC(C1)C2)N1CCCCC1,1,5.671620396561263,0.0,0.0,False
O=C(c1ccc2c(c1)nc(-c1cc3cccnc3n1CC1CC1)n2C1CC1)N1CC[C@@H]2OCCN[C@@H]2C1,1,4.301029995663981,0.0,0.0,False
O=C(c1ccc2[nH]c(-c3cnc(=O)[nH]c3)nc2c1)N1C[C@H]2CC[C@@H]1C2,1,5.0,0.0,0.0,False
O=C(c1ccc2[nH]c(-c3cnc(C4CCC4)[nH]3)nc2c1)N1C[C@H]2CC[C@@H]1C2,1,5.522878745280337,0.0,0.0,False
O=C(c1ccc2[nH]c(-c3cnc(C4CCOCC4)[nH]3)nc2c1)N1C[C@H]2CC[C@@H]1C2,1,5.522878745280337,0.0,0.0,False
O=C(c1ccc2[nH]c(-c3cc4ccc(-c5ccc(N6CCCS6(=O)=O)cc5)nc4n3CC3CC3)nc2c1)N1CC2CCC1C2,1,7.455931955649724,0.0,0.0,False
O=C(c1ccc2[nH]c(-c3cc4ccc(-c5ccc(N6CCCS6(=O)=O)cc5)nc4n3CC3CC3)nc2c1)N1CCCCC1,1,7.154901959985743,0.0,0.0,False
O=C(c1ccc2c(c1)nc1n2Cc2cnn(c2)-c2ccccc2OCCCn2c-1cc1ccccc12)N1CC2CCC1C2,1,7.958607314841775,0.0,0.0,False
O=C(c1ccc2c(c1)nc1n2Cc2cnn(c2)-c2ccccc2OCCCn2c-1cc1ccccc12)N1CCCCC1,1,7.721246399047171,0.0,0.0,False
O=C(c1ccc2c(c1)nc1n2Cc2cnn(c2)-c2ccccc2OCCCn2c-1cc1cccnc12)N1CC2CCC1C2,1,7.823908740944319,0.0,0.0,False
O=C(c1ccc2c(c1)nc1n2Cc2cnn(c2)-c2ccccc2OCCCn2c-1cc1cccnc12)N1CCCCC1,1,7.3979400086720375,0.0,0.0,False
O=C(c1ccc2c(c1)nc1n2Cc2cnn(c2)CCCCCCCn2c-1cc1ccccc12)N1CC2CCC1C2,1,7.508638306165727,0.0,0.0,False
O=C(c1ccc2c(c1)nc1n2Cc2cnn(c2)CCCCCCCn2c-1cc1ccccc12)N1CCCCC1,1,7.431798275933005,0.0,0.0,False
O=C(c1ccc2c(c1)nc1n2Cc2cnn(c2)CCCCCCCn2c-1cc1cccnc12)N1CC2CCC1C2,1,6.863279432843593,0.0,0.0,False
O=C(c1ccc2c(c1)nc(-c1cc3cccnc3n1CC1CC1)n2CC1COC1)N1CCCCC1,1,6.628932137728263,0.0,0.0,False
O=C(c1ccc2c(c1)nc(-c1cccn1CC1CC1)n2-c1ccccc1)N1C[C@H]2CC[C@@H]1C2,1,5.1249387366083,0.0,0.0,False
O=C(c1ccc2c(c1)nc1n2Cc2cc(ccn2)-c2ccccc2CCCCn2c-1cc1cccnc12)N1CC2CCC1C2,1,6.950781977329818,0.0,0.0,False
O=C(c1ccc2c(c1)nc1n2Cc2cccc(c2)-c2ccccc2CCCCn2c-1cc1ccccc12)N1CC2CCC1C2,1,7.275724130399211,0.0,0.0,False
O=C(c1ccc2c(c1)nc1n2Cc2cccc(c2)-c2ccccc2CCCCn2c-1cc1ccccc12)N1CCCCC1,1,6.718966632752272,0.0,0.0,False
O=C(c1ccc2c(c1)nc1n2Cc2cccc(c2)-c2ccccc2CCCCn2c-1cc1cccnc12)N1C[C@H]2CC[C@@H]1C2,1,7.585026652029182,0.0,0.0,False
O=C(c1ccc2c(c1)nc1n2Cc2cccc(c2)-c2ccccc2OCCCn2c-1cc1cccnc12)N1CC2CCC1C2,1,7.522878745280337,0.0,0.0,False
O=C(c1ccc2c(c1)nc1n2Cc2ccn(n2)-c2ccccc2OCCCn2c-1cc1ccccc12)N1CCCCC1,1,7.886056647693163,0.0,0.0,False
O=C(c1ccc2c(c1)nc1n2Cc2ccn(n2)-c2ccccc2OCCCn2c-1cc1cccnc12)N1CC2CCC1C2,1,7.958607314841775,0.0,0.0,False
O=C(c1ccc2c(c1)nc1n2Cc2ccn(n2)-c2ccccc2OCCCn2c-1cc1cccnc12)N1CCCCC1,1,8.045757490560675,0.0,0.0,False
O=C(c1ccc2c(c1)nc1n2Cc2cncc(c2)-c2ccccc2CCCCn2c-1cc1cccnc12)N1CC2CCC1C2,1,8.0,0.0,0.0,False
O=C(c1ccc2c(c1)nc1n2Cc2cncc(c2)-c2ccccc2CCCCn2c-1cc1cccnc12)N1C[C@H]2CC[C@@H]1C2,1,7.853871964321762,0.0,0.0,False
O=C(c1ccc2c(c1)nc1n2Cc2cncc(c2)-c2ccccc2OCCCn2c-1cc1cccnc12)N1CC2CCC1C2,1,8.154901959985743,0.0,0.0,False
O=C(c1ccc2c(c1)nc1n2Cc2cncc(c2)-c2ccccc2OCCCn2c-1cc1cccnc12)N1CCCCC1,1,7.853871964321762,0.0,0.0,False
O=C(c1ccc2[nH]c(-c3cc4ccc(-c5ccc6[nH]c(=O)[nH]c(=O)c6c5)cc4n3CC3CC3)nc2c1)N1CCCCC1,1,5.6118987984294835,0.0,0.0,False
O=C(c1ccc2[nH]c(-c3cc4ccc(-c5ccc6[nH]c(=O)[nH]c(=O)c6c5)nc4n3CC3CC3)nc2c1)N1CC2CCC1C2,1,7.920818753952375,0.0,0.0,False
O=C(c1ccc2[nH]c(-c3cc4ccc(-c5ccc6[nH]c(=O)[nH]c(=O)c6c5)nc4n3CC3CC3)nc2c1)N1CCCCC1,1,7.468521082957745,0.0,0.0,False
O=C(c1ccc2[nH]c(-c3cc4ccc(-c5ccc6[nH]c(=O)[nH]c6c5)nc4n3CC3CC3)nc2c1)N1CC2CCC1C2,1,6.910094888560602,0.0,0.0,False
O=C(c1ccc2[nH]c(-c3cc4ccc(-c5ccc6[nH]c(=O)ccc6c5)cc4n3CC3CC3)nc2c1)N1CCCCC1,1,7.337242168318426,0.0,0.0,False
O=C(c1ccc2[nH]c(-c3cc4ccc(-c5ccc(=O)[nH]c5)nc4n3CC3CC3)nc2c1)N1CCCCC1,1,6.97469413473523,0.0,0.0,False
O=C(c1ccc2[nH]c(-c3cc4ccc(-c5ccc(N6CCC6)nc5)nc4n3CC3CC3)nc2c1)N1CCCCC1,1,6.438898616350944,0.0,0.0,False
O=C(c1ccc2[nH]c(-c3cc4ccc(-c5ccc(N6CCCC6=O)cc5)nc4n3CC3CC3)nc2c1)N1CCCCC1,1,6.815308569182402,0.0,0.0,False
O=C(c1ccc2[nH]c(-c3cc4ccc(-c5ccc(N6CCCC6=O)cn5)nc4n3CC3CC3)nc2c1)N1CCCCC1,1,6.756961951313706,0.0,0.0,False
O=C(c1ccc2[nH]c(-c3cc4ccc(-c5cc[nH]c(=O)c5)cc4n3CC3CC3)nc2c1)N1CCCCC1,1,7.42021640338319,0.0,0.0,False
O=C(c1ccc2[nH]c(-c3cc4ccc(-c5cc[nH]c5)nc4n3CC3CC3)nc2c1)N1CC2CCC1C2,1,6.795880017344075,0.0,0.0,False
O=C(c1ccc2[nH]c(-c3cc4ccc(-c5ccc(-c6c[nH]c(=O)[nH]6)cc5)nc4n3CC3CC3)nc2c1)N1CC2CCC1C2,1,7.721246399047171,0.0,0.0,False
O=C(c1ccc2[nH]c(-c3cc4ccc(-c5ccc(-c6c[nH]c(=O)[nH]6)cc5)nc4n3CC3CC3)nc2c1)N1CCCCC1,1,7.431798275933005,0.0,0.0,False
O=C(c1ccc2cc(-c3cc4ccc(-c5cccc6n[nH]cc56)cc4n3CC3CC3)nn2c1)N1CC2CCC1C2,1,7.154901959985743,0.0,0.0,False
O=C(c1ccc2cc(-c3cc4ccc(-c5cccc6n[nH]cc56)nc4n3CC3CC3)nn2c1)N1CC2CCC1C2,1,6.721246399047171,0.0,0.0,False
O=C(c1ccc2c(c1)nc1n2Cc2cnn(c2)CCCCCCCn2c-1cc1cccnc12)N1CCCCC1,1,6.213248577854438,0.0,0.0,False
O=C(c1ccc2c(c1)nc1n2Cc2cnn(c2)CCCCCCn2c-1cc1ccccc12)N1CCCCC1,1,7.180456064458131,0.0,0.0,False
O=C(c1ccc2c(c1)nc1n2Cc2cnn(c2)CCCCCCn2c-1cc1cccnc12)N1CC2CCC1C2,1,5.864231485432178,0.0,0.0,False
O=C(c1ccc2c(c1)nc1n2Cc2cnn(c2)CCCCCn2c-1cc1ccccc12)N1CC2CCC1C2,1,6.5934598195660445,0.0,0.0,False
O=C(c1ccc2cc(-c3cc4ccc(-c5ccc(N6CCNC6=O)cc5)nc4n3CC3CC3)nn2c1)N1CCCCC1,1,5.962573502059376,0.0,0.0,False
O=C(c1ccc2cc(-c3cc4ccc(-c5ccc6[nH]ccc6c5)cc4n3CC3CC3)nn2c1)N1CCCCC1,1,6.102372908709558,0.0,0.0,False
O=C(c1ccc2cc(-c3cc4ccc(-c5ccc6[nH]ncc6c5)cc4n3CC3CC3)nn2c1)N1CC2CCC1C2,1,7.698970004336019,0.0,0.0,False
O=C(c1ccc2cc(-c3cc4ccc(-c5ccc6[nH]ncc6c5)nc4n3CC3CC3)nn2c1)N1CC2CCC1C2,1,7.0,0.0,0.0,False
O=C(c1ccc2cc(-c3cc4ccc(-c5ccc6c(c5)CCC6)cc4n3CC3CC3)nn2c1)N1CCCCC1,1,5.546681659952963,0.0,0.0,False
O=C(c1ccc2c(c1)nc1n2Cc2ccn(n2)-c2ccccc2OCCCn2c-1cc1ccccc12)N1CC2CCC1C2,1,8.301029995663981,0.0,0.0,False
O=C(c1ccc2cc(-c3cc4ccc(-c5cccnc5)cc4n3CC3CC3)oc2c1)N1CC2CCC1C2,1,7.0915149811213505,0.0,0.0,False
O=C(c1ccc2cc(-c3cc4ccc(-c5cccnc5)nc4n3CC3CC3)nn2c1)N1CCCCC1,1,5.892790030352131,0.0,0.0,False
O=C(c1ccc2cc(-c3cc4ccc(-c5ccn6cnnc6c5)cc4n3CC3CC3)oc2c1)N1CCCCC1,1,6.498940737782249,0.0,0.0,False
O=C(c1ccc2cc(-c3cc4ccc(-c5cccc6[nH]ncc56)cc4n3CC3CC3)nn2c1)N1CC2CCC1C2,1,6.698970004336019,0.0,0.0,False
O=C(c1ccc2cc(-c3cc4ccc(-c5cccc6[nH]ncc56)nc4n3CC3CC3)nn2c1)N1CC2CCC1C2,1,7.698970004336019,0.0,0.0,False
O=C(c1ccc2cc(-c3cc4ccc(-c5cccc6cn[nH]c56)cc4n3CC3CC3)nn2c1)N1CC2CCC1C2,1,7.698970004336019,0.0,0.0,False
O=C(c1ccc2cc(-c3cc4ccc(-c5cccc6cn[nH]c56)cc4n3CC3CC3)nn2c1)N1CCCC1,1,7.080921907623926,0.0,0.0,False
O=C(c1ccc2[nH]c(-c3cc4ccc(-c5ccc(N6CCNC6=O)cc5)nc4n3CC3CC3)nc2c1)N1CCCCC1,1,7.638272163982407,0.0,0.0,False
O=C(c1ccc2[nH]c(-c3cc4ccc(-c5ccc(N6CCOC6=O)cc5)nc4n3CC3CC3)nc2c1)N1CCCCC1,1,7.698970004336019,0.0,0.0,False
O=C(c1ccc2[nH]c(-c3cc4ccc(-c5ccc(NS(=O)(=O)C6CC6)cc5)nc4n3CC3CC3)nc2c1)N1CC2CCC1C2,1,7.251811972993799,0.0,0.0,False
O=C(c1ccc2[nH]c(-c3cc4ccc(-c5ccc(NS(=O)(=O)C6CC6)cc5)nc4n3CC3CC3)nc2c1)N1CCCCC1,1,6.96657624451305,0.0,0.0,False
O=C(c1ccc2[nH]c(-c3cc4ccc(-c5ccc(OCc6ccncc6)cc5)nc4n3CC3CC3)nc2c1)N1CC2CCC1C2,1,6.723538195826755,0.0,0.0,False
O=C(c1ccc2[nH]c(-c3cc4ccc(-c5ccc(OCc6ncco6)cc5)nc4n3CC3CC3)nc2c1)N1CC2CCC1C2,1,6.9065783148377635,0.0,0.0,False
O=C(c1ccc2[nH]c(-c3cc4ccc(-c5ccc(OCc6ncco6)cc5)nc4n3CC3CC3)nc2c1)N1CCCCC1,1,6.801342913045577,0.0,0.0,False
O=C(c1ccc2[nH]c(-c3cc4ccc(-c5cc(=O)cc[nH]5)nc4n3CC3CC3)nc2c1)N1CCCCC1,1,6.872895201635192,0.0,0.0,False
O=C(c1ccc2[nH]c(-c3cc4ccc(-c5cc[nH]c(=O)c5)cc4n3CC3CC3)nc2c1)N1CC2CCC1C2,1,7.1487416512809245,0.0,0.0,False
O=C(c1cc2c3c(c1)nc(-c1cc4ccccc4n1Cc1ccncc1)n3CCO2)N1CCCCC1,1,6.5,0.0,0.0,False
O=C(c1cc2c3c(c1)nc(-c1cc4ccccc4s1)n3CCO2)N1CCCCC1,1,6.5,0.0,0.0,False
O=C(c1cc2c3c(c1)nc(-c1cc4cccnc4n1CC1CC1)n3CCO2)N1CCCCC1,1,6.090443970758825,0.0,0.0,False
O=C(c1cc2c3c(c1)nc(-c1cc4cccnc4n1CC1CC1)n3CCO2)N1[C@H]2CC[C@@H]1CC2,1,6.669586226650809,0.0,0.0,False
O=C(c1ccc2[nH+]c(-c3cc4ccc(-c5ccc6[nH]ccc(=O)c6c5)nc4n3CC3CC3)[nH]c2c1)N1CC2CCC1C2,1,7.568636235841012,0.0,0.0,True
O=C(c1ccc2[nH]c(-c3cc(-c4ccccc4)n[nH]3)nc2c1)N1CCCCC1,1,5.0,0.0,0.0,False
O=C(c1ccc2[nH]c(-c3cc(-c4ccccc4)nn3CC3CC3)nc2c1)N1CCCCC1,1,5.0,0.0,0.0,False
O=C(c1ccc2[nH]c(-c3cc(C4CC4)n(C4CCC4)n3)nc2c1)N1CCCCC1,1,5.0,0.0,0.0,False
O=C(c1ccc2cc(-c3cc4ccc(-c5cn[nH]c5)cc4n3CC3CC3)oc2c1)N1CC2CCC1C2,1,6.657577319177793,0.0,0.0,False
O=C(c1ccc2cc(-c3cc4ccc(-c5cn[nH]c5)nc4n3CC3CC3)nn2c1)N1CC2CCC1C2,1,6.3851027839668655,0.0,0.0,False
O=C(c1ccc2cc(-c3cc4ccc(-c5cn[nH]c5)nc4n3CC3CC3)nn2c1)N1CCCCC1,1,6.2441251443275085,0.0,0.0,False
O=C(c1ccc2cc(-c3cc4ccc(C5CCCCC5)cc4n3CC3CC3)oc2c1)N1CC2CCC1C2,1,7.522878745280337,0.0,0.0,False
O=C(c1ccc2cc(-c3cc4ccc(-c5ccccc5)nc4n3CC3CC3)oc2c1)N1CCCCC1,1,6.080921907623926,0.0,0.0,False
O=C(c1ccc2cc(-c3cc4ccc(-c5ccccc5)nc4n3CC3CC3)sc2c1)N1CCCCC1,1,6.747146969020107,0.0,0.0,False
O=C(c1ccc2cc(-c3cc4ccc(-c5ccccc5N5CCNC5=O)nc4n3CC3CC3)nn2c1)N1CCCCC1,1,6.853871964321762,0.0,0.0,False
O=C(c1ccc2cc(-c3cc4ccc(-c5cccnc5)cc4n3CC3CC3)nn2c1)N1CC2CCC1C2,1,7.522878745280337,0.0,0.0,False
O=C(c1ccc2cc(-c3cc4ccc(N5CCCCC5)cc4n3CC3CC3)nn2c1)N1CC2CCC1C2,1,7.0,0.0,0.0,False
O=C(c1ccc2cc(-c3cc4ccc(N5CCCCC5)cc4n3CC3CC3)oc2c1)N1CCCCC1,1,5.973466735476704,0.0,0.0,False
O=C(c1ccc2cc(-c3cc4ccc(-c5ccn6cnnc6c5)cc4n3CC3CC3)sc2c1)N1CC2CCC1C2,1,7.167491087293763,0.0,0.0,False
O=C(c1ccc2cc(-c3cc4ccc(-c5ccn6cnnc6c5)nc4n3CC3CC3)oc2c1)N1CC2CCC1C2,1,7.346787486224656,0.0,0.0,False
O=C(c1ccc2cc(-c3cc4ccc(-c5ccncc5)cc4n3CC3CC3)oc2c1)N1CC2CCC1C2,1,7.251811972993799,0.0,0.0,False
O=C(c1ccc2cc(-c3cc4ccc(-c5ccncc5)cc4n3CC3CC3)sc2c1)N1CC2CCC1C2,1,6.424812155072339,0.0,0.0,False
O=C(c1ccc2cc(-c3cc4ccc(-c5ccncc5)nc4n3CC3CC3)oc2c1)N1CC2CCC1C2,1,5.056851870641437,0.0,0.0,False
O=C(c1ccc2cc(-c3cc4ccc(-c5cn[nH]c5)cc4n3CC3CC3)nn2c1)N1CC2CCC1C2,1,7.096910013008056,0.0,0.0,False
O=C(c1ccc2[nH]c(-c3cc4ccc(-c5ccc(-c6nn[nH]n6)cc5)nc4n3CC3CC3)nc2c1)N1CC2CCC1C2,1,7.102372908709558,0.0,0.0,False
O=C(c1ccc2[nH]c(-c3cc4ccc(-c5ccc(-c6nnco6)cc5)nc4n3CC3CC3)nc2c1)N1CC2CCC1C2,1,7.309803919971486,0.0,0.0,False
O=C(c1ccc2[nH]c(-c3cc4ccc(-c5ccc(-c6nncs6)cc5)nc4n3CC3CC3)nc2c1)N1CC2CCC1C2,1,7.522878745280337,0.0,0.0,False
O=C(c1ccc2[nH]c(-c3cc4ccc(-c5ccc(-c6noc(=O)[nH]6)cc5)nc4n3CC3CC3)nc2c1)N1CC2CCC1C2,1,7.055517327849831,0.0,0.0,False
O=C(c1ccc2[nH]c(-c3cc4ccc(-c5ccc(-c6noc(=O)[nH]6)cc5)nc4n3CC3CC3)nc2c1)N1CCCCC1,1,6.804100347590767,0.0,0.0,False
O=C(c1ccc2[nH]c(-c3cc4ccc(-c5ccc(=O)[nH]c5)cc4n3CC3CC3)nc2c1)N1CC2CCC1C2,1,7.267606240177031,0.0,0.0,False
O=C(c1ccc2[nH]c(-c3cc4ccc(-c5ccc(=O)[nH]c5)cc4n3CC3CC3)nc2c1)N1CCCCC1,1,6.928117992693874,0.0,0.0,False
O=C(c1cc2c3c(c1)nc(-c1cc4ccccc4n1Cc1cccnc1)n3CCO2)N1CCCCC1,1,5.759637310505756,0.0,0.0,False
O=C(c1ccc2cc(-c3cc4ccc(N5CCC(n6cccn6)CC5)cc4n3CC3CC3)nn2c1)N1CCCCC1,1,6.142667503568731,0.0,0.0,False
O=C(c1ccc2[nH]c(-c3cc(C4CC4)nn3C3CCC3)nc2c1)N1CCCCC1,1,5.0,0.0,0.0,False
O=C(c1ccc2[nH]c(-c3cc(C4CC4)nn3CC3CC3)nc2c1)N1CCCCC1,1,5.0,0.0,0.0,False
O=C(c1ccc2[nH]c(-c3cc4ccc(-c5c[nH]c(=O)[nH]c5=O)nc4n3CC3CC3)nc2c1)N1CC2CCC1C2,1,7.292429823902063,0.0,0.0,False
O=C(c1ccc2[nH]c(-c3cc4ccc(-c5c[nH]nc5-c5ccccc5)nc4n3CC3CC3)nc2c1)N1CC2CCC1C2,1,7.036212172654444,0.0,0.0,False
O=C(c1ccc2[nH]c(-c3cc4ccc(-c5c[nH]nc5C5CC5)nc4n3CC3CC3)nc2c1)N1CC2CCC1C2,1,6.231361898752386,0.0,0.0,False
O=C(c1ccc2[nH]c(-c3cc4ccc(-c5c[nH]nn5)nc4n3CC3CC3)nc2c1)N1CCCCC1,1,6.872895201635192,0.0,0.0,False
O=C(Nc1ccc(-c2ccc3cc(-c4nc5cc(C(=O)N6CC7CCC6C7)ccc5[nH]4)n(CC4CC4)c3n2)cn1)C1CC1,1,6.931814138253838,0.0,0.0,False
O=C(Nc1ccc(-c2ccc3cc(-c4nc5cc(C(=O)N6CCCCC6)ccc5[nH]4)n(CC4CC4)c3n2)cn1)C1CC1,1,6.798602875679549,0.0,0.0,False
O=C(Nc1ccccc1)c1ccc(-c2nc3cc(C(=O)N4CCCCC4)ccc3[nH]2)n1CC1CC1,1,5.6023989544002815,0.0,0.0,False
O=C(Nc1ccccc1)c1cnoc1,1,2.6197887582883936,0.0,0.0,False
O=C(Nc1ccncc1)c1ccc(-c2ccc3cc(-c4nc5cc(C(=O)N6CC7CCC6C7)ccc5[nH]4)n(CC4CC4)c3c2)cc1,1,6.769551078621727,0.0,0.0,False
O=C(Nc1ccncc1)c1ccc2cc(-c3nc4cc(C(=O)N5C[C@H]6CC[C@@H]5C6)ccc4[nH]3)n(CC3CC3)c2c1,1,7.045757490560675,0.0,0.0,False
O=C(OCc1ccccc1)N1CCC(c2ccc3cc(-c4nc5cc(C(=O)N6CC7CCC6C7)ccc5[nH]4)n(CC4CC4)c3c2)C1,1,6.844663962534938,0.0,0.0,False
O=C(c1ccc2cc(-c3cc4ccc(N5CCC5)cc4n3CC3CC3)oc2c1)N1CC2CCC1C2,1,7.236572006437063,0.0,0.0,False
O=C(c1ccc2cc(-c3cc4ccc(N5CCC5)nc4n3CC3CC3)oc2c1)N1CC2CCC1C2,1,7.045757490560675,0.0,0.0,False
O=C(c1ccc2cc(-c3cc4cccc(OCc5ncno5)c4n3CC3CC3)oc2c1)N1CCCCC1,1,6.614393726401688,0.0,0.0,False
O=C(c1ccc2cc(-c3cc4ccccc4n3CC3CC3)nn2c1)C1CC2CCC1C2,1,5.66655272550325,0.0,0.0,False
O=C(c1ccc2cc(-c3cc4ccc(N5CCCCC5)nc4n3CC3CC3)sc2c1)N1CC2CCC1C2,1,7.1487416512809245,0.0,0.0,False
O=C(c1ccc2cc(-c3cc4ccc(N5CCCCC5)nc4n3CC3CC3)sc2c1)N1CCCCC1,1,6.192464971931146,0.0,0.0,False
O=C(c1ccc2cc(-c3cc4ccc(N5CCNCC5)cc4n3CC3CC3)oc2c1)N1CC2CCC1C2,1,7.031517051446065,0.0,0.0,False
O=C(c1ccc2cc(-c3cc4ccc(N5CCNCC5)cc4n3CC3CC3)oc2c1)N1CCCCC1,1,5.706195640080663,0.0,0.0,False
O=C(c1ccc2cc(-c3cc4ccc(N5CCOCC5)cc4n3CC3CC3)nn2c1)N1CC2CCC1C2,1,7.522878745280337,0.0,0.0,False
O=C(OCc1ccccc1)N1CCC(c2ccc3cc(-c4nc5cc(C(=O)N6CC7CCC6C7)ccc5[nH]4)n(CC4CC4)c3n2)C1,1,7.050609993355086,0.0,0.0,False
O=C(c1cc2c3c(c1)nc(-c1cc4ccccc4[nH]1)n3CCO2)N1CCCCC1,1,5.759637310505756,0.0,0.0,False
O=C(c1cc2c3c(c1)nc(-c1cc4ccccc4n1Cc1ccccn1)n3CCO2)N1CCCCC1,1,6.5,0.0,0.0,False
O=C(c1cc2c3c(c1)nc(-c1cc4ccccc4n1Cc1cccnc1)n3CCN2)N1CCCCC1,1,5.759637310505756,0.0,0.0,False
O=C(NCc1ccc2cc(-c3nc4cc(C(=O)N5[C@H]6CC[C@@H]5CC6)ccc4[nH]3)n(CC3CC3)c2n1)C1CCC1,1,7.324221658325915,0.0,0.0,False
O=C(NCc1ccc2cc(-c3nc4cc(C(=O)N5[C@H]6CC[C@@H]5CC6)ccc4n3C3CC3)n(CC3CC3)c2n1)c1ccccc1,1,7.0655015487564325,0.0,0.0,False
O=C(c1ccc2cc(-c3cc4ccc(CC5CC5)nc4n3CC3CC3)nn2c1)N1CC2CCC1C2,1,6.698970004336019,0.0,0.0,False
O=C(c1ccc2cc(-c3cc4ccc(N5CCC(C(=O)N6CCC6)CC5)cc4n3CC3CC3)nn2c1)N1CCCCC1,1,6.7447274948966935,0.0,0.0,False
O=C(c1ccc2cc(-c3cc4ccc(N5CCC(N6CCCC6=O)CC5)nc4n3CC3CC3)nn2c1)N1CCCCC1,1,5.616184634019569,0.0,0.0,False
O=C(NCc1ccc2cc(-c3nc4cc(C(=O)N5CC[C@@H]6CC[C@H]5C6)ccc4[nH]3)n(CC3CC3)c2n1)c1cnn(C2CC2)c1,1,7.236572006437063,0.0,0.0,False
O=C(c1ccc2cc(-c3cc4cccnc4n3CC3CC3)sc2c1)N1CCCCC1,1,6.598599459218455,0.0,0.0,False
O=C(c1ccc2cc(-c3cc4ccnc(C5CCNCC5)c4n3CC3CC3)nn2c1)N1CCCCC1,1,8.0,0.0,0.0,False
O=C(c1ccc2cc(-c3cc4ccnc(OCC5COC5)c4n3CC3CC3)nn2c1)N1CCCCC1,1,5.131355561605174,0.0,0.0,False
O=C(c1ccc2cc(-c3cc4ccnc(OCCn5cnnc5)c4[nH]3)nn2c1)N1CCCCC1,1,6.346787486224656,0.0,0.0,False
O=C(c1ccc2cc(-c3cc4cccc(C5CNC5)c4n3CC3CC3)nn2c1)N1CC2CCC1C2,1,8.0,0.0,0.0,False
O=C(c1ccc2cc(-c3cc4cccc(OCC5COC5)c4n3CC3CC3)oc2c1)N1CCCCC1,1,6.530177984021837,0.0,0.0,False
O=C(NCc1ccccc1)c1ccccc1,1,2.6777807052660805,0.0,0.0,False
O=C(NCc1cccnc1)NCc1ccc2cc(-c3cn4ccc(C(=O)N5[C@H]6CC[C@@H]5CC6)cc4n3)n(CC3CC3)c2n1,1,7.698970004336019,0.0,0.0,False
O=C(N[C@H]1CCNC1)c1ccc2[nH]c(-c3cc4ccccc4n3CC3CC3)nc2c1,1,6.259637310505756,0.0,0.0,False
O=C(Nc1ccc(-c2ccc3cc(-c4nc5cc(C(=O)N6CC7CCC6C7)ccc5[nH]4)n(CC4CC4)c3n2)cc1)OCC1CC1,1,6.718966632752273,0.0,0.0,False
O=C(NCc1ccc2cc(-c3nc4cc(C(=O)N5CC[C@H]6CC[C@@H]5C6)ccc4[nH]3)n(CC3CC3)c2n1)c1ccccn1,1,6.417936637088291,0.0,0.0,True
O=C(NCc1ccc2cc(-c3nc4cc(C(=O)N5CC[C@H]6CC[C@@H]5C6)ccc4[nH]3)n(CC3CC3)c2n1)c1ccncn1,1,6.2441251443275085,0.0,0.0,True
O=C(NCc1ccc2cc(-c3nc4cc(C(=O)N5CC[C@H]6CC[C@@H]5C6)ccc4[nH]3)n(CC3CC3)c2n1)c1cnccn1,1,6.598599459218455,0.0,0.0,True
O=C(NCc1ccc2cc(-c3nc4cc(C(=O)N5CC[C@H]6CC[C@@H]5C6)ccc4[nH]3)n(CC3CC3)c2n1)c1cnn(C2CC2)c1,1,7.236572006437063,0.0,0.0,True
O=C(c1ccc2cc(-c3cc4cccc(OCCn5cncn5)c4n3CC3CC3)oc2c1)N1CCCCC1,1,6.665546248849069,0.0,0.0,False
O=C(NCc1ccc2cc(-c3nc4cc(C(=O)N5CC[C@@H]6CC[C@H]5C6)ccc4n3C3CC3)n(CC3CC3)c2n1)c1cnn(C2CC2)c1,1,7.252588192113577,0.0,0.0,False
O=C(NC[C@@H]1CCCCO1)[C@@H]1CCCN1,1,2.2924298239020633,0.0,0.0,False
O=C(NCc1ccc2cc(-c3cn4ccc(C(=O)N5[C@H]6CC[C@@H]5CC6)cc4n3)n(CC3CC3)c2n1)N1CCOCC1,1,7.762817527352176,0.0,0.0,False
O=C(NCc1ccc2cc(-c3nc4cc(C(=O)N5CCCCC5)ccc4[nH]3)n(CC3CC3)c2n1)c1ccccc1,1,7.346132208706683,0.0,0.0,False
O=C(NCc1ccc2cc(-c3nc4cc(C(=O)N5CCCCC5)ccc4n3C3CC3)n(CC3CC3)c2c1)C1CC1,1,6.991399828238082,0.0,0.0,False
O=C(NCc1ccc2cc(-c3nc4cc(C(=O)N5CCCCC5)ccc4n3C3CC3)n(CC3CC3)c2n1)c1ccccc1,1,7.041914151478915,0.0,0.0,False
O=C(NCc1ccc2cc(-c3nc4cc(C(=O)N5CCCCN5)ccc4[nH]3)n(CC3CC3)c2n1)C1CCC1,1,7.035740369803151,0.0,0.0,False
O=C(NCc1ccc2cc(-c3nc4cc(C(=O)N5CC[C@H]6CC[C@@H]5C6)ccc4n3C3CC3)n(CC3CC3)c2n1)C1CCOCC1,1,7.313363730737707,0.0,0.0,True
O=C(NCc1ccc2cc(-c3nc4cc(C(=O)N5CC[C@H]6CC[C@@H]5C6)ccc4n3C3CC3)n(CC3CC3)c2n1)c1cnn(C2CC2)c1,1,7.252588192113577,0.0,0.0,True
O=C(NCc1ccc2cc(-c3nc4cc(C(=O)N5[C@H]6CC[C@@H]5CC6)ccc4[nH]3)n(CC3CC3)c2c1)C1CC1,1,7.351639989019068,0.0,0.0,False
O=C(NCc1ccc2cc(-c3nc4cc(C(=O)N5[C@H]6CC[C@@H]5CC6)ccc4[nH]3)n(CC3CC3)c2c1)C1CCC1,1,7.198596289982645,0.0,0.0,False
O=C(NCc1ccc2cc(-c3nc4cc(C(=O)N5[C@H]6CC[C@@H]5CC6)ccc4[nH]3)n(CC3CC3)c2c1)c1cn[nH]c1,1,7.539102157243452,0.0,0.0,False
O=C(NCc1ccc2cc(-c3nc4cc(C(=O)N5[C@H]6CC[C@@H]5CC6)ccc4[nH]3)n(CC3CC3)c2c1)c1cnco1,1,7.559090917934782,0.0,0.0,False
O=C(NCc1ccc2cc(-c3nc4cc(C(=O)N5CC[C@@H]6CC[C@H]5C6)ccc4[nH]3)n(CC3CC3)c2n1)c1ccccn1,1,6.417936637088291,0.0,0.0,False
O=C(NCc1ccc2cc(-c3nc4cc(C(=O)N5CC[C@@H]6CC[C@H]5C6)ccc4[nH]3)n(CC3CC3)c2n1)c1ccncn1,1,6.2441251443275085,0.0,0.0,False
O=C(NCc1ccc2cc(-c3nc4cc(C(=O)N5CC[C@@H]6CC[C@H]5C6)ccc4[nH]3)n(CC3CC3)c2n1)c1cnccn1,1,6.598599459218455,0.0,0.0,False
O=C(c1ccc2cc(-c3sc4cccc(-c5cn[nH]c5)c4c3CC3CC3)nn2c1)N1CCCCC1,1,6.853871964321762,0.0,0.0,False
O=C(c1ccc2cc(C3Cc4ccccc4N3CC3CC3)oc2c1)N1CCCCC1,1,5.7447274948966935,0.0,0.0,False
O=C(c1ccc2nc(-c3c[nH]c4ccccc34)[nH]c2c1)N1CCCCC1,1,5.494850021680094,0.0,0.0,False
O=C(c1ccc2nc(-c3cn(CC4CC4)c4ccccc34)[nH]c2c1)N1CCCCC1,1,5.494850021680094,0.0,0.0,False
O=C(c1cccs1)N1CCC(c2cccc3cc(-c4cc5ccc(C(=O)N6CC7CCC6C7)cn5n4)n(CC4CC4)c23)CC1,1,7.698970004336019,0.0,0.0,False
O=C(c1ccn2c(-c3ccccc3)c(-c3cc4ccccc4n3CC3CC3)nc2c1)N1CCCCC1,1,5.0,0.0,0.0,False
O=C(c1ccn2c(C3CC3)c(-c3cc4ccccc4n3CC3CC3)nc2c1)N1CCCCC1,1,5.506424873670504,0.0,0.0,False
O=C(c1ccn2cc(-c3[nH]c4ccccc4c3-c3ccccc3)nc2c1)N1CCCC1,1,5.0,0.0,0.0,False
O=C(c1ccn2cc(-c3[nH]c4ccccc4c3-c3ccccc3)nc2c1)N1CCCCC1,1,5.0,0.0,0.0,False
O=C(c1ccn2cc(-c3cc4ccc(N5CCNCCS5(=O)=O)nc4n3CC3CC3)nc2c1)N1[C@H]2CC[C@@H]1CC2,1,7.662889938958645,0.0,0.0,False
O=C(c1ccn2cc(-c3cc4ccccc4[nH]3)nc2c1)N1CCCC1,1,5.0,0.0,0.0,False
O=C(c1ccn2cc(-c3cc4ccccc4n3CC3CC3)nc2c1)N1CCC2OCCNC2C1,1,5.259637310505756,0.0,0.0,False
O=C(c1ccn2cc(-c3cc4ccccc4n3CC3CC3)nc2c1)N1CCCC1,1,5.0,0.0,0.0,False
O=C(c1ccn2cc(-c3cc4ccccc4n3CC3CCC3)nc2c1)N1CCCCC1,1,6.0,0.0,0.0,False
O=C(c1ccc2cc(-c3cc4cccnc4n3CC3CC3)sc2c1)N1CC2CCC1C2,1,7.075720713938118,0.0,0.0,False
O=C(NCc1ccc2cc(-c3nc4cc(C(=O)N5CC[C@@H]6CC[C@H]5C6)ccc4n3C3CC3)n(CC3CC3)c2n1)C1CCOCC1,1,7.313363730737707,0.0,0.0,False
O=C(c1ccn2cc(-c3cc4ccccc4n3Cc3cc[nH]c(=O)c3)nc2c1)N1CCCCC1,1,5.259637310505756,0.0,0.0,False
O=C(c1ccn2cc(-c3cc4ccccc4n3Cc3cccnn3)nc2c1)N1CCCCC1,1,5.259637310505756,0.0,0.0,False
O=C(c1ccn2cc(-c3cc4ccccc4n3Cc3ccoc3)nc2c1)N1CCCCC1,1,6.0,0.0,0.0,False
O=C(c1ccn2cc(-c3cc4ccccc4n3Cc3ccsc3)nc2c1)N1CCCCC1,1,6.0,0.0,0.0,False
O=C(NCc1ccc2cc(-c3nc4cc(C(=O)N5CCCCN5)ccc4[nH]3)n(CC3CC3)c2n1)c1ccncc1,1,7.110698297493689,0.0,0.0,False
O=C(CNC(=O)c1ccc2nccnc2c1)NCc1ccccc1,1,5.578396073130168,0.0,0.0,False
O=C(CNC(=O)c1nc2ccccc2[nH]1)NCc1ccccc1,1,5.534617148551582,0.0,0.0,False
O=C(N1CCCC1)N1CCC[C@@H]1c1ccc2cc(-c3nc4cc(C(=O)N5[C@H]6CC[C@@H]5CC6)ccc4[nH]3)n(CC3CC3)c2n1,1,7.392544976785332,0.0,0.0,False
O=C(NC1CCNC1)c1ccc2[nH]c(-c3cc4cccnc4n3CC3CC3)nc2c1,1,4.679853713888946,0.0,0.0,False
O=C(NC=Cc1ccco1)c1ccccc1,1,4.0,0.0,0.0,False
O=C(c1ccn2cc(-c3cc4ccccc4n3Cc3cnccn3)nc2c1)N1CCCCC1,1,5.259637310505756,0.0,0.0,False
O=C(c1ccn2cc(-c3cc4ccccc4n3Cc3cncnc3)nc2c1)N1CCCCC1,1,6.0,0.0,0.0,False
O=C(c1ccn2cc(-c3cc4ccccc4n3Cc3nccs3)nc2c1)N1CCCCC1,1,6.0,0.0,0.0,False
O=C(c1ccn2cc(-c3cc4ccccc4s3)nc2c1)N1CCCCC1,1,5.259637310505756,0.0,0.0,False
O=C(c1ccn2cc(-c3cc4cccnc4[nH]3)nc2c1)N1CCCCC1,1,5.753212436835252,0.0,0.0,False
O=C(c1ccn2cc(-c3cc4cccnc4n3CC3CC3)nc2c1)N1[C@H]2CC[C@@H]1CC2,1,7.719726554850571,0.0,0.0,False
O=C1CC(CCOc2cccc3cc(-c4nc5cc6c(cc5[nH]4)CCNC6=O)n(CC4CC4)c23)CN1,1,6.522878745280337,0.0,0.0,False
O=C(c1ccn2cc(-c3ccc(-c4ccccc4)[nH]3)nc2c1)N1CCCCC1,1,5.259637310505756,0.0,0.0,False
O=C(c1ccn2cc(-c3ccccc3)nc2c1)N1CCCCC1,1,5.173091540337171,0.0,0.0,False
O=C(c1cn2nc(-c3cc4ccccc4n3CC3CC3)cc2cn1)N1CCCC1,1,6.548213564475709,0.0,0.0,False
O=C(c1cn2nc(-c3cc4ccccc4n3CC3CC3)cc2cn1)N1CCCCC1,1,5.400662867007511,0.0,0.0,False
O=C(c1cn2nc(-c3cc4cccnc4n3CC3CC3)cc2cn1)N1CC2(CNC2)C1,1,4.641284886197869,0.0,0.0,False
O=C(c1cn2nc(-c3cc4cccnc4n3CC3CC3)cc2cn1)N1CC2CCC1C2,1,5.472241247479028,0.0,0.0,False
O=C(c1cnc2[nH]c(-c3ccc(-c4ccccc4)n3CC3CC3)nc2c1)N1CCCCC1,1,5.1249387366083,0.0,0.0,False
O=C(c1cnc2[nH]c(-c3ccc(Cc4ccccc4)n3CC3CC3)nc2c1)N1CCCCC1,1,5.522878745280337,0.0,0.0,False
O=C(c1cnc2cc(-c3cc4ccc(-c5ccccc5)nc4n3CC3CC3)nn2c1)N1CCCC1,1,6.534617148551582,0.0,0.0,False
O=C(c1cnc2cc(-c3cc4cccnc4n3CC3CC3)nn2c1)N1CC2CCC1C2,1,6.042392712939905,0.0,0.0,False
O=C(c1nn[nH]c1-c1cccnc1)c1c(-c2ccccc2)c2ccccc2[nH]c1=O,1,4.154901959985743,0.0,0.0,False
O=C1C(=O)c2ccccc2-c2ccccc21,1,4.795880017344075,0.0,0.0,False
O=C1C=CC(=C=CC(=O)C2=C(c3ccccc3)C3=CCC=CC3=NC2=O)C=N1,1,4.939302159646388,0.0,0.0,True
O=C1C=CC(=C=CC(=O)C2C(=O)N=c3ccccc3=C2c2ccccc2)C=N1,1,4.939302159646388,0.0,0.0,True
O=C(c1ccn2cc(-c3cc4ccccc4n3CC3CCOCC3)nc2c1)N1CCCCC1,1,5.259637310505756,0.0,0.0,False
O=C(CNC(=O)c1cc2c([nH]c3ccccc32)c(-c2ncc[nH]2)n1)NCc1ccccc1,1,5.505845405981557,0.0,0.0,False
O=C(CNC(=O)c1cc2c([nH]c3ccccc32)c(-c2nccc3ccccc23)n1)NCc1ccccc1,1,4.854492828590337,0.0,0.0,False
O=C1CC(c2ccc3cc(-c4nc5cc(C(=O)N6CC7CCC6C7)ccc5[nH]4)n(CC4CC4)c3n2)CCN1,1,7.3979400086720375,0.0,0.0,True
O=C1CC(c2ccc3cc(-c4nc5cc(C(=O)N6CCCCC6)ccc5[nH]4)n(CC4CC4)c3n2)CCN1,1,6.979293002462711,0.0,0.0,False
O=C1CC2(CCN(c3ccc4cc(-c5nc6cc(C(=O)N7CC8CCC7C8)ccc6[nH]5)n(CC5CC5)c4c3)CC2)CN1,1,7.031517051446065,0.0,0.0,False
O=C1CC2(CCN(c3ccc4cc(-c5nc6cc(C(=O)N7CC8CCC7C8)ccc6[nH]5)n(CC5CC5)c4n3)CC2)N1,1,7.221848749616356,0.0,0.0,False
O=C1CCC(COc2cccc3cc(-c4nc5cc6c(cc5[nH]4)CCNC6=O)n(CC4CC4)c23)N1,1,6.522878745280337,0.0,0.0,False
O=C1C=CC(=O)c2nc(-c3cc(-c4ccccc4)ccn3)ccc21,1,5.6020599913279625,0.0,0.0,False
O=C1C=CC(c2ccc3cc(-c4nc5cc(C(=O)N6CC7CCC6C7)ccc5[nH]4)n(CC4CC4)c3c2)C=N1,1,7.267606240177031,0.0,0.0,True
O=C1C=CC(c2ccc3cc(-c4nc5cc(C(=O)N6CC7CCC6C7)ccc5[nH]4)n(CC4CC4)c3n2)C=N1,1,7.337242168318426,0.0,0.0,True
O=C1C=CC(c2ccc3cc(-c4nc5cc(C(=O)N6CCCCC6)ccc5[nH]4)n(CC4CC4)c3c2)C=N1,1,6.928117992693874,0.0,0.0,True
O=C1C=CC2C(c3ccc4cc(-c5nc6cc(C(=O)N7CC8CCC7C8)ccc6[nH]5)n(CC5CC5)c4n3)=CC=CC2=N1,1,7.674360993000928,0.0,0.0,True
O=C1C=CC2C=C(c3nc4cc5c(cc4[nH]3)CCNC5=O)N(CC3CC3)C2N1,1,6.0,0.0,0.0,False
O=C1C=CC2C=CC(c3ccc4cc(-c5nc6cc(C(=O)N7CC8CCC7C8)ccc6[nH]5)n(CC5CC5)c4c3)=CC2=N1,1,7.443697499232712,0.0,0.0,True
O=C1C=CC2C=CC(c3ccc4cc(-c5nc6cc(C(=O)N7CC8CCC7C8)ccc6[nH]5)n(CC5CC5)c4n3)=CC2=N1,1,7.327902142064282,0.0,0.0,True
O=C1C=NC2=CCC=C(c3ccc4cc(-c5nc6cc(C(=O)N7CCCCC7)ccc6[nH]5)n(CC5CC5)c4n3)C2=N1,1,6.71669877129645,0.0,0.0,True
O=C1CC(COc2cccc3cc(-c4cc5ccc(C(=O)N6CCCCC6)cc5o4)n(CC4CC4)c23)CN1,1,6.747146969020107,0.0,0.0,False
O=C1CC(COc2nccc3cc(-c4cc5ccc(C(=O)N6CC7CCC6C7)cn5n4)n(CC4CC4)c23)CN1,1,7.485310651883242,0.0,0.0,False
O=C1CC(Nc2ccc3cc(-c4nc5cc(C(=O)N6CC7CCC6C7)ccc5[nH]4)n(CC4CC4)c3n2)CCN1,1,6.91597234827043,0.0,0.0,False
O=C1CC(c2ccc(-c3ccc4cc(-c5nc6cc(C(=O)N7CC8CCC7C8)ccc6[nH]5)n(CC5CC5)c4n3)cc2)N1,1,7.3979400086720375,0.0,0.0,False
O=C1CC(c2ccc(-c3ccc4cc(-c5nc6cc(C(=O)N7CCCCC7)ccc6[nH]5)n(CC5CC5)c4n3)cc2)N1,1,7.080921907623927,0.0,0.0,False
O=C(NCC1CC1)c1ccc(-c2ccc3cc(-c4nc5cc(C(=O)N6CC7CCC6C7)ccc5[nH]4)n(CC4CC4)c3n2)cc1,1,6.248720896016658,0.0,0.0,False
O=C(NCC1CCCCO1)[C@@H]1CCCN1,1,2.2924298239020633,0.0,0.0,False
O=C(NCC1CCOC1)c1ccc2cc(-c3nc4cc(C(=O)N5CC6CCC5C6)ccc4[nH]3)n(CC3CC3)c2c1,1,6.555955204081923,0.0,0.0,False
O=C(NCC1CCS(=O)(=O)C1)c1ccc2cc(-c3nc4cc(C(=O)N5CC6CCC5C6)ccc4[nH]3)n(CC3CC3)c2c1,1,6.627087997029893,0.0,0.0,False
O=C(NCCC1C=NC=N1)c1ccc2[nH]c(-c3cc4cccnc4n3CC3CC3)nc2c1,1,5.0,0.0,0.0,False
O=C(NCCc1cnc[nH]1)c1ccc2[nH]c(-c3cc4cccnc4n3CC3CC3)nc2c1,1,5.0,0.0,0.0,False
O=C(CNC(=O)c1cc2c([nH]c3ccccc32)c(-c2cc3ccccc3cn2)n1)NCc1ccccc1,1,4.618163200001657,0.0,0.0,False
O=C(CNC(=O)c1cc2c([nH]c3ccccc32)c(-c2ccc3ccccc3c2)n1)NCc1ccccc1,1,5.489454989793388,0.0,0.0,False
O=C(CNC(=O)c1cc2c([nH]c3ccccc32)c(-c2ccc3ccccc3n2)n1)NCc1ccccc1,1,4.879097182385473,0.0,0.0,False
O=C(CNC(=O)c1cc2c([nH]c3ccccc32)c(-c2cccs2)n1)NCc1ccccc1,1,5.8794260687941495,0.0,0.0,False
O=C(CNC(=O)c1cc2c([nH]c3ccccc32)c(-c2ccncc2)n1)NCc1ccccc1,1,5.464705879957229,0.0,0.0,False
O=C1CCc2ccc(-c3ccc4cc(-c5nc6cc(C(=O)N7CC8CCC7C8)ccc6[nH]5)n(CC5CC5)c4c3)cc2N1,1,6.8794260687941495,0.0,0.0,False
O=C1CCc2ccc(-c3ccc4cc(-c5nc6cc(C(=O)N7CC8CCC7C8)ccc6[nH]5)n(CC5CC5)c4n3)cc2N1,1,7.026872146400302,0.0,0.0,False
O=C1CCn2c(nc3cc(C(=O)N4C[C@H]5CC[C@@H]4C5)ccc32)-c2cc3cccnc3n2CCCOc2ccccc2N1,1,7.522878745280337,0.0,0.0,False
O=C1CCC(NC(=O)c2ccc3cc(-c4nc5cc(C(=O)N6CCCCC6)ccc5[nH]4)n(CC4CC4)c3n2)C(=O)N1,1,6.863279432843593,0.0,0.0,False
O=C1CCCC(c2ccc3cc(-c4nc5cc(C(=O)N6CC7CCC6C7)ccc5[nH]4)n(CC4CC4)c3n2)N1,1,7.721246399047171,0.0,0.0,True
O=C1CCCN1C1CCN(c2ccc3cc(-c4nc5cc(C(=O)N6CC7CCC6C7)ccc5[nH]4)n(CC4CC4)c3n2)CC1,1,6.185752404268079,0.0,0.0,False
O=C1CCCN1Cc1ccc2cc(-c3nc4cc(C(=O)N5CCCCC5)ccc4n3C3CC3)n(CC3CC3)c2n1,1,7.30715308072277,0.0,0.0,False
O=C1CCCN1Cc1ccc2cc(-c3nc4cc(C(=O)N5[C@H]6CC[C@@H]5CC6)ccc4n3C3CC3)n(CC3CC3)c2n1,1,7.498940737782249,0.0,0.0,False
O=C1CCCN1c1cc(-c2ccc3cc(-c4nc5cc(C(=O)N6CC7CCC6C7)ccc5[nH]4)n(CC4CC4)c3n2)ccn1,1,6.798602875679549,0.0,0.0,False
O=C1CCCN1c1ccc(-c2ccc3cc(-c4cc5ccc(C(=O)N6CC7CCC6C7)cn5n4)n(CC4CC4)c3c2)cc1,1,7.301029995663981,0.0,0.0,False
O=C1CCCN1c1ccc(-c2ccc3cc(-c4nc5cc(C(=O)N6CC7CCC6C7)ccc5[nH]4)n(CC4CC4)c3n2)cc1,1,7.4685210829577455,0.0,0.0,False
O=C1CCCN1c1ccc(-c2ccc3cc(-c4nc5cc(C(=O)N6CC7CCC6C7)ccc5[nH]4)n(CC4CC4)c3n2)nc1,1,6.96657624451305,0.0,0.0,False
O=C1CC[C@@H](COc2ccc3cc(-c4cc5ccc(C(=O)N6CC7CCC6C7)cn5n4)n(CC4CC4)c3n2)N1,1,6.568636235841012,0.0,0.0,False
O=C1CC[C@@H](COc2cccc3cc(-c4nc5cc6c(cc5[nH]4)CCNC6=O)n(CC4CC4)c23)N1,1,6.522878745280337,0.0,0.0,False
O=C1CC[C@@H](COc2nccc3cc(-c4cc5ccc(C(=O)N6CC7CCC6C7)cn5n4)n(CC4CC4)c23)N1,1,7.301029995663981,0.0,0.0,False
O=C1CC(COc2ccc3cc(-c4cc5ccc(C(=O)N6CC7CCC6C7)cn5n4)n(CC4CC4)c3n2)CN1,1,6.920818753952375,0.0,0.0,False
O=C(C1C=C2OCCn3c(C4Cc5ccccc5N4CC4CC4)nc(c32)C1)N1CCCCC1,1,6.0,0.0,0.0,False
O=C1COc2cc(-c3ccc4cc(-c5nc6cc(C(=O)N7CC8CCC7C8)ccc6[nH]5)n(CC5CC5)c4n3)cnc2N1,1,7.657577319177793,0.0,0.0,False
O=C1COc2cc(-c3ccc4cc(-c5nc6cc(C(=O)N7CCCCC7)ccc6[nH]5)n(CC5CC5)c4c3)cnc2N1,1,7.795880017344075,0.0,0.0,False
O=C1COc2cc(-c3ccc4cc(-c5nc6cc(C(=O)N7CCCCC7)ccc6[nH]5)n(CC5CC5)c4n3)ccc2N1,1,7.698970004336019,0.0,0.0,False
O=C1COc2cc(-c3ccc4cc(-c5nc6cc(C(=O)N7CCCCC7)ccc6[nH]5)n(CC5CC5)c4n3)cnc2N1,1,7.6777807052660805,0.0,0.0,False
O=C1COc2cc(-c3ccc4cc(-c5nc6cc(C(=O)N7C[C@H]8CC[C@@H]7C8)ccc6[nH]5)n(CC5CC5)c4c3)ccc2N1,1,7.318758762624412,0.0,0.0,False
O=C1COc2ccc(-c3ccc4cc(-c5nc6cc(C(=O)N7CC8CCC7C8)ccc6[nH]5)n(CC5CC5)c4n3)cc2N1,1,7.0915149811213505,0.0,0.0,False
O=C1COc2ccc(-c3ccc4cc(-c5nc6cc(C(=O)N7CCCCC7)ccc6[nH]5)n(CC5CC5)c4n3)cc2N1,1,6.71669877129645,0.0,0.0,False
O=C1CC[C@H](COc2cccc3cc(-c4nc5cc6c(cc5[nH]4)CCNC6=O)n(CC4CC4)c23)N1,1,6.522878745280337,0.0,0.0,False
O=C1CC[C@H](COc2nccc3cc(-c4cc5ccc(C(=O)N6CC7CCC6C7)cn5n4)n(CC4CC4)c23)N1,1,7.522878745280337,0.0,0.0,False
O=C1CCc2c(cccc2-c2ccc3cc(-c4nc5cc(C(=O)N6CC7CCC6C7)ccc5[nH]4)n(CC4CC4)c3c2)N1,1,7.236572006437062,0.0,0.0,False
O=C1CCc2c(cccc2-c2ccc3cc(-c4nc5cc(C(=O)N6CC7CCC6C7)ccc5[nH]4)n(CC4CC4)c3n2)N1,1,7.4089353929735005,0.0,0.0,False
O=C1CCc2cc(-c3ccc4cc(-c5nc6cc(C(=O)N7CC8CCC7C8)ccc6[nH]5)n(CC5CC5)c4n3)cnc2N1,1,7.443697499232712,0.0,0.0,False
O=C1CCc2cc(-c3ccc4cc(-c5nc6cc(C(=O)N7CCCCC7)ccc6[nH]5)n(CC5CC5)c4c3)cnc2N1,1,7.221848749616356,0.0,0.0,False
O=C1CCc2cc(-c3ccc4cc(-c5nc6cc(C(=O)N7CCCCC7)ccc6[nH]5)n(CC5CC5)c4n3)cnc2N1,1,7.455931955649724,0.0,0.0,False
O=C1CCc2cc(Nc3ccc4cc(-c5nc6cc(C(=O)N7CC8CCC7C8)ccc6[nH]5)n(CC5CC5)c4n3)ccc2N1,1,6.7423214251308154,0.0,0.0,False
O=C1CNCCN1c1ccc2cc(-c3cc4ccc(C(=O)N5CC6CCC5C6)cc4o3)n(CC3CC3)c2c1,1,6.476253533188435,0.0,0.0,False
O=C1CNCCN1c1ccc2cc(-c3nc4cc(C(=O)N5CC6CCC5C6)ccc4[nH]3)n(CC3CC3)c2c1,1,6.787812395596042,0.0,0.0,False
O=C1COc2c(cccc2-c2ccc3cc(-c4nc5cc(C(=O)N6CC7CCC6C7)ccc5[nH]4)n(CC4CC4)c3n2)N1,1,7.221848749616356,0.0,0.0,False
O=C1COc2cc(-c3ccc4cc(-c5nc6cc(C(=O)N7CC8CCC7C8)ccc6[nH]5)n(CC5CC5)c4n3)ccc21,1,6.85078088734462,0.0,0.0,False
O=C1COc2cc(-c3ccc4cc(-c5nc6cc(C(=O)N7CC8CCC7C8)ccc6[nH]5)n(CC5CC5)c4n3)ccc2N1,1,7.301029995663981,0.0,0.0,False
O=C(CNC(=O)c1cc2c([nH]c3ccccc32)c(C2CC2)n1)NCc1ccccc1,1,6.207608310501745,0.0,0.0,False
O=C(CNC(=O)c1cc2c([nH]c3ccccc32)c(C2CCCCC2)n1)NCc1ccccc1,1,5.954677021213342,0.0,0.0,False
O=C(CNC(=O)c1ccc2[nH]ccc2c1)NCc1ccccc1,1,6.096910013008056,0.0,0.0,False
O=C(CNC(=O)c1ccc2c(c1)NCCN2)NCc1ccccc1,1,5.638272163982407,0.0,0.0,False
O=C(CNC(=O)c1ccc2ccccc2c1)NCc1ccccc1,1,5.685084057405739,0.0,0.0,False
O=C(CNC(=O)c1ccc2nc[nH]c2c1)NCc1ccccc1,1,5.939302159646388,0.0,0.0,False
O=C(/C=C/c1cncnc1)c1c(N2CCCCC2)c2ccccc2[nH]c1=O,1,4.154901959985743,0.0,0.0,False
O=C(/C=C/c1cncnc1)c1cc2ccccc2[nH]c1=O,1,4.154901959985743,0.0,0.0,False
O=C(/C=C/c1nc2ccccc2[nH]1)C1C(=O)NC2CCCCC2C1c1ccccc1,1,4.154901959985743,0.0,0.0,True
O=C(/C=C/c1ncccn1)C1C(=O)NC2CCCCC2C1c1ccccc1,1,4.154901959985743,0.0,0.0,True
O=C(/C=C/c1ncccn1)c1c(-c2ccccc2)c2ccccc2[nH]c1=O,1,4.154901959985743,0.0,0.0,False
O=C1COc2ncc(-c3ccc4cc(-c5nc6cc(C(=O)N7CC8CCC7C8)ccc6[nH]5)n(CC5CC5)c4n3)cc2N1,1,7.481486060122112,0.0,0.0,False
O=C1COc2ncc(-c3ccc4cc(-c5nc6cc(C(=O)N7CCCCC7)ccc6[nH]5)n(CC5CC5)c4n3)cc2N1,1,6.790484985457369,0.0,0.0,False
O=C1CS(=O)(=O)Nc2ccc(-c3ccc4cc(-c5nc6cc(C(=O)N7CC8CCC7C8)ccc6[nH]5)n(CC5CC5)c4c3)cc21,1,6.804100347590766,0.0,0.0,False
O=C1CS(=O)(=O)Nc2ccc(-c3ccc4cc(-c5nc6cc(C(=O)N7CC8CCC7C8)ccc6[nH]5)n(CC5CC5)c4n3)cc21,1,6.8696662315049934,0.0,0.0,False
O=C1C[C@@H](O[C@H]2CCCCO2)C[C@@H](O[C@H]2CCCCO2)CCCCNCCCCO1,1,2.0,0.0,0.0,False
O=C1C[C@@H]2CN1c1ccccc1CCCCn1c(cc3cccnc31)-c1nc3cc(C(=O)N4C[C@H]5CC[C@@H]4C5)ccc3n1C2,1,7.107905397309519,0.0,0.0,False
O=C1C[C@H](COc2cccc3cc(-c4nc5cc6c(cc5[nH]4)CCNC6=O)n(CC4CC4)c23)CN1,1,7.444727982879317,0.0,0.0,False
O=C1C[C@H]2CN1c1ccccc1CCCCn1c(cc3cccnc31)-c1nc3cc(C(=O)N4C[C@H]5CC[C@@H]4C5)ccc3n1C2,1,7.721246399047171,0.0,0.0,False
O=C1Cc2c(-c3ccc4cc(-c5nc6cc(C(=O)N7CC8CCC7C8)ccc6[nH]5)n(CC5CC5)c4n3)ccnc2N1,1,7.4089353929735005,0.0,0.0,False
O=C1Cc2c(-c3ccc4cc(-c5nc6cc(C(=O)N7CCCCC7)ccc6[nH]5)n(CC5CC5)c4n3)ccnc2N1,1,7.619788758288394,0.0,0.0,False
O=C1Cc2cc(-c3ccc4cc(-c5nc6cc(C(=O)N7CC8CCC7C8)ccc6[nH]5)n(CC5CC5)c4n3)cnc2N1,1,7.795880017344075,0.0,0.0,False
O=C1Cc2cc(-c3ccc4cc(-c5nc6cc(C(=O)N7CCCCC7)ccc6[nH]5)n(CC5CC5)c4c3)ccc2N1,1,7.200659450546418,0.0,0.0,False
O=C1Cc2cc(-c3ccc4cc(-c5nc6cc(C(=O)N7CCCCC7)ccc6[nH]5)n(CC5CC5)c4c3)cnc2N1,1,7.585026652029182,0.0,0.0,False
O=C1CNC(=O)c2cc(-c3ccc4cc(-c5nc6cc(C(=O)N7CC8CCC7C8)ccc6[nH]5)n(CC5CC5)c4n3)ccc2N1,1,8.221848749616356,0.0,0.0,False
O=C1CNC(=O)c2cc(-c3ccc4cc(-c5nc6cc(C(=O)N7CCCCC7)ccc6[nH]5)n(CC5CC5)c4c3)ccc2N1,1,7.638272163982407,0.0,0.0,False
O=C1CNC(=O)c2cc(-c3ccc4cc(-c5nc6cc(C(=O)N7CCCCC7)ccc6[nH]5)n(CC5CC5)c4n3)ccc2N1,1,7.494850021680094,0.0,0.0,False
O=C1NC(=O)C2CCC(c3ccc4cc(-c5nc6cc(C(=O)N7CCCCC7)ccc6[nH]5)n(CC5CC5)c4n3)CC2N1,1,7.154901959985743,0.0,0.0,True
O=C1NC(COc2cccc3cc(-c4nc5cc6c(cc5[nH]4)CCNC6=O)n(CC4CC4)c23)CO1,1,7.259637310505756,0.0,0.0,False
O=C1Cc2cc(-c3ccc4cc(-c5nc6cc(C(=O)N7CCCCC7)ccc6[nH]5)n(CC5CC5)c4n3)cnc2N1,1,7.309803919971486,0.0,0.0,False
O=C1Cc2cc(-c3ccc4cc(-c5nc6cc(C(=O)N7C[C@H]8CC[C@@H]7C8)ccc6[nH]5)n(CC5CC5)c4c3)ccc2N1,1,7.552841968657781,0.0,0.0,False
O=C1Cc2ccc(-c3ccc4cc(-c5nc6cc(C(=O)N7CC8CCC7C8)ccc6[nH]5)n(CC5CC5)c4c3)cc2N1,1,7.657577319177793,0.0,0.0,False
O=C1Cc2ccc(-c3ccc4cc(-c5nc6cc(C(=O)N7CC8CCC7C8)ccc6[nH]5)n(CC5CC5)c4n3)cc2CN1,1,7.356547323513812,0.0,0.0,False
O=C1Cc2ccc(-c3ccc4cc(-c5nc6cc(C(=O)N7CC8CCC7C8)ccc6[nH]5)n(CC5CC5)c4n3)cc2N1,1,6.856985199745904,0.0,0.0,False
O=C1Cc2cccc(-c3ccc4cc(-c5nc6cc(C(=O)N7CC8CCC7C8)ccc6[nH]5)n(CC5CC5)c4c3)c2N1,1,7.2441251443275085,0.0,0.0,False
O=C1Cc2nc(-c3ccc4cc(-c5nc6cc(C(=O)N7CC8CCC7C8)ccc6[nH]5)n(CC5CC5)c4n3)ccc2N1,1,6.7594507517174,0.0,0.0,False
O=C1Cc2ncc(-c3ccc4cc(-c5nc6cc(C(=O)N7CCCCC7)ccc6[nH]5)n(CC5CC5)c4n3)cc2O1,1,6.991399828238083,0.0,0.0,False
O=C1N=C2C=C(c3ccc4cc(-c5nc6cc(C(=O)N7CCCCC7)ccc6[nH]5)n(CC5CC5)c4c3)C=NC2N1,1,7.443697499232712,0.0,0.0,True
O=C1N=C2C=C(c3ccc4cc(-c5nc6cc(C(=O)N7CCCCC7)ccc6[nH]5)n(CC5CC5)c4n3)C=NC2N1,1,7.7447274948966935,0.0,0.0,True
O=C1N=C2C=CC(c3ccc4cc(-c5nc6cc(C(=O)N7CC8CCC7C8)ccc6[nH]5)n(CC5CC5)c4n3)C=C2N1,1,6.910094888560602,0.0,0.0,True
O=C1N=C2C=CC=C(c3ccc4cc(-c5nc6cc(C(=O)N7CCCCC7)ccc6[nH]5)n(CC5CC5)c4n3)C2N1,1,6.995678626217357,0.0,0.0,True
O=C1N=C2N=CC(c3ccc4cc(-c5nc6cc(C(=O)N7CC8CCC7C8)ccc6[nH]5)n(CC5CC5)c4c3)=CC2N1,1,7.769551078621726,0.0,0.0,True
O=C1N=CC2C=C(c3ccc4cc(-c5nc6cc(C(=O)N7CCCCC7)ccc6[nH]5)n(CC5CC5)c4n3)C=CC2=N1,1,7.508638306165727,0.0,0.0,True
O=C1NCC2=Nc3ccccc3NC(c3ccccc3)C12,1,4.0,0.0,0.0,False
O=C1NCCC2C=C3NC(c4cc5ccccc5n4CC4CC4)=NC3CC12,1,6.423393743112328,0.0,0.0,False
O=C1N=CC=C2C=C(c3ccc4cc(-c5nc6cc(C(=O)N7CC8CCC7C8)ccc6[nH]5)n(CC5CC5)c4c3)C=CC12,1,7.6777807052660805,0.0,0.0,True
O=C1N=CC=C2C=C(c3ccc4cc(-c5nc6cc(C(=O)N7CC8CCC7C8)ccc6[nH]5)n(CC5CC5)c4n3)C=CC12,1,7.7447274948966935,0.0,0.0,True
O=C1N=CC=C2C=C(c3ccc4cc(-c5nc6cc(C(=O)N7CCCCC7)ccc6[nH]5)n(CC5CC5)c4n3)C=CC12,1,7.309803919971486,0.0,0.0,True
O=C1NC(=O)C(c2ccc(-c3ccc4cc(-c5nc6cc(C(=O)N7CC8CCC7C8)ccc6[nH]5)n(CC5CC5)c4n3)cc2)N1,1,6.899629454882437,0.0,0.0,False
O=C1NC(=O)C(c2ccc(-c3ccc4cc(-c5nc6cc(C(=O)N7CCCCC7)ccc6[nH]5)n(CC5CC5)c4n3)cc2)N1,1,6.826813731587726,0.0,0.0,False
O=C1NC(=O)C(c2ccc(-c3ccc4cc(-c5nc6cc7c(cc6[nH]5)CC5C6CCC(C6)N5C7=O)n(CC5CC5)c4n3)cc2)N1,1,6.8124792791635365,0.0,0.0,False
O=C1NC(=O)C2C(CCCC2c2ccc3cc(-c4nc5cc(C(=O)N6CCCCC6)ccc5[nH]4)n(CC4CC4)c3n2)N1,1,7.619788758288394,0.0,0.0,True
O=C1NC(=O)C2C(CCCC2c2ccc3cc(-c4nc5cc(C(=O)N6C[C@H]7CC[C@@H]6C7)ccc5[nH]4)n(CC4CC4)c3c2)N1,1,7.2441251443275085,0.0,0.0,True
O=C1NC(=O)C2C(CCCC2c2ccc3cc(-c4nc5cc(C(=O)N6C[C@H]7CC[C@@H]6C7)ccc5[nH]4)n(CC4CC4)c3n2)N1,1,7.522878745280337,0.0,0.0,True
O=C1NC(=O)C2CC(c3ccc4cc(-c5nc6cc(C(=O)N7CC8CCC7C8)ccc6[nH]5)n(CC5CC5)c4c3)CCC2N1,1,7.522878745280337,0.0,0.0,True
O=C1NC(=O)C2CC(c3ccc4cc(-c5nc6cc(C(=O)N7CC8CCC7C8)ccc6[nH]5)n(CC5CC5)c4n3)CCC2N1,1,7.920818753952375,0.0,0.0,True
O=C1NC(=O)C2CC(c3ccc4cc(-c5nc6cc(C(=O)N7CCCCC7)ccc6[nH]5)n(CC5CC5)c4n3)CCC2N1,1,7.468521082957745,0.0,0.0,True
O=C1NC(=O)C2CCC(c3ccc4cc(-c5nc6cc(C(=O)N7CC8CCC7C8)ccc6[nH]5)n(CC5CC5)c4c3)CC2N1,1,7.585026652029182,0.0,0.0,True
O=C1NC(=O)C2CCC(c3ccc4cc(-c5nc6cc(C(=O)N7CC8CCC7C8)ccc6[nH]5)n(CC5CC5)c4n3)CC2N1,1,7.6020599913279625,0.0,0.0,True
O=C1NCCc2cc(-c3ccc4cc(-c5nc6cc(C(=O)N7CC8CCC7C8)ccc6[nH]5)n(CC5CC5)c4n3)ccc21,1,7.638272163982407,0.0,0.0,False
O=C1NCCc2cc(-c3ccc4cc(-c5nc6cc(C(=O)N7CC8CCC7C8)ccc6[nH]5)n(CC5CC5)c4n3)cnc21,1,7.585026652029182,0.0,0.0,False
O=C1NCCc2cc(-c3ccc4cc(-c5nc6cc(C(=O)N7CCCCC7)ccc6[nH]5)n(CC5CC5)c4n3)ccc21,1,7.236572006437062,0.0,0.0,False
O=C1NCCc2cc3[nH]c(-c4cc5ccc(-c6ccc(N7CCCS7(=O)=O)cc6)nc5n4CC4CC4)nc3cc21,1,7.259637310505756,0.0,0.0,False
O=C1NCCc2cc3[nH]c(-c4cc5ccc(-c6ccc(N7CCOC7=O)cc6)nc5n4CC4CC4)nc3cc21,1,7.259637310505756,0.0,0.0,False
O=C1NC(c2ccc(-c3ccc4cc(-c5nc6cc(C(=O)N7CC8CCC7C8)ccc6[nH]5)n(CC5CC5)c4n3)cc2)NO1,1,7.055517327849831,0.0,0.0,True
O=C1NC(c2ccc(-c3ccc4cc(-c5nc6cc(C(=O)N7CCCCC7)ccc6[nH]5)n(CC5CC5)c4n3)cc2)NO1,1,6.804100347590767,0.0,0.0,True
O=C1NC2CCCCC2C(c2ccccc2)C1C(=O)C1NNNC1c1cccnc1,1,4.154901959985743,0.0,0.0,True
O=C1NC2CCCCC2C(c2ccccc2)C1S(=O)(=O)/C=C/c1cncnc1,1,4.154901959985743,0.0,0.0,True
O=C1NCC(COc2cccc3cc(-c4nc5cc6c(cc5[nH]4)CCNC6=O)n(CC4CC4)c23)O1,1,8.0,0.0,0.0,False
O=C1NCC(c2ccc(-c3ccc4cc(-c5nc6cc(C(=O)N7CC8CCC7C8)ccc6[nH]5)n(CC5CC5)c4n3)cc2)N1,1,7.721246399047171,0.0,0.0,True
O=C1NCC(c2ccc(-c3ccc4cc(-c5nc6cc(C(=O)N7CCCCC7)ccc6[nH]5)n(CC5CC5)c4n3)cc2)N1,1,7.431798275933005,0.0,0.0,True
O=C1NCC(c2ccc3cc(-c4nc5cc(C(=O)N6CC7CCC6C7)ccc5[nH]4)n(CC4CC4)c3n2)C(=O)N1,1,7.292429823902063,0.0,0.0,True
O=C1NCC2(CCN(c3ccc4cc(-c5cc6ccc(C(=O)N7CCCCC7)cn6n5)n(CC5CC5)c4n3)CC2)O1,1,6.267606240177031,0.0,0.0,False
O=C1NCC2(CCN(c3ccc4cc(-c5nc6cc(C(=O)N7CCCCC7)ccc6[nH]5)n(CC5CC5)c4n3)CC2)O1,1,7.4685210829577455,0.0,0.0,False
O=C1NCC2=C1C(c1ccccc1)Nc1ccccc1N2,1,4.0,0.0,0.0,False
O=C1NCCc2cc3[nH]c(-c4cc5cccc(OCC6CNC6)c5n4CC4CC4)nc3cc21,1,6.522878745280337,0.0,0.0,False
O=C1NCCc2cc3[nH]c(-c4cc5cccc(OCC6COC6)c5n4CC4CC4)nc3cc21,1,6.522878745280337,0.0,0.0,False
O=C1NCCc2cc3[nH]c(-c4cc5cccc(OCCN6C=NCC6)c5n4CC4CC4)nc3cc21,1,7.444727982879317,0.0,0.0,False
O=C1NCCc2cc3[nH]c(-c4cc5cccc(OCCN6CCOCC6)c5n4CC4CC4)nc3cc21,1,6.1249387366083,0.0,0.0,False
O=C1NCCc2cc3[nH]c(-c4cc5cccc(OCCc6cc[nH]c6)c5n4CC4CC4)nc3cc21,1,6.522878745280337,0.0,0.0,False
O=C1NCCc2cc3[nH]c(-c4cc5cccc(OCCc6ccn[nH]6)c5n4CC4CC4)nc3cc21,1,7.259637310505756,0.0,0.0,False
O=C1NCCc2cc3[nH]c(-c4cc5cccc(OCCc6ccno6)c5n4CC4CC4)nc3cc21,1,7.444727982879317,0.0,0.0,False
O=C1NCCC2C=c3[nH]c(C4Cc5ccc(N6CCCCC6)cc5N4CC4CC4)nc3=CC12,1,6.314909327626439,0.0,0.0,False
O=C1NCCC2C=c3[nH]c(C4Cc5ccccc5N4)nc3=CC12,1,6.522878745280337,0.0,0.0,False
O=C1NCCC2C=c3[nH]c([C@@H]4Cc5ccccc5N4CC4CC4)nc3=CC12,1,6.224423738776309,0.0,0.0,False
O=C1NCCC2C=c3[nH]c([C@H]4Cc5ccccc5N4CC4CC4)nc3=CC12,1,6.522878745280337,0.0,0.0,False
O=C1NCCN1c1ccc(-c2ccc3cc(-c4cc5ccc(C(=O)N6CC7CCC6C7)cn5n4)n(CC4CC4)c3c2)cc1,1,6.920818753952375,0.0,0.0,False
O=C1NCCN1c1ccc(-c2ccc3cc(-c4cc5ccc(C(=O)N6CC7CCC6C7)cn5n4)n(CC4CC4)c3n2)cc1,1,6.376750709602099,0.0,0.0,False
O=C1NCCN1c1ccc(-c2ccc3cc(-c4nc5cc(C(=O)N6CC7CCC6C7)ccc5[nH]4)n(CC4CC4)c3n2)cc1,1,7.431798275933005,0.0,0.0,False
O=C1NCCN1c1ccccc1-c1ccc2cc(-c3cc4ccc(C(=O)N5CC6CCC5C6)cn4n3)n(CC3CC3)c2c1,1,7.301029995663981,0.0,0.0,False
O=C1NCCc2c1cccc2-c1ccc2cc(-c3nc4cc(C(=O)N5CCCCC5)ccc4[nH]3)n(CC3CC3)c2n1,1,7.259637310505756,0.0,0.0,False
O=C(/C=C/c1cncnc1)C1C(=O)NC2CCNCC2C1c1ccccc1,1,4.0,0.0,0.0,True
O=C(/C=C/c1cncnc1)C1C(=O)NC2CNCCC2C1c1ccccc1,1,4.154901959985743,0.0,0.0,True
O=C(/C=C/c1cncnc1)C1CC2CCCCC2NC1=O,1,4.154901959985743,0.0,0.0,True
O=C1NCCc2cc3[nH]c(-c4cc5cccc(OCCn6ccnn6)c5n4CC4CC4)nc3cc21,1,7.444727982879317,0.0,0.0,False
O=C1NCCc2cc3[nH]c(-c4cc5cccc(OC[C@@H]6CNCCO6)c5n4CC4CC4)nc3cc21,1,6.1249387366083,0.0,0.0,False
O=C1NCCc2cc3[nH]c(-c4cc5cccc(OC[C@@H]6COCCN6)c5n4CC4CC4)nc3cc21,1,6.06246936830415,0.0,0.0,False
O=C1NCCc2cc3[nH]c(-c4cc5cccc(OC[C@H]6CNCCO6)c5n4CC4CC4)nc3cc21,1,6.1249387366083,0.0,0.0,False
O=C1NCCc2cc3[nH]c(-c4cc5ccc(-c6ccc(N7CCOC7=O)nc6)nc5n4CC4CC4)nc3cc21,1,7.259637310505756,0.0,0.0,False
O=C1NCCc2cc3[nH]c(-c4cc5ccc(-c6ccccc6)nc5n4CC4CC4)nc3cc21,1,6.707068386586692,0.0,0.0,False
O=C1NCCc2cc3[nH]c(-c4cc5ccc(C6CC6)nc5n4CC4CC4)nc3cc21,1,6.522878745280337,0.0,0.0,False
O=C1NCCc2cc3[nH]c(-c4cc5ccc(C6COC6)cc5n4CC4CC4)nc3cc21,1,6.1249387366083,0.0,0.0,False
O=C1NCCc2cc3[nH]c(-c4cc5cccc(/C=C/Cn6ccnc6)c5n4CC4CC4)nc3cc21,1,7.444727982879317,0.0,0.0,False
O=C1NCCc2cc3[nH]c(-c4cc5cccc(CCCn6ccnc6)c5n4CC4CC4)nc3cc21,1,6.892159058960253,0.0,0.0,False
O=C1NCCc2cc3[nH]c(-c4cc5cccc(N6CCOCC6)c5n4CC4CC4)nc3cc21,1,6.0,0.0,0.0,False
O=C1NCCc2cc3[nH]c(-c4cc5cccc(OCC6CCNC6=O)c5n4CC4CC4)nc3cc21,1,6.522878745280337,0.0,0.0,False
O=C1NCCc2cc3[nH]c(-c4cc5cccc(OCC6CCOCC6)c5n4CC4CC4)nc3cc21,1,6.1249387366083,0.0,0.0,False
O=C1NCCc2cc3[nH]c(-c4cc5cccc(OCCc6ccon6)c5n4CC4CC4)nc3cc21,1,6.522878745280337,0.0,0.0,False
O=C1NCCc2cc3[nH]c(-c4cc5cccc(OCCc6cn[nH]n6)c5n4CC4CC4)nc3cc21,1,7.444727982879317,0.0,0.0,False
O=C1NCCc2cc3[nH]c(-c4cc5cccc(OCCc6cnc[nH]6)c5n4CC4CC4)nc3cc21,1,6.707068386586692,0.0,0.0,False
O=C1NCCc2cc3[nH]c(-c4cc5cccc(OCCc6cnco6)c5n4CC4CC4)nc3cc21,1,7.259637310505756,0.0,0.0,False
O=C1NCCc2cc3[nH]c(-c4cc5cccc(OCCc6cocn6)c5n4CC4CC4)nc3cc21,1,6.522878745280337,0.0,0.0,False
O=C1NCCc2cc3[nH]c(-c4cc5cccc(OCCn6cccc6)c5n4CC4CC4)nc3cc21,1,6.522878745280337,0.0,0.0,False
O=C1NCCc2cc3[nH]c(-c4cc5cccc(OCCn6cccn6)c5n4CC4CC4)nc3cc21,1,7.259637310505756,0.0,0.0,False
O=C(C1CCC1)N1CCC(c2cccc3cc(-c4cc5ccc(C(=O)N6CC7CCC6C7)cn5n4)n(CC4CC4)c23)CC1,1,7.698970004336019,0.0,0.0,False
O=C(C=Cc1ccccn1)C1C(=O)NC2CCCCC2C1c1ccccc1,1,4.154901959985743,0.0,0.0,True
O=C(C=Cc1ccccn1)c1c(-c2ccccc2)c2ccccc2[nH]c1=O,1,4.154901959985743,0.0,0.0,False
O=C(CCC(=O)NS(=O)(=O)c1ccccc1)NCc1ccc2cc(-c3cn4ccc(C(=O)N5[C@H]6CC[C@@H]5CC6)cc4n3)n(CC3CC3)c2n1,1,7.694659309503198,0.0,0.0,False
O=C(CNC(=O)[C@@H]1CC2c3ccccc3NC2CN1)NCc1ccccc1,1,5.380906669373257,0.0,0.0,False
O=C(CNC(=O)[C@@H]1Cc2ccccc2CN1)NCc1ccccc1,1,5.189767482004916,0.0,0.0,False
O=C(/C=C/c1cnccn1)c1c(-c2ccccc2)c2ccccc2[nH]c1=O,1,4.154901959985743,0.0,0.0,False
O=C(/C=C/c1cncnc1)C1C(=O)NC2CCCCC2C1N1CCCCC1,1,4.154901959985743,0.0,0.0,True
O=C(/C=C/c1cncnc1)C1C(=O)NC2CCCCC2C1c1cccnc1,1,4.0,0.0,0.0,True
O=C1NCCc2cc3[nH]c(-c4cc5ccccc5n4Cc4ccncc4)nc3cc21,1,6.0,0.0,0.0,False
O=C1NCCc2cc3[nH]c(-c4cc5ccccc5n4Cc4ccnnc4)nc3cc21,1,6.522878745280337,0.0,0.0,False
O=C1NCCc2cc3[nH]c(-c4cc5ccccc5n4Cc4ccns4)nc3cc21,1,7.259637310505756,0.0,0.0,False
O=C1NCCc2cc3[nH]c(-c4cc5ccccc5n4Cc4ccoc4)nc3cc21,1,6.522878745280337,0.0,0.0,False
O=C1NCCc2cc3[nH]c(-c4cc5ccccc5n4Cc4cn[nH]c4)nc3cc21,1,6.1249387366083,0.0,0.0,False
O=C1NCCc2cc3[nH]c(-c4cc5cccc(OCc6cccnn6)c5n4CC4CC4)nc3cc21,1,6.522878745280337,0.0,0.0,False
O=C1NCCc2cc3[nH]c(-c4cc5cccc(OCc6ccn[nH]6)c5n4CC4CC4)nc3cc21,1,7.259637310505756,0.0,0.0,False
O=C1NCCc2cc3[nH]c(-c4cc5cccc(OCc6ccnnc6)c5n4CC4CC4)nc3cc21,1,6.522878745280337,0.0,0.0,False
O=C1NCCc2cc3[nH]c(-c4cc5cccc(OCc6ccon6)c5n4CC4CC4)nc3cc21,1,6.522878745280337,0.0,0.0,False
O=C1NCCc2cc3[nH]c(-c4cc5cccc(OCc6cn[nH]c6)c5n4CC4CC4)nc3cc21,1,7.259637310505756,0.0,0.0,False
O=C1NCCc2cc3[nH]c(-c4cc5cccc(OCc6cnco6)c5n4CC4CC4)nc3cc21,1,6.522878745280337,0.0,0.0,False
O=C1NCCc2cc3[nH]c(-c4cc5cccc(OCc6cocn6)c5n4CC4CC4)nc3cc21,1,6.522878745280337,0.0,0.0,False
O=C1NCCc2cc3[nH]c(-c4cc5ccccc5n4CC45CC(C4)C5)nc3cc21,1,6.0,0.0,0.0,False
O=C1NCCc2cc3[nH]c(-c4cc5ccccc5n4CC4CCCC4)nc3cc21,1,6.522878745280337,0.0,0.0,False
O=C1NCCc2cc3[nH]c(-c4cc5ccccc5n4CCC4CC4)nc3cc21,1,6.522878745280337,0.0,0.0,False
O=C1NCCc2cc3[nH]c(-c4cc5ccccc5n4CCOC4CC4)nc3cc21,1,6.522878745280337,0.0,0.0,False
O=C(/C=C/c1cccnc1)c1c(-c2ccccn2)c2ccccc2[nH]c1=O,1,4.0,0.0,0.0,False
O=C(/C=C/c1cccnc1)c1cc2ccccc2[nH]c1=O,1,4.154901959985743,0.0,0.0,False
O=C(/C=C/c1cccnn1)C1C(=O)NC2CCCCC2C1c1ccccc1,1,4.939302159646388,0.0,0.0,True
O=C1NCCc2cc3[nH]c(-c4cc5cccnc5n4Cc4ccno4)nc3cc21,1,6.0,0.0,0.0,False
O=C1NCCc2cc3[nH]c(-c4cc5ccncc5[nH]4)nc3cc21,1,6.0,0.0,0.0,False
O=C1NCCc2ccc(-c3ccc4cc(-c5nc6cc(C(=O)N7CC8CCC7C8)ccc6[nH]5)n(CC5CC5)c4c3)cc21,1,7.180456064458131,0.0,0.0,False
O=C1NCCc2ccc(-c3ccc4cc(-c5nc6cc(C(=O)N7CC8CCC7C8)ccc6[nH]5)n(CC5CC5)c4n3)cc21,1,7.376750709602099,0.0,0.0,False
O=C1NCCc2ccc(-c3ccc4cc(-c5nc6cc(C(=O)N7CCCCC7)ccc6[nH]5)n(CC5CC5)c4n3)cc21,1,7.060480747381381,0.0,0.0,False
O=C1NCCc2nc3[nH]c(-c4cc5cccc(OCCc6cccnc6)c5n4CC4CC4)nc3cc21,1,8.0,0.0,0.0,False
O=C1NCCc2cc3[nH]c(-c4cc5ccccc5n4C[C@@H]4CCCO4)nc3cc21,1,6.522878745280337,0.0,0.0,False
O=C1NCCc2cc3[nH]c(-c4cc5ccccc5n4C[C@H]4CCCO4)nc3cc21,1,6.522878745280337,0.0,0.0,False
O=C1NCCc2cc3[nH]c(-c4cc5ccccc5n4Cc4c[nH]cn4)nc3cc21,1,6.1249387366083,0.0,0.0,False
O=C1NCCc2cc3[nH]c(-c4cc5ccccc5n4Cc4ccccc4)nc3cc21,1,6.522878745280337,0.0,0.0,False
O=C1NCCc2cc3[nH]c(-c4cc5ccccc5n4Cc4ccccn4)nc3cc21,1,6.522878745280337,0.0,0.0,False
O=C1NCCc2cc3[nH]c(-c4cc5ccccc5n4Cc4cccnc4)nc3cc21,1,6.522878745280337,0.0,0.0,False
O=C1NCCc2cc3[nH]c(-c4cc5ccccc5n4Cc4cccnn4)nc3cc21,1,6.522878745280337,0.0,0.0,False
O=C1NCc2cc(-c3ccc4cc(-c5cc6ccc(C(=O)N7CC8CCC7C8)cc6o5)n(CC5CC5)c4n3)ccc21,1,7.327902142064282,0.0,0.0,False
O=C1NCc2cc(-c3ccc4cc(-c5cc6ccc(C(=O)N7CC8CCC7C8)cc6s5)n(CC5CC5)c4c3)ccc21,1,6.913640169325252,0.0,0.0,False
O=C1NCc2cc(-c3ccc4cc(-c5cc6ccc(C(=O)N7CC8CCC7C8)cc6s5)n(CC5CC5)c4n3)ccc21,1,6.3223930472795065,0.0,0.0,False
O=C1NCCc2cc3[nH]c(-c4cc5ccccc5n4Cc4cnccn4)nc3cc21,1,6.522878745280337,0.0,0.0,False
O=C1NCCc2cc3[nH]c(-c4cc5ccccc5n4Cc4cocn4)nc3cc21,1,6.522878745280337,0.0,0.0,False
O=C1NCCc2cc3[nH]c(-c4cc5ccccc5n4Cc4nccs4)nc3cc21,1,6.522878745280337,0.0,0.0,False
O=C(/C=C/c1cncnc1)c1c(-c2ccccc2)c2ccccc2n(C2CC2)c1=O,1,4.154901959985743,0.0,0.0,False
O=C(/C=C/c1cncnc1)c1c(-c2ccccc2)c2ccccc2n(CC2CC2)c1=O,1,4.154901959985743,0.0,0.0,False
O=C(/C=C/c1cncnc1)c1c(-c2ccccc2)c2ccccc2n(CCN2CCOCC2)c1=O,1,4.939302159646388,0.0,0.0,False
O=C(/C=C/c1cncnc1)c1c(-c2ccccc2)c2ccncc2[nH]c1=O,1,4.154901959985743,0.0,0.0,False
O=C(/C=C/c1cncnc1)c1c(-c2ccccc2)c2cnccc2[nH]c1=O,1,4.0,0.0,0.0,False
O=C(/C=C/c1cncnc1)c1c(-c2cccnc2)c2ccccc2[nH]c1=O,1,4.0,0.0,0.0,False
O=C(/C=C/c1cccnc1)NC1C(=O)NC2CCCCC2C1c1ccccc1,1,4.154901959985743,0.0,0.0,True
O=C(/C=C/c1cccnc1)Nc1c(-c2ccccc2)c2ccccc2[nH]c1=O,1,4.154901959985743,0.0,0.0,False
O=C(/C=C/c1cccnc1)c1c(-c2ccccc2)c2ccccc2n(CCN2CCOCC2)c1=O,1,4.939302159646388,0.0,0.0,False
O=C(/C=C/c1cccnc1)c1c(-c2ccccc2)cc[nH]c1=O,1,4.154901959985743,0.0,0.0,False
O=C1NCc2cc(-c3ccc4cc(-c5nc6cc(C(=O)N7CCCCC7)ccc6[nH]5)n(CC5CC5)c4c3)ccc21,1,7.327902142064282,0.0,0.0,False
O=C1NCc2cc(-c3ccc4cc(-c5nc6cc(C(=O)N7CCCCC7)ccc6[nH]5)n(CC5CC5)c4n3)ccc21,1,7.267606240177031,0.0,0.0,False
O=C1NCc2cc(Nc3ccc4cc(-c5nc6cc(C(=O)N7CC8CCC7C8)ccc6[nH]5)n(CC5CC5)c4n3)ccc21,1,7.619788758288394,0.0,0.0,False
O=C1NCc2ccc(-c3ccc4cc(-c5cc6ccc(C(=O)C7CC8CCC7C8)cn6n5)n(CC5CC5)c4c3)cc21,1,6.96657624451305,0.0,0.0,False
O=C1NCc2ccc(-c3ccc4cc(-c5cc6ccc(C(=O)C7CCCCC7)cn6n5)n(CC5CC5)c4c3)cc21,1,6.230622673923861,0.0,0.0,False
O=C1NCCc2nc3[nH]c(-c4cc5cccc(OCCc6ccn[nH]6)c5n4CC4CC4)nc3cc21,1,8.0,0.0,0.0,False
O=C1NCCc2nc3[nH]c(-c4cc5cccc(OCCc6ccon6)c5n4CC4CC4)nc3cc21,1,8.0,0.0,0.0,False
O=C1NCCc2nc3[nH]c(-c4cc5cccc(OCCc6cn[nH]n6)c5n4CC4CC4)nc3cc21,1,8.0,0.0,0.0,False
O=C1NCCc2nc3[nH]c(-c4cc5cccc(OCCc6cnco6)c5n4CC4CC4)nc3cc21,1,8.0,0.0,0.0,False
O=C1NCCc2nc3[nH]c(-c4cc5ccnc(OCCn6ccnc6)c5n4CC4CC4)nc3cc21,1,8.0,0.0,0.0,False
O=C1NC[C@@H](COc2cccc3cc(-c4nc5cc6c(cc5[nH]4)CCNC6=O)n(CC4CC4)c23)O1,1,7.444727982879317,0.0,0.0,False
O=C1NC[C@H](COc2cccc3cc(-c4nc5cc6c(cc5[nH]4)CCNC6=O)n(CC4CC4)c23)O1,1,7.259637310505756,0.0,0.0,False
O=C1NCc2c1cccc2-c1ccc2cc(-c3nc4cc(C(=O)N5CC6CCC5C6)ccc4[nH]3)n(CC3CC3)c2c1,1,7.585026652029182,0.0,0.0,False
O=C1NCc2c1cccc2-c1ccc2cc(-c3nc4cc(C(=O)N5CC6CCC5C6)ccc4[nH]3)n(CC3CC3)c2n1,1,7.568636235841012,0.0,0.0,False
O=C1NCc2c1cccc2-c1ccc2cc(-c3nc4cc(C(=O)N5CCCCC5)ccc4[nH]3)n(CC3CC3)c2n1,1,6.2335871528876,0.0,0.0,False
O=C1NCc2cc(-c3ccc4cc(-c5cc6ccc(C(=O)C7CC8CCC7C8)cn6n5)n(CC5CC5)c4c3)ccc21,1,7.096910013008056,0.0,0.0,False
O=C1NCc2cc(-c3ccc4cc(-c5cc6ccc(C(=O)N7CCCCC7)cc6o5)n(CC5CC5)c4c3)ccc21,1,6.440093374963888,0.0,0.0,False
O=C1NCc2cc(-c3ccc4cc(-c5cc6ccc(C(=O)N7CCCCC7)cc6s5)n(CC5CC5)c4c3)ccc21,1,6.785156151952302,0.0,0.0,False
O=C1NCc2cc(-c3ccc4cc(-c5cc6ccc(C(=O)N7CCCCC7)cc6s5)n(CC5CC5)c4n3)ccc21,1,6.703334809738469,0.0,0.0,False
O=C1NCc2cc(-c3ccc4cc(-c5nc6cc(C(=O)N7CC8CCC7C8)ccc6[nH]5)n(CC5CC5)c4c3)cnc21,1,7.494850021680094,0.0,0.0,False
O=C(/C=C/c1cccnn1)c1c(-c2ccccc2)c2ccccc2[nH]c1=O,1,4.939302159646388,0.0,0.0,False
O=C(/C=C/c1ccncn1)C1C(=O)NC2CCCCC2C1c1ccccc1,1,4.939302159646388,0.0,0.0,True
O=C(/C=C/c1ccncn1)c1c(-c2ccccc2)c2ccccc2[nH]c1=O,1,4.939302159646388,0.0,0.0,False
O=C(/C=C/c1ccnnc1)C1C(=O)NC2CCCCC2C1c1ccccc1,1,4.939302159646388,0.0,0.0,True
O=C(/C=C/c1ccnnc1)c1c(-c2ccccc2)c2ccccc2[nH]c1=O,1,4.939302159646388,0.0,0.0,False
O=C(/C=C/c1cnccn1)C1C(=O)NC2CCCCC2C1c1ccccc1,1,4.154901959985743,0.0,0.0,True
O=C(/C=C/c1ccccc1)C1CCCNC1=O,1,4.0,0.0,0.0,True
O=C(/C=C/c1ccccc1)NC1C(=O)NC2CCCCC2C1c1ccccc1,1,4.154901959985743,0.0,0.0,True
O=C(/C=C/c1ccccc1)Nc1c(-c2ccccc2)c2ccccc2[nH]c1=O,1,4.154901959985743,0.0,0.0,False
O=C(/C=C/c1ccccc1)c1c(-c2ccccc2)cc[nH]c1=O,1,4.154901959985743,0.0,0.0,False
O=C(/C=C/c1ccccc1)c1ccc[nH]c1=O,1,4.0,0.0,0.0,False
O=C(/C=C/c1ccccc1)c1cnc2ccccc2c1-c1ccccc1,1,4.154901959985743,0.0,0.0,False
O=C1Nc2ccc(-c3ccc4cc(-c5nc6cc(C(=O)N7CC8CCC7C8)ccc6[nH]5)n(CC5CC5)c4c3)cc2CO1,1,6.928117992693874,0.0,0.0,False
O=C1Nc2ccc(-c3ccc4cc(-c5nc6cc(C(=O)N7CC8CCC7C8)ccc6[nH]5)n(CC5CC5)c4n3)cc2CO1,1,7.1487416512809245,0.0,0.0,False
O=C1Nc2ccc(-c3ccc4cc(-c5nc6cc(C(=O)N7CCCCC7)ccc6[nH]5)n(CC5CC5)c4n3)cc2CO1,1,7.142667503568731,0.0,0.0,False
O=C1OCCN1CCc1ccc2cc(-c3nc4cc(C(=O)N5CC6CCC5C6)ccc4[nH]3)n(CC3CC3)c2c1,1,7.161150909262744,0.0,0.0,False
O=C1OCCN1CCc1ccc2cc(-c3nc4cc(C(=O)N5CCCCC5)ccc4[nH]3)n(CC3CC3)c2n1,1,7.050609993355086,0.0,0.0,False
O=C1OCCN1CCc1csc2cc(-c3nc4cc(C(=O)N5C[C@H]6CC[C@@H]5C6)ccc4[nH]3)n(CC3CC3)c12,1,7.267606240177031,0.0,0.0,False
O=C1NCc2ccc(-c3ccc4cc(-c5cc6ccc(C(=O)N7CC8CCC7C8)cc6o5)n(CC5CC5)c4n3)cc21,1,7.251811972993799,0.0,0.0,False
O=C1NCc2ccc(-c3ccc4cc(-c5cc6ccc(C(=O)N7CC8CCC7C8)cc6s5)n(CC5CC5)c4c3)cc21,1,6.6020599913279625,0.0,0.0,False
O=C1NCc2ccc(-c3ccc4cc(-c5cc6ccc(C(=O)N7CC8CCC7C8)cc6s5)n(CC5CC5)c4n3)cc21,1,6.632644078973981,0.0,0.0,False
O=C1NCc2ccc(-c3ccc4cc(-c5cc6ccc(C(=O)N7CC8CCC7C8)cn6n5)n(CC5CC5)c4c3)cc21,1,7.318758762624412,0.0,0.0,False
O=C1NCc2ccc(-c3ccc4cc(-c5cc6ccc(C(=O)N7CCCCC7)cc6s5)n(CC5CC5)c4c3)cc21,1,6.230622673923861,0.0,0.0,False
O=C1NCc2ccc(-c3ccc4cc(-c5cc6ccc(C(=O)N7CCCCC7)cc6s5)n(CC5CC5)c4n3)cc21,1,6.460923901207224,0.0,0.0,False
O=C1NCc2ccc(-c3ccc4cc(-c5cc6ccc(C(=O)N7CCCCC7)cn6n5)n(CC5CC5)c4c3)cc21,1,5.991399828238082,0.0,0.0,False
O=C1NCc2ccc(-c3ccc4cc(-c5cc6ncc(C(=O)N7CC8CCC7C8)cn6n5)n(CC5CC5)c4n3)cc21,1,5.984221243610959,0.0,0.0,False
O=C1NCc2ccc(-c3ccc4cc(-c5nc6cc(C(=O)N7CC8CCC7C8)ccc6[nH]5)n(CC5CC5)c4c3)cc21,1,7.552841968657781,0.0,0.0,False
O=C1NCc2ccc(Nc3ccc4cc(-c5nc6cc(C(=O)N7CC8CCC7C8)ccc6[nH]5)n(CC5CC5)c4n3)cc21,1,7.161150909262744,0.0,0.0,False
O=C(/C=C/c1ccc(N2CCNCC2)nc1)C1C(=O)NC2CCCCC2C1c1ccccc1,1,5.823908740944319,0.0,0.0,True
O=C(/C=C/c1ccc(N2CCNCC2)nc1)c1c(-c2ccccc2)c2ccccc2[nH]c1=O,1,5.823908740944319,0.0,0.0,False
O=C1c2cc3nc(-c4cc5ccc(N6CCCCC6)cc5n4CC4CC4)[nH]c3cc2CCN1C[C@H]1COCCN1,1,6.1249387366083,0.0,0.0,False
O=C1c2cc3nc(-c4cc5cccc(OCCn6cnnc6)c5n4CC4CC4)[nH]c3cc2CCN1C[C@H]1COCCN1,1,6.408613380082664,0.0,0.0,False
O=C1c2cc3nc(-c4cc5ccccc5[nH]4)[nH]c3cc2CCN1C[C@H]1COCCN1,1,6.522878745280337,0.0,0.0,False
O=C1c2cc3nc(-c4cc5ccccc5n4CC4CC4)[nH]c3cc2CCN1CC1CNCCN1,1,6.0,0.0,0.0,False
O=C1c2cc3nc(-c4cc5ccccc5n4CC4CC4)[nH]c3cc2CCN1CCC1CC1,1,6.522878745280337,0.0,0.0,False
O=C1NCc2ccc(Nc3ccc4cc(-c5nc6cc(C(=O)N7CCCCC7)ccc6[nH]5)n(CC5CC5)c4n3)cc21,1,6.735182176990463,0.0,0.0,False
O=C1NCc2ccc3cc(-c4nc5cc(C(=O)N6CCCCC6)ccc5n4C4CC4)n(c3n2)CCCCCc2nc3ccsc3cc21,1,8.301029995663981,0.0,0.0,False
O=C1NCc2ccc3cc(-c4nc5cc(C(=O)N6CC[C@@H]7CC[C@H]6C7)ccc5[nH]4)n(c3n2)CCCCCC2C[C@@H]12,1,8.301029995663981,0.0,0.0,False
O=C1NCc2ccc3cc(-c4nc5cc(C(=O)N6CC[C@@H]7CC[C@H]6C7)ccc5[nH]4)n(c3n2)CCCCCc2ccccc21,1,8.301029995663981,0.0,0.0,False
O=C1NCc2ccc3cc(-c4nc5cc(C(=O)N6CC[C@@H]7CC[C@H]6C7)ccc5n4C4CC4)n(c3n2)CCCCCc2ncccc21,1,8.221848749616356,0.0,0.0,False
O=C1NCc2ncc(-c3ccc4cc(-c5nc6cc(C(=O)N7CC8CCC7C8)ccc6[nH]5)n(CC5CC5)c4c3)cc21,1,7.6020599913279625,0.0,0.0,False
O=C1NCc2ncc(-c3ccc4cc(-c5nc6cc(C(=O)N7CCCCC7)ccc6[nH]5)n(CC5CC5)c4c3)cc21,1,7.721246399047171,0.0,0.0,False
O=C1NCc2ncc(-c3ccc4cc(-c5nc6cc(C(=O)N7CCCCC7)ccc6[nH]5)n(CC5CC5)c4n3)cc21,1,7.060480747381381,0.0,0.0,False
O=C1NS(=O)(=O)c2ccc(-c3ccc4cc(-c5nc6cc(C(=O)N7CC8CCC7C8)ccc6[nH]5)n(CC5CC5)c4c3)cc21,1,6.84163750790475,0.0,0.0,False
O=C(/C=C/C1CCC1)C1C(=O)NC2CCCCC2C1c1ccccc1,1,4.154901959985743,0.0,0.0,True
c1ccc(-c2cccc(-c3cnc[nH]3)c2)cc1,1,4.552841968657781,0.0,0.0,False
c1ccc(Cc2cncnc2)cc1,1,2.1249387366083,0.0,0.0,False
c1ccc(Cc2nccc3ccccc23)cc1,1,4.4089353929735005,0.0,0.0,False
c1ccc(Cn2ccc3ccccc32)cc1,1,4.537602002101044,0.0,0.0,False
c1ccc(NCc2cnc3ncncc3n2)cc1,1,2.0,0.0,0.0,False
c1ccc(Sc2cccs2)cc1,1,4.036212172654444,0.0,0.0,False
O=C(/C=C/C1CCCCC1)C1C(=O)NC2CCCCC2C1c1ccccc1,1,4.154901959985743,0.0,0.0,True
c1nc(Sc2cnc[nH]2)c2[nH]cnc2n1,1,2.0915149811213505,0.0,0.0,False
S=C(c1ccn2cc(-c3cc4ccccc4n3Cc3ccccc3)nc2c1)N1CCCCC1,1,6.0,0.0,0.0,False
c1c[nH]cn1,1,3.638272163982407,0.0,0.0,False
c1cc2cc(c1)C1C[C@@H]1CCCCn1c(cc3cccnc31)-c1nc3ccccc3n1C2,1,6.665546248849069,0.0,0.0,False
c1cc2cc(c1)[C@@H]1CNC[C@@H]1CCCCn1c(cc3cccnc31)-c1nc3ccccc3n1C2,1,6.815308569182401,0.0,0.0,False
c1cc[nH]c1,1,4.721246399047171,0.0,0.0,False
c1ccc(-c2cccc(-c3c[nH]cn3)c2)cc1,1,5.055517327849831,0.0,0.0,False
O=C(/C=C/C1CCC1)c1c(-c2ccccc2)c2ccccc2[nH]c1=O,1,4.154901959985743,0.0,0.0,False
c1ccc2c(c1)cnn2CC1CCCC1,1,4.795880017344075,0.0,0.0,False
c1cnc2c(c1)cc(-c1cc3cnccn3n1)n2CC1CC1,1,4.823908740944319,0.0,0.0,False
c1cnc2c(c1)cc(-c1nc3ccccc3[nH]1)n2CC1CC1,1,4.578396073130169,0.0,0.0,False
O=C(/C=C/C1CCCC1)c1c(-c2ccccc2)c2ccccc2[nH]c1=O,1,4.154901959985743,0.0,0.0,False
O=C1c2cc3nc(-c4cc5ccccc5n4Cc4ncco4)[nH]c3cc2CCN1C[C@H]1COCCN1,1,6.522878745280337,0.0,0.0,False
O=S(=O)(NCCc1ccccc1)c1ccccc1,1,4.886056647693163,0.0,0.0,False
O=S(=O)(Nc1ccccn1)c1ccccc1,1,2.0,0.0,0.0,False
O=S(=O)(Nc1ccon1)c1ccccc1,1,2.0,0.0,0.0,False
O=c1[nH]c2ccccc2c(-c2ccccc2)c1S(=O)(=O)/C=C/c1cncnc1,1,4.154901959985743,0.0,0.0,False
O=c1[nH]ccc2ccccc12,1,4.376750709602099,0.0,0.0,False
O=c1nc2[nH]nc(-c3ccccn3)nc-2c(=O)[nH]1,1,4.6777807052660805,0.0,0.0,False
O=C(/C=C/c1ccc(OCCC2CCOCC2)nc1)C1C(=O)NC2CNCCC2C1c1ccccc1,1,4.939302159646388,0.0,0.0,True
O=C(/C=C/c1ccc(OCCC2CCOCC2)nc1)c1c(-c2ccccc2)c2ccncc2[nH]c1=O,1,4.939302159646388,0.0,0.0,False
O=C(/C=C/c1ccc(OCCN2CCOCC2)cc1)C1C(=O)NC2CNCCC2C1c1ccccc1,1,4.154901959985743,0.0,0.0,True
O=C(/C=C/c1ccc(OCCN2CCOCC2)cc1)c1c(-c2ccccc2)c2ccncc2[nH]c1=O,1,4.154901959985743,0.0,0.0,False
O=C(/C=C/c1ccccc1)C1C(=O)NCCC1c1ccccc1,1,4.154901959985743,0.0,0.0,True
