inchi_key,smiles_std,pIC50,pic50_min,pic50_max,n_sources,source_list,source_independence_score,mol_weight,n_heavy_atoms,mechanism_class,is_covalent,warhead_class,hub_class,fragment_flag,high_confidence,multi_source
PVYJZLYGTZKPJE-UHFFFAOYSA-N,COC1=C(N)C(=O)c2nc(-c3nc(C(=O)O)c(C)c(-c4ccc(OC)c(OC)c4O)c3N)ccc2C1=O,5.6020599913279625,5.6020599913279625,5.6020599913279625,3,bindingdb|chembl|pubchem_confirmatory,0.3,506.471,37.0,enzymatic,True,enaminone,none,False,True,True
MQUQNUAYKLCRME-INIZCTEOSA-N,Cc1ccc(S(=O)(=O)N[C@@H](Cc2ccccc2)C(=O)CCl)cc1,4.886056647693163,4.886056647693163,4.886056647693163,3,bindingdb|chembl|pubchem_confirmatory,0.3,351.855,23.0,enzymatic,False,,none,False,True,True
YYVYAPXYZVYDHN-UHFFFAOYSA-N,O=C1C(=O)c2ccccc2-c2ccccc21,4.795880017344075,4.795880017344075,4.795880017344075,3,bindingdb|chembl|pubchem_confirmatory,0.3,208.216,16.0,enzymatic,False,,none,False,True,True
HDXJYJIPXWVRSM-UHFFFAOYSA-N,Cn1nc(-c2ccccn2)nc2c(=O)n(C)c(=O)nc1-2,4.6777807052660805,4.6777807052660805,4.6777807052660805,3,bindingdb|chembl|pubchem_confirmatory,0.3,270.252,20.0,enzymatic,False,,none,False,True,True
XQYZDYMELSJDRZ-UHFFFAOYSA-N,COc1ccc(Cc2nccc3cc(OC)c(OC)cc23)cc1OC,4.4089353929735005,4.4089353929735005,4.4089353929735005,3,bindingdb|chembl|pubchem_confirmatory,0.3,339.391,25.0,enzymatic,False,,none,False,True,True
JOURGLFWVLLAPY-UHFFFAOYSA-N,COC(=O)c1[nH]c(=O)c2ccccc2c1O,4.376750709602099,4.376750709602099,4.376750709602099,3,bindingdb|chembl|pubchem_confirmatory,0.3,219.196,16.0,enzymatic,False,,none,False,True,True
AAUANTNCTLBCQX-UHFFFAOYSA-N,O=Cc1c(O)c2ccccc2c2ccccc12,4.1249387366083,4.1249387366083,4.1249387366083,2,bindingdb|pubchem_confirmatory,0.5,222.243,17.0,enzymatic,False,,none,False,True,True
CXTKLJSFJQGFET-UHFFFAOYSA-N,CC(=O)c1cc([N+](=O)[O-])c(Sc2ccc(Cl)cc2)s1,4.036212172654444,4.036212172654444,4.036212172654444,3,bindingdb|chembl|pubchem_confirmatory,0.3,313.787,19.0,enzymatic,False,,none,False,True,True
JMIDETFMZFEBIU-UHFFFAOYSA-N,O=C1NCC2=C1C(c1ccccc1)Nc1ccccc1N2,4.0,4.0,4.0,2,chembl|pubchem_confirmatory,0.7,277.327,21.0,enzymatic,True,enaminone,none,False,True,True
CTORJSYGWMYYMT-FMIVXFBMSA-N,NNC(=O)/C(=C\c1ccco1)NC(=O)c1ccccc1,4.0,4.0,4.0,3,bindingdb|chembl|pubchem_confirmatory,0.3,271.276,20.0,enzymatic,False,,none,False,True,True
QCVXKQUVOKEFPR-LVMRBHESSA-N,CN(C)C/C=C/C(=O)N[C@@H]1CNC[C@H]1N(C)C(=O)c1ccc2c(c1)nc(-c1cc3cccnc3n1CC1CC1)n2C,5.259637310505756,5.259637310505756,5.259637310505756,3,bindingdb|chembl|pubchem_confirmatory,0.3,554.699,41.0,enzymatic,False,,none,False,True,True
UIZWTUZQYPXHKI-FCIKTHLFSA-N,COc1cc(C(=O)N[C@@H]2CNC[C@H]2NC(=O)/C=C/CN(C)C)cc2nc(-c3cc4ccccc4n3CC3CC3)n(C)c12,6.259637310505756,6.259637310505756,6.259637310505756,3,bindingdb|chembl|pubchem_confirmatory,0.3,569.71,42.0,enzymatic,False,,none,False,True,True
HKCDEONSLDDVOM-YIGOKMEQSA-N,CN(C)C/C=C/C(=O)N[C@H]1CCN(C(=O)c2ccc3c(c2)nc(-c2cc4cccnc4n2CC2CC2)n3C)C[C@H]1N,5.0,5.0,5.0,3,bindingdb|chembl|pubchem_confirmatory,0.3,554.699,41.0,enzymatic,False,,none,False,True,True
ZLBVSEGRTNQHQH-BJHKHANUSA-N,CN(C)C/C=C/C(=O)N[C@@H]1CNC[C@H]1NC(=O)c1ccc2c(c1)nc(-c1cc3cccnc3n1CC1CC1)n2C,5.213151988586211,5.129818655252878,5.379818655252878,3,bindingdb|chembl|pubchem_confirmatory,0.3,540.672,40.0,enzymatic,False,,none,False,True,True
ZLBVSEGRTNQHQH-UUMVYCCLSA-N,CN(C)C/C=C/C(=O)N[C@H]1CNC[C@@H]1NC(=O)c1ccc2c(c1)nc(-c1cc3cccnc3n1CC1CC1)n2C,5.426303977172423,5.259637310505756,5.759637310505756,3,bindingdb|chembl|pubchem_confirmatory,0.3,540.672,40.0,enzymatic,False,,none,False,False,True
YUUMDEZEZWRBSZ-SDNWHVSQSA-N,CN(C)/C=C/C(=O)NCCN(CCC1C=NC=N1)C(=O)c1ccc2c(c1)nc(-c1cc3cccnc3n1CC1CC1)n2C,5.0,5.0,5.0,3,bindingdb|chembl|pubchem_confirmatory,0.3,579.709,43.0,enzymatic,True,enaminone,none,False,True,True
CFELFOZOBIBTFL-FNORWQNLSA-N,CN(C)C/C=C/C(=O)NCCN(CCc1cnc[nH]1)C(=O)c1ccc2c(c1)nc(-c1cc3cccnc3n1CC1CC1)n2C,5.0,5.0,5.0,3,bindingdb|chembl|pubchem_confirmatory,0.3,593.736,44.0,enzymatic,False,,none,False,True,True
YILCTIBWASNWOQ-HWGSQVGPSA-N,CN(C)C/C=C/C(=O)N[C@@H]1CNC[C@H](NC(=O)c2ccc3c(c2)nc(-c2cc4cccnc4n2CC2CC2)n3C)C1,5.1249387366083,5.1249387366083,5.1249387366083,3,bindingdb|chembl|pubchem_confirmatory,0.3,554.699,41.0,enzymatic,False,,none,False,True,True
IRUYMSJJXUWNNC-HWGSQVGPSA-N,CN(C)C/C=C/C(=O)N[C@@H]1C[C@H](N)CN(C(=O)c2ccc3c(c2)nc(-c2cc4cccnc4n2CC2CC2)n3C)C1,5.0,5.0,5.0,3,bindingdb|chembl|pubchem_confirmatory,0.3,554.699,41.0,enzymatic,False,,none,False,True,True
UUGKYBRZWXZXMI-NZQKXSOJSA-N,C=CC(=O)O[C@@H]1CNC[C@@H]1NC(=O)c1ccc2c(c1)nc(-c1cc3cccnc3n1CC1CC1)n2C,5.0,5.0,5.0,3,bindingdb|chembl|pubchem_confirmatory,0.3,484.56,36.0,enzymatic,False,,none,False,True,True
UAFUKXALTWNING-CCWPHWCFSA-N,CN(C)C/C=C/C(=O)N[C@@H]1CCCN(C(=O)c2ccc3c(c2)nc(-c2cc4cccnc4n2CC2CC2)n3C)C1,5.0,5.0,5.0,3,bindingdb|chembl|pubchem_confirmatory,0.3,539.684,40.0,enzymatic,False,,none,False,True,True
ZXYSZYCQSXFBRN-OAQYLSRUSA-N,C=CC(=O)N[C@@H]1CCCN(C(=O)c2ccc3c(c2)nc(-c2cc4cccnc4n2CC2CC2)n3C)C1,5.0,5.0,5.0,3,bindingdb|chembl|pubchem_confirmatory,0.3,482.588,36.0,enzymatic,False,,none,False,True,True
ALTLRGQMSDELBI-DBXGMPFESA-N,C=CC(=O)N[C@H]1C[C@@H]2CN(C(=O)c3cc(OC)c4c(c3)nc(-c3cc5cccnc5n3CC3CC3)n4C)[C@H]1[C@@H]2N,5.426303977172423,5.259637310505756,5.759637310505756,3,bindingdb|chembl|pubchem_confirmatory,0.3,539.64,40.0,enzymatic,False,,none,False,False,True
SYYIWIMFBSKKFG-LYRKDJCHSA-N,C=CC(=O)O[C@H]1C[C@@H]2CN(C(=O)c3cc(OC)c4c(c3)nc(-c3cc5cccnc5n3CC3CC3)n4C)[C@H]1[C@@H]2N,6.259637310505756,6.259637310505756,6.259637310505756,3,bindingdb|chembl|pubchem_confirmatory,0.3,540.624,40.0,enzymatic,False,,none,False,True,True
BQNAHEIXEFRGPB-LEWOSNPHSA-N,C=CC(=O)N(C)[C@@H]1C[C@@H]2CN(C(=O)c3cc(OC)c4c(c3)nc(-c3cc5cccnc5n3CC3CC3)n4C)[C@H]1[C@@H]2N,5.0,5.0,5.0,3,bindingdb|chembl|pubchem_confirmatory,0.3,553.667,41.0,enzymatic,False,,none,False,True,True
BQNAHEIXEFRGPB-UKTDVOJESA-N,C=CC(=O)N(C)[C@H]1C[C@@H]2CN(C(=O)c3cc(OC)c4c(c3)nc(-c3cc5cccnc5n3CC3CC3)n4C)[C@H]1[C@@H]2N,5.0,5.0,5.0,3,bindingdb|chembl|pubchem_confirmatory,0.3,553.667,41.0,enzymatic,False,,none,False,True,True
JMHGWNZBVSPKBH-CCEZHUSRSA-N,O=C(/C=C/c1nc2ccccc2[nH]1)c1c(-c2ccccc2)c2ccccc2[nH]c1=O,4.154901959985743,4.154901959985743,4.154901959985743,3,bindingdb|chembl|pubchem_confirmatory,0.3,391.43,30.0,enzymatic,False,,none,False,True,True
NMHOAHFONJFYOW-DHZHZOJOSA-N,CN(C)CCn1c(=O)c(C(=O)/C=C/c2cncnc2)c(-c2ccccc2)c2cc(F)ccc21,4.939302159646388,4.939302159646388,4.939302159646388,3,bindingdb|chembl|pubchem_confirmatory,0.3,442.494,33.0,enzymatic,False,,none,False,True,True
LRLVNQOHFZEBKU-UHFFFAOYSA-N,O=C1C=CC(=C=CC(=O)C2=C(c3ccccc3)C3=CC(F)C=CC3=NC2=O)C=N1,4.939302159646388,4.939302159646388,4.939302159646388,1,pubchem_confirmatory,1.0,384.366,29.0,enzymatic,False,,none,False,False,False
HXGCRARCNKEOSY-XYOKQWHBSA-N,CN(C)CCOc1ccc(/C=C/C(=O)C2C(=O)NC3CCC(F)CC3C2c2ccccc2)cn1,5.823908740944319,5.823908740944319,5.823908740944319,1,pubchem_confirmatory,1.0,465.569,34.0,enzymatic,False,,none,False,False,False
GNIBYTOKZDPDKD-UXBLZVDNSA-N,N#CCOc1ccc(/C=C/C(=O)C2C(=O)NC3CCC(F)CC3C2c2ccccc2)cn1,5.823908740944319,5.823908740944319,5.823908740944319,1,pubchem_confirmatory,1.0,433.483,32.0,enzymatic,False,,none,False,False,False
QEEXIXLJHPWWKS-VQHVLOKHSA-N,O=C(/C=C/c1ccncn1)C1C(=O)NC2CCC(F)CC2C1c1ccccc1,4.939302159646388,4.939302159646388,4.939302159646388,1,pubchem_confirmatory,1.0,379.435,28.0,enzymatic,False,,none,False,False,False
JFZHZPYWXHCWMV-YRNVUSSQSA-N,N#Cc1ccc(/C=C/C(=O)C2C(=O)NC3CCC(F)CC3C2c2ccccc2)cn1,4.939302159646388,4.939302159646388,4.939302159646388,1,pubchem_confirmatory,1.0,403.457,30.0,enzymatic,False,,none,False,False,False
IFBPTVAHWJLMIF-RMKNXTFCSA-N,N#Cc1cncc(/C=C/C(=O)C2C(=O)NC3CCC(F)CC3C2c2ccccc2)c1,4.939302159646388,4.939302159646388,4.939302159646388,1,pubchem_confirmatory,1.0,403.457,30.0,enzymatic,False,,none,False,False,False
AYBWVYWRUDEULL-YRNVUSSQSA-N,COc1ccc(/C=C/C(=O)C2C(=O)NC3CCC(F)CC3C2c2ccccc2)cn1,5.823908740944319,5.823908740944319,5.823908740944319,1,pubchem_confirmatory,1.0,408.473,30.0,enzymatic,False,,none,False,False,False
OOTBWNFQBGJGJE-PKNBQFBNSA-N,O=C(/C=C/c1cccnn1)C1C(=O)NC2CCC(F)CC2C1c1ccccc1,4.939302159646388,4.939302159646388,4.939302159646388,1,pubchem_confirmatory,1.0,379.435,28.0,enzymatic,False,,none,False,False,False
XTHXPWUTDREOFX-DHZHZOJOSA-N,CC(C)(O)Cn1c(=O)c(C(=O)/C=C/c2cncnc2)c(-c2ccccc2)c2cc(F)ccc21,4.939302159646388,4.939302159646388,4.939302159646388,3,bindingdb|chembl|pubchem_confirmatory,0.3,443.478,33.0,enzymatic,False,,none,False,True,True
SRORMKWAIMNILD-JXMROGBWSA-N,CS(=O)(=O)CCn1c(=O)c(C(=O)/C=C/c2cncnc2)c(-c2ccccc2)c2cc(F)ccc21,4.939302159646388,4.939302159646388,4.939302159646388,3,bindingdb|chembl|pubchem_confirmatory,0.3,477.517,34.0,enzymatic,False,,none,False,True,True
QDWFSZYYBGSFPL-RMKNXTFCSA-N,O=C(/C=C/c1ccnnc1)C1C(=O)NC2CCC(F)CC2C1c1ccccc1,4.939302159646388,4.939302159646388,4.939302159646388,1,pubchem_confirmatory,1.0,379.435,28.0,enzymatic,False,,none,False,False,False
ZGQMFNSJGUKSMH-RMKNXTFCSA-N,O=C(/C=C/c1cncc(Cl)c1)C1C(=O)NC2CCC(F)CC2C1c1ccccc1,4.939302159646388,4.939302159646388,4.939302159646388,1,pubchem_confirmatory,1.0,412.892,29.0,enzymatic,False,,none,False,False,False
AXMCPWUTNYFBNX-JXMROGBWSA-N,COc1ccncc1/C=C/C(=O)C1C(=O)NC2CCC(F)CC2C1c1ccccc1,4.939302159646388,4.939302159646388,4.939302159646388,1,pubchem_confirmatory,1.0,408.473,30.0,enzymatic,False,,none,False,False,False
DVZVEWVYKJSGLQ-JXMROGBWSA-N,N#CCCn1c(=O)c(C(=O)/C=C/c2cncnc2)c(-c2ccccc2)c2cc(F)ccc21,4.939302159646388,4.939302159646388,4.939302159646388,3,bindingdb|chembl|pubchem_confirmatory,0.3,424.435,32.0,enzymatic,False,,none,False,True,True
KGKRADAUBLSKGX-RMKNXTFCSA-N,O=C(/C=C/c1cncnc1)c1c(-c2ccccc2)c2cc(F)ccc2n(CCN2CCOCC2)c1=O,4.939302159646388,4.939302159646388,4.939302159646388,3,bindingdb|chembl|pubchem_confirmatory,0.3,484.531,36.0,enzymatic,False,,none,False,True,True
KOKHUKRPRJOUDM-VAWYXSNFSA-N,O=C(/C=C/c1cccnc1)C1C(=O)NC2CCCC(F)C2C1c1ccccc1,5.823908740944319,5.823908740944319,5.823908740944319,1,pubchem_confirmatory,1.0,378.447,28.0,enzymatic,False,,none,False,False,False
UHKMDVPFMABSSF-MDZDMXLPSA-N,O=C(/C=C/c1cncnc1)C1C(=O)NC2CCCC(F)C2C1c1ccccc1,4.939302159646388,4.939302159646388,4.939302159646388,1,pubchem_confirmatory,1.0,379.435,28.0,enzymatic,False,,none,False,False,False
XWGPJMUSEINBJS-FMIVXFBMSA-N,N#CCCn1c(=O)c(C(=O)/C=C/c2cccnc2)c(-c2ccccc2)c2cc(F)ccc21,5.823908740944319,5.823908740944319,5.823908740944319,2,bindingdb|pubchem_confirmatory,0.5,423.447,32.0,enzymatic,False,,none,False,True,True
IOHPCMKZUWYVRR-UHFFFAOYSA-N,O=C1NC2CCCCC2C(c2ccccc2)C1C(=O)C1NNNC1c1cncc(Br)c1,4.154901959985743,4.154901959985743,4.154901959985743,1,pubchem_confirmatory,1.0,484.398,31.0,enzymatic,False,,none,False,False,False
BNXSJGWSJQDDBF-ZHACJKMWSA-N,Nc1cncc(/C=C/C(=O)C2C(=O)NC3CCCCC3C2c2ccccc2)c1,4.939302159646388,4.939302159646388,4.939302159646388,1,pubchem_confirmatory,1.0,375.472,28.0,enzymatic,False,,none,False,False,False
PEXDBIHYQXDXJI-DHZHZOJOSA-N,O=C(/C=C/C1CC1)C1C(=O)NC2CCC(F)CC2C1c1ccccc1,4.154901959985743,4.154901959985743,4.154901959985743,1,pubchem_confirmatory,1.0,341.426,25.0,enzymatic,False,,none,False,False,False
HHIREIMBTWZZIC-UXBLZVDNSA-N,O=C(/C=C/c1ccc(N2CCNCC2)nc1)C1C(=O)NC2CCC(F)CC2C1c1ccccc1,5.823908740944319,5.823908740944319,5.823908740944319,1,pubchem_confirmatory,1.0,462.569,34.0,enzymatic,False,,none,False,False,False
FMIJZESWHLELRZ-QHHAFSJGSA-N,C/C=C/C(=O)NC1C(=O)NC2CCC(F)CC2C1c1ccccc1,4.154901959985743,4.154901959985743,4.154901959985743,1,pubchem_confirmatory,1.0,330.403,24.0,enzymatic,False,,none,False,False,False
JZPXOBWNMRARPY-UXBLZVDNSA-N,O=C(/C=C/c1ccc(=O)n(CCN2CCOCC2)c1)C1C(=O)NC2CCC(F)CC2C1c1ccccc1,4.939302159646388,4.939302159646388,4.939302159646388,1,pubchem_confirmatory,1.0,507.606,37.0,enzymatic,False,,none,False,False,False
JMJKAVVLODTPFH-DHZHZOJOSA-N,O=C(/C=C/c1cccnc1)NC1C(=O)NC2CCC(F)CC2C1c1ccccc1,4.154901959985743,4.154901959985743,4.154901959985743,1,pubchem_confirmatory,1.0,393.462,29.0,enzymatic,False,,none,False,False,False
JDTIOJYXOAHOGM-YRNVUSSQSA-N,O=C(/C=C/c1ccc(OCCCO)nc1)C1C(=O)NC2CCC(F)CC2C1c1ccccc1,4.939302159646388,4.939302159646388,4.939302159646388,1,pubchem_confirmatory,1.0,452.526,33.0,enzymatic,False,,none,False,False,False
OPYUXHPJDDVCOV-VOTSOKGWSA-N,O=C(/C=C/c1cncnc1)C1C(=O)NC2NCC(F)CC2C1c1ccccc1,4.939302159646388,4.939302159646388,4.939302159646388,1,pubchem_confirmatory,1.0,380.423,28.0,enzymatic,False,,none,False,False,False
IUXSHUXSNKTMJT-CMDGGOBGSA-N,O=C(/C=C/c1cccnc1)C1C(=O)NC2NCC(F)CC2C1c1ccccc1,4.939302159646388,4.939302159646388,4.939302159646388,1,pubchem_confirmatory,1.0,379.435,28.0,enzymatic,False,,none,False,False,False
MVZAXSCUQUDQOZ-VOTSOKGWSA-N,O=C(/C=C/c1cncc(F)c1)C1C(=O)NC2NCC(F)CC2C1c1ccccc1,4.939302159646388,4.939302159646388,4.939302159646388,1,pubchem_confirmatory,1.0,397.425,29.0,enzymatic,False,,none,False,False,False
HIFRPGQILDWUKB-MDZDMXLPSA-N,CC1CNC2NC(=O)C(C(=O)/C=C/c3cccnc3)C(c3ccccc3)C2C1,4.939302159646388,4.939302159646388,4.939302159646388,1,pubchem_confirmatory,1.0,375.472,28.0,enzymatic,False,,none,False,False,False
LCECKOIJXYKUEF-VAWYXSNFSA-N,O=C(/C=C/c1cccnc1)C1C(=O)NC2C(F)CCCC2C1c1ccccc1,4.939302159646388,4.939302159646388,4.939302159646388,1,pubchem_confirmatory,1.0,378.447,28.0,enzymatic,False,,none,False,False,False
MUEZGOQGKATVOF-DHZHZOJOSA-N,O=C(/C=C/c1cccnc1)C1C(=O)NC2CC(F)CCC2C1c1ccccc1,5.823908740944319,5.823908740944319,5.823908740944319,1,pubchem_confirmatory,1.0,378.447,28.0,enzymatic,False,,none,False,False,False
WQMVIAANKPKQLN-MDZDMXLPSA-N,O=C(/C=C/c1cncnc1)C1C(=O)NC2C(F)CCCC2C1c1ccccc1,4.939302159646388,4.939302159646388,4.939302159646388,1,pubchem_confirmatory,1.0,379.435,28.0,enzymatic,False,,none,False,False,False
URBNGDUKOZXTHB-MDZDMXLPSA-N,O=C(/C=C/c1cncc(F)c1)C1C(=O)NC2C(F)CCCC2C1c1ccccc1,4.154901959985743,4.154901959985743,4.154901959985743,1,pubchem_confirmatory,1.0,396.437,29.0,enzymatic,False,,none,False,False,False
XWHGICCUPYIKPV-RMKNXTFCSA-N,O=C(/C=C/c1cncc(F)c1)C1C(=O)NC2CC(F)CCC2C1c1ccccc1,4.939302159646388,4.939302159646388,4.939302159646388,1,pubchem_confirmatory,1.0,396.437,29.0,enzymatic,False,,none,False,False,False
PIWUSUPJFLFMBI-RMKNXTFCSA-N,O=C(/C=C/c1cncnc1)C1C(=O)NC2CC(F)CCC2C1c1ccccc1,5.823908740944319,5.823908740944319,5.823908740944319,1,pubchem_confirmatory,1.0,379.435,28.0,enzymatic,False,,none,False,False,False
PHDSUFCCSOIIQI-BQYQJAHWSA-N,CC1CNC2NC(=O)C(C(=O)/C=C/c3cncnc3)C(c3ccccc3)C2C1,4.939302159646388,4.939302159646388,4.939302159646388,1,pubchem_confirmatory,1.0,376.46,28.0,enzymatic,False,,none,False,False,False
ICYDLGJBJNSVSO-BQYQJAHWSA-N,CC1CNC2NC(=O)C(C(=O)/C=C/c3cncc(F)c3)C(c3ccccc3)C2C1,4.939302159646388,4.939302159646388,4.939302159646388,1,pubchem_confirmatory,1.0,393.462,29.0,enzymatic,False,,none,False,False,False
UDDVKHQKLTWAQZ-SOFGYWHQSA-N,O=C(/C=C/c1ccc(OCCC2CCOCC2)nc1)C1C(=O)NC2CNCCC2C1c1ccccc1,4.939302159646388,4.939302159646388,4.939302159646388,1,pubchem_confirmatory,1.0,489.616,36.0,enzymatic,False,,none,False,False,False
JRULZZDRZJDQRZ-DHZHZOJOSA-N,O=C(/C=C/c1ccc(OCCN2CCOCC2)cc1)C1C(=O)NC2CNCCC2C1c1ccccc1,4.154901959985743,4.154901959985743,4.154901959985743,1,pubchem_confirmatory,1.0,489.616,36.0,enzymatic,False,,none,False,False,False
QPGJFWBDVPCCKL-RMKNXTFCSA-N,N#Cc1cncc(/C=C/C(=O)c2c(-c3ccccc3)c3cc(F)ccc3n(CCN3CCOCC3)c2=O)c1,4.939302159646388,4.939302159646388,4.939302159646388,3,bindingdb|chembl|pubchem_confirmatory,0.3,508.553,38.0,enzymatic,False,,none,False,True,True
NNLJKAYFSYMRQJ-SDNWHVSQSA-N,O=C(/C=C/c1ccccc1)NC1C(=O)NC2CCC(F)CC2C1c1ccccc1,4.154901959985743,4.154901959985743,4.154901959985743,1,pubchem_confirmatory,1.0,392.474,29.0,enzymatic,False,,none,False,False,False
WQITXTUCVIYBPJ-XYOKQWHBSA-N,C#CCn1cc(/C=C/C(=O)C2C(=O)NC3CCC(F)CC3C2c2ccccc2)ccc1=O,5.823908740944319,5.823908740944319,5.823908740944319,1,pubchem_confirmatory,1.0,432.495,32.0,enzymatic,False,,none,False,False,False
QHGYWRLUHAPVLY-JXMROGBWSA-N,Cc1ccncc1/C=C/C(=O)C1C(=O)NC2CCC(F)CC2C1c1ccccc1,5.823908740944319,5.823908740944319,5.823908740944319,1,pubchem_confirmatory,1.0,392.474,29.0,enzymatic,False,,none,False,False,False
SGRYIOYJCBVFPQ-CMDGGOBGSA-N,O=C1NC2CCC(F)CC2C(c2ccccc2)C1S(=O)(=O)/C=C/c1cncnc1,4.154901959985743,4.154901959985743,4.154901959985743,1,pubchem_confirmatory,1.0,415.49,29.0,enzymatic,True,vinyl_sulfone,none,False,False,False
GXXIRHSUNYTOEK-ZHACJKMWSA-N,O=C(/C=C/c1cncc(Br)c1)C1C(=O)NC2CCCCC2C1c1ccccc1,4.939302159646388,4.939302159646388,4.939302159646388,1,pubchem_confirmatory,1.0,439.353,28.0,enzymatic,False,,none,False,False,False
PTPAENFLJHKDBN-RMKNXTFCSA-N,O=C(/C=C/c1cncnc1)C1C(=O)NC2CCC(Br)CC2C1c1ccccc1,4.939302159646388,4.939302159646388,4.939302159646388,1,pubchem_confirmatory,1.0,440.341,28.0,enzymatic,False,,none,False,False,False
SNVVJBDVMKULED-RMKNXTFCSA-N,O=C(/C=C/c1cncc(F)c1)C1C(=O)NC2CCC(F)CC2C1c1ccccc1,4.939302159646388,4.939302159646388,4.939302159646388,1,pubchem_confirmatory,1.0,396.437,29.0,enzymatic,False,,none,False,False,False
BYIAQYOKGZYVCW-DHZHZOJOSA-N,O=C(/C=C/c1cccnc1)C1C(=O)NC2CCC(C(F)(F)F)CC2C1c1ccccc1,5.823908740944319,5.823908740944319,5.823908740944319,1,pubchem_confirmatory,1.0,428.454,31.0,enzymatic,False,,none,False,False,False
VLLAODJMZZKLMC-RMKNXTFCSA-N,O=C(/C=C/c1cncc(F)c1)C1C(=O)NC2CCC(Cl)CC2C1c1ccccc1,4.939302159646388,4.939302159646388,4.939302159646388,1,pubchem_confirmatory,1.0,412.892,29.0,enzymatic,False,,none,False,False,False
XYALKHVTWDOCIP-DHZHZOJOSA-N,O=C(/C=C/c1cccnc1)C1C(=O)NC2CCC(Br)CC2C1c1ccccc1,5.823908740944319,5.823908740944319,5.823908740944319,1,pubchem_confirmatory,1.0,439.353,28.0,enzymatic,False,,none,False,False,False
SCZKFKLKRWARKC-ZRDIBKRKSA-N,O=C(/C=C/c1ccccn1)C1C(=O)NC2CCC(Cl)CC2C1c1ccccc1,4.939302159646388,4.939302159646388,4.939302159646388,1,pubchem_confirmatory,1.0,394.902,28.0,enzymatic,False,,none,False,False,False
UBOWTZPBRQYUKC-RMKNXTFCSA-N,O=C(/C=C/c1cncnc1)C1C(=O)NC2CCC(C(F)(F)F)CC2C1c1ccccc1,4.939302159646388,4.939302159646388,4.939302159646388,1,pubchem_confirmatory,1.0,429.442,31.0,enzymatic,False,,none,False,False,False
OKTDQBUWNAGMJK-ZHACJKMWSA-N,O=C(/C=C/c1cncnc1)c1c(-c2ccccc2)c2ccccc2n(CCO)c1=O,4.939302159646388,4.939302159646388,4.939302159646388,3,bindingdb|chembl|pubchem_confirmatory,0.3,397.434,30.0,enzymatic,False,,none,False,True,True
DKQVCHLCWZICEF-WUKNDPDISA-N,Cn1c(/C=C/C(=O)c2c(-c3ccccc3)c3ccccc3n(C)c2=O)nc2ccccc21,4.0,4.0,4.0,3,bindingdb|chembl|pubchem_confirmatory,0.3,419.484,32.0,enzymatic,False,,none,False,True,True
FKCBLHBVVGFCGU-MDZDMXLPSA-N,O=C(/C=C/c1cncnc1)C1C(=O)NC2CCCCC2C1c1ccccc1F,4.939302159646388,4.939302159646388,4.939302159646388,1,pubchem_confirmatory,1.0,379.435,28.0,enzymatic,False,,none,False,False,False
KTTHLZXORVBRPD-OUKQBFOZSA-N,C#CCn1c(=O)c(C(=O)/C=C/c2cncnc2)c(-c2ccccc2)c2ccccc21,4.939302159646388,4.939302159646388,4.939302159646388,3,bindingdb|chembl|pubchem_confirmatory,0.3,391.43,30.0,enzymatic,False,,none,False,True,True
YJSXCBCCMLHNTO-VOTSOKGWSA-N,CSC1C(C(=O)/C=C/c2cncnc2)C(=O)NC2CCCCC21,4.154901959985743,4.154901959985743,4.154901959985743,1,pubchem_confirmatory,1.0,331.441,23.0,enzymatic,False,,none,False,False,False
WMEVPFZLDWUACG-DHZHZOJOSA-N,O=C(/C=C/c1cccnc1)C1C(=O)NC2CCC(Cl)CC2C1c1ccccc1,5.823908740944319,5.823908740944319,5.823908740944319,1,pubchem_confirmatory,1.0,394.902,28.0,enzymatic,False,,none,False,False,False
NWDXKDFOTMDSRC-OUKQBFOZSA-N,O=C(/C=C/c1cncnc1)c1c(-c2ccccc2)c2ccccc2n(CC2CC2)c1=O,4.154901959985743,4.154901959985743,4.154901959985743,3,bindingdb|chembl|pubchem_confirmatory,0.3,407.473,31.0,enzymatic,False,,none,False,True,True
CZONLAMRIACSAU-FOCLMDBBSA-N,Cn1c(/C=C/C(=O)C2C(=O)NC3CCCCC3C2c2ccccc2)nc2ccccc21,4.154901959985743,4.154901959985743,4.154901959985743,1,pubchem_confirmatory,1.0,413.521,31.0,enzymatic,False,,none,False,False,False
BYBYRVVGDKFQQJ-OUKQBFOZSA-N,CCn1c(=O)c(C(=O)/C=C/c2cncnc2)c(-c2ccccc2)c2ccccc21,4.154901959985743,4.154901959985743,4.154901959985743,3,bindingdb|chembl|pubchem_confirmatory,0.3,381.435,29.0,enzymatic,False,,none,False,True,True
GWCYSRWEBHYEKZ-RMKNXTFCSA-N,O=C(/C=C/c1cncnc1)C1C(=O)NC2CCC(Cl)CC2C1c1ccccc1,5.823908740944319,5.823908740944319,5.823908740944319,1,pubchem_confirmatory,1.0,395.89,28.0,enzymatic,False,,none,False,False,False
JBKJJNALQICNAS-VAWYXSNFSA-N,COCCn1c(=O)c(C(=O)/C=C/c2cncnc2)c(-c2ccccc2)c2ccccc21,4.154901959985743,4.154901959985743,4.154901959985743,3,bindingdb|chembl|pubchem_confirmatory,0.3,411.461,31.0,enzymatic,False,,none,False,True,True
CSSPERHFFUHKKJ-FOCLMDBBSA-N,Cn1c(=O)c(C(=O)/C=C/c2nc3ccccc3[nH]2)c(-c2ccccc2)c2ccccc21,4.154901959985743,4.154901959985743,4.154901959985743,3,bindingdb|chembl|pubchem_confirmatory,0.3,405.457,31.0,enzymatic,False,,none,False,True,True
PALNTWYDQSDNBT-JLHYYAGUSA-N,O=C(/C=C/c1cncnc1)c1c(-c2ccccc2)c2ccccc2n(C2CC2)c1=O,4.154901959985743,4.154901959985743,4.154901959985743,3,bindingdb|chembl|pubchem_confirmatory,0.3,393.446,30.0,enzymatic,False,,none,False,True,True
SLLGHTGHAAYVRN-VAWYXSNFSA-N,Cc1ncc(/C=C/C(=O)C2C(=O)NC3CCCCC3C2c2ccccc2)cn1,4.154901959985743,4.154901959985743,4.154901959985743,1,pubchem_confirmatory,1.0,375.472,28.0,enzymatic,False,,none,False,False,False
AJAZUWLLKMHSCU-VAWYXSNFSA-N,N#CCCn1c(=O)c(C(=O)/C=C/c2cncnc2)c(-c2ccccc2)c2ccccc21,4.154901959985743,4.154901959985743,4.154901959985743,3,bindingdb|chembl|pubchem_confirmatory,0.3,406.445,31.0,enzymatic,False,,none,False,True,True
PMIMIQXDZGTZJH-VAWYXSNFSA-N,Cn1c(=O)c(C(=O)/C=C/c2cncnc2)c(-c2ccccc2)c2ccccc21,4.939302159646388,4.939302159646388,4.939302159646388,3,bindingdb|chembl|pubchem_confirmatory,0.3,367.408,28.0,enzymatic,False,,none,False,True,True
GTYVITQYZFSSKC-VOTSOKGWSA-N,O=C(/C=C/c1cncnc1)C1C(=O)NC2CNCCC2C1c1ccccc1,4.154901959985743,4.154901959985743,4.154901959985743,1,pubchem_confirmatory,1.0,362.433,27.0,enzymatic,False,,none,False,False,False
YGBQLJBSTXDBTP-CMDGGOBGSA-N,O=C(/C=C/c1cncnc1)C1C(=O)NC2CCCCC2C1c1cccc(F)c1,4.154901959985743,4.154901959985743,4.154901959985743,1,pubchem_confirmatory,1.0,379.435,28.0,enzymatic,False,,none,False,False,False
QDALAKXJRKKEOW-JXMROGBWSA-N,COC1CCC2NC(=O)C(C(=O)/C=C/c3cncnc3)C(c3ccccc3)C2C1,4.154901959985743,4.154901959985743,4.154901959985743,1,pubchem_confirmatory,1.0,391.471,29.0,enzymatic,False,,none,False,False,False
GDLWNQIOKVSTHA-VOTSOKGWSA-N,O=C(/C=C/c1cncnc1)C1C(=O)NC2CCNCC2C1c1ccccc1,4.0,4.0,4.0,1,pubchem_confirmatory,1.0,362.433,27.0,enzymatic,False,,none,False,False,False
LREQQJIRMNCRHS-ZHACJKMWSA-N,Cc1ccccc1C1C(C(=O)/C=C/c2cncnc2)C(=O)NC2CCCCC21,4.154901959985743,4.154901959985743,4.154901959985743,1,pubchem_confirmatory,1.0,375.472,28.0,enzymatic,False,,none,False,False,False
DGAHSKAEYBDNIF-MDZDMXLPSA-N,Cc1cccc(C2C(C(=O)/C=C/c3cncnc3)C(=O)NC3CCCCC32)c1,4.154901959985743,4.154901959985743,4.154901959985743,1,pubchem_confirmatory,1.0,375.472,28.0,enzymatic,False,,none,False,False,False
DLIJBRSMUFQMSL-CMDGGOBGSA-N,O=C(/C=C/c1cncnc1)C1C(=O)NC2CCCCC2C1N1CCCCC1,4.154901959985743,4.154901959985743,4.154901959985743,1,pubchem_confirmatory,1.0,368.481,27.0,enzymatic,False,,none,False,False,False
BRZZRRDGRRBCLT-CMDGGOBGSA-N,O=C(/C=C/c1cncnc1)C1C(=O)NC2NCCCC2C1c1ccccc1,4.154901959985743,4.154901959985743,4.154901959985743,1,pubchem_confirmatory,1.0,362.433,27.0,enzymatic,False,,none,False,False,False
YJKUKOMOBQFQSB-BQYQJAHWSA-N,O=C(/C=C/c1cncnc1)C1C(=O)NC2CCCCC2C1c1cccnc1,4.0,4.0,4.0,1,pubchem_confirmatory,1.0,362.433,27.0,enzymatic,False,,none,False,False,False
OAMUOWWJCOURQM-DHZHZOJOSA-N,Cc1ccc(C2C(C(=O)/C=C/c3cncnc3)C(=O)NC3CCCCC32)cc1,4.154901959985743,4.154901959985743,4.154901959985743,1,pubchem_confirmatory,1.0,375.472,28.0,enzymatic,False,,none,False,False,False
UYRJFJYXYYMBMK-CMDGGOBGSA-N,O=C(/C=C/c1cncnc1)C1C(=O)NC2CCCCC2C1c1cccc(Cl)c1,4.154901959985743,4.154901959985743,4.154901959985743,1,pubchem_confirmatory,1.0,395.89,28.0,enzymatic,False,,none,False,False,False
HNXAGBLLWKPZMU-IZZDOVSWSA-N,COc1ccc(C2C(C(=O)/C=C/c3cncnc3)C(=O)NC3CCCCC32)cc1,4.154901959985743,4.154901959985743,4.154901959985743,1,pubchem_confirmatory,1.0,391.471,29.0,enzymatic,False,,none,False,False,False
LIDJLMSIGUFNKV-ZRDIBKRKSA-N,O=C(/C=C/c1ccccn1)C1C(=O)NC2CCC(F)CC2C1c1ccccc1,4.939302159646388,4.939302159646388,4.939302159646388,1,pubchem_confirmatory,1.0,378.447,28.0,enzymatic,False,,none,False,False,False
NVCIGSZWTPAQJK-OBGWFSINSA-N,C#CCOCCOCCOCCn1c(=O)c(C(=O)/C=C/c2ccc(OC)cc2)c(-c2ccccc2)c2ccccc21,4.154901959985743,4.154901959985743,4.154901959985743,3,bindingdb|chembl|pubchem_confirmatory,0.3,551.639,41.0,enzymatic,False,,none,False,True,True
YWPYSBUOUCZTKY-OBGWFSINSA-N,C#CCOCCOCCn1c(=O)c(C(=O)/C=C/c2ccc(OC)cc2)c(-c2ccccc2)c2ccccc21,4.154901959985743,4.154901959985743,4.154901959985743,3,bindingdb|chembl|pubchem_confirmatory,0.3,507.586,38.0,enzymatic,False,,none,False,True,True
DVDKJPVCVFUKQI-BJMVGYQFSA-N,O=C(/C=C/c1cncnc1)C1C(=O)NC2CCCCC2C1c1ccc(F)cc1,4.154901959985743,4.154901959985743,4.154901959985743,1,pubchem_confirmatory,1.0,379.435,28.0,enzymatic,False,,none,False,False,False
XTEOYLKMJHNLHR-KPKJPENVSA-N,O=C(/C=C/c1cccnc1)C1C(=O)NC2CCCCC2C1c1ccc(F)cc1,4.939302159646388,4.939302159646388,4.939302159646388,1,pubchem_confirmatory,1.0,378.447,28.0,enzymatic,False,,none,False,False,False
NHUDXTCVUYOXPX-NTCAYCPXSA-N,O=C(/C=C/c1ccc(O)cc1)C1C(=O)NC2CCCCC2C1c1ccccc1,4.939302159646388,4.939302159646388,4.939302159646388,1,pubchem_confirmatory,1.0,375.468,28.0,enzymatic,False,,none,False,False,False
LFOOQYLSQHDGTB-RMKNXTFCSA-N,O=C(/C=C/c1cncnc1)C1C(=O)NC2CCC(F)CC2C1c1ccccc1,4.939302159646388,4.939302159646388,4.939302159646388,1,pubchem_confirmatory,1.0,379.435,28.0,enzymatic,False,,none,False,False,False
LUHMBUSHYYZWLJ-DHZHZOJOSA-N,O=C(/C=C/c1cccnc1)C1C(=O)NC2CCC(F)CC2C1c1ccccc1,5.823908740944319,5.823908740944319,5.823908740944319,1,pubchem_confirmatory,1.0,378.447,28.0,enzymatic,False,,none,False,False,False
PDTPUJZOKQGWNI-OUKQBFOZSA-N,O=C(/C=C/c1ccccn1)C1C(=O)NC2CCCCC2C1c1ccc(F)cc1,4.0,4.0,4.0,1,pubchem_confirmatory,1.0,378.447,28.0,enzymatic,False,,none,False,False,False
RXYSGJWPKPXMPC-SAPNQHFASA-N,C#CCOCCOCCOc1ccc(/C=C/C(=O)C2C(=O)NC3CCCCC3C2c2ccccc2)cc1,4.0,4.0,4.0,1,pubchem_confirmatory,1.0,501.623,37.0,enzymatic,False,,none,False,False,False
NMBQTCVRXSWTLB-NTCAYCPXSA-N,N#CCOCCOCCOCCOc1ccc(/C=C/C(=O)C2C(=O)NC3CCCCC3C2c2ccccc2)cc1,4.154901959985743,4.154901959985743,4.154901959985743,1,pubchem_confirmatory,1.0,546.664,40.0,enzymatic,False,,none,False,False,False
RIRWGTKSSOUSSU-SAPNQHFASA-N,COc1ccc(/C=C/C(=O)c2c(-c3ccccc3)c3ccccc3n(C)c2=O)cc1,4.154901959985743,4.154901959985743,4.154901959985743,3,bindingdb|chembl|pubchem_confirmatory,0.3,395.458,30.0,enzymatic,False,,none,False,True,True
KDEBGGAZOYIUIR-VAWYXSNFSA-N,O=C(/C=C/c1ncccn1)C1C(=O)NC2CCCCC2C1c1ccccc1,4.154901959985743,4.154901959985743,4.154901959985743,1,pubchem_confirmatory,1.0,361.445,27.0,enzymatic,False,,none,False,False,False
ZINMBGKQFAEFFP-BUHFOSPRSA-N,O=C(/C=C/C1CCC1)C1C(=O)NC2CCCCC2C1c1ccccc1,4.154901959985743,4.154901959985743,4.154901959985743,1,pubchem_confirmatory,1.0,337.463,25.0,enzymatic,False,,none,False,False,False
LDEPQDNWIDCNFJ-OUKQBFOZSA-N,O=C(/C=C/c1cccnc1)C1C(=O)NC2CCCCC2C1c1ccccc1,4.939302159646388,4.939302159646388,4.939302159646388,1,pubchem_confirmatory,1.0,360.457,27.0,enzymatic,False,,none,False,False,False
YKMNGUSKAYROMJ-FOCLMDBBSA-N,C/C(=C\C(=O)C1C(=O)NC2CCCCC2C1c1ccccc1)c1ccccn1,4.154901959985743,4.154901959985743,4.154901959985743,1,pubchem_confirmatory,1.0,374.484,28.0,enzymatic,False,,none,False,False,False
GBATXUWZTJMMMK-DTQAZKPQSA-N,CS(=O)(=O)Nc1ccc(/C=C/C(=O)C2C(=O)NC3CCCCC3C2c2ccccc2)cc1,4.939302159646388,4.939302159646388,4.939302159646388,1,pubchem_confirmatory,1.0,452.576,32.0,enzymatic,False,,none,False,False,False
AERWGZLZSYCHHV-CPNJWEJPSA-N,CC1CCC2NC(=O)C(C(=O)/C(C#N)=C/c3cccnc3)C(c3ccccc3)C2C1,4.154901959985743,4.154901959985743,4.154901959985743,1,pubchem_confirmatory,1.0,399.494,30.0,enzymatic,False,,none,False,False,False
GGWTWLJIAOMXSS-BUHFOSPRSA-N,Cn1c(=O)c(C(=O)/C=C/C2CC2)c(-c2ccccc2)c2ccccc21,4.154901959985743,4.154901959985743,4.154901959985743,3,bindingdb|chembl|pubchem_confirmatory,0.3,329.399,25.0,enzymatic,False,,none,False,True,True
ADFHTOOXOXGYOP-CCEZHUSRSA-N,Cn1c(=O)c(C(=O)/C=C/c2ccccn2)c(-c2ccccc2)c2ccccc21,4.154901959985743,4.154901959985743,4.154901959985743,3,bindingdb|chembl|pubchem_confirmatory,0.3,366.42,28.0,enzymatic,False,,none,False,True,True
LCKPKAFZAFKKNM-VAWYXSNFSA-N,Cc1ncc(/C=C/C(=O)C2C(=O)NC3CCCCC3C2c2ccccc2)[nH]1,4.939302159646388,4.939302159646388,4.939302159646388,1,pubchem_confirmatory,1.0,363.461,27.0,enzymatic,False,,none,False,False,False
XJOMVMGEQAQCKR-ZHACJKMWSA-N,O=C(/C=C/c1cnccn1)C1C(=O)NC2CCCCC2C1c1ccccc1,4.154901959985743,4.154901959985743,4.154901959985743,1,pubchem_confirmatory,1.0,361.445,27.0,enzymatic,False,,none,False,False,False
XLEGWLJWRCGEOS-ZHACJKMWSA-N,O=C(/C=C/c1cncnc1)C1C(=O)NC2CCCCC2C1c1ccccc1,4.939302159646388,4.939302159646388,4.939302159646388,1,pubchem_confirmatory,1.0,361.445,27.0,enzymatic,False,,none,False,False,False
HPBFSCYMZGVQHX-UHFFFAOYSA-N,O=C1C=CC(=C=CC(=O)C2C(=O)N=c3ccccc3=C2c2ccccc2)C=N1,4.939302159646388,4.939302159646388,4.939302159646388,1,pubchem_confirmatory,1.0,366.376,28.0,enzymatic,False,,none,False,False,False
MRFREMASBVZLLH-ZHACJKMWSA-N,O=C(/C=C/c1cccnc1)C1C(=O)NC2CCCCC2C1c1ccccn1,4.0,4.0,4.0,1,pubchem_confirmatory,1.0,361.445,27.0,enzymatic,False,,none,False,False,False
DEWFGLCAZODPBY-BUHFOSPRSA-N,Cc1ccc(/C=C/C(=O)C2C(=O)NC3CCCCC3C2c2ccccc2)cn1,4.939302159646388,4.939302159646388,4.939302159646388,1,pubchem_confirmatory,1.0,374.484,28.0,enzymatic,False,,none,False,False,False
KHNQPTWXIUOYQO-CCEZHUSRSA-N,O=C(/C=C/C1CCCC1)C1C(=O)NC2CCCCC2C1c1ccccc1,4.154901959985743,4.154901959985743,4.154901959985743,1,pubchem_confirmatory,1.0,351.49,26.0,enzymatic,False,,none,False,False,False
SOIKRFVZJBTYMD-FOCLMDBBSA-N,O=C(/C=C/C1CCCCC1)C1C(=O)NC2CCCCC2C1c1ccccc1,4.154901959985743,4.154901959985743,4.154901959985743,1,pubchem_confirmatory,1.0,365.517,27.0,enzymatic,False,,none,False,False,False
QABCOMMXJJOOAU-ZHACJKMWSA-N,O=C(/C=C/c1cnc[nH]1)C1C(=O)NC2CCCCC2C1c1ccccc1,4.154901959985743,4.154901959985743,4.154901959985743,1,pubchem_confirmatory,1.0,349.434,26.0,enzymatic,False,,none,False,False,False
GZGPTOUZZVQRGQ-BUHFOSPRSA-N,O=C(/C=C/c1ccccn1)C1C(=O)NC2CCCCC2C1c1ccccc1,4.939302159646388,4.939302159646388,4.939302159646388,1,pubchem_confirmatory,1.0,360.457,27.0,enzymatic,False,,none,False,False,False
JWPZZMFUFKVDBC-OUKQBFOZSA-N,O=C(/C=C/C1CC1)C1C(=O)NC2CCCCC2C1c1ccccc1,4.939302159646388,4.939302159646388,4.939302159646388,1,pubchem_confirmatory,1.0,323.436,24.0,enzymatic,False,,none,False,False,False
IOPPZFFKVQWKDX-WYMLVPIESA-N,CC1CCC2NC(=O)C(C(=O)/C=C/c3ccc(C#N)cc3)C(c3ccccc3)C2C1,4.939302159646388,4.939302159646388,4.939302159646388,1,pubchem_confirmatory,1.0,398.506,30.0,enzymatic,False,,none,False,False,False
WYFRPHUDQAIOHU-FMIVXFBMSA-N,COc1ccc(/C=C/C(=O)C2C(=O)NC3CCCCC3C2C)cc1,4.154901959985743,4.154901959985743,4.154901959985743,1,pubchem_confirmatory,1.0,327.424,24.0,enzymatic,False,,none,False,False,False
LCHPNLAIKWSCIX-UHFFFAOYSA-N,C=CC(=O)C1C(=O)NC2CCC(C)CC2C1c1ccccc1,4.154901959985743,4.154901959985743,4.154901959985743,1,pubchem_confirmatory,1.0,297.398,22.0,enzymatic,False,,none,False,False,False
CKJQDYLHTWSCSK-BQYQJAHWSA-N,O=C(/C=C/c1cccnc1)C1CC2CCCCC2NC1=O,4.154901959985743,4.154901959985743,4.154901959985743,1,pubchem_confirmatory,1.0,284.359,21.0,enzymatic,False,,none,False,False,False
ANWMKFCGRQUQTB-ZRDIBKRKSA-N,CC1CCC2NC(=O)C(C(=O)/C=C/c3cccnc3)C(c3ccccc3)C2C1,4.939302159646388,4.939302159646388,4.939302159646388,1,pubchem_confirmatory,1.0,374.484,28.0,enzymatic,False,,none,False,False,False
KWKREYSMABWNBI-DHZHZOJOSA-N,COc1ccc(/C=C/C(=O)C2CC3CCCCC3NC2=O)cc1,4.154901959985743,4.154901959985743,4.154901959985743,1,pubchem_confirmatory,1.0,313.397,23.0,enzymatic,False,,none,False,False,False
NFESYUIIZFBADJ-FOWTUZBSSA-N,COc1ccc(/C=C/C(=O)c2c(-c3ccccc3)c3cc(C)ccc3n(C)c2=O)cc1,4.939302159646388,4.939302159646388,4.939302159646388,3,bindingdb|chembl|pubchem_confirmatory,0.3,409.485,31.0,enzymatic,False,,none,False,True,True
ZCWAIXYOPMSUEV-FYWRMAATSA-N,CC1CCC2NC(=O)C(C(=O)/C=C/c3ccccc3)C(c3ccccc3)C2C1,4.939302159646388,4.939302159646388,4.939302159646388,1,pubchem_confirmatory,1.0,373.496,28.0,enzymatic,False,,none,False,False,False
YKLQDRRDILGWLP-DTQAZKPQSA-N,COc1ccc(/C=C/C(=O)C2C(=O)NC3CCCCC3C2c2ccccc2)cc1,4.939302159646388,4.939302159646388,4.939302159646388,1,pubchem_confirmatory,1.0,389.495,29.0,enzymatic,False,,none,False,False,False
ZEBCMZXIJDNJSZ-ZHACJKMWSA-N,O=C(/C=C/c1cncnc1)c1c(OCCO)nc2ccccc2c1-c1ccccc1,4.154901959985743,4.154901959985743,4.154901959985743,3,bindingdb|chembl|pubchem_confirmatory,0.3,397.434,30.0,enzymatic,False,,none,False,True,True
CDMBNWWFZGLHDV-OUKQBFOZSA-N,C#CCOc1nc2ccccc2c(-c2ccccc2)c1C(=O)/C=C/c1cncnc1,4.154901959985743,4.154901959985743,4.154901959985743,3,bindingdb|chembl|pubchem_confirmatory,0.3,391.43,30.0,enzymatic,False,,none,False,True,True
NJWUGKBRZWFDKD-OUKQBFOZSA-N,C=CCOc1nc2ccccc2c(-c2ccccc2)c1C(=O)/C=C/c1cncnc1,4.154901959985743,4.154901959985743,4.154901959985743,3,bindingdb|chembl|pubchem_confirmatory,0.3,393.446,30.0,enzymatic,False,,none,False,True,True
IJLPRPALLAHIJJ-OUKQBFOZSA-N,CCOc1nc2ccccc2c(-c2ccccc2)c1C(=O)/C=C/c1cncnc1,4.154901959985743,4.154901959985743,4.154901959985743,3,bindingdb|chembl|pubchem_confirmatory,0.3,381.435,29.0,enzymatic,False,,none,False,True,True
AFYLPVZLOIOIPU-VAWYXSNFSA-N,COCCOc1nc2ccccc2c(-c2ccccc2)c1C(=O)/C=C/c1cncnc1,4.154901959985743,4.154901959985743,4.154901959985743,3,bindingdb|chembl|pubchem_confirmatory,0.3,411.461,31.0,enzymatic,False,,none,False,True,True
WFIYFDIGJLTFLH-CCEZHUSRSA-N,COc1nc2ccccc2c(-c2ccccc2)c1C(=O)/C=C/c1ccccn1,4.154901959985743,4.154901959985743,4.154901959985743,3,bindingdb|chembl|pubchem_confirmatory,0.3,366.42,28.0,enzymatic,False,,none,False,True,True
ZFQZVYUTUKALKZ-SAPNQHFASA-N,COc1ccc(/C=C/C(=O)c2c(OC)nc3ccccc3c2-c2ccccc2)cc1,4.154901959985743,4.154901959985743,4.154901959985743,3,bindingdb|chembl|pubchem_confirmatory,0.3,395.458,30.0,enzymatic,False,,none,False,True,True
XEDDOSQDCUWIGD-BUHFOSPRSA-N,O=C(/C=C/c1ccccn1)c1cnc2ccccc2c1-c1ccccc1,4.154901959985743,4.154901959985743,4.154901959985743,3,bindingdb|chembl|pubchem_confirmatory,0.3,336.394,26.0,enzymatic,False,,none,False,True,True
IPHDAWDZQWFHEI-FMIVXFBMSA-N,COc1ccc(/C=C/C(=O)C2C(=O)NCCC2c2ccccc2)cc1,4.154901959985743,4.154901959985743,4.154901959985743,1,pubchem_confirmatory,1.0,335.403,25.0,enzymatic,False,,none,False,False,False
BSYAHANOBLGKKG-CMDGGOBGSA-N,O=C(/C=C/c1cccnc1)C1C(=O)NCCC1c1ccccc1,4.154901959985743,4.154901959985743,4.154901959985743,1,pubchem_confirmatory,1.0,306.365,23.0,enzymatic,False,,none,False,False,False
YCUWMRUVCRYQRB-RMKNXTFCSA-N,COc1ccc(/C=C/C(=O)C2CCCNC2=O)cc1,4.0,4.0,4.0,1,pubchem_confirmatory,1.0,259.305,19.0,enzymatic,False,,none,False,False,False
KLEILKCHCPKHOE-CQSZACIVSA-N,CCn1nccc1-c1nc2cc(C(=O)N3CCC[C@@H](N)C3)ccc2n1C,5.0,5.0,5.0,3,bindingdb|chembl|pubchem_confirmatory,0.3,352.442,26.0,enzymatic,False,,none,False,True,True
BYDAANAYEDHEPL-LJQANCHMSA-N,CCn1nc(-c2ccccc2)cc1-c1nc2cc(C(=O)N3CCC[C@@H](N)C3)ccc2n1C,5.0,5.0,5.0,3,bindingdb|chembl|pubchem_confirmatory,0.3,428.54,32.0,enzymatic,False,,none,False,True,True
NMPGLLCIUXILAT-OAQYLSRUSA-N,Cn1c(-c2cc(-c3ccccc3)nn2CC2CC2)nc2cc(C(=O)N3CCC[C@@H](N)C3)ccc21,5.0,5.0,5.0,3,bindingdb|chembl|pubchem_confirmatory,0.3,454.578,34.0,enzymatic,False,,none,False,True,True
HQFVASRRCCIMKP-GOSISDBHSA-N,Cn1c(-c2cc(C3CC3)nn2CC2CC2)nc2cc(C(=O)N3CCC[C@@H](N)C3)ccc21,5.0,5.0,5.0,3,bindingdb|chembl|pubchem_confirmatory,0.3,418.545,31.0,enzymatic,False,,none,False,True,True
BMABZYAAKBUEGW-GOSISDBHSA-N,CC(C)c1cc(-c2nc3cc(C(=O)N4CCC[C@@H](N)C4)ccc3n2C)n(CC2CC2)n1,5.0,5.0,5.0,3,bindingdb|chembl|pubchem_confirmatory,0.3,420.561,31.0,enzymatic,False,,none,False,True,True
JKRBIXQZRMQKGT-QGZVFWFLSA-N,Cn1c(-c2cc(C3CC3)nn2C2CCC2)nc2cc(C(=O)N3CCC[C@@H](N)C3)ccc21,5.0,5.0,5.0,3,bindingdb|chembl|pubchem_confirmatory,0.3,418.545,31.0,enzymatic,False,,none,False,True,True
LCUPEXFODYVTSB-QGZVFWFLSA-N,Cn1c(-c2cc(C3CC3)n(C3CCC3)n2)nc2cc(C(=O)N3CCC[C@@H](N)C3)ccc21,5.0,5.0,5.0,3,bindingdb|chembl|pubchem_confirmatory,0.3,418.545,31.0,enzymatic,False,,none,False,True,True
WLMZEBAFMZNALU-OAHLLOKOSA-N,Cn1c(-c2cc(Br)nn2CC2CC2)nc2cc(C(=O)N3CCC[C@@H](N)C3)ccc21,5.0,5.0,5.0,3,bindingdb|chembl|pubchem_confirmatory,0.3,457.376,29.0,enzymatic,False,,none,False,True,True
ISIFHSWFPIFDOU-JOCHJYFZSA-N,Cn1c(-c2ccc(-c3ccccc3)n2CC2CC2)nc2cc(C(=O)N3CCC[C@@H](N)C3)ccc21,5.854156456101383,5.56246936830415,6.0,3,bindingdb|chembl|pubchem_confirmatory,0.3,453.59,34.0,enzymatic,False,,none,False,True,True
PELLZROKXXBRFB-BWKNWUBXSA-N,Cn1c(-c2ccc(-c3ccccc3)n2CC2CC2)nc2cc(C(=O)N3CC[C@H]4CCN[C@H]4C3)ccc21,5.0,5.0,5.0,3,bindingdb|chembl|pubchem_confirmatory,0.3,479.628,36.0,enzymatic,False,,none,False,True,True
PELLZROKXXBRFB-SQJMNOBHSA-N,Cn1c(-c2ccc(-c3ccccc3)n2CC2CC2)nc2cc(C(=O)N3CC[C@@H]4CCN[C@@H]4C3)ccc21,5.4357322877336145,5.261439372640169,5.522878745280337,3,bindingdb|chembl|pubchem_confirmatory,0.3,479.628,36.0,enzymatic,False,,none,False,True,True
FUAIFGJJGWSHDK-HXUWFJFHSA-N,Cn1c(-c2ccc(-c3ccccn3)n2CC2CC2)nc2cc(C(=O)N3CCC[C@@H](N)C3)ccc21,5.4357322877336145,5.261439372640169,5.522878745280337,3,bindingdb|chembl|pubchem_confirmatory,0.3,454.578,34.0,enzymatic,False,,none,False,True,True
RRBNUHHNKGSYCK-OAQYLSRUSA-N,Cn1c(-c2ncc(-c3ccccc3)n2CC2CC2)nc2cc(C(=O)N3CCC[C@@H](N)C3)ccc21,5.0,5.0,5.0,3,bindingdb|chembl|pubchem_confirmatory,0.3,454.578,34.0,enzymatic,False,,none,False,True,True
GOIPLEXMQRBWEH-VXKWHMMOSA-N,Cn1c(-c2ccc(-c3ccccc3)n2CC2CC2)nc2cc(C(=O)N3CC[C@H](F)[C@@H](N)C3)ccc21,5.0,5.0,5.0,3,bindingdb|chembl|pubchem_confirmatory,0.3,471.58,35.0,enzymatic,False,,none,False,True,True
GOIPLEXMQRBWEH-FGZHOGPDSA-N,Cn1c(-c2ccc(-c3ccccc3)n2CC2CC2)nc2cc(C(=O)N3CC[C@@H](F)[C@H](N)C3)ccc21,5.0,5.0,5.0,3,bindingdb|chembl|pubchem_confirmatory,0.3,471.58,35.0,enzymatic,False,,none,False,True,True
FPWGEQLSPBRTNQ-LJQANCHMSA-N,Cn1c(-c2ccc(-c3ccccc3)n2CC(F)(F)F)nc2cc(C(=O)N3CCC[C@@H](N)C3)ccc21,5.1249387366083,5.1249387366083,5.1249387366083,3,bindingdb|chembl|pubchem_confirmatory,0.3,481.522,35.0,enzymatic,False,,none,False,True,True
UMUBCTXSVQLVJZ-OAQYLSRUSA-N,Cn1c(-c2ccc(-c3cccnc3)n2CC2CC2)nc2cc(C(=O)N3CCC[C@@H](N)C3)ccc21,5.10411561384025,5.06246936830415,5.1249387366083,3,bindingdb|chembl|pubchem_confirmatory,0.3,454.578,34.0,enzymatic,False,,none,False,True,True
GCECAKREZWXITH-OAQYLSRUSA-N,Cn1c(-c2ccc(-c3ccncc3)n2CC2CC2)nc2cc(C(=O)N3CCC[C@@H](N)C3)ccc21,5.4357322877336145,5.261439372640169,5.522878745280337,3,bindingdb|chembl|pubchem_confirmatory,0.3,454.578,34.0,enzymatic,False,,none,False,True,True
DPMIDWSEOCVVHM-LJQANCHMSA-N,COc1cc(C(=O)N2CCC[C@@H](N)C2)cc2nc(-c3ccc(-c4ccccc4)n3CC(F)(F)F)n(C)c12,5.191262071386973,5.1249387366083,5.323908740944319,3,bindingdb|chembl|pubchem_confirmatory,0.3,511.548,37.0,enzymatic,False,,none,False,True,True
RPOTZZUVWVLDEY-MRXNPFEDSA-N,Cn1c(-c2ccc(Br)n2CC2CC2)nc2cc(C(=O)N3CCC[C@@H](N)C3)ccc21,5.854156456101383,5.56246936830415,6.0,3,bindingdb|chembl|pubchem_confirmatory,0.3,456.388,29.0,enzymatic,False,,none,False,True,True
LMFDAMJQZAJNAR-QGZVFWFLSA-N,Cn1c(-c2cccn2CC2CC2)nc2cc(C(=O)N3CCC[C@@H](N)C3)ccc21,5.10411561384025,5.06246936830415,5.1249387366083,3,bindingdb|chembl|pubchem_confirmatory,0.3,377.492,28.0,enzymatic,False,,none,False,True,True
VCCDRJHLKXBOSX-OAQYLSRUSA-N,Cn1c(-c2cn(CC3CC3)c(-c3ccccc3)n2)nc2cc(C(=O)N3CCC[C@@H](N)C3)ccc21,5.0,5.0,5.0,3,bindingdb|chembl|pubchem_confirmatory,0.3,454.578,34.0,enzymatic,False,,none,False,True,True
GRDIDJGVQROMRI-OAQYLSRUSA-N,Cn1c(-c2cnc(-c3ccccc3)n2CC2CC2)nc2cc(C(=O)N3CCC[C@@H](N)C3)ccc21,5.10411561384025,5.06246936830415,5.1249387366083,3,bindingdb|chembl|pubchem_confirmatory,0.3,454.578,34.0,enzymatic,False,,none,False,True,True
JPMRLXSYLSYYHO-QGZVFWFLSA-N,CCc1c(-c2nc3cc(C(=O)N4CCC[C@@H](N)C4)ccc3n2C)cnn1-c1ccccn1,5.0,5.0,5.0,3,bindingdb|chembl|pubchem_confirmatory,0.3,429.528,32.0,enzymatic,False,,none,False,True,True
QRHGLYNKXVBWSX-GOSISDBHSA-N,CCc1c(-c2nc3cc(C(=O)N4CCC[C@@H](N)C4)ccc3n2CC)cnn1-c1ccccn1,5.0,5.0,5.0,3,bindingdb|chembl|pubchem_confirmatory,0.3,443.555,33.0,enzymatic,False,,none,False,True,True
BKNNLJWGGUPAKD-LJQANCHMSA-N,Cn1c(-c2cnn(-c3ccccc3)c2C2CC2)nc2cc(C(=O)N3CCC[C@@H](N)C3)ccc21,5.0,5.0,5.0,3,bindingdb|chembl|pubchem_confirmatory,0.3,440.551,33.0,enzymatic,False,,none,False,True,True
UTOUDCXQHYIBMX-HXUWFJFHSA-N,CCn1c(-c2cnn(-c3ccccc3)c2C2CC2)nc2cc(C(=O)N3CCC[C@@H](N)C3)ccc21,5.0,5.0,5.0,3,bindingdb|chembl|pubchem_confirmatory,0.3,454.578,34.0,enzymatic,False,,none,False,True,True
OFKJMSGGMDSECO-HXUWFJFHSA-N,COc1cc(C(=O)N2CCC[C@@H](N)C2)cc2nc(-c3ccc(-c4ccccn4)n3CC3CC3)n(C)c12,5.920479790880056,5.761439372640169,6.0,3,bindingdb|chembl|pubchem_confirmatory,0.3,484.604,36.0,enzymatic,False,,none,False,True,True
DCSVDUNBJWRZMN-HSZRJFAPSA-N,Cn1c(-c2ccc(Cc3ccccc3)n2CC2CC2)nc2cc(C(=O)N3CCC[C@@H](N)C3)ccc21,5.4357322877336145,5.261439372640169,5.522878745280337,3,bindingdb|chembl|pubchem_confirmatory,0.3,467.617,35.0,enzymatic,False,,none,False,True,True
XCZHAYVQPNWMEA-CYNGKWMKSA-N,Cn1c(-c2ccc(/C=C/c3ccccc3)n2CC2CC2)nc2cc(C(=O)N3CCC[C@@H](N)C3)ccc21,5.920479790880056,5.761439372640169,6.0,3,bindingdb|chembl|pubchem_confirmatory,0.3,479.628,36.0,enzymatic,False,,none,False,True,True
HYDSEIWPBOQNCR-QGZVFWFLSA-N,Cc1ncn(CC2CC2)c1-c1nc2cc(C(=O)N3CCC[C@@H](N)C3)ccc2n1C,5.0,5.0,5.0,3,bindingdb|chembl|pubchem_confirmatory,0.3,392.507,29.0,enzymatic,False,,none,False,True,True
JKKWFYBKXZDIST-XMMPIXPASA-N,Cn1c(-c2ccc(CCc3ccccc3)n2CC2CC2)nc2cc(C(=O)N3CCC[C@@H](N)C3)ccc21,5.4565554105016645,5.323908740944319,5.522878745280337,3,bindingdb|chembl|pubchem_confirmatory,0.3,481.644,36.0,enzymatic,False,,none,False,True,True
DPHCVOMXRGIHJC-OAQYLSRUSA-N,Cn1c(-c2ccc(-c3ccccc3)n2CC2CC2)nc2cc(C(=O)N3CCC[C@@H](N)C3)cnc21,5.1249387366083,5.1249387366083,5.1249387366083,3,bindingdb|chembl|pubchem_confirmatory,0.3,454.578,34.0,enzymatic,False,,none,False,True,True
SEYBOWTYPXPIIJ-LJQANCHMSA-N,CCCc1c(-c2nc3cc(C(=O)N4CCC[C@@H](N)C4)ccc3n2C)cnn1-c1ccccc1,5.0,5.0,5.0,3,bindingdb|chembl|pubchem_confirmatory,0.3,442.567,33.0,enzymatic,False,,none,False,True,True
PGZVYIMHRCVOHY-MRXNPFEDSA-N,Cn1c(-c2cncn2CC2CC2)nc2cc(C(=O)N3CCC[C@@H](N)C3)ccc21,5.0,5.0,5.0,3,bindingdb|chembl|pubchem_confirmatory,0.3,378.48,28.0,enzymatic,False,,none,False,True,True
HRICJVJFSQCKLG-JOCHJYFZSA-N,Cc1nc(-c2ccccc2)n(CC2CC2)c1-c1nc2cc(C(=O)N3CCC[C@@H](N)C3)ccc2n1C,5.0,5.0,5.0,3,bindingdb|chembl|pubchem_confirmatory,0.3,468.605,35.0,enzymatic,False,,none,False,True,True
MRKNBRVMHHBQDH-HSZRJFAPSA-N,COc1cc(C(=O)N2CCC[C@@H](N)C2)cc2nc(-c3ccc(Cc4ccccc4)n3CC3CC3)n(C)c12,5.920479790880056,5.761439372640169,6.0,3,bindingdb|chembl|pubchem_confirmatory,0.3,497.643,37.0,enzymatic,False,,none,False,True,True
UFYPPHZBSWSMLG-GOTSBHOMSA-N,Cn1c(-c2ccc(Cc3ccccc3)n2CC2CC2)nc2cc(C(=O)N3C[C@@H](N)C[C@H](F)C3)ccc21,5.522878745280337,5.522878745280337,5.522878745280337,3,bindingdb|chembl|pubchem_confirmatory,0.3,485.607,36.0,enzymatic,False,,none,False,True,True
RGJUIBDRXPUBJF-JOCHJYFZSA-N,Cn1c(-c2ccc(Cc3ccccc3)n2CC2CC2)nc2cc(C(=O)N3CCC[C@@H](N)C3)cnc21,5.522878745280337,5.522878745280337,5.522878745280337,3,bindingdb|chembl|pubchem_confirmatory,0.3,468.605,35.0,enzymatic,False,,none,False,True,True
LNFCGXAEPFPPOJ-OAQYLSRUSA-N,Cn1c(-c2cnc(-c3ccc(Cl)cc3)n2CC2CC2)nc2cc(C(=O)N3CCC[C@@H](N)C3)ccc21,5.10411561384025,5.06246936830415,5.1249387366083,3,bindingdb|chembl|pubchem_confirmatory,0.3,489.023,35.0,enzymatic,False,,none,False,True,True
NPWWEJLXEPOBAQ-JOCHJYFZSA-N,Cn1c(-c2cnc(Cc3ccccc3)n2CC2CC2)nc2cc(C(=O)N3CCC[C@@H](N)C3)ccc21,5.10411561384025,5.06246936830415,5.1249387366083,3,bindingdb|chembl|pubchem_confirmatory,0.3,468.605,35.0,enzymatic,False,,none,False,True,True
DXTWVBCLKNVTEC-HSZRJFAPSA-N,Cn1c(-c2cnc(CCc3ccccc3)n2CC2CC2)nc2cc(C(=O)N3CCC[C@@H](N)C3)ccc21,5.0,5.0,5.0,3,bindingdb|chembl|pubchem_confirmatory,0.3,482.632,36.0,enzymatic,False,,none,False,True,True
XSNQSTGMYHHRTA-MUUNZHRXSA-N,COc1cc(C(=O)N2CCC[C@@H](N)C2)cc2nc(-c3ccc(C(=O)N(Cc4ccccc4)c4ccccc4)n3CC3CC3)n(C)c12,5.761439372640169,5.761439372640169,5.761439372640169,3,bindingdb|chembl|pubchem_confirmatory,0.3,616.766,46.0,enzymatic,False,,none,False,True,True
SRASBFNBAKBPBG-UHFFFAOYSA-N,Cn1c(-c2cnc(-c3ccccc3)n2CC2CC2)nc2cc(C(=O)N3CCC4CCNC4C3)ccc21,5.0,5.0,5.0,3,bindingdb|chembl|pubchem_confirmatory,0.3,480.616,36.0,enzymatic,False,,none,False,True,True
PJORDXXMJOWLNC-JOCHJYFZSA-N,CCn1c(-c2cnc(-c3ccccc3)n2CC2CC2)nc2cc(C(=O)N3CCC[C@@H](N)C3)ccc21,5.4357322877336145,5.261439372640169,5.522878745280337,3,bindingdb|chembl|pubchem_confirmatory,0.3,468.605,35.0,enzymatic,False,,none,False,True,True
MKUUMKBIUCSTDG-OAQYLSRUSA-N,COc1cc(C(=O)N2CCC[C@@H](N)C2)cc2nc(-c3cnc(-c4ccccc4)n3CC3CC3)n(C)c12,5.927078228050692,5.781234684152075,6.0,3,bindingdb|chembl|pubchem_confirmatory,0.3,484.604,36.0,enzymatic,False,,none,False,True,True
BUDQRYVIYVZKPL-CQSZACIVSA-N,CCc1nc(C)sc1-c1nc2cc(C(=O)N3CCC[C@@H](N)C3)ccc2n1C,5.0,5.0,5.0,3,bindingdb|chembl|pubchem_confirmatory,0.3,383.521,27.0,enzymatic,False,,none,False,True,True
NGNFVWSYCSVIAU-OAQYLSRUSA-N,COc1cc(C(=O)N2CCC[C@@H](N)C2)cc2nc(-c3ccc(C(=O)Nc4ccccc4)n3CC3CC3)n(C)c12,5.6023989544002815,5.522878745280337,5.761439372640169,3,bindingdb|chembl|pubchem_confirmatory,0.3,526.641,39.0,enzymatic,False,,none,False,True,True
URFOXHUBGWIHHR-OAHLLOKOSA-N,CCc1ncccc1-c1nc2cc(C(=O)N3CCC[C@@H](N)C3)cc(OC)c2n1C,5.0,5.0,5.0,3,bindingdb|chembl|pubchem_confirmatory,0.3,393.491,29.0,enzymatic,False,,none,False,True,True
XGQPJYUABLOSNC-GOSISDBHSA-N,CCn1c(-c2ccc(C#N)n2CC2CC2)nc2cc(C(=O)N3CCC[C@@H](N)C3)cc(OC)c21,5.522878745280337,5.522878745280337,5.522878745280337,3,bindingdb|chembl|pubchem_confirmatory,0.3,446.555,33.0,enzymatic,False,,none,False,True,True
PXPXXTJJFPSVAB-QGZVFWFLSA-N,COc1cc(C(=O)N2CCC[C@@H](N)C2)cc2nc(-c3cn(CC4CC4)c(-c4nccs4)n3)n(C)c12,5.0,5.0,5.0,3,bindingdb|chembl|pubchem_confirmatory,0.3,491.621,35.0,enzymatic,False,,none,False,True,True
FTNTXJHJFLVKPC-JOCHJYFZSA-N,CCn1c(-c2cn(CC3CC3)c(-c3ccccc3)n2)nc2cc(C(=O)N3CCC[C@@H](N)C3)cc(OC)c21,5.0,5.0,5.0,3,bindingdb|chembl|pubchem_confirmatory,0.3,498.631,37.0,enzymatic,False,,none,False,True,True
GHBNQTRIBMVRJK-GOSISDBHSA-N,COc1cc(C(=O)N2CCC[C@@H](N)C2)cc2nc(-c3ccc(C(=O)N(C)C)n3CC3CC3)n(C)c12,5.0,5.0,5.0,3,bindingdb|chembl|pubchem_confirmatory,0.3,478.597,35.0,enzymatic,False,,none,False,True,True
PDVMSIDYAUUOTR-OAQYLSRUSA-N,COc1cc(C(=O)N2CCC[C@@H](N)C2)cc2nc(-c3ccc(C(=O)N(C)C)n3Cc3ccccc3)n(C)c12,5.0,5.0,5.0,3,bindingdb|chembl|pubchem_confirmatory,0.3,514.63,38.0,enzymatic,False,,none,False,True,True
BBVQADRJCKBISU-HXUWFJFHSA-N,COc1cc(C(=O)N2CCC[C@@H](N)C2)cc2nc(-c3ccc(C#N)n3Cc3ccccc3)n(C)c12,5.191262071386973,5.1249387366083,5.323908740944319,3,bindingdb|chembl|pubchem_confirmatory,0.3,468.561,35.0,enzymatic,False,,none,False,True,True
CFNKLIMHAQIJNK-LJQANCHMSA-N,COc1cc(C(=O)N2CCC[C@@H](N)C2)cc2nc(-c3ccc(C(N)=O)n3Cc3ccccc3)n(C)c12,5.0,5.0,5.0,3,bindingdb|chembl|pubchem_confirmatory,0.3,486.576,36.0,enzymatic,False,,none,False,True,True
YKTPMEHSQAIYBI-GOSISDBHSA-N,COc1cc(C(=O)N2CCC[C@@H](N)C2)cc2nc(-c3cccn3-c3ccccc3)n(C)c12,5.0,5.0,5.0,3,bindingdb|chembl|pubchem_confirmatory,0.3,429.524,32.0,enzymatic,False,,none,False,True,True
RVANBTYSVRWDIY-HXUWFJFHSA-N,COc1cc(C(=O)N2CCC[C@@H](N)C2)cc2nc(-c3cn(Cc4ccccc4)c(C)n3)n(C)c12,5.0,5.0,5.0,3,bindingdb|chembl|pubchem_confirmatory,0.3,458.566,34.0,enzymatic,False,,none,False,True,True
GTSAFBVOZDANNS-GOSISDBHSA-N,Cn1c(-n2nccc2-c2ccccc2)nc2cc(C(=O)N3CCC[C@@H](N)C3)ccc21,5.0,5.0,5.0,3,bindingdb|chembl|pubchem_confirmatory,0.3,400.486,30.0,enzymatic,False,,none,False,True,True
UOGDCLOXIZEUTN-RZPHLTDDSA-N,COc1cc(C(=O)N2C[C@H]3CC[C@@H]2[C@@H]3N)cc2nc(-c3cn(CC4CC4)c(-c4ccccc4)n3)n(C)c12,5.0,5.0,5.0,3,bindingdb|chembl|pubchem_confirmatory,0.3,496.615,37.0,enzymatic,False,,none,False,True,True
RJYXPGBCTNRSFH-OLLUBJOZSA-N,CCn1c(-c2cn(CC3CC3)c(-c3ccccc3)n2)nc2cc(C(=O)N3C[C@H]4CC[C@@H]3[C@@H]4N)cc(OC)c21,5.0,5.0,5.0,3,bindingdb|chembl|pubchem_confirmatory,0.3,510.642,38.0,enzymatic,False,,none,False,True,True
GCADLSSUDBPQES-QGZVFWFLSA-N,COc1cc(C(=O)N2CCC[C@@H](N)C2)cc2nc(-c3ccc(C#N)n3CC3CC3)n(C)c12,5.761439372640169,5.761439372640169,5.761439372640169,3,bindingdb|chembl|pubchem_confirmatory,0.3,432.528,32.0,enzymatic,False,,none,False,True,True
IGFPOAMSUSTZTO-LJQANCHMSA-N,COc1cc(C(=O)N2CCC[C@@H](N)C2)cc2nc(-c3ccc(C#N)n3CC3CCOCC3)n(C)c12,5.261439372640169,5.261439372640169,5.261439372640169,3,bindingdb|chembl|pubchem_confirmatory,0.3,476.581,35.0,enzymatic,False,,none,False,True,True
PZOXAHHNYDCHRG-LJQANCHMSA-N,COc1cc(C(=O)N2CCC[C@@H](N)C2)cc2nc(-c3cnc(-c4ccccn4)n3CC3CC3)n(C)c12,5.761439372640169,5.761439372640169,5.761439372640169,3,bindingdb|chembl|pubchem_confirmatory,0.3,485.592,36.0,enzymatic,False,,none,False,True,True
NDWHOUGLJHUYQV-OPJGWUQDSA-N,COc1cc(C(=O)N2C[C@H]3CC[C@@H]2[C@@H]3N)cc2nc(-c3cnc(-c4ccccc4)n3CC3CC3)n(C)c12,6.0,6.0,6.0,3,bindingdb|chembl|pubchem_confirmatory,0.3,496.615,37.0,enzymatic,False,,none,False,True,True
ZULKYUSRLRVMAN-NYQDVAGCSA-N,COc1cc(C(=O)N2C[C@H]3CC[C@@H]2[C@@H]3N)cc2nc(-c3cnc(-c4ccccn4)n3CC3CC3)n(C)c12,5.522878745280337,5.522878745280337,5.522878745280337,3,bindingdb|chembl|pubchem_confirmatory,0.3,497.603,37.0,enzymatic,False,,none,False,True,True
NSBTZFHGLYIRGR-PGRDOPGGSA-N,COc1cc(C(=O)N2C[C@H](N)CC[C@@H]2C)cc2nc(-c3cnc(-c4ccccc4)n3CC3CC3)n(C)c12,5.4565554105016645,5.323908740944319,5.522878745280337,3,bindingdb|chembl|pubchem_confirmatory,0.3,498.631,37.0,enzymatic,False,,none,False,True,True
NSBTZFHGLYIRGR-GCJKJVERSA-N,COc1cc(C(=O)N2C[C@@H](N)CC[C@H]2C)cc2nc(-c3cnc(-c4ccccc4)n3CC3CC3)n(C)c12,5.522878745280337,5.522878745280337,5.522878745280337,3,bindingdb|chembl|pubchem_confirmatory,0.3,498.631,37.0,enzymatic,False,,none,False,True,True
ABEFGKDQGGCDDP-MAUKXSAKSA-N,COc1cc(C(=O)N2C[C@H](N)CC[C@@H]2C)cc2nc(-c3ccc(C#N)n3CC3CC3)n(C)c12,5.960239895440028,5.880719686320084,6.0,3,bindingdb|chembl|pubchem_confirmatory,0.3,446.555,33.0,enzymatic,False,,none,False,True,True
SRHAPVGITIDIDQ-YIFZBPKDSA-N,COc1cc(C(=O)N2C[C@H]3CC[C@@H]2[C@@H]3N)cc2nc(-c3ccc(C#N)n3CC3CC3)n(C)c12,5.960239895440028,5.880719686320084,6.0,3,bindingdb|chembl|pubchem_confirmatory,0.3,444.539,33.0,enzymatic,False,,none,False,True,True
ZKQQYFJAYTYJGA-AYPBNUJASA-N,COc1cc(C(=O)N2C[C@H]3CC[C@@H]2[C@@H]3N)cc2nc(-c3cnc(-c4cnn(C)c4)n3CC3CC3)n(C)c12,5.761439372640169,5.761439372640169,5.761439372640169,3,bindingdb|chembl|pubchem_confirmatory,0.3,500.607,37.0,enzymatic,False,,none,False,True,True
OFVZLKAFAMDTMG-LJQANCHMSA-N,COc1cc(C(=O)N2CCC[C@@H](N)C2)cc2nc(-c3cnc(-c4cnn(C)c4)n3CC3CC3)n(C)c12,5.4565554105016645,5.323908740944319,5.522878745280337,3,bindingdb|chembl|pubchem_confirmatory,0.3,488.596,36.0,enzymatic,False,,none,False,True,True
OSSVXTKQSUKSKL-DMXRNTRESA-N,COc1cc(C(=O)N2C[C@H]3CC[C@@H]2[C@@H]3N)cc2nc(-c3ccc(C#N)n3CC3CC3)n(CC3CC(C)(OC)C3)c12,5.761439372640169,5.761439372640169,5.761439372640169,1,pubchem_confirmatory,1.0,542.684,40.0,enzymatic,False,,none,False,False,False
GLXZWUNVEKFCAF-YBGOQADZSA-N,COc1cc(C(=O)N2C[C@H]3CC[C@@H]2[C@@H]3N)cc2nc(-c3ccc(C#N)n3Cc3ccccc3)n(C)c12,5.489717077891001,5.423393743112328,5.522878745280337,3,bindingdb|chembl|pubchem_confirmatory,0.3,480.572,36.0,enzymatic,False,,none,False,True,True
BTBPGGAFTLCQQN-QXTUTYKWSA-N,COc1cc(C(=O)N2C[C@H]3CCC2[C@@H]3N)cc2nc(-c3ccc(C#N)n3CCc3ccccc3)n(C)c12,5.479305516506976,5.392159058960253,5.522878745280337,3,bindingdb|chembl|pubchem_confirmatory,0.3,494.599,37.0,enzymatic,False,,none,False,True,True
BXODOOVBVQDFDU-LCLGPDGMSA-N,COc1cc(C(=O)N2C[C@H]3CCC2[C@@H]3N)cc2nc(-c3ccc(C#N)n3CCC3CCOCC3)n(C)c12,5.313497179560294,5.292674056792244,5.323908740944319,3,bindingdb|chembl|pubchem_confirmatory,0.3,502.619,37.0,enzymatic,False,,none,False,True,True
ZNZIUUCKQWQCAF-CFRFINDLSA-N,COc1cc(C(=O)N2C[C@H]3CC[C@@H]2[C@@H]3N)cc2nc(-c3ccc(C#N)n3CCc3ccccn3)n(C)c12,5.06246936830415,5.06246936830415,5.06246936830415,3,bindingdb|chembl|pubchem_confirmatory,0.3,495.587,37.0,enzymatic,False,,none,False,True,True
HVLSVVNXGQWBCK-ILOWORENSA-N,COC1(C)CC(Cn2c(-c3ccc(C#N)n3CC3CC3)nc3cc(C(=O)N4C[C@H]5CC[C@@H]4[C@@H]5N)cc(F)c32)C1,5.761439372640169,5.761439372640169,5.761439372640169,1,pubchem_confirmatory,1.0,530.648,39.0,enzymatic,False,,none,False,False,False
WAFNPCGQURGJSW-AYPBNUJASA-N,COc1cc(C(=O)N2C[C@H]3CC[C@@H]2[C@@H]3N)cc2nc(-c3ccc(C#N)n3Cc3cnn(C)c3)n(C)c12,5.479305516506976,5.392159058960253,5.522878745280337,3,bindingdb|chembl|pubchem_confirmatory,0.3,484.564,36.0,enzymatic,False,,none,False,True,True
DYTDXLGNOLNRQD-NYQDVAGCSA-N,COc1cc(C(=O)N2C[C@H]3CC[C@@H]2[C@@H]3N)cc2nc(-c3ccc(C#N)n3Cc3cccnc3)n(C)c12,5.313497179560294,5.292674056792244,5.323908740944319,3,bindingdb|chembl|pubchem_confirmatory,0.3,481.56,36.0,enzymatic,False,,none,False,True,True
FFIVHYMHKWZEPH-XMLVGPMBSA-N,COc1cc(C(=O)N2C[C@H]3CC[C@@H]2[C@@H]3N)cc2nc(-c3ccc(C#N)n3C3CC3)n(C)c12,6.0,6.0,6.0,3,bindingdb|chembl|pubchem_confirmatory,0.3,430.512,32.0,enzymatic,False,,none,False,True,True
YWURPRUXLSYNGC-SMNXXWJPSA-N,COc1cc(C(=O)N2C[C@H]3CC[C@@H]2[C@@H]3N)cc2nc(-c3ccc(C#N)n3CC(F)(F)F)n(C)c12,6.0,6.0,6.0,3,bindingdb|chembl|pubchem_confirmatory,0.3,472.471,34.0,enzymatic,False,,none,False,True,True
GKFVHDQJBJVTCF-YXKFXFPPSA-N,CCn1c(-c2ccc(C#N)n2CC(F)(F)F)nc2cc(C(=O)N3C[C@H]4CC[C@@H]3[C@@H]4N)cc(OC)c21,5.522878745280337,5.522878745280337,5.522878745280337,3,bindingdb|chembl|pubchem_confirmatory,0.3,486.498,35.0,enzymatic,False,,none,False,True,True
PPBOMTVNGSLQDO-SDCVODTPSA-N,COc1cc(C(=O)N2C[C@H]3CC[C@@H]2[C@@H]3N)cc2nc(-c3ccc(C#N)n3C[C@@H](C)c3ccccc3)n(C)c12,6.0,6.0,6.0,3,bindingdb|chembl|pubchem_confirmatory,0.3,508.626,38.0,enzymatic,False,,none,False,True,True
PPBOMTVNGSLQDO-XCYARGLMSA-N,COc1cc(C(=O)N2C[C@H]3CC[C@@H]2[C@@H]3N)cc2nc(-c3ccc(C#N)n3C[C@H](C)c3ccccc3)n(C)c12,6.0,6.0,6.0,3,bindingdb|chembl|pubchem_confirmatory,0.3,508.626,38.0,enzymatic,False,,none,False,True,True
IPYXCEGNTZMNDK-ROSOWXQZSA-N,CCn1c(-c2cnc(-c3ccccc3)n2CC2CC2)nc2cc(C(=O)N3C[C@H]4CC[C@@H]3[C@@H]4N)cc(OC)c21,6.0,6.0,6.0,3,bindingdb|chembl|pubchem_confirmatory,0.3,510.642,38.0,enzymatic,False,,none,False,True,True
SKKVIYSSHDXDAW-IHLLOCCUSA-N,Cn1c(-c2cnc(-c3ccccc3)n2CC2CC2)nc2cc(C(=O)N3C[C@H]4CC[C@@H]3[C@@H]4N)cc(F)c21,6.0,6.0,6.0,3,bindingdb|chembl|pubchem_confirmatory,0.3,484.579,36.0,enzymatic,False,,none,False,True,True
YVKLZJGBOLZTOR-SMNXXWJPSA-N,COc1cccc(-c2nc3cc(C(=O)N4C[C@H]5CC[C@@H]4[C@@H]5N)cc(OC)c3n2C)n1,5.0,5.0,5.0,3,bindingdb|chembl|pubchem_confirmatory,0.3,407.474,30.0,enzymatic,False,,none,False,True,True
XPZWPIJPQPKEBN-LTGNNQTMSA-N,COc1cc(C(=O)N2C[C@H]3CC[C@@H]2[C@@H]3N)cc2nc(-c3ccc(C#N)n3CC3CC(C)(OC)C3)n(C)c12,6.0,6.0,6.0,1,pubchem_confirmatory,1.0,502.619,37.0,enzymatic,False,,none,False,False,False
JLVWZQBFEQFEKO-RGYTYGDFSA-N,COc1cc(C(=O)N2C[C@H]3CC[C@@H]2[C@@H]3N)cc2nc(-c3cccnc3Br)n(C)c12,5.0,5.0,5.0,3,bindingdb|chembl|pubchem_confirmatory,0.3,456.344,29.0,enzymatic,False,,none,False,True,True
HSCBXMSVWVMRCU-YIFZBPKDSA-N,COc1cc(C(=O)N2C[C@H]3CC[C@@H]2[C@@H]3N)cc2nc(-c3cccc(OCC4CC4)n3)n(C)c12,5.0,5.0,5.0,3,bindingdb|chembl|pubchem_confirmatory,0.3,447.539,33.0,enzymatic,False,,none,False,True,True
GSTCBHQXNCPXEG-DETVKUJNSA-N,CCc1c(-c2nc3cc(C(=O)N4C[C@H]5CC[C@@H]4[C@@H]5N)cc(OC)c3n2C)ccn1S(=O)(=O)c1ccc(C)cc1,6.0,6.0,6.0,3,bindingdb|chembl|pubchem_confirmatory,0.3,547.681,39.0,enzymatic,False,,none,False,True,True
IHIDRGMFBVKJSP-RMQVNJIYSA-N,COc1cc(C(=O)N2C[C@H]3CC[C@@H]2[C@@H]3N)cc2nc(-c3ccc(C#N)n3CC3CC3)n(-c3ccccc3)c12,5.1249387366083,5.1249387366083,5.1249387366083,3,bindingdb|chembl|pubchem_confirmatory,0.3,506.61,38.0,enzymatic,False,,none,False,True,True
QVDGLSUTKBTALB-CVODSWBYSA-N,COc1cc(C(=O)N2C[C@H]3CC[C@@H]2[C@@H]3N)cc2nc(-c3ccc(C#N)n3CC3CC3)n([C@H](C)c3ccccn3)c12,5.0,5.0,5.0,3,bindingdb|chembl|pubchem_confirmatory,0.3,535.652,40.0,enzymatic,False,,none,False,True,True
QVDGLSUTKBTALB-ZWTGLXQFSA-N,COc1cc(C(=O)N2C[C@H]3CC[C@@H]2[C@@H]3N)cc2nc(-c3ccc(C#N)n3CC3CC3)n([C@@H](C)c3ccccn3)c12,5.0,5.0,5.0,3,bindingdb|chembl|pubchem_confirmatory,0.3,535.652,40.0,enzymatic,False,,none,False,True,True
ZKDALSPJQMVNLW-CFSSXQINSA-N,CCc1ncccc1-c1nc2cc(C(=O)N3C[C@H]4CC[C@@H]3[C@@H]4N)cc(OC)c2n1C,5.522878745280337,5.522878745280337,5.522878745280337,3,bindingdb|chembl|pubchem_confirmatory,0.3,405.502,30.0,enzymatic,False,,none,False,True,True
MYKLDEMIQYNMSH-GJQIQAERSA-N,CCc1c(-c2nc3cc(C(=O)N4C[C@H]5CC[C@@H]4[C@@H]5N)cc(OC)c3n2C)ccn1Cc1ccccc1,5.522878745280337,5.522878745280337,5.522878745280337,3,bindingdb|chembl|pubchem_confirmatory,0.3,483.616,36.0,enzymatic,False,,none,False,True,True
YRDBPUHKDOCDQY-OBYHSKRASA-N,CCc1c(-c2nc3cc(C(=O)N4C[C@H]5CC[C@@H]4[C@@H]5NCc4ccccc4)cc(OC)c3n2C)ccn1Cc1ccccc1,5.0,5.0,5.0,3,bindingdb|chembl|pubchem_confirmatory,0.3,573.741,43.0,enzymatic,False,,none,False,True,True
WQNMWMAJFABDCS-XMLVGPMBSA-N,CCc1nc(OC)ccc1-c1nc2cc(C(=O)N3C[C@H]4CC[C@@H]3[C@@H]4N)cc(OC)c2n1C,5.522878745280337,5.522878745280337,5.522878745280337,3,bindingdb|chembl|pubchem_confirmatory,0.3,435.528,32.0,enzymatic,False,,none,False,True,True
UKBOSOUOSATDKD-ZQBYOIRZSA-N,CCc1ncc(F)cc1-c1nc2cc(C(=O)N3C[C@H]4CC[C@@H]3[C@@H]4N)cc(OC)c2n1C,5.0,5.0,5.0,3,bindingdb|chembl|pubchem_confirmatory,0.3,423.492,31.0,enzymatic,False,,none,False,True,True
MCCAOGBRAUCEDG-YBOAYWMSSA-N,COc1cc(C(=O)N2C[C@H]3CC[C@@H]2[C@@H]3N)cc2nc(-c3cccc(=O)n3CC3CC3)n(C)c12,6.0,6.0,6.0,3,bindingdb|chembl|pubchem_confirmatory,0.3,447.539,33.0,enzymatic,False,,none,False,True,True
BXFATEIFCCZSML-WHIIXXIBSA-N,CCc1ncc(OC)cc1-c1nc2cc(C(=O)N3C[C@H]4CC[C@@H]3[C@@H]4N)cc(OC)c2n1C,5.0,5.0,5.0,3,bindingdb|chembl|pubchem_confirmatory,0.3,435.528,32.0,enzymatic,False,,none,False,True,True
NWQWWHRDJYIQGP-LXGCGDOSSA-N,COc1cc(C(=O)N2C[C@H]3CC[C@@H]2[C@@H]3N)cc2nc(-c3cccnc3C(C)C)n(C)c12,5.0,5.0,5.0,3,bindingdb|chembl|pubchem_confirmatory,0.3,419.529,31.0,enzymatic,False,,none,False,True,True
SQMOWEPOXGCHIZ-RBQRDFNRSA-N,COc1cc(C(=O)N2C[C@H]3CC[C@@H]2[C@@H]3N)cc2nc(-c3cccnc3CC3CC3)n(C)c12,6.0,6.0,6.0,3,bindingdb|chembl|pubchem_confirmatory,0.3,431.54,32.0,enzymatic,False,,none,False,True,True
WSJDSPGOIDYZQM-DETVKUJNSA-N,CCc1c(-c2nc3cc(C(=O)N4C[C@H]5CC[C@@H]4[C@@H]5N)cc(OC)c3n2C)cc(C)n1-c1ccccc1,5.522878745280337,5.522878745280337,5.522878745280337,3,bindingdb|chembl|pubchem_confirmatory,0.3,483.616,36.0,enzymatic,False,,none,False,True,True
JOGADVNEUUWXSC-XNAIMREJSA-N,CCc1[nH]c(=O)ncc1-c1nc2cc(C(=O)N3C[C@H]4CC[C@@H]3[C@@H]4N)cc(OC)c2n1C,5.0,5.0,5.0,3,bindingdb|chembl|pubchem_confirmatory,0.3,422.489,31.0,enzymatic,False,,none,False,True,True
LNYBKVXRPOOEJJ-XBFAYFNPSA-N,COc1cc(C(=O)N2C[C@H]3CC[C@@H]2[C@@H]3N)cc2nc(-c3cccnc3CC3CC3C)n(C)c12,6.0,6.0,6.0,3,bindingdb|chembl|pubchem_confirmatory,0.3,445.567,33.0,enzymatic,False,,none,False,True,True
XUNJOJKTKKNJMQ-FQELHTAISA-N,CCn1c(-c2nc3cc(C(=O)N4C[C@H]5CC[C@@H]4[C@@H]5N)cc(OC)c3n2C)cnc1C1CCC1,5.522878745280337,5.522878745280337,5.522878745280337,3,bindingdb|chembl|pubchem_confirmatory,0.3,448.571,33.0,enzymatic,False,,none,False,True,True
YGLGGMWLFCYJML-CFCCAZDESA-N,COc1cc(C(=O)N2C[C@H]3CC[C@@H]2[C@@H]3N)cc2nc(-c3ccc(Br)c(=O)n3CC3CC3)n(C)c12,6.0,6.0,6.0,3,bindingdb|chembl|pubchem_confirmatory,0.3,526.435,34.0,enzymatic,False,,none,False,True,True
QMBOKUWPZYENSV-ZWDAVXSWSA-N,COc1cc(C(=O)N2C[C@H]3CC[C@@H]2[C@@H]3N)cc2nc(-c3ccc(C)c(=O)n3CC3CC3)n(C)c12,6.0,6.0,6.0,3,bindingdb|chembl|pubchem_confirmatory,0.3,461.566,34.0,enzymatic,False,,none,False,True,True
AGDCCMNPFWCJBB-ZWDAVXSWSA-N,CCn1c(-c2nc3cc(C(=O)N4C[C@H]5CC[C@@H]4[C@@H]5N)cc(OC)c3n2C)cnc1C1CCOCC1,5.522878745280337,5.522878745280337,5.522878745280337,3,bindingdb|chembl|pubchem_confirmatory,0.3,478.597,35.0,enzymatic,False,,none,False,True,True
ZLVSZSJEMVIFLF-HOHLIHCMSA-N,COc1cc(C(=O)N2C[C@H]3CC[C@@H]2[C@@H]3N)cc2nc(-c3cccnc3CC3CC3C(=O)O)n(C)c12,5.0,5.0,5.0,3,bindingdb|chembl|pubchem_confirmatory,0.3,475.549,35.0,enzymatic,False,,none,False,True,True
WXIZPZPHUZBPGY-FQQGMQMYSA-N,COc1cc(C(=O)N2C[C@H]3CC[C@@H]2[C@@H]3N)cc2nc(-c3ccc(C)nc3CC3CC3)n(C)c12,6.0,6.0,6.0,3,bindingdb|chembl|pubchem_confirmatory,0.3,445.567,33.0,enzymatic,False,,none,False,True,True
KJYKIROOYZOYSK-JSVDNDDVSA-N,COc1cc(C(=O)N2C[C@H]3CC[C@@H]2[C@@H]3N)cc2nc(-c3ccc(F)nc3CC3CC3)n(C)c12,6.0,6.0,6.0,3,bindingdb|chembl|pubchem_confirmatory,0.3,449.53,33.0,enzymatic,False,,none,False,True,True
ILZIESXBIQMQTD-LXGCGDOSSA-N,CCc1cnccc1-c1nc2cc(C(=O)N3C[C@H]4CC[C@@H]3[C@@H]4N)cc(OC)c2n1C,5.522878745280337,5.522878745280337,5.522878745280337,3,bindingdb|chembl|pubchem_confirmatory,0.3,405.502,30.0,enzymatic,False,,none,False,True,True
MAOVUGVXBFZYPN-LJQANCHMSA-N,Cc1c(-c2c(Br)c3ccccc3n2CC2CC2)nc2cc(C(=O)N3CCC[C@@H](N)C3)ccn12,5.0,5.0,5.0,3,bindingdb|chembl|pubchem_confirmatory,0.3,506.448,33.0,enzymatic,False,,none,False,True,True
DYAIXBZRTWAULW-OAQYLSRUSA-N,Cc1c(-c2cc3ccccc3n2CC2CC2)nc2cc(C(=O)N3CCC[C@@H](N)C3)ccn12,5.259637310505756,5.259637310505756,5.259637310505756,3,bindingdb|chembl|pubchem_confirmatory,0.3,427.552,32.0,enzymatic,False,,none,False,True,True
LPNKTRPKPATCJR-XMMPIXPASA-N,Cc1c(-c2cc3ccccc3n2Cc2ccccc2)nc2cc(C(=O)N3CCC[C@@H](N)C3)ccn12,5.753212436835252,5.629818655252878,6.0,3,bindingdb|chembl|pubchem_confirmatory,0.3,463.585,35.0,enzymatic,False,,none,False,True,True
RVOKIGHZRCQGOZ-LJQANCHMSA-N,CCn1c(-c2nc3cc(C(=O)N4CCC[C@@H](N)C4)ccn3c2C)cc2ccccc21,6.0,6.0,6.0,3,bindingdb|chembl|pubchem_confirmatory,0.3,401.514,30.0,enzymatic,False,,none,False,True,True
ABNCWOXRPBPWQL-HSZRJFAPSA-N,CCn1c(-c2nc3cc(C(=O)N4CCC[C@@H](N)C4)ccn3c2C)c(-c2ccccc2)c2ccccc21,5.0,5.0,5.0,3,bindingdb|chembl|pubchem_confirmatory,0.3,477.612,36.0,enzymatic,False,,none,False,True,True
FNHHMDKIJKMADD-JOCHJYFZSA-N,CCn1c(-c2nc3cc(C(=O)N4CC[C@@H](N)C4)ccn3c2C)c(-c2ccccc2)c2ccccc21,5.0,5.0,5.0,3,bindingdb|chembl|pubchem_confirmatory,0.3,463.585,35.0,enzymatic,False,,none,False,True,True
SEWXINNCHJTBAO-GOSISDBHSA-N,CCn1c(-c2nc3cc(C(=O)N4CC[C@@H](N)C4)ccn3c2C)cc2ccccc21,5.0,5.0,5.0,3,bindingdb|chembl|pubchem_confirmatory,0.3,387.487,29.0,enzymatic,False,,none,False,True,True
OUZORNRSCHGAFE-HXUWFJFHSA-N,Cc1c(-c2cc3ccccc3n2CC2CC2)nc2cc(C(=O)N3CC[C@@H](N)C3)ccn12,5.0,5.0,5.0,3,bindingdb|chembl|pubchem_confirmatory,0.3,413.525,31.0,enzymatic,False,,none,False,True,True
CKOUUCGQMVABMK-UHFFFAOYSA-N,Cc1c(-c2cc3ccccc3n2CC2CC2)nc2cc(C(=O)N3CCC4OCCNC4C3)ccn12,5.259637310505756,5.259637310505756,5.259637310505756,3,bindingdb|chembl|pubchem_confirmatory,0.3,469.589,35.0,enzymatic,False,,none,False,True,True
OHRCFNLWSDBDGB-HSZRJFAPSA-N,Cc1c(-c2cc3ccccc3n2Cc2ccncc2)nc2cc(C(=O)N3CCC[C@@H](N)C3)ccn12,5.753212436835252,5.629818655252878,6.0,3,bindingdb|chembl|pubchem_confirmatory,0.3,464.573,35.0,enzymatic,False,,none,False,True,True
RGSCGGVWKMPRAH-HSZRJFAPSA-N,Cc1c(-c2cc3ccccc3n2CC2CCOCC2)nc2cc(C(=O)N3CCC[C@@H](N)C3)ccn12,5.259637310505756,5.259637310505756,5.259637310505756,3,bindingdb|chembl|pubchem_confirmatory,0.3,471.605,35.0,enzymatic,False,,none,False,True,True
LLJDQKFWQKJBBH-XMMPIXPASA-N,COc1ccc(Cn2c(-c3nc4cc(C(=O)N5CCC[C@@H](N)C5)ccn4c3C)cc3ccccc32)cc1,5.753212436835252,5.629818655252878,6.0,3,bindingdb|chembl|pubchem_confirmatory,0.3,493.611,37.0,enzymatic,False,,none,False,True,True
DUVCPNSLXBKGOK-XMMPIXPASA-N,Cc1c(-c2cc3ccccc3n2Cc2ccc(F)cc2)nc2cc(C(=O)N3CCC[C@@H](N)C3)ccn12,6.0,6.0,6.0,3,bindingdb|chembl|pubchem_confirmatory,0.3,481.575,36.0,enzymatic,False,,none,False,True,True
ACWUUOYEIGMTNU-RUZDIDTESA-N,Cc1c(-c2cc3ccccc3n2Cc2ccc(C#N)cc2)nc2cc(C(=O)N3CCC[C@@H](N)C3)ccn12,5.259637310505756,5.259637310505756,5.259637310505756,3,bindingdb|chembl|pubchem_confirmatory,0.3,488.595,37.0,enzymatic,False,,none,False,True,True
KKVRTSJQXDHQFN-HSZRJFAPSA-N,Cc1c(-c2cc3ccccc3n2Cc2cccnc2)nc2cc(C(=O)N3CCC[C@@H](N)C3)ccn12,5.753212436835252,5.629818655252878,6.0,3,bindingdb|chembl|pubchem_confirmatory,0.3,464.573,35.0,enzymatic,False,,none,False,True,True
YWTVIWJXOMYZPA-JOCHJYFZSA-N,Cc1c(-c2cc3ccccc3n2Cc2ccccn2)nc2cc(C(=O)N3CCC[C@@H](N)C3)ccn12,6.0,6.0,6.0,3,bindingdb|chembl|pubchem_confirmatory,0.3,464.573,35.0,enzymatic,False,,none,False,True,True
XNBIYLKHJIDTQO-GOSISDBHSA-N,Cc1c(-c2cc3ccccc3n2CC(F)(F)F)nc2cc(C(=O)N3CCC[C@@H](N)C3)ccn12,5.753212436835252,5.629818655252878,6.0,3,bindingdb|chembl|pubchem_confirmatory,0.3,455.484,33.0,enzymatic,False,,none,False,True,True
VYFNBOQRSZRRAU-HSZRJFAPSA-N,Cc1c(-c2cc3ccccc3n2Cc2ccn(C)c(=O)c2)nc2cc(C(=O)N3CCC[C@@H](N)C3)ccn12,5.259637310505756,5.259637310505756,5.259637310505756,3,bindingdb|chembl|pubchem_confirmatory,0.3,494.599,37.0,enzymatic,False,,none,False,True,True
ICFNOONQDZIENP-QGZVFWFLSA-N,CCc1c(-c2nc3cc(C(=O)N4CCC[C@@H](N)C4)ccn3c2C)sc2ccccc12,5.259637310505756,5.259637310505756,5.259637310505756,3,bindingdb|chembl|pubchem_confirmatory,0.3,418.566,30.0,enzymatic,False,,none,False,True,True
COHKPALSCLIAPR-HHHXNRCGSA-N,Cc1c(-c2cc3ccccc3n2Cc2ccc(Cl)cc2)nc2cc(C(=O)N3CCC[C@@H](NC(=O)OC(C)(C)C)C3)ccn12,5.259637310505756,5.259637310505756,5.259637310505756,3,bindingdb|chembl|pubchem_confirmatory,0.3,598.147,43.0,enzymatic,False,,none,False,True,True
YTXWQOYLAPTGJN-HSZRJFAPSA-N,Cc1c(-c2cc3ccccc3n2Cc2ccccc2F)nc2cc(C(=O)N3CCC[C@@H](N)C3)ccn12,5.753212436835252,5.629818655252878,6.0,3,bindingdb|chembl|pubchem_confirmatory,0.3,481.575,36.0,enzymatic,False,,none,False,True,True
ZCLYCHNUQSTMGQ-OAQYLSRUSA-N,CCn1c(-c2ccccc2)ccc1-c1nc2cc(C(=O)N3CCC[C@@H](N)C3)ccn2c1C,5.259637310505756,5.259637310505756,5.259637310505756,3,bindingdb|chembl|pubchem_confirmatory,0.3,427.552,32.0,enzymatic,False,,none,False,True,True
OXLUHOYSCBHWGY-OAQYLSRUSA-N,COc1ccc2cc(-c3nc4cc(C(=O)N5CCC[C@@H](N)C5)ccn4c3C)n(CC3CC3)c2c1,6.0,6.0,6.0,3,bindingdb|chembl|pubchem_confirmatory,0.3,457.578,34.0,enzymatic,False,,none,False,True,True
ZNYMKZJVXHNQSI-GOSISDBHSA-N,CCn1c(-c2nc3cc(C(=O)N4CCC[C@@H](N)C4)ccn3c2C)cc2cccnc21,5.753212436835252,5.629818655252878,6.0,3,bindingdb|chembl|pubchem_confirmatory,0.3,402.502,30.0,enzymatic,False,,none,False,True,True
DAKFHRVVDSGNJY-JOCHJYFZSA-N,Cc1cc(C(=O)N2CCC[C@@H](N)C2)cc2nc(-c3cc4ccccc4n3CC3CC3)c(C)n12,5.753212436835252,5.629818655252878,6.0,3,bindingdb|chembl|pubchem_confirmatory,0.3,441.579,33.0,enzymatic,False,,none,False,True,True
DZTPOEAYSJRHEE-RUZDIDTESA-N,Cc1cc(C(=O)N2CCC[C@@H](N)C2)cc2nc(-c3cc4ccccc4n3Cc3ccccc3)c(C)n12,5.753212436835252,5.629818655252878,6.0,3,bindingdb|chembl|pubchem_confirmatory,0.3,477.612,36.0,enzymatic,False,,none,False,True,True
PMADSXKEAZMBQX-HSZRJFAPSA-N,Cc1cc(C(=O)N2CCC[C@@H](N)C2)cc2nc(-c3cc4ccccc4n3Cc3ccccn3)c(C)n12,5.173091540337171,5.129818655252878,5.259637310505756,3,bindingdb|chembl|pubchem_confirmatory,0.3,478.6,36.0,enzymatic,False,,none,False,True,True
PVGMNHIPVDKATI-OAQYLSRUSA-N,Cc1c(-c2cc3ccc(F)cc3n2CC2CC2)nc2cc(C(=O)N3CCC[C@@H](N)C3)ccn12,6.0,6.0,6.0,3,bindingdb|chembl|pubchem_confirmatory,0.3,445.542,33.0,enzymatic,False,,none,False,True,True
HBDRRNBBRXMIMO-OAQYLSRUSA-N,Cc1c(-c2cc3cc(F)ccc3n2CC2CC2)nc2cc(C(=O)N3CCC[C@@H](N)C3)ccn12,6.0,6.0,6.0,3,bindingdb|chembl|pubchem_confirmatory,0.3,445.542,33.0,enzymatic,False,,none,False,True,True
XZYSMNJIZWOCEN-JOCHJYFZSA-N,Cc1cccc2cc(-c3nc4cc(C(=O)N5CCC[C@@H](N)C5)ccn4c3C)n(CC3CC3)c12,6.0,6.0,6.0,3,bindingdb|chembl|pubchem_confirmatory,0.3,441.579,33.0,enzymatic,False,,none,False,True,True
TXNUQCZISZZDAF-GOSISDBHSA-N,CCc1ccccc1-c1nc2cc(C(=O)N3CCC[C@@H](N)C3)ccn2c1C,5.173091540337171,5.129818655252878,5.259637310505756,3,bindingdb|chembl|pubchem_confirmatory,0.3,362.477,27.0,enzymatic,False,,none,False,True,True
SIXNASOGUDJCPK-MUUNZHRXSA-N,CC(C)(C)OC(=O)N[C@@H]1CCCN(C(=O)c2ccn3c(-c4ccccc4)c(-c4cc5ccccc5n4CC4CC4)nc3c2)C1,5.0,5.0,5.0,3,bindingdb|chembl|pubchem_confirmatory,0.3,589.74,44.0,enzymatic,False,,none,False,True,True
SVCMOYNMNMJQEZ-JOCHJYFZSA-N,N[C@@H]1CCCN(C(=O)c2ccn3c(C4CC4)c(-c4cc5ccccc5n4CC4CC4)nc3c2)C1,5.506424873670504,5.259637310505756,5.629818655252878,3,bindingdb|chembl|pubchem_confirmatory,0.3,453.59,34.0,enzymatic,False,,none,False,True,True
INQINNINFDUHML-OAQYLSRUSA-N,COCc1c(-c2cc3ccccc3n2CC2CC2)nc2cc(C(=O)N3CCC[C@@H](N)C3)ccn12,5.753212436835252,5.629818655252878,6.0,3,bindingdb|chembl|pubchem_confirmatory,0.3,457.578,34.0,enzymatic,False,,none,False,True,True
DNSDGULEECJXHU-XMMPIXPASA-N,Cc1c(-c2cc3ccccc3n2Cc2cccc(F)c2)nc2cc(C(=O)N3CCC[C@@H](N)C3)ccn12,6.0,6.0,6.0,3,bindingdb|chembl|pubchem_confirmatory,0.3,481.575,36.0,enzymatic,False,,none,False,True,True
ZCYTUUDCLCIFFU-JOCHJYFZSA-N,Cc1c(-c2cc3ccccc3n2Cc2ccsc2)nc2cc(C(=O)N3CCC[C@@H](N)C3)ccn12,6.0,6.0,6.0,3,bindingdb|chembl|pubchem_confirmatory,0.3,469.614,34.0,enzymatic,False,,none,False,True,True
SXMOEMSMNZHPDJ-JOCHJYFZSA-N,Cc1c(-c2cc3ccccc3n2Cc2ccoc2)nc2cc(C(=O)N3CCC[C@@H](N)C3)ccn12,6.0,6.0,6.0,3,bindingdb|chembl|pubchem_confirmatory,0.3,453.546,34.0,enzymatic,False,,none,False,True,True
JPSIHVQQDOHBND-OPEAARRCSA-N,Cc1c(-c2cc3ccccc3n2C(C)c2ccc(F)cc2)nc2cc(C(=O)N3CCC[C@@H](N)C3)ccn12,5.259637310505756,5.259637310505756,5.259637310505756,3,bindingdb|chembl|pubchem_confirmatory,0.3,495.602,37.0,enzymatic,False,,none,False,True,True
FRPLSFQPTZKHJT-LJQANCHMSA-N,CCn1c(-c2nc3cc(C(=O)N4CCC[C@@H](N)C4)ccn3c2C)cc2cc(F)ccc21,6.0,6.0,6.0,3,bindingdb|chembl|pubchem_confirmatory,0.3,419.504,31.0,enzymatic,False,,none,False,True,True
UBJJXGHKPLCFOX-LJQANCHMSA-N,Cc1c(-c2cc3c(F)cccc3n2CC2CC2)nc2cc(C(=O)N3CCC[C@@H](N)C3)ccn12,5.259637310505756,5.259637310505756,5.259637310505756,3,bindingdb|chembl|pubchem_confirmatory,0.3,445.542,33.0,enzymatic,False,,none,False,True,True
ZNASJHDIQMNFLX-OAQYLSRUSA-N,Cc1csc(Cn2c(-c3nc4cc(C(=O)N5CCC[C@@H](N)C5)ccn4c3C)cc3ccccc32)n1,6.0,6.0,6.0,3,bindingdb|chembl|pubchem_confirmatory,0.3,484.629,35.0,enzymatic,False,,none,False,True,True
XOFNUPTXNOFDPG-XMMPIXPASA-N,COc1cccc(Cn2c(-c3nc4cc(C(=O)N5CCC[C@@H](N)C5)ccn4c3C)cc3ccccc32)c1,6.0,6.0,6.0,3,bindingdb|chembl|pubchem_confirmatory,0.3,493.611,37.0,enzymatic,False,,none,False,True,True
UTFRGBNMOZIUKO-OAQYLSRUSA-N,Cc1c(-c2cc3cc(Br)ccc3n2CC2CC2)nc2cc(C(=O)N3CCC[C@@H](N)C3)ccn12,5.259637310505756,5.259637310505756,5.259637310505756,3,bindingdb|chembl|pubchem_confirmatory,0.3,506.448,33.0,enzymatic,False,,none,False,True,True
ZMZSLGXLBRPGHV-HXUWFJFHSA-N,Cc1c(-c2cc3cccc(Cl)c3n2CC2CC2)nc2cc(C(=O)N3CCC[C@@H](N)C3)ccn12,6.0,6.0,6.0,3,bindingdb|chembl|pubchem_confirmatory,0.3,461.997,33.0,enzymatic,False,,none,False,True,True
XTGXXFUOGLIOAF-XMMPIXPASA-N,Cc1c(-c2cc3ccccc3n2Cc2ccc(F)cc2)nc2cc(C(=S)N3CCC[C@@H](N)C3)ccn12,6.0,6.0,6.0,3,bindingdb|chembl|pubchem_confirmatory,0.3,497.643,36.0,enzymatic,False,,none,False,True,True
UYHSQCNFDDWIFH-GOSISDBHSA-N,Cc1c(-c2cc3ccccc3n2C)nc2cc(C(=O)N3CCC[C@@H](N)C3)ccn12,5.0,5.0,5.0,3,bindingdb|chembl|pubchem_confirmatory,0.3,387.487,29.0,enzymatic,False,,none,False,True,True
LMWUIOJKUCXVOV-OAQYLSRUSA-N,COc1cccc2cc(-c3nc4cc(C(=O)N5CCC[C@@H](N)C5)ccn4c3C)n(CC3CC3)c12,6.0,6.0,6.0,3,bindingdb|chembl|pubchem_confirmatory,0.3,457.578,34.0,enzymatic,False,,none,False,True,True
OARAAMYDTYLSGU-JOCHJYFZSA-N,Cc1nc(C)c(Cn2c(-c3nc4cc(C(=O)N5CCC[C@@H](N)C5)ccn4c3C)cc3ccccc32)s1,5.259637310505756,5.259637310505756,5.259637310505756,3,bindingdb|chembl|pubchem_confirmatory,0.3,498.656,36.0,enzymatic,False,,none,False,True,True
IBDSILVZHGIJIH-OAQYLSRUSA-N,Cc1ncc(Cn2c(-c3nc4cc(C(=O)N5CCC[C@@H](N)C5)ccn4c3C)cc3ccccc32)s1,6.0,6.0,6.0,3,bindingdb|chembl|pubchem_confirmatory,0.3,484.629,35.0,enzymatic,False,,none,False,True,True
CAAFCPKEOVNQMF-HHHXNRCGSA-N,COc1cccc(Cn2c(-c3nc4cc(C(=O)N5CCC[C@@H](NC(=O)OC(C)(C)C)C5)ccn4c3C)cc3ccccc32)c1,5.259637310505756,5.259637310505756,5.259637310505756,3,bindingdb|chembl|pubchem_confirmatory,0.3,593.728,44.0,enzymatic,False,,none,False,True,True
LRHSPELXHQWEIP-HSZRJFAPSA-N,COc1ccc2cc(-c3nc4cc(C(=O)N5CCC[C@@H](N)C5)ccn4c3C)n(Cc3cccnc3)c2c1,6.0,6.0,6.0,3,bindingdb|chembl|pubchem_confirmatory,0.3,494.599,37.0,enzymatic,False,,none,False,True,True
SKMZYAUNRDRYTG-XMMPIXPASA-N,COc1cccc(Cn2c(-c3nc4cc(C(=O)N5CCC[C@@H](N)C5)ccn4c3C)cc3cc(F)ccc32)c1,6.0,6.0,6.0,3,bindingdb|chembl|pubchem_confirmatory,0.3,511.601,38.0,enzymatic,False,,none,False,True,True
JOVKYOUPVIAYRP-XMMPIXPASA-N,Cc1c(-c2cc3ccc(F)cc3n2Cc2ccc(F)cc2)nc2cc(C(=O)N3CCC[C@@H](N)C3)ccn12,6.0,6.0,6.0,3,bindingdb|chembl|pubchem_confirmatory,0.3,499.565,37.0,enzymatic,False,,none,False,True,True
RJCBATGNKMOYOK-JOCHJYFZSA-N,COc1cccc(Cn2c(-c3nc4cc(C(=O)N5CCC[C@@H](N)C5)ccn4c3C)cc3cc(F)c(F)cc32)c1,6.0,6.0,6.0,3,bindingdb|chembl|pubchem_confirmatory,0.3,529.591,39.0,enzymatic,False,,none,False,True,True
BTLAABDBBGNCMJ-JAHKIVTCSA-N,Cc1c(-c2cc3ccccc3n2Cc2ccc(F)cc2)nc2cc(C(=O)N3CCC[C@@H](NC(=O)/C=C/CN(C)C)C3)ccn12,5.259637310505756,5.259637310505756,5.259637310505756,3,bindingdb|chembl|pubchem_confirmatory,0.3,592.719,44.0,enzymatic,False,,none,False,True,True
SNRQHCKKVHXRCW-XMMPIXPASA-N,Cc1c(-c2cc3ccccc3n2Cc2cnccn2)nc2cc(C(=O)N3CCC[C@@H](NC(=O)OC(C)(C)C)C3)ccn12,5.259637310505756,5.259637310505756,5.259637310505756,3,bindingdb|chembl|pubchem_confirmatory,0.3,565.678,42.0,enzymatic,False,,none,False,True,True
BIMVSQDKWXPMLR-JOCHJYFZSA-N,Cc1c(-c2cc3ccccc3n2Cc2cncnc2)nc2cc(C(=O)N3CCC[C@@H](N)C3)ccn12,6.0,6.0,6.0,3,bindingdb|chembl|pubchem_confirmatory,0.3,465.561,35.0,enzymatic,False,,none,False,True,True
HWFJPAVPYHDIRJ-OAQYLSRUSA-N,Cc1c(-c2cc3ccccc3n2Cc2cccnn2)nc2cc(C(=O)N3CCC[C@@H](N)C3)ccn12,5.259637310505756,5.259637310505756,5.259637310505756,3,bindingdb|chembl|pubchem_confirmatory,0.3,465.561,35.0,enzymatic,False,,none,False,True,True
FAYPMOBARCFDCK-OAQYLSRUSA-N,Cc1c(-c2cc3ccccc3n2CC(C)C)nc2cc(C(=O)N3CCC[C@@H](N)C3)ccn12,6.0,6.0,6.0,3,bindingdb|chembl|pubchem_confirmatory,0.3,429.568,32.0,enzymatic,False,,none,False,True,True
CTLJIHOSAUFIRC-JOCHJYFZSA-N,Cc1c(-c2cc3ccccc3n2CC2CCC2)nc2cc(C(=O)N3CCC[C@@H](N)C3)ccn12,6.0,6.0,6.0,3,bindingdb|chembl|pubchem_confirmatory,0.3,441.579,33.0,enzymatic,False,,none,False,True,True
QNNSIOLCWAIXJR-OAQYLSRUSA-N,Cc1c(-c2cc3ccccc3n2Cc2ncccc2F)nc2cc(C(=O)N3CCC[C@@H](N)C3)ccn12,6.0,6.0,6.0,3,bindingdb|chembl|pubchem_confirmatory,0.3,482.563,36.0,enzymatic,False,,none,False,True,True
QDDUSOYGJOIYSZ-JOCHJYFZSA-N,COc1ccc(Cn2c(-c3nc4cc(C(=O)N5CCC[C@@H](N)C5)ccn4c3C)cc3ccccc32)nc1,6.0,6.0,6.0,3,bindingdb|chembl|pubchem_confirmatory,0.3,494.599,37.0,enzymatic,False,,none,False,True,True
LBTVBTVQVZDLRY-HXUWFJFHSA-N,COCCn1c(-c2nc3cc(C(=O)N4CCC[C@@H](N)C4)ccn3c2C)cc2ccccc21,6.0,6.0,6.0,3,bindingdb|chembl|pubchem_confirmatory,0.3,431.54,32.0,enzymatic,False,,none,False,True,True
HNXLBRXDGGICDV-HSZRJFAPSA-N,COCCn1c(-c2nc3cc(C(=O)N4CCC[C@@H](NC(=O)OC(C)(C)C)C4)ccn3c2C)cc2ccccc21,5.259637310505756,5.259637310505756,5.259637310505756,3,bindingdb|chembl|pubchem_confirmatory,0.3,531.657,39.0,enzymatic,False,,none,False,True,True
LUMRIELZXDVRKO-HSZRJFAPSA-N,COc1ccc2cc(-c3nc4cc(C(=O)N5CCC[C@@H](N)C5)ccn4c3C)n(Cc3ccncc3)c2c1,5.0,5.0,5.0,3,bindingdb|chembl|pubchem_confirmatory,0.3,494.599,37.0,enzymatic,False,,none,False,True,True
VJAGXHWZPQRJCY-LJQANCHMSA-N,CCn1c(-c2nc3cc(C(=O)N4CCC[C@@H](N)C4)ccn3c2C)cc2ccc(OC)cc21,6.0,6.0,6.0,3,bindingdb|chembl|pubchem_confirmatory,0.3,431.54,32.0,enzymatic,False,,none,False,True,True
ZRSWZNNDDSCGLH-HSZRJFAPSA-N,Cc1c(-c2cc3ccc(F)cc3n2Cc2ccncc2)nc2cc(C(=O)N3CCC[C@@H](N)C3)ccn12,6.0,6.0,6.0,3,bindingdb|chembl|pubchem_confirmatory,0.3,482.563,36.0,enzymatic,False,,none,False,True,True
XMALKZFIQGDQQZ-HSZRJFAPSA-N,Cc1c(-c2cc3ccc(F)cc3n2Cc2cccnc2)nc2cc(C(=O)N3CCC[C@@H](N)C3)ccn12,6.0,6.0,6.0,3,bindingdb|chembl|pubchem_confirmatory,0.3,482.563,36.0,enzymatic,False,,none,False,True,True
QKXPGIJKSMNGCW-XMMPIXPASA-N,COc1cccc(Cn2c(-c3nc4cc(C(=O)N5CCC[C@@H](N)C5)ccn4c3C)cc3ccc(F)cc32)c1,6.0,6.0,6.0,3,bindingdb|chembl|pubchem_confirmatory,0.3,511.601,38.0,enzymatic,False,,none,False,True,True
GDWLZYCDEIHKCA-XMMPIXPASA-N,COc1ccc(Cn2c(-c3nc4cc(C(=O)N5CCC[C@@H](N)C5)ccn4c3C)cc3ccc(F)cc32)cc1,6.0,6.0,6.0,3,bindingdb|chembl|pubchem_confirmatory,0.3,511.601,38.0,enzymatic,False,,none,False,True,True
ACRAGHMVJLXXBT-LJQANCHMSA-N,CCn1c(-c2nc3cc(C(=O)N4CCC[C@@H](N)C4)ccn3c2C)cc2ccc(F)cc21,6.0,6.0,6.0,3,bindingdb|chembl|pubchem_confirmatory,0.3,419.504,31.0,enzymatic,False,,none,False,True,True
ZMZMUDGRIMKYIH-OAQYLSRUSA-N,Cc1c(-c2cc3ccc(F)cc3n2CC(C)C)nc2cc(C(=O)N3CCC[C@@H](N)C3)ccn12,6.0,6.0,6.0,3,bindingdb|chembl|pubchem_confirmatory,0.3,447.558,33.0,enzymatic,False,,none,False,True,True
GMSNVBJAWDKTDI-HSZRJFAPSA-N,Cc1c(-c2cc3cc(F)ccc3n2Cc2ccncc2)nc2cc(C(=O)N3CCC[C@@H](N)C3)ccn12,6.0,6.0,6.0,3,bindingdb|chembl|pubchem_confirmatory,0.3,482.563,36.0,enzymatic,False,,none,False,True,True
RMRVQSUOJZQBLU-XMMPIXPASA-N,COc1ccc(Cn2c(-c3nc4cc(C(=O)N5CCC[C@@H](N)C5)ccn4c3C)cc3cc(F)ccc32)cc1,6.0,6.0,6.0,3,bindingdb|chembl|pubchem_confirmatory,0.3,511.601,38.0,enzymatic,False,,none,False,True,True
ABCSRFKIUISAFM-XMMPIXPASA-N,Cc1c(-c2cc3cc(F)ccc3n2Cc2ccc(F)cc2)nc2cc(C(=O)N3CCC[C@@H](N)C3)ccn12,6.0,6.0,6.0,3,bindingdb|chembl|pubchem_confirmatory,0.3,499.565,37.0,enzymatic,False,,none,False,True,True
RQLPGYDUCLQRSB-HSZRJFAPSA-N,Cc1c(-c2cc3cccc(Cl)c3n2Cc2ccc(F)cc2)nc2cc(C(=O)N3CCC[C@@H](N)C3)ccn12,6.0,6.0,6.0,3,bindingdb|chembl|pubchem_confirmatory,0.3,516.02,37.0,enzymatic,False,,none,False,True,True
OCXHDUPQYRXKON-OAQYLSRUSA-N,Cc1c(-c2cc3ccccc3n2CC(F)F)nc2cc(C(=O)N3CCC[C@@H](NC(=O)OC(C)(C)C)C3)ccn12,6.0,6.0,6.0,3,bindingdb|chembl|pubchem_confirmatory,0.3,537.611,39.0,enzymatic,False,,none,False,True,True
PZMACZMODJSAQO-JOCHJYFZSA-N,Cc1c(-c2cc3ccccc3n2Cc2ccc(F)cn2)nc2cc(C(=O)N3CCC[C@@H](N)C3)ccn12,6.0,6.0,6.0,3,bindingdb|chembl|pubchem_confirmatory,0.3,482.563,36.0,enzymatic,False,,none,False,True,True
GDYHAHCJTVYMGA-XMMPIXPASA-N,COc1ccc2cc(-c3nc4cc(C(=O)N5CCC[C@@H](N)C5)ccn4c3C)n(Cc3ccc(F)cc3)c2c1,6.0,6.0,6.0,3,bindingdb|chembl|pubchem_confirmatory,0.3,511.601,38.0,enzymatic,False,,none,False,True,True
QYKPJYOALITESI-RUZDIDTESA-N,Cc1c(-c2cc3ccccc3n2Cc2ccc(CO)cc2)nc2cc(C(=O)N3CCC[C@@H](N)C3)ccn12,5.259637310505756,5.259637310505756,5.259637310505756,3,bindingdb|chembl|pubchem_confirmatory,0.3,493.611,37.0,enzymatic,False,,none,False,True,True
YEDJRGQIZTXQCL-OAQYLSRUSA-N,COc1ccc2cc(-c3nc4cc(C(=O)N5CCC[C@@H](N)C5)ccn4c3C)n(CC(C)C)c2c1,6.0,6.0,6.0,3,bindingdb|chembl|pubchem_confirmatory,0.3,459.594,34.0,enzymatic,False,,none,False,True,True
IAQYUGQNGHLQBG-GOSISDBHSA-N,COc1ccc2cc(-c3nc4cc(C(=O)N5CCC[C@@H](N)C5)ccn4c3C)n(CC(F)F)c2c1,6.0,6.0,6.0,3,bindingdb|chembl|pubchem_confirmatory,0.3,467.52,34.0,enzymatic,False,,none,False,True,True
CGFLYLKWJPBWJF-OAQYLSRUSA-N,Cc1c(-c2cc3cc(F)ccc3n2CC(C)C)nc2cc(C(=O)N3CCC[C@@H](N)C3)ccn12,5.259637310505756,5.259637310505756,5.259637310505756,3,bindingdb|chembl|pubchem_confirmatory,0.3,447.558,33.0,enzymatic,False,,none,False,True,True
PDGWGVPNNOJNIQ-HSZRJFAPSA-N,COc1cc(Cn2c(-c3nc4cc(C(=O)N5CCC[C@@H](N)C5)ccn4c3C)cc3ccccc32)ccc1F,6.0,6.0,6.0,3,bindingdb|chembl|pubchem_confirmatory,0.3,511.601,38.0,enzymatic,False,,none,False,True,True
VKVTUYYEKWGNIJ-GSVBYQBUSA-N,Cn1c(-c2cc3ccc(-c4ccc5c(c4)CCC(=O)N5)nc3n2CC2CC2)nc2cc(C(=O)N3C[C@H]4CC[C@@H]3[C@@H]4N)ccc21,7.657577319177793,7.657577319177793,7.657577319177793,3,bindingdb|chembl|pubchem_confirmatory,0.3,585.712,44.0,enzymatic,False,,none,False,True,True
VOSGQSSBVIFKEG-FLVRFYSZSA-N,COc1cc(C(=O)N2C[C@H]3CC[C@@H]2[C@@H]3N)cc2nc(-c3cc4ccc(Oc5ccc(F)nc5)cc4n3CC3CC3)n(C)c12,6.703334809738469,6.703334809738469,6.703334809738469,3,bindingdb|chembl|pubchem_confirmatory,0.3,580.664,43.0,enzymatic,False,,none,False,True,True
QFWBOMMUNUMMHM-ZQSLEGLSSA-N,COc1cc(C(=O)N2C[C@H]3CC[C@@H]2[C@@H]3N)cc2nc(-c3cc4ccc(Sc5ccncc5)nc4n3CC3CC3)n(C)c12,7.187086643357144,7.187086643357144,7.187086643357144,3,bindingdb|chembl|pubchem_confirmatory,0.3,579.73,42.0,enzymatic,False,,none,False,True,True
AALCSHHUTCNKGW-OGSSDNIRSA-N,COc1cc(C(=O)N2C[C@H]3CC[C@@H]2[C@@H]3N)cc2nc(-c3cc4ccc(S(=O)(=O)c5ccncc5)cc4n3CC3CC3)n(C)c12,6.598599459218455,6.598599459218455,6.598599459218455,3,bindingdb|chembl|pubchem_confirmatory,0.3,610.74,44.0,enzymatic,False,,none,False,True,True
UXBOMBJUWPNJKI-VPGDJBLGSA-N,COc1cc(C(=O)N2C[C@H]3CC[C@@H]2[C@@H]3N)cc2nc(-c3cc4ccc(Nc5ccc(O)cc5)nc4n3CC3CC3)n(C)c12,7.0655015487564325,7.0655015487564325,7.0655015487564325,3,bindingdb|chembl|pubchem_confirmatory,0.3,577.689,43.0,enzymatic,False,,none,False,True,True
PPUKWZVMAPMIIE-BCAKYAHRSA-N,COc1cc(C(=O)N2C[C@H]3CC[C@@H]2[C@@H]3N)cc2nc(-c3cc4ccc(C(=O)Nc5ccncc5)cc4n3CC3CC3)n(C)c12,7.045757490560675,7.045757490560675,7.045757490560675,3,bindingdb|chembl|pubchem_confirmatory,0.3,589.7,44.0,enzymatic,False,,none,False,True,True
OVSRNLUQOLEZIE-GGQNZWSISA-N,COc1cc(C(=O)N2C[C@H]3CC[C@@H]2[C@@H]3N)cc2nc(-c3cc4ccc(-c5ccc6c(c5)CCC(=O)N6)nc4n3CC3CC3)n(C)c12,7.585026652029182,7.585026652029182,7.585026652029182,3,bindingdb|chembl|pubchem_confirmatory,0.3,615.738,46.0,enzymatic,False,,none,False,True,True
SRYYBRBDGWKKGU-XZLZDHACSA-N,COc1cc(C(=O)N2C[C@H]3CC[C@@H]2[C@@H]3N)cc2nc(-c3cc4ccc(C5COC5)nc4n3CC3CC3)n(C)c12,7.275724130399211,7.275724130399211,7.275724130399211,3,bindingdb|chembl|pubchem_confirmatory,0.3,526.641,39.0,enzymatic,False,,none,False,True,True
LLDMHMZGFRKOQO-QREUFCTJSA-N,COc1cc(C(=O)N2CC3CCC2[C@@H]3N)cc2nc(-c3cc4ccc(-c5ccncc5)nc4n3CC3CC3)n(C)c12,6.804100347590766,6.804100347590767,6.804100347590767,3,bindingdb|chembl|pubchem_confirmatory,0.3,547.663,41.0,enzymatic,False,,none,False,True,True
DZODHWMEOAQQHL-CXBZOWBPSA-N,COc1cc(-c2ccc3cc(-c4nc5cc(C(=O)N6CC7CCC6[C@@H]7N)cc(OC)c5n4C)n(CC4CC4)c3n2)ccn1,7.050609993355086,7.050609993355087,7.050609993355087,3,bindingdb|chembl|pubchem_confirmatory,0.3,577.689,43.0,enzymatic,False,,none,False,True,True
NFJJITFODSAUIU-STHVYQTBSA-N,COc1cc(C(=O)N2CC3CCC2[C@@H]3N)cc2nc(-c3cc4ccc(-c5cccc(NS(C)(=O)=O)c5)nc4n3CC3CC3)n(C)c12,6.790484985457369,6.790484985457369,6.790484985457369,3,bindingdb|chembl|pubchem_confirmatory,0.3,639.782,46.0,enzymatic,False,,none,False,True,True
QSYIHLAQLBZRSQ-CXBZOWBPSA-N,COC(=O)Nc1ccc(-c2ccc3cc(-c4nc5cc(C(=O)N6CC7CCC6[C@@H]7N)cc(OC)c5n4C)n(CC4CC4)c3n2)cn1,6.931069858923569,6.9310698589235695,6.9310698589235695,3,bindingdb|chembl|pubchem_confirmatory,0.3,620.714,46.0,enzymatic,False,,none,False,True,True
JCPMHIRTLVGLEF-ZHKUBPBOSA-N,COc1cc(C(=O)N2CC3CCC2[C@@H]3N)cc2nc(-c3cc4ccc(-c5ccnn5C)nc4n3CC3CC3)n(C)c12,6.987162775294828,6.987162775294828,6.987162775294828,3,bindingdb|chembl|pubchem_confirmatory,0.3,550.667,41.0,enzymatic,False,,none,False,True,True
UWPKZUACVWNIET-OKOGBZGVSA-N,COc1cc(C(=O)N2CC3CCC2[C@@H]3N)cc2nc(-c3cc4ccc(C5C=CC6=NC(=O)NC6=C5)nc4n3CC3CC3)n(C)c12,6.910094888560602,6.910094888560602,6.910094888560602,1,pubchem_confirmatory,1.0,602.699,45.0,fp_ic50,False,,none,False,False,False
RWPGGKKFOLMMBN-RVRFFIBDSA-N,COc1cc(-c2ccc3cc(-c4nc5cc(C(=O)N6CC7CCC6[C@@H]7N)cc(OC)c5n4C)n(CC4CC4)c3c2)ccn1,7.036212172654444,7.036212172654444,7.036212172654444,3,bindingdb|chembl|pubchem_confirmatory,0.3,576.701,43.0,enzymatic,False,,none,False,True,True
CYFJQTLRLXTQNM-RVRFFIBDSA-N,COc1cc(C(=O)N2CC3CCC2[C@@H]3N)cc2nc(-c3cc4ccc(-c5ccn(C)c(=O)c5)cc4n3CC3CC3)n(C)c12,7.1487416512809245,7.1487416512809245,7.1487416512809245,3,bindingdb|chembl|pubchem_confirmatory,0.3,576.701,43.0,enzymatic,False,,none,False,True,True
MDGLRKHKEFOCSV-TWDLTGNASA-N,COc1cncc(-c2ccc3cc(-c4nc5cc(C(=O)N6CC7CCC6[C@@H]7N)cc(OC)c5n4C)n(CC4CC4)c3c2)c1,6.97469413473523,6.97469413473523,6.97469413473523,3,bindingdb|chembl|pubchem_confirmatory,0.3,576.701,43.0,enzymatic,False,,none,False,True,True
JAFAABVNZXJPKU-CXBZOWBPSA-N,COc1cc(C(=O)N2CC3CCC2[C@@H]3N)cc2nc(-c3cc4ccc(-c5ccnn5C)cc4n3CC3CC3)n(C)c12,7.013228265733755,7.013228265733755,7.013228265733755,3,bindingdb|chembl|pubchem_confirmatory,0.3,549.679,41.0,enzymatic,False,,none,False,True,True
QAUUZDMCCODCHT-RVRFFIBDSA-N,COC(=O)Nc1ccc(-c2ccc3cc(-c4nc5cc(C(=O)N6CC7CCC6[C@@H]7N)cc(OC)c5n4C)n(CC4CC4)c3c2)cn1,6.85078088734462,6.85078088734462,6.85078088734462,3,bindingdb|chembl|pubchem_confirmatory,0.3,619.726,46.0,enzymatic,False,,none,False,True,True
JZENRXFHJUNWKE-CAQIZEMESA-N,COc1cc(C(=O)N2CC3CCC2[C@@H]3N)cc2nc(-c3cc4ccc(-c5c(C)noc5C)cc4n3CC3CC3)n(C)c12,7.040958607678906,7.040958607678906,7.040958607678906,3,bindingdb|chembl|pubchem_confirmatory,0.3,564.69,42.0,enzymatic,False,,none,False,True,True
MAFSLRHKPSMZAH-CXBZOWBPSA-N,COc1cc(C(=O)N2CC3CCC2[C@@H]3N)cc2nc(-c3cc4ccc(-c5cn[nH]c5C)cc4n3CC3CC3)n(C)c12,6.987162775294828,6.987162775294828,6.987162775294828,3,bindingdb|chembl|pubchem_confirmatory,0.3,549.679,41.0,enzymatic,False,,none,False,True,True
ZSXGTWWPEVHLFC-WMXNZVEGSA-N,COc1cc(C(=O)N2CC3CCC2[C@@H]3N)cc2nc(-c3cc4ccc(-c5cccnc5)cc4n3CC3CC3)n(C)c12,6.798602875679549,6.798602875679549,6.798602875679549,3,bindingdb|chembl|pubchem_confirmatory,0.3,546.675,41.0,enzymatic,False,,none,False,True,True
DQVXDNHAQOHBPN-CXBZOWBPSA-N,COc1cc(C(=O)N2CC3CCC2[C@@H]3N)cc2nc(-c3cc4ccc(-c5cnn(C)c5)cc4n3CC3CC3)n(C)c12,6.756961951313706,6.756961951313706,6.756961951313706,3,bindingdb|chembl|pubchem_confirmatory,0.3,549.679,41.0,enzymatic,False,,none,False,True,True
OZNQTZLWBHLBBZ-QMCAYLGFSA-N,COc1cc(C(=O)N2CC3CCC2[C@@H]3N)cc2nc(-c3cc4ccc(-c5cn[nH]c5)cc4n3CC3CC3)n(C)c12,6.75448733218585,6.75448733218585,6.75448733218585,3,bindingdb|chembl|pubchem_confirmatory,0.3,535.652,40.0,enzymatic,False,,none,False,True,True
NVTSBTHHBVUPLA-BTDDGAACSA-N,COc1cc(C(=O)N2CC3CCC2[C@@H]3N)cc2nc(-c3cc4ccc(Oc5cccnc5)cc4n3CC3CC3)n(C)c12,6.92445303860747,6.924453038607469,6.924453038607469,3,bindingdb|chembl|pubchem_confirmatory,0.3,562.674,42.0,enzymatic,False,,none,False,True,True
IPVJJVOGTBSVFD-AXBFEPISSA-N,COCCOC(=O)Nc1cc2c(cn1)cc(-c1nc3cc(C(=O)N4CC5CCC4[C@@H]5N)cc(OC)c3n1C)n2CC1CC1,6.79317412396815,6.79317412396815,6.79317412396815,3,bindingdb|chembl|pubchem_confirmatory,0.3,587.681,43.0,enzymatic,False,,none,False,True,True
XJSJJYHZZXYCGC-BTDDGAACSA-N,COc1cc(C(=O)N2CC3CCC2[C@@H]3N)cc2nc(-c3cc4ccc(Nc5ccncc5)cc4n3CC3CC3)n(C)c12,7.443697499232712,7.443697499232712,7.443697499232712,3,bindingdb|chembl|pubchem_confirmatory,0.3,561.69,42.0,enzymatic,False,,none,False,True,True
CYGMEYMEPPSRPM-XKHRETHESA-N,COc1cc(C(=O)N2CC3CCC2[C@@H]3N)cc2nc(-c3cc4ccc(-c5cnn(CCC(N)=O)c5)cc4n3CC3CC3)n(C)c12,6.935542010773081,6.935542010773082,6.935542010773082,3,bindingdb|chembl|pubchem_confirmatory,0.3,606.731,45.0,enzymatic,False,,none,False,True,True
OBIFXEIAEVYMSB-QMCAYLGFSA-N,COc1cc(C(=O)N2CC3CCC2[C@@H]3N)cc2nc(-c3cc4ccc(-c5ccn[nH]5)cc4n3CC3CC3)n(C)c12,6.872895201635192,6.872895201635192,6.872895201635192,3,bindingdb|chembl|pubchem_confirmatory,0.3,535.652,40.0,enzymatic,False,,none,False,True,True
JKEIYPVKQQIAPG-KCSMBOLQSA-N,COc1cc(C(=O)N2CC3CCC2[C@@H]3N)cc2nc(-c3cc4ccc(-c5ccc(C(=O)NCC(=O)O)cc5)cc4n3CC3CC3)n(C)c12,6.946921556516581,6.94692155651658,6.94692155651658,3,bindingdb|chembl|pubchem_confirmatory,0.3,646.748,48.0,enzymatic,False,,none,False,True,True
NNFATWYPZIORHW-PLNXFPMKSA-N,COc1cc(C(=O)N2CC3CCC2[C@@H]3N)cc2nc(-c3cc4ccc(-c5ccc(C(=O)NCCC(=O)O)cc5)cc4n3CC3CC3)n(C)c12,7.013228265733755,7.013228265733755,7.013228265733755,3,bindingdb|chembl|pubchem_confirmatory,0.3,660.775,49.0,enzymatic,False,,none,False,True,True
ZLMWZEIYGGKKOX-AIHPAZCBSA-N,COc1cc(C(=O)N2CC3CCC2[C@@H]3N)cc2nc(-c3cc4ccc(-c5ccc(C(=O)Nc6ccncc6)cc5)cc4n3CC3CC3)n(C)c12,6.769551078621727,6.769551078621726,6.769551078621726,3,bindingdb|chembl|pubchem_confirmatory,0.3,665.798,50.0,enzymatic,False,,none,False,True,True
OPZPXKMXGDAXRJ-UCDZCMRKSA-N,COc1cc(C(=O)N2CC3CCC2[C@@H]3N)cc2nc(-c3cc4ccc(Nc5cncnc5)cc4n3CC3CC3)n(C)c12,6.97469413473523,6.97469413473523,6.97469413473523,3,bindingdb|chembl|pubchem_confirmatory,0.3,562.678,42.0,enzymatic,False,,none,False,True,True
CVCAJQMCWJLGGX-QMCAYLGFSA-N,COc1cc(C(=O)N2CC3CCC2[C@@H]3N)cc2nc(-c3cc4ccc(Nc5ccncc5)nc4n3CC3CC3)n(C)c12,7.455931955649724,7.455931955649724,7.455931955649724,3,bindingdb|chembl|pubchem_confirmatory,0.3,562.678,42.0,enzymatic,False,,none,False,True,True
XSXWUHQKTVKDNH-MOBAFLLYSA-N,COc1cc(C(=O)N2CC3CCC2[C@@H]3N)cc2nc(-c3cc4ccc(-c5ccc(C(N)=O)cc5)cc4n3CC3CC3)n(C)c12,7.1938200260161125,7.1938200260161125,7.1938200260161125,3,bindingdb|chembl|pubchem_confirmatory,0.3,588.712,44.0,enzymatic,False,,none,False,True,True
CHAOXULOIJTKDO-CAQIZEMESA-N,COc1cc(C(=O)N2CC3CCC2[C@@H]3N)cc2nc(-c3cc4ccc(-c5c(C)n[nH]c5C)cc4n3CC3CC3)n(C)c12,7.086186147616284,7.086186147616283,7.086186147616283,3,bindingdb|chembl|pubchem_confirmatory,0.3,563.706,42.0,enzymatic,False,,none,False,True,True
OOJOSVHHBOLVRI-ZHKUBPBOSA-N,COc1cc(C(=O)N2CC3CCC2[C@@H]3N)cc2nc(-c3cc4ccc(-c5cn[nH]c5C)nc4n3CC3CC3)n(C)c12,7.096910013008056,7.096910013008056,7.096910013008056,3,bindingdb|chembl|pubchem_confirmatory,0.3,550.667,41.0,enzymatic,False,,none,False,True,True
UQWMUUQINIWOPZ-QMCAYLGFSA-N,COc1cc(C(=O)N2CC3CCC2[C@@H]3N)cc2nc(-c3cc4ccc(-c5c(C)noc5C)nc4n3CC3CC3)n(C)c12,6.995678626217358,6.995678626217357,6.995678626217357,3,bindingdb|chembl|pubchem_confirmatory,0.3,565.678,42.0,enzymatic,False,,none,False,True,True
VBSZGLOOYNKPDW-CCWBKVMBSA-N,COc1cncc(-c2ccc3cc(-c4nc5cc(C(=O)N6CC7CCC6[C@@H]7N)cc(OC)c5n4C)n(CC4CC4)c3n2)c1,6.790484985457369,6.790484985457369,6.790484985457369,3,bindingdb|chembl|pubchem_confirmatory,0.3,577.689,43.0,enzymatic,False,,none,False,True,True
LOLOIBSCCWXELP-CXBZOWBPSA-N,COc1cc(C(=O)N2CC3CCC2[C@@H]3N)cc2nc(-c3cc4ccc(-c5ccn(C)c(=O)c5)nc4n3CC3CC3)n(C)c12,6.889410289700751,6.889410289700751,6.889410289700751,3,bindingdb|chembl|pubchem_confirmatory,0.3,577.689,43.0,enzymatic,False,,none,False,True,True
AVPWZIBZCCOITK-QMCAYLGFSA-N,COc1cc(C(=O)N2CC3CCC2[C@@H]3N)cc2nc(-c3cc4ccc(-c5c(C)n[nH]c5C)nc4n3CC3CC3)n(C)c12,7.259637310505756,7.259637310505756,7.259637310505756,3,bindingdb|chembl|pubchem_confirmatory,0.3,564.694,42.0,enzymatic,False,,none,False,True,True
VTXVFGQAOXJREQ-LGYSXGNESA-N,COc1cc(C(=O)N2CC3CCC2[C@@H]3N)cc2nc(-c3cc4ccc(-c5cc[nH]c5)nc4n3CC3CC3)n(C)c12,6.795880017344075,6.795880017344075,6.795880017344075,3,bindingdb|chembl|pubchem_confirmatory,0.3,535.652,40.0,enzymatic,False,,none,False,True,True
LTXZMSIYCXEYPM-VDOBOPNRSA-N,COc1cc(C(=O)N2CC3CCC2[C@@H]3N)cc2nc(-c3cc4ccc(-c5cnc(C#N)nc5)cc4n3CC3CC3)n(C)c12,7.00436480540245,7.00436480540245,7.00436480540245,3,bindingdb|chembl|pubchem_confirmatory,0.3,572.673,43.0,enzymatic,False,,none,False,True,True
UIUWXCXJRGBFRJ-LCRYKWFRSA-N,COc1cc(C(=O)N2CC3CCC2[C@@H]3N)cc2nc(-c3cc4ccc(-c5cnc(C#N)nc5)nc4n3CC3CC3)n(C)c12,6.962573502059375,6.962573502059376,6.962573502059376,3,bindingdb|chembl|pubchem_confirmatory,0.3,573.661,43.0,enzymatic,False,,none,False,True,True
TUYJSEMXVUJKCO-MOELHUNNSA-N,COc1cc(C(=O)N2CC3CCC2[C@@H]3N)cc2nc(-c3cc4ccc(Nc5cnc(C#N)nc5)nc4n3CC3CC3)n(C)c12,6.950781977329818,6.950781977329818,6.950781977329818,3,bindingdb|chembl|pubchem_confirmatory,0.3,588.676,44.0,enzymatic,False,,none,False,True,True
KJDXJRJCHNLQRD-QRHWFVEJSA-N,COc1cc(C(=O)N2CC3CCC2[C@@H]3N)cc2nc(-c3cc4ccc(C5CNC(=O)NC5=O)nc4n3CC3CC3)n(C)c12,7.292429823902063,7.292429823902063,7.292429823902063,1,pubchem_confirmatory,1.0,582.665,43.0,fp_ic50,False,,none,False,False,False
KSXOARYBGIIQNG-YJFOBXNISA-N,CC#CC(=O)Nc1ccc(-c2ccc3cc(-c4nc5cc(C(=O)N6CC7CCC6[C@@H]7N)cc(OC)c5n4C)n(CC4CC4)c3c2)cc1,7.119186407719209,7.119186407719209,7.119186407719209,3,bindingdb|chembl|pubchem_confirmatory,0.3,626.761,47.0,enzymatic,False,,none,False,True,True
WJDVLJPWHOLTNJ-GFXQXFAQSA-N,C=CC(=O)Nc1ccc(-c2ccc3cc(-c4nc5cc(C(=O)N6CC7CCC6[C@@H]7N)cc(OC)c5n4C)n(CC4CC4)c3c2)cc1,6.795880017344075,6.795880017344075,6.795880017344075,3,bindingdb|chembl|pubchem_confirmatory,0.3,614.75,46.0,enzymatic,False,,none,False,True,True
XFGAYELYRHXFLA-JWJBQAENSA-N,COc1cc(C(=O)N2CC3CCC2[C@@H]3N)cc2nc(-c3cc4ccc(Nc5cc(C)nc(C)c5)nc4n3CC3CC3)n(C)c12,7.045757490560675,7.045757490560675,7.045757490560675,3,bindingdb|chembl|pubchem_confirmatory,0.3,590.732,44.0,enzymatic,False,,none,False,True,True
GMGYJQUDYAYQCZ-JCHVILAISA-N,COc1cc(C(=O)N2CC3CCC2[C@@H]3N)cc2nc(-c3cc4ccc(-c5ccnc(C)c5)nc4n3CC3CC3)n(C)c12,6.787812395596042,6.787812395596042,6.787812395596042,3,bindingdb|chembl|pubchem_confirmatory,0.3,561.69,42.0,enzymatic,False,,none,False,True,True
GTIYCIRMQMJJHK-CXBZOWBPSA-N,COc1ccc(-c2ccc3cc(-c4nc5cc(C(=O)N6CC7CCC6[C@@H]7N)cc(OC)c5n4C)n(CC4CC4)c3n2)cn1,6.774690718274137,6.774690718274137,6.774690718274137,3,bindingdb|chembl|pubchem_confirmatory,0.3,577.689,43.0,enzymatic,False,,none,False,True,True
PJRUQHONKKWUMK-CXBZOWBPSA-N,COc1cc(C(=O)N2CC3CCC2[C@@H]3N)cc2nc(-c3cc4ccc(Nc5ccnc(C)c5)nc4n3CC3CC3)n(C)c12,7.7447274948966935,7.7447274948966935,7.7447274948966935,3,bindingdb|chembl|pubchem_confirmatory,0.3,576.705,43.0,enzymatic,False,,none,False,True,True
SNGZWRFTYBDAGE-JCHVILAISA-N,COc1cc(C(=O)N2CC3CCC2[C@@H]3N)cc2nc(-c3cc4ccc(-c5ccc(C(N)=O)cc5)nc4n3CC3CC3)n(C)c12,7.346787486224656,7.346787486224656,7.346787486224656,3,bindingdb|chembl|pubchem_confirmatory,0.3,589.7,44.0,enzymatic,False,,none,False,True,True
AUZJOFVCUZBSHC-QMCAYLGFSA-N,COc1cc(C(=O)N2CC3CCC2[C@@H]3N)cc2nc(-c3cc4ccc(-c5ccc(N)nc5)nc4n3CC3CC3)n(C)c12,7.187086643357144,7.187086643357144,7.187086643357144,3,bindingdb|chembl|pubchem_confirmatory,0.3,562.678,42.0,enzymatic,False,,none,False,True,True
AODMOSBPIMDVSK-ZHKUBPBOSA-N,CNc1ncc(-c2ccc3cc(-c4nc5cc(C(=O)N6CC7CCC6[C@@H]7N)cc(OC)c5n4C)n(CC4CC4)c3n2)cn1,7.1487416512809245,7.1487416512809245,7.1487416512809245,3,bindingdb|chembl|pubchem_confirmatory,0.3,577.693,43.0,enzymatic,False,,none,False,True,True
WMRQVFPYFVIBFY-QZPZUKOXSA-N,COc1cc(C(=O)N2CC3CCC2[C@@H]3N)cc2nc(-c3cc4ccc(-c5ccc(C(N)=O)nc5)nc4n3CC3CC3)n(C)c12,7.337242168318426,7.337242168318426,7.337242168318426,3,bindingdb|chembl|pubchem_confirmatory,0.3,590.688,44.0,enzymatic,False,,none,False,True,True
XYYDQPSSSTUQLO-QZPZUKOXSA-N,COc1cc(C(=O)N2CC3CCC2[C@@H]3N)cc2nc(-c3cc4ccc(-c5ccnc(F)c5C)nc4n3CC3CC3)n(C)c12,7.113509274827518,7.113509274827518,7.113509274827518,3,bindingdb|chembl|pubchem_confirmatory,0.3,579.68,43.0,enzymatic,False,,none,False,True,True
FHABCUKXEKDJPD-CCWBKVMBSA-N,COc1cc(C(=O)N2CC3CCC2[C@@H]3N)cc2nc(-c3cc4ccc(-c5ccc(C(N)=O)c(Cl)c5)nc4n3CC3CC3)n(C)c12,7.113509274827518,7.113509274827518,7.113509274827518,3,bindingdb|chembl|pubchem_confirmatory,0.3,624.145,45.0,enzymatic,False,,none,False,True,True
OXGPRVSRSOQUGY-LCRYKWFRSA-N,COc1cc(C(=O)N2CC3CCC2[C@@H]3N)cc2nc(-c3cc4ccc(Nc5ccncc5Cl)nc4n3CC3CC3)n(C)c12,6.772113295386326,6.772113295386326,6.772113295386326,3,bindingdb|chembl|pubchem_confirmatory,0.3,597.123,43.0,enzymatic,False,,none,False,True,True
JSHPJXQCYTXWHJ-NRSFRHGKSA-N,COc1cc(C(=O)N2CC3CCC2[C@@H]3N)cc2nc(-c3cc4ccc(Nc5ccn(CCO)n5)nc4n3CC3CC3)n(C)c12,6.8297382846050425,6.8297382846050425,6.8297382846050425,3,bindingdb|chembl|pubchem_confirmatory,0.3,595.708,44.0,enzymatic,False,,none,False,True,True
YQZHGPRWGGIIMR-UCDZCMRKSA-N,COC(=O)c1cnccc1Nc1ccc2cc(-c3nc4cc(C(=O)N5CC6CCC5[C@@H]6N)cc(OC)c4n3C)n(CC3CC3)c2n1,7.113509274827518,7.113509274827518,7.113509274827518,3,bindingdb|chembl|pubchem_confirmatory,0.3,620.714,46.0,enzymatic,False,,none,False,True,True
MRVPNXRFTKKSEI-JWJBQAENSA-N,COc1cc(C(=O)N2CC3CCC2[C@@H]3N)cc2nc(-c3cc4ccc(Nc5ccc(C#N)cc5)nc4n3CC3CC3)n(C)c12,6.701146923590294,6.701146923590294,6.701146923590294,3,bindingdb|chembl|pubchem_confirmatory,0.3,586.7,44.0,enzymatic,False,,none,False,True,True
NCGJXHUKPVCETD-WPKRCUIDSA-N,COc1cc(C(=O)N2CC3CCC2[C@@H]3N)cc2nc(-c3cc4ccc(Nc5ccnc(C)c5Cl)nc4n3CC3CC3)n(C)c12,7.229147988357855,7.229147988357855,7.229147988357855,3,bindingdb|chembl|pubchem_confirmatory,0.3,611.15,44.0,enzymatic,False,,none,False,True,True
UOSRJFUZIAGZJB-HIGDUGLOSA-N,COc1cc(C(=O)N2CC3CCC2[C@@H]3N)cc2nc(-c3cc4ccc(Nc5c(C)cncc5C)nc4n3CC3CC3)n(C)c12,7.251811972993799,7.251811972993799,7.251811972993799,3,bindingdb|chembl|pubchem_confirmatory,0.3,590.732,44.0,enzymatic,False,,none,False,True,True
HQZTZOPQNLYVMV-JWJBQAENSA-N,COc1cc(C(=O)N2CC3CCC2[C@@H]3N)cc2nc(-c3cc4ccc(Nc5ccnc(C)c5C)nc4n3CC3CC3)n(C)c12,7.698970004336019,7.698970004336019,7.698970004336019,3,bindingdb|chembl|pubchem_confirmatory,0.3,590.732,44.0,enzymatic,False,,none,False,True,True
TYFKTAFRUSUZDA-CXBZOWBPSA-N,COc1cc(C(=O)N2CC3CCC2[C@@H]3N)cc2nc(-c3cc4ccc(Nc5ccncc5C)nc4n3CC3CC3)n(C)c12,7.698970004336019,7.698970004336019,7.698970004336019,3,bindingdb|chembl|pubchem_confirmatory,0.3,576.705,43.0,enzymatic,False,,none,False,True,True
PASDYUANUBWDMP-LCRYKWFRSA-N,COc1cc(C(=O)N2CC3CCC2[C@@H]3N)cc2nc(-c3cc4ccc(Nc5ccncc5F)nc4n3CC3CC3)n(C)c12,7.267606240177031,7.267606240177031,7.267606240177031,3,bindingdb|chembl|pubchem_confirmatory,0.3,580.668,43.0,enzymatic,False,,none,False,True,True
FKRKLQBOQOROIY-HSZRJFAPSA-N,COc1cc(C(=O)N2CCC[C@@H](N)C2)cc2nc(-c3cc4ccc(Nc5ccnc(C)c5)nc4n3CC3CC3)n(C)c12,7.113509274827518,7.113509274827518,7.113509274827518,3,bindingdb|chembl|pubchem_confirmatory,0.3,564.694,42.0,enzymatic,False,,none,False,True,True
LXVJSPKQXVTNQH-XMMPIXPASA-N,COc1cc(C(=O)N2CCC[C@@H](N)C2)cc2nc(-c3cc4ccc(Nc5ccnc(C)c5C)nc4n3CC3CC3)n(C)c12,7.040958607678906,7.040958607678906,7.040958607678906,3,bindingdb|chembl|pubchem_confirmatory,0.3,578.721,43.0,enzymatic,False,,none,False,True,True
XQTXXZKKQQEXQJ-JOCHJYFZSA-N,COc1cc(C(=O)N2CCC[C@@H](N)C2)cc2nc(-c3cc4ccc(Nc5ccncc5)nc4n3CC3CC3)n(C)c12,7.494850021680094,7.494850021680094,7.494850021680094,3,bindingdb|chembl|pubchem_confirmatory,0.3,550.667,41.0,enzymatic,False,,none,False,True,True
KWPFUYYXEFYSTJ-HSZRJFAPSA-N,COc1cc(C(=O)N2CCC[C@@H](N)C2)cc2nc(-c3cc4ccc(Nc5ccncc5C)nc4n3CC3CC3)n(C)c12,6.903089986991944,6.903089986991944,6.903089986991944,3,bindingdb|chembl|pubchem_confirmatory,0.3,564.694,42.0,enzymatic,False,,none,False,True,True
DJEOINYZPUBZOI-CXBZOWBPSA-N,COc1cc(C(=O)N2CC3CCC2[C@@H]3N)cc2nc(-c3cc4ccc(Nc5ccc(C)nc5)nc4n3CC3CC3)n(C)c12,6.991399828238083,6.991399828238082,6.991399828238082,3,bindingdb|chembl|pubchem_confirmatory,0.3,576.705,43.0,enzymatic,False,,none,False,True,True
XECJCYKKIPPDSU-UCDZCMRKSA-N,COc1cc(C(=O)N2CC3CCC2[C@@H]3N)cc2nc(-c3cc4ccc(Nc5ccnc(C#N)c5)nc4n3CC3CC3)n(C)c12,6.970616222314791,6.97061622231479,6.97061622231479,3,bindingdb|chembl|pubchem_confirmatory,0.3,587.688,44.0,enzymatic,False,,none,False,True,True
JIHNEUQVAGBXJS-CXBZOWBPSA-N,COc1cc(C(=O)N2CC3CCC2[C@@H]3N)cc2nc(-c3cc4ccc(N(C)c5ccncc5)nc4n3CC3CC3)n(C)c12,7.292429823902064,7.292429823902063,7.292429823902063,3,bindingdb|chembl|pubchem_confirmatory,0.3,576.705,43.0,enzymatic,False,,none,False,True,True
NEMDWMDVLDSTHO-UCDZCMRKSA-N,COc1cc(C(=O)N2CC3CCC2[C@@H]3N)cc2nc(-c3cc4ccc(Nc5ccncc5CO)nc4n3CC3CC3)n(C)c12,7.301029995663981,7.301029995663981,7.301029995663981,3,bindingdb|chembl|pubchem_confirmatory,0.3,592.704,44.0,enzymatic,False,,none,False,True,True
UVGMVLLXKYRSQH-XTMOMDIJSA-N,COc1nccc(Nc2ccc3cc(-c4nc5cc(C(=O)N6CC7CCC6[C@@H]7N)cc(OC)c5n4C)n(CC4CC4)c3n2)n1,6.844663962534938,6.844663962534938,6.844663962534938,3,bindingdb|chembl|pubchem_confirmatory,0.3,593.692,44.0,enzymatic,False,,none,False,True,True
AZRWFUXDXQHNGK-YYOKSTDFSA-N,COc1cc(C(=O)N2CC3CCC2[C@@H]3N)cc2nc(-c3cc4ccc(Nc5ccnc(C(C)C)n5)nc4n3CC3CC3)n(C)c12,6.85078088734462,6.85078088734462,6.85078088734462,3,bindingdb|chembl|pubchem_confirmatory,0.3,605.747,45.0,enzymatic,False,,none,False,True,True
FHUKYWREISJWPC-JFCLEEAPSA-N,COc1cc(C(=O)N2CC3CCC2[C@@H]3N)cc2nc(-c3cc4ccc(Nc5cc(N)ncn5)nc4n3CC3CC3)n(C)c12,6.903089986991944,6.903089986991944,6.903089986991944,3,bindingdb|chembl|pubchem_confirmatory,0.3,578.681,43.0,enzymatic,False,,none,False,True,True
UOKIISMNHHOPDY-NRSFRHGKSA-N,COc1cc(C(=O)N2CC3CCC2[C@@H]3N)cc2nc(-c3cc4ccc(Nc5ccnc(C)n5)nc4n3CC3CC3)n(C)c12,6.913640169325252,6.913640169325252,6.913640169325252,3,bindingdb|chembl|pubchem_confirmatory,0.3,577.693,43.0,enzymatic,False,,none,False,True,True
KBQGJDDPUYVNGA-JFCLEEAPSA-N,COc1cc(C(=O)N2CC3CCC2[C@@H]3N)cc2nc(-c3cc4ccc(Nc5cc(=O)[nH]cn5)nc4n3CC3CC3)n(C)c12,7.259637310505756,7.259637310505756,7.259637310505756,3,bindingdb|chembl|pubchem_confirmatory,0.3,579.665,43.0,enzymatic,False,,none,False,True,True
RMDUZWZVFRDCFD-UCDZCMRKSA-N,COc1cc(C(=O)N2CC3CCC2[C@@H]3N)cc2nc(-c3cc4ccc(Nc5ccc(C#N)nc5)nc4n3CC3CC3)n(C)c12,6.863279432843593,6.863279432843593,6.863279432843593,3,bindingdb|chembl|pubchem_confirmatory,0.3,587.688,44.0,enzymatic,False,,none,False,True,True
YITCBNLDNWAOGC-MOELHUNNSA-N,COc1cc(C(=O)N2CC3CCC2[C@@H]3N)cc2nc(-c3cc4ccc(Nc5ccc(N)nc5)nc4n3CC3CC3)n(C)c12,7.040958607678906,7.040958607678906,7.040958607678906,3,bindingdb|chembl|pubchem_confirmatory,0.3,577.693,43.0,enzymatic,False,,none,False,True,True
BJWAMXXUDGJGHC-UCDZCMRKSA-N,COc1cc(C(=O)N2CC3CCC2[C@@H]3N)cc2nc(-c3cc4ccc(Nc5ccc(N)cc5)nc4n3CC3CC3)n(C)c12,7.00436480540245,7.00436480540245,7.00436480540245,3,bindingdb|chembl|pubchem_confirmatory,0.3,576.705,43.0,enzymatic,False,,none,False,True,True
QHXQCACHAKHICI-UCDZCMRKSA-N,COc1cc(C(=O)N2CC3CCC2[C@@H]3N)cc2nc(-c3cc4ccc(Nc5cccc(N)c5)nc4n3CC3CC3)n(C)c12,6.910094888560603,6.910094888560602,6.910094888560602,3,bindingdb|chembl|pubchem_confirmatory,0.3,576.705,43.0,enzymatic,False,,none,False,True,True
BZXQFVGJLJYMSA-CXBZOWBPSA-N,COc1cc(C(=O)N2CC3CCC2[C@@H]3N)cc2nc(-c3cc4ccc(Nc5ccc(C(N)=O)cc5)nc4n3CC3CC3)n(C)c12,7.013228265733755,7.013228265733755,7.013228265733755,3,bindingdb|chembl|pubchem_confirmatory,0.3,604.715,45.0,enzymatic,False,,none,False,True,True
ZSJAAMDQQGGZCX-JCHVILAISA-N,COc1cc(C(=O)N2CC3CCC2[C@@H]3N)cc2nc(-c3cc4ccc(C5=CCN(C)CC5)nc4n3CC3CC3)n(C)c12,6.749579997691105,6.7495799976911055,6.7495799976911055,3,bindingdb|chembl|pubchem_confirmatory,0.3,565.722,42.0,enzymatic,False,,none,False,True,True
IXADKGNVSRARPH-QYHPCCJNSA-N,COc1cc(C(=O)N2CC3CCC2[C@@H]3N)cc2nc(-c3cc4ccc(-c5ccc(-c6nnc(C)o6)cc5)nc4n3CC3CC3)n(C)c12,7.309803919971486,7.309803919971486,7.309803919971486,3,bindingdb|chembl|pubchem_confirmatory,0.3,628.737,47.0,enzymatic,False,,none,False,True,True
AEGMUFLNOHHCDZ-JCHVILAISA-N,COc1cc(C(=O)N2CC3CCC2[C@@H]3N)cc2nc(-c3cc4ccc(-c5ccc(-c6nnc(N)s6)cc5)nc4n3CC3CC3)n(C)c12,7.522878745280337,7.522878745280337,7.522878745280337,3,bindingdb|chembl|pubchem_confirmatory,0.3,645.793,47.0,enzymatic,False,,none,False,True,True
RKLNNGQJROHZOF-GNTVVGMTSA-N,COc1cc(C(=O)N2CC3CCC2[C@@H]3N)cc2nc(-c3cc4ccc(-c5ccc(O)cc5)nc4n3CC3CC3)n(C)c12,7.721246399047171,7.721246399047171,7.721246399047171,3,bindingdb|chembl|pubchem_confirmatory,0.3,562.674,42.0,enzymatic,False,,none,False,True,True
OVKUPCYWVASQOA-GNTVVGMTSA-N,COc1cc(C(=O)N2CC3CCC2[C@@H]3N)cc2nc(-c3cc4ccc(-c5cccc(O)c5)nc4n3CC3CC3)n(C)c12,6.892790030352131,6.892790030352131,6.892790030352131,3,bindingdb|chembl|pubchem_confirmatory,0.3,562.674,42.0,enzymatic,False,,none,False,True,True
ZXBJJIIIEIDKDF-CDNDPLPTSA-N,COc1cc(C(=O)N2CC3CCC2[C@@H]3N)cc2nc(-c3cc4ccc(-c5cccc(CO)c5)nc4n3CC3CC3)n(C)c12,6.962573502059375,6.962573502059376,6.962573502059376,3,bindingdb|chembl|pubchem_confirmatory,0.3,576.701,43.0,enzymatic,False,,none,False,True,True
QKVYSDCHEISRAD-QMCAYLGFSA-N,COc1cc(C(=O)N2CC3CCC2[C@@H]3N)cc2nc(-c3cc4ccc(-c5ccc(=O)[nH]c5)nc4n3CC3CC3)n(C)c12,7.115323926374441,7.00436480540245,7.170803486860438,3,bindingdb|chembl|pubchem_confirmatory,0.3,563.662,42.0,enzymatic,False,,none,False,True,True
WQBKJMLHCGEYDB-CDNDPLPTSA-N,COc1cc(C(=O)N2CC3CCC2[C@@H]3N)cc2nc(-c3cc4ccc(-c5ccc(CO)cc5)nc4n3CC3CC3)n(C)c12,6.950781977329818,6.950781977329818,6.950781977329818,3,bindingdb|chembl|pubchem_confirmatory,0.3,576.701,43.0,enzymatic,False,,none,False,True,True
ANBOZDWGAXFRBM-GNTVVGMTSA-N,COC(=O)c1ccc(-c2ccc3cc(-c4nc5cc(C(=O)N6CC7CCC6[C@@H]7N)cc(OC)c5n4C)n(CC4CC4)c3n2)cn1,7.1249387366083,7.1249387366083,7.1249387366083,3,bindingdb|chembl|pubchem_confirmatory,0.3,605.699,45.0,enzymatic,False,,none,False,True,True
NJOVLWZEFYPNCP-LGYSXGNESA-N,COc1cc(C(=O)N2CC3CCC2[C@@H]3N)cc2nc(-c3cc4ccc(C5=CCNC5)nc4n3CC3CC3)n(C)c12,6.935542010773081,6.935542010773082,6.935542010773082,3,bindingdb|chembl|pubchem_confirmatory,0.3,537.668,40.0,enzymatic,False,,none,False,True,True
DGKJGYNYALJIRF-SGAJGPLNSA-N,C=CS(=O)(=O)Nc1cccc(-c2ccc3cc(-c4nc5cc(C(=O)N6CC7CCC6[C@@H]7N)cc(OC)c5n4C)n(CC4CC4)c3n2)c1,8.0,8.0,8.0,3,bindingdb|chembl|pubchem_confirmatory,0.3,651.793,47.0,enzymatic,True,vinyl_sulfone,none,False,True,True
JFYVYOGTNFXEJG-MANYVHKHSA-N,COc1cc(C(=O)N2CC3CCC2[C@@H]3N)cc2nc(-c3cc4ccc(-c5cccc(C(=O)NCCN(C)C)c5)nc4n3CC3CC3)n(C)c12,7.309803919971486,7.309803919971486,7.309803919971486,3,bindingdb|chembl|pubchem_confirmatory,0.3,660.823,49.0,enzymatic,False,,none,False,True,True
CKGGNOHHVMNMBY-MOELHUNNSA-N,COc1cc(C(=O)N2CC3CCC2[C@@H]3N)cc2nc(-c3cc4ccc(Nc5cc[nH]c(=O)c5)nc4n3CC3CC3)n(C)c12,7.455931955649724,7.455931955649724,7.455931955649724,3,bindingdb|chembl|pubchem_confirmatory,0.3,578.677,43.0,enzymatic,False,,none,False,True,True
AQYVEWLUSZANQR-UCDZCMRKSA-N,COc1cc(C(=O)N2CC3CCC2[C@@H]3N)cc2nc(-c3cc4ccc(Nc5cccc(O)c5)nc4n3CC3CC3)n(C)c12,6.9546946460857955,6.954694646085796,6.954694646085796,3,bindingdb|chembl|pubchem_confirmatory,0.3,577.689,43.0,enzymatic,False,,none,False,True,True
WPRSPUPNBWJCQY-JWJBQAENSA-N,COc1cc(C(=O)N2CC3CCC2[C@@H]3N)cc2nc(-c3cc4ccc(Nc5cc(C)ncc5C)nc4n3CC3CC3)n(C)c12,7.275724130399211,7.275724130399211,7.275724130399211,3,bindingdb|chembl|pubchem_confirmatory,0.3,590.732,44.0,enzymatic,False,,none,False,True,True
JZHOCJAOSJYLMW-BYICHJTDSA-N,COc1cc(C(=O)N2CC3CCC2[C@@H]3N)cc2nc(-c3cc4ccc(Nc5cc(C)ncc5C)cc4n3CC3CC3)n(C)c12,6.920818753952375,6.920818753952375,6.920818753952375,3,bindingdb|chembl|pubchem_confirmatory,0.3,589.744,44.0,enzymatic,False,,none,False,True,True
VOBMJGLLNSFXJJ-GNTVVGMTSA-N,COc1cc(C(=O)N2CC3CCC2[C@@H]3N)cc2nc(-c3cc4ccc(-c5cccc(N)c5)nc4n3CC3CC3)n(C)c12,6.97469413473523,6.97469413473523,6.97469413473523,3,bindingdb|chembl|pubchem_confirmatory,0.3,561.69,42.0,enzymatic,False,,none,False,True,True
SISJIUNOAHDNFN-CDNDPLPTSA-N,COc1cc(C(=O)N2CC3CCC2[C@@H]3N)cc2nc(-c3cc4ccc(-c5ccc(C(=O)NCO)cc5)nc4n3CC3CC3)n(C)c12,7.1938200260161125,7.1938200260161125,7.1938200260161125,3,bindingdb|chembl|pubchem_confirmatory,0.3,619.726,46.0,enzymatic,False,,none,False,True,True
DYIOKVJIADHXSW-UCDZCMRKSA-N,COc1cc(C(=O)N2CC3CCC2[C@@H]3N)cc2nc(-c3cc4ccc(Nc5ccnc(CO)c5)nc4n3CC3CC3)n(C)c12,7.823908740944319,7.823908740944319,7.823908740944319,3,bindingdb|chembl|pubchem_confirmatory,0.3,592.704,44.0,enzymatic,False,,none,False,True,True
FXXSTXFISOOSPG-GNTVVGMTSA-N,COc1cc(C(=O)N2CC3CCC2[C@@H]3N)cc2nc(-c3cc4ccc(-c5ccc(CO)nc5)nc4n3CC3CC3)n(C)c12,7.259637310505756,7.259637310505756,7.259637310505756,3,bindingdb|chembl|pubchem_confirmatory,0.3,577.689,43.0,enzymatic,False,,none,False,True,True
WQNCRDJMLQSQCQ-UCDZCMRKSA-N,COc1cc(C(=O)N2CC3CCC2[C@@H]3N)cc2nc(-c3cc4ccc(-c5ccc(O)c(F)c5)nc4n3CC3CC3)n(C)c12,7.376750709602099,7.376750709602099,7.376750709602099,3,bindingdb|chembl|pubchem_confirmatory,0.3,580.664,43.0,enzymatic,False,,none,False,True,True
PXZNCRDFWANNQW-STHVYQTBSA-N,COc1ccc(-c2ccc3cc(-c4nc5cc(C(=O)N6CC7CCC6[C@@H]7N)cc(OC)c5n4C)n(CC4CC4)c3n2)cc1,7.173925197299173,7.173925197299173,7.173925197299173,3,bindingdb|chembl|pubchem_confirmatory,0.3,576.701,43.0,enzymatic,False,,none,False,True,True
NMDHUPBWDLBTIY-QYHPCCJNSA-N,COc1cc(C(=O)N2CC3CCC2[C@@H]3N)cc2nc(-c3cc4ccc(-c5ccc(C(=O)N(C)C)cc5)nc4n3CC3CC3)n(C)c12,7.4089353929735005,7.4089353929735005,7.4089353929735005,3,bindingdb|chembl|pubchem_confirmatory,0.3,617.754,46.0,enzymatic,False,,none,False,True,True
TZPKGQDKWPGOGH-VDOBOPNRSA-N,COc1cc(-c2ccc3cc(-c4nc5cc(C(=O)N6CC7CCC6[C@@H]7N)cc(OC)c5n4C)n(CC4CC4)c3n2)ccc1O,7.4685210829577455,7.468521082957745,7.468521082957745,3,bindingdb|chembl|pubchem_confirmatory,0.3,592.7,44.0,enzymatic,False,,none,False,True,True
QHSMRYISOOYAKE-UCDZCMRKSA-N,COc1cc(C(=O)N2CC3CCC2[C@@H]3N)cc2nc(-c3cc4ccc(-c5ccc(O)c(Cl)c5)nc4n3CC3CC3)n(C)c12,7.181255135243745,7.181255135243745,7.181255135243745,3,bindingdb|chembl|pubchem_confirmatory,0.3,597.119,43.0,enzymatic,False,,none,False,True,True
SUTZESLZZKRTBS-GNTVVGMTSA-N,COc1cc(C(=O)N2CC3CCC2[C@@H]3N)cc2nc(-c3cc4ccc(-c5cnn(C(C)C)c5)nc4n3CC3CC3)n(C)c12,7.236572006437062,7.236572006437063,7.236572006437063,3,bindingdb|chembl|pubchem_confirmatory,0.3,578.721,43.0,enzymatic,False,,none,False,True,True
CTLVSRGXPJVXLD-STHVYQTBSA-N,COc1cc(C(=O)N2CC3CCC2[C@@H]3N)cc2nc(-c3cc4ccc(-c5ccn(CC(C)C)n5)nc4n3CC3CC3)n(C)c12,7.080921907623927,7.080921907623926,7.080921907623926,3,bindingdb|chembl|pubchem_confirmatory,0.3,592.748,44.0,enzymatic,False,,none,False,True,True
ZKABKONTYQYDFJ-STHVYQTBSA-N,COc1cc(C(=O)N2CC3CCC2[C@@H]3N)cc2nc(-c3cc4ccc(-c5ccc(C(=O)N(C)C)nc5)nc4n3CC3CC3)n(C)c12,7.522878745280337,7.522878745280337,7.522878745280337,3,bindingdb|chembl|pubchem_confirmatory,0.3,618.742,46.0,enzymatic,False,,none,False,True,True
OXZSGUHAEZREAM-UCDZCMRKSA-N,COC(=O)c1ccc(Nc2ccc3cc(-c4nc5cc(C(=O)N6CC7CCC6[C@@H]7N)cc(OC)c5n4C)n(CC4CC4)c3n2)cn1,7.275724130399211,7.275724130399211,7.275724130399211,3,bindingdb|chembl|pubchem_confirmatory,0.3,620.714,46.0,enzymatic,False,,none,False,True,True
QJVMYSGTPDHYSH-ZVHXTAQDSA-N,C=C1CCN(c2cccc(-c3ccc4cc(-c5nc6cc(C(=O)N7CC8CCC7[C@@H]8N)cc(OC)c6n5C)n(CC5CC5)c4n3)c2)C1=O,7.236572006437062,7.236572006437063,7.236572006437063,3,bindingdb|chembl|pubchem_confirmatory,0.3,641.776,48.0,enzymatic,False,,none,False,True,True
QZSNUROVIYECHR-WKNZRQKGSA-N,C=CC(=O)N(C)c1cccc(-c2ccc3cc(-c4nc5cc(C(=O)N6CC7CCC6[C@@H]7N)cc(OC)c5n4C)n(CC4CC4)c3n2)c1C,7.130768280269024,7.130768280269024,7.130768280269024,3,bindingdb|chembl|pubchem_confirmatory,0.3,643.792,48.0,enzymatic,False,,none,False,True,True
BRUGVRPTXWEKIC-FWMJEQCYSA-N,COc1cc(C(=O)N2CC3CCC2[C@@H]3N)cc2nc(-c3cc4ccc(-c5cccc(NC(=O)C=C(C)C)c5C)nc4n3CC3CC3)n(C)c12,7.3872161432802645,7.3872161432802645,7.3872161432802645,2,chembl|pubchem_confirmatory,0.7,657.819,49.0,enzymatic,False,,none,False,True,True
UGWYVPVGRAXTPH-GFXQXFAQSA-N,C=CC(=O)Nc1cccc(-c2ccc3cc(-c4nc5cc(C(=O)N6CC7CCC6[C@@H]7N)cc(OC)c5n4C)n(CC4CC4)c3c2)c1,7.481486060122112,7.481486060122112,7.481486060122112,3,bindingdb|chembl|pubchem_confirmatory,0.3,614.75,46.0,enzymatic,False,,none,False,True,True
BTTGZHUZCIYSPU-LYLGLVRWSA-N,C=CS(=O)(=O)N(C)c1cccc(-c2ccc3cc(-c4nc5cc(C(=O)N6CC7CCC6[C@@H]7N)cc(OC)c5n4C)n(CC4CC4)c3n2)c1F,7.096910013008056,7.096910013008056,7.096910013008056,3,bindingdb|chembl|pubchem_confirmatory,0.3,683.81,49.0,enzymatic,True,vinyl_sulfone,none,False,True,True
YRWXMWBBTJFXST-VONPHLAZSA-N,C=C1CCN(c2cccc(-c3ccc4cc(-c5nc6cc(C(=O)N7CC8CCC7[C@@H]8N)cc(OC)c6n5C)n(CC5CC5)c4c3)c2)C1=O,6.958607314841775,6.958607314841775,6.958607314841775,3,bindingdb|chembl|pubchem_confirmatory,0.3,640.788,48.0,enzymatic,False,,none,False,True,True
MGWCGBQGLLCLPL-YJFOBXNISA-N,C=CC(=O)N(C)c1cccc(-c2ccc3cc(-c4nc5cc(C(=O)N6CC7CCC6[C@@H]7N)cc(OC)c5n4C)n(CC4CC4)c3c2)c1,7.113509274827518,7.113509274827518,7.113509274827518,3,bindingdb|chembl|pubchem_confirmatory,0.3,628.777,47.0,enzymatic,False,,none,False,True,True
WRRISOAPWUFJDO-BYICHJTDSA-N,COc1cc(C(=O)N2CC3CCC2[C@@H]3N)cc2nc(-c3cc4ccc(-c5ccc6c(c5)CNC6=O)cc4n3CC3CC3)n(C)c12,7.7447274948966935,7.7447274948966935,7.7447274948966935,3,bindingdb|chembl|pubchem_confirmatory,0.3,600.723,45.0,enzymatic,False,,none,False,True,True
UTJJZCTYKITQHX-RVRFFIBDSA-N,COc1cc(C(=O)N2CC3CCC2[C@@H]3N)cc2nc(-c3cc4ccc(-c5ccc(SC)nc5)cc4n3CC3CC3)n(C)c12,7.387216143280265,7.3872161432802645,7.3872161432802645,3,bindingdb|chembl|pubchem_confirmatory,0.3,592.769,43.0,enzymatic,False,,none,False,True,True
RZDGWMUIIPFQLB-MOBAFLLYSA-N,COc1cc(C(=O)N2CC3CCC2[C@@H]3N)cc2nc(-c3cc4ccc(-c5cccc(C(=O)O)c5)cc4n3CC3CC3)n(C)c12,6.991399828238083,6.991399828238082,6.991399828238082,3,bindingdb|chembl|pubchem_confirmatory,0.3,589.696,44.0,enzymatic,False,,none,False,True,True
CUTWWUXGKOAWLG-LLNLAZGKSA-N,CCOC(=O)c1cc2cc(-c3ccc4cc(-c5nc6cc(C(=O)N7CC8CCC7[C@@H]8N)cc(OC)c6n5C)n(CC5CC5)c4n3)ccc2[nH]1,6.8297382846050425,6.8297382846050425,6.8297382846050425,3,bindingdb|chembl|pubchem_confirmatory,0.3,657.775,49.0,enzymatic,False,,none,False,True,True
QEENIWFDMBGDGZ-CXBZOWBPSA-N,COc1cc(C(=O)N2CC3CCC2[C@@H]3N)cc2nc(-c3cc4ccc(-c5ccc(S(C)(=O)=O)nc5)nc4n3CC3CC3)n(C)c12,7.337242168318426,7.337242168318426,7.337242168318426,3,bindingdb|chembl|pubchem_confirmatory,0.3,625.755,45.0,enzymatic,False,,none,False,True,True
RBKLIUIWWDHLKH-XBPDSQQVSA-N,COCCOC(=O)Nc1ccc(-c2ccc3cc(-c4nc5cc(C(=O)N6CC7CCC6[C@@H]7N)cc(OC)c5n4C)n(CC4CC4)c3n2)cn1,7.301029995663981,7.301029995663981,7.301029995663981,3,bindingdb|chembl|pubchem_confirmatory,0.3,664.767,49.0,enzymatic,False,,none,False,True,True
VBAYQQKUNQPSPH-CRLCSLCLSA-N,COc1cc(C(=O)N2CC3CCC2[C@@H]3N)cc2nc(-c3cc4ccc(-c5ccc6c(c5)CNC6=O)nc4n3CC3CC3)n(C)c12,7.795880017344075,7.795880017344075,7.795880017344075,3,bindingdb|chembl|pubchem_confirmatory,0.3,601.711,45.0,enzymatic,False,,none,False,True,True
IFXVSEZMBAULFI-CXBZOWBPSA-N,COc1cc(C(=O)N2CC3CCC2[C@@H]3N)cc2nc(-c3cc4ccc(-c5c(C)nn(C)c5C)nc4n3CC3CC3)n(C)c12,7.455931955649724,7.455931955649724,7.455931955649724,3,bindingdb|chembl|pubchem_confirmatory,0.3,578.721,43.0,enzymatic,False,,none,False,True,True
VNOXHYFBCPBVNN-QZPZUKOXSA-N,COc1cc(C(=O)N2CC3CCC2[C@@H]3N)cc2nc(-c3cc4ccc(-c5cn(C)nc5C)nc4n3CC3CC3)n(C)c12,7.031517051446065,7.031517051446065,7.031517051446065,3,bindingdb|chembl|pubchem_confirmatory,0.3,564.694,42.0,enzymatic,False,,none,False,True,True
NQLMFDAPOICOPB-CCWBKVMBSA-N,COc1cc(C(=O)N2CC3CCC2[C@@H]3N)cc2nc(-c3cc4ccc(-c5cnn(C6CC6)c5)nc4n3CC3CC3)n(C)c12,6.946921556516581,6.94692155651658,6.94692155651658,3,bindingdb|chembl|pubchem_confirmatory,0.3,576.705,43.0,enzymatic,False,,none,False,True,True
UTKKNIQJEBWKCD-CDNDPLPTSA-N,COc1cc(C(=O)N2CC3CCC2[C@@H]3N)cc2nc(-c3cc4ccc(-c5ccc(CN)cc5)nc4n3CC3CC3)n(C)c12,7.494850021680094,7.494850021680094,7.494850021680094,3,bindingdb|chembl|pubchem_confirmatory,0.3,575.717,43.0,enzymatic,False,,none,False,True,True
SIUYVVKSTKTRLF-WZVKSPBRSA-N,COc1cc(C(=O)N2CC3CCC2[C@@H]3N)cc2nc(-c3cc4ccc(-c5ccc6c(c5)NCCC6)nc4n3CC3CC3)n(C)c12,6.844663962534938,6.844663962534938,6.844663962534938,3,bindingdb|chembl|pubchem_confirmatory,0.3,601.755,45.0,enzymatic,False,,none,False,True,True
YDGDWXYCZZBFND-GNTVVGMTSA-N,COc1cc(C(=O)N2CC3CCC2[C@@H]3N)cc2nc(-c3cc4ccc(-c5cnc6[nH]ccc6c5)nc4n3CC3CC3)n(C)c12,6.79317412396815,6.79317412396815,6.79317412396815,3,bindingdb|chembl|pubchem_confirmatory,0.3,586.7,44.0,enzymatic,False,,none,False,True,True
SCUGDFRJTYZDRU-WZVKSPBRSA-N,COc1cc(C(=O)N2CC3CCC2[C@@H]3N)cc2nc(-c3cc4ccc(-c5ccc6c(ccn6C)c5)nc4n3CC3CC3)n(C)c12,7.180456064458131,7.180456064458131,7.180456064458131,3,bindingdb|chembl|pubchem_confirmatory,0.3,599.739,45.0,enzymatic,False,,none,False,True,True
RWCSICUFIJOTFM-WZVKSPBRSA-N,C=C(C)C(=O)Nc1cccc(-c2ccc3cc(-c4nc5cc(C(=O)N6CC7CCC6[C@@H]7N)cc(OC)c5n4C)n(CC4CC4)c3n2)c1,6.7258421507363195,6.7258421507363195,6.7258421507363195,3,bindingdb|chembl|pubchem_confirmatory,0.3,629.765,47.0,enzymatic,False,,none,False,True,True
DSFPUEHAXRRRDR-CRLCSLCLSA-N,COc1cc(C(=O)N2CC3CCC2[C@@H]3N)cc2nc(-c3cc4ccc(-c5ccc6[nH]ncc6c5)nc4n3CC3CC3)n(C)c12,7.136677139879544,7.136677139879544,7.136677139879544,3,bindingdb|chembl|pubchem_confirmatory,0.3,586.7,44.0,enzymatic,False,,none,False,True,True
ZJDWUSCAQWPRJW-WHJRKYDLSA-N,COc1cc(C(=O)N2CC3CCC2[C@@H]3N)cc2nc(-c3cc4ccc(Nc5cnc(C(N)=O)nc5)nc4n3CC3CC3)n(C)c12,7.356547323513812,7.356547323513812,7.356547323513812,3,bindingdb|chembl|pubchem_confirmatory,0.3,606.691,45.0,enzymatic,False,,none,False,True,True
AQINLOOQAXAJHV-QMCAYLGFSA-N,COc1cc(C(=O)N2CC3CCC2[C@@H]3N)cc2nc(-c3cc4ccc(-c5cnc(C(N)=O)nc5)cc4n3CC3CC3)n(C)c12,7.568636235841012,7.568636235841012,7.568636235841012,3,bindingdb|chembl|pubchem_confirmatory,0.3,590.688,44.0,enzymatic,False,,none,False,True,True
QTWUFMGEELXPTQ-KUVLNDGKSA-N,COc1cc(C(=O)N2CC3CCC2[C@@H]3N)cc2nc(-c3cc4ccc(Nc5ccc6c(c5)nc(CO)n6C)nc4n3CC3CC3)n(C)c12,6.866461091629783,6.866461091629782,6.866461091629782,3,bindingdb|chembl|pubchem_confirmatory,0.3,645.768,48.0,enzymatic,False,,none,False,True,True
OJLFUWZBYIXXPM-GOJCXORZSA-N,COc1cc(C(=O)N2CC3CCC2[C@@H]3N)cc2nc(-c3cc4ccc(Nc5ccc6[nH]c(=O)oc6c5)nc4n3CC3CC3)n(C)c12,7.356547323513812,7.356547323513812,7.356547323513812,3,bindingdb|chembl|pubchem_confirmatory,0.3,618.698,46.0,enzymatic,False,,none,False,True,True
CFGQNPONFGDWHH-NYESITDKSA-N,COc1cc(C(=O)N2CC3CCC2[C@@H]3N)cc2nc(-c3cc4ccc(Nc5ccc6c(c5)CNC6=O)nc4n3CC3CC3)n(C)c12,7.619788758288394,7.619788758288394,7.619788758288394,3,bindingdb|chembl|pubchem_confirmatory,0.3,616.726,46.0,enzymatic,False,,none,False,True,True
CKKGVRBRHDHZEH-TWDLTGNASA-N,COc1cc(C(=O)N2CC3CCC2[C@@H]3N)cc2nc(-c3cc4ccc(Nc5ccc6c(c5)C(=O)N(C)C6)nc4n3CC3CC3)n(C)c12,7.161150909262744,7.161150909262744,7.161150909262744,3,bindingdb|chembl|pubchem_confirmatory,0.3,630.753,47.0,enzymatic,False,,none,False,True,True
AJKQQQBHZVUAFQ-SGAJGPLNSA-N,COc1cc(C(=O)N2CC3CCC2[C@@H]3N)cc2nc(-c3cc4ccc(-c5ccc6c(c5)CCNC6=O)nc4n3CC3CC3)n(C)c12,7.638272163982407,7.638272163982407,7.638272163982407,3,bindingdb|chembl|pubchem_confirmatory,0.3,615.738,46.0,enzymatic,False,,none,False,True,True
ZRBLDZJEAKNZPG-XBPDSQQVSA-N,COc1cc(C(=O)N2CC3CCC2[C@@H]3N)cc2nc(-c3cc4ccc(-c5ccc6occc6c5)nc4n3CC3CC3)n(C)c12,6.8297382846050425,6.8297382846050425,6.8297382846050425,3,bindingdb|chembl|pubchem_confirmatory,0.3,586.696,44.0,enzymatic,False,,none,False,True,True
IABQTQAIXOVJFU-YLBOGKAESA-N,COc1cc(C(=O)N2CC3CCC2[C@@H]3N)cc2nc(-c3cc4ccc(-c5ccc6c(c5)CC(=O)N6)nc4n3CC3CC3)n(C)c12,7.512054431799104,7.512054431799104,7.512054431799104,3,bindingdb|chembl|pubchem_confirmatory,0.3,601.711,45.0,enzymatic,False,,none,False,True,True
YOOIOHGUTVMABZ-YXDIFBQUSA-N,COc1cc(C(=O)N2CC3CCC2[C@@H]3N)cc2nc(-c3cc4ccc(-c5ccc(C(C)O)cc5)nc4n3CC3CC3)n(C)c12,6.826813731587726,6.826813731587726,6.826813731587726,3,bindingdb|chembl|pubchem_confirmatory,0.3,590.728,44.0,enzymatic,False,,none,False,True,True
RGTFQUSSGOKNRJ-XBPDSQQVSA-N,COc1cc(C(=O)N2CC3CCC2[C@@H]3N)cc2nc(-c3cc4ccc(-c5ccc6c(c5)CCO6)nc4n3CC3CC3)n(C)c12,7.013228265733755,7.013228265733755,7.013228265733755,3,bindingdb|chembl|pubchem_confirmatory,0.3,588.712,44.0,enzymatic,False,,none,False,True,True
GIFWSFBAVKCKLC-CRLCSLCLSA-N,COc1cc(C(=O)N2CC3CCC2[C@@H]3N)cc2nc(-c3cc4ccc(-c5ccc6c(c5)C(=O)OC6)nc4n3CC3CC3)n(C)c12,7.552841968657781,7.552841968657781,7.552841968657781,3,bindingdb|chembl|pubchem_confirmatory,0.3,602.695,45.0,enzymatic,False,,none,False,True,True
OGGIVJQEUXVQLS-SGAJGPLNSA-N,COc1cc(C(=O)N2CC3CCC2[C@@H]3N)cc2nc(-c3cc4ccc(-c5ccc6c(c5)C(=O)N(C)C6)nc4n3CC3CC3)n(C)c12,7.236572006437062,7.236572006437063,7.236572006437063,3,bindingdb|chembl|pubchem_confirmatory,0.3,615.738,46.0,enzymatic,False,,none,False,True,True
RYVBHJXRSWBAGJ-STHVYQTBSA-N,COc1cc(C(=O)N2CC3CCC2[C@@H]3N)cc2nc(-c3cc4ccc(-c5ccc6c(c5)C(=O)NC6)nc4n3CC3CC3)n(C)c12,7.79251332601459,7.792513326014591,7.792513326014591,3,bindingdb|chembl|pubchem_confirmatory,0.3,601.711,45.0,enzymatic,False,,none,False,True,True
OKKNAUCMBJPLKF-ZVHXTAQDSA-N,COc1cc(C(=O)N2CC3CCC2[C@@H]3N)cc2nc(-c3cc4ccc(-c5ccc(NC(=O)OCC6CC6)cc5)nc4n3CC3CC3)n(C)c12,6.718966632752273,6.718966632752272,6.718966632752272,3,bindingdb|chembl|pubchem_confirmatory,0.3,659.791,49.0,enzymatic,False,,none,False,True,True
RRMQJWYPRSRVBS-XKHRETHESA-N,COc1cc(C(=O)N2CC3CCC2[C@@H]3N)cc2nc(-c3cc4ccc(-c5ccc6c(c5)OCCO6)nc4n3CC3CC3)n(C)c12,7.161150909262744,7.161150909262744,7.161150909262744,3,bindingdb|chembl|pubchem_confirmatory,0.3,604.711,45.0,enzymatic,False,,none,False,True,True
ANYDFCLXDPDQFX-SGAJGPLNSA-N,CCS(=O)(=O)c1ccc(-c2ccc3cc(-c4nc5cc(C(=O)N6CC7CCC6[C@@H]7N)cc(OC)c5n4C)n(CC4CC4)c3n2)cc1,7.167491087293764,7.167491087293763,7.167491087293763,3,bindingdb|chembl|pubchem_confirmatory,0.3,638.794,46.0,enzymatic,False,,none,False,True,True
JMIOFHGPMWCDBP-QBCDJPLPSA-N,COc1c2c(cc3nc(-c4cc5ccc(-c6ccc(C7NC(=O)NC7=O)cc6)nc5n4CC4CC4)n(C)c13)C(=O)N1C(C2)C2CCC1[C@@H]2N,6.8124792791635365,6.8124792791635365,6.8124792791635365,3,bindingdb|chembl|pubchem_confirmatory,0.3,656.747,49.0,enzymatic,False,,none,False,True,True
ZTASIGGLAQXEQS-TWDLTGNASA-N,COc1cc(C(=O)N2CC3CCC2[C@@H]3N)cc2nc(-c3cc4ccc(-c5ccc6c(c5)NC(=O)C6)nc4n3CC3CC3)n(C)c12,6.856985199745904,6.856985199745905,6.856985199745905,3,bindingdb|chembl|pubchem_confirmatory,0.3,601.711,45.0,enzymatic,False,,none,False,True,True
ZYSARJPKHKKFLA-RDMIVRQXSA-N,COC(=O)c1ncc(Nc2ccc3cc(-c4nc5cc(C(=O)N6CC7CCC6[C@@H]7N)cc(OC)c5n4C)n(CC4CC4)c3n2)cn1,6.844663962534938,6.844663962534938,6.844663962534938,3,bindingdb|chembl|pubchem_confirmatory,0.3,621.702,46.0,enzymatic,False,,none,False,True,True
GWINBZFGLMZTNY-OCDODTDCSA-N,COc1cc(C(=O)N2CC3CCC2[C@@H]3N)cc2nc(-c3cc4ccc(Nc5ccc6c(c5)N(C(C)=O)CC6)nc4n3CC3CC3)n(C)c12,6.7423214251308154,6.7423214251308154,6.7423214251308154,3,bindingdb|chembl|pubchem_confirmatory,0.3,644.78,48.0,enzymatic,False,,none,False,True,True
UMAXDXLQZSYRHA-WPKRCUIDSA-N,COc1cc(C(=O)N2CC3CCC2[C@@H]3N)cc2nc(-c3cc4ccc(N5CCNCC5=O)cc4n3CC3CC3)n(C)c12,6.787812395596042,6.787812395596042,6.787812395596042,3,bindingdb|chembl|pubchem_confirmatory,0.3,567.694,42.0,enzymatic,False,,none,False,True,True
ICHOUCOWZHENPS-RXEARMEOSA-N,COC(=O)Nc1ccc(-c2ccc3cc(-c4nc5cc(C(=O)N6CC7CCC6[C@@H]7N)cc(OC)c5n4C)n(CC4CC4)c3n2)c(C)c1,7.6020599913279625,7.6020599913279625,7.6020599913279625,3,bindingdb|chembl|pubchem_confirmatory,0.3,633.753,47.0,enzymatic,False,,none,False,True,True
QDXJEDGMSJOFRD-GNTVVGMTSA-N,COc1cc(C(=O)N2CC3CCC2[C@@H]3N)cc2nc(-c3cc4ccc(-c5ccc(NC(N)=O)cc5)nc4n3CC3CC3)n(C)c12,7.251811972993799,7.251811972993799,7.251811972993799,3,bindingdb|chembl|pubchem_confirmatory,0.3,604.715,45.0,enzymatic,False,,none,False,True,True
UFWQFQVXMLYUGJ-JCHVILAISA-N,COc1cc(C(=O)N2CC3CCC2[C@@H]3N)cc2nc(-c3cc4ccc(-c5cccc(C(N)=O)c5)nc4n3CC3CC3)n(C)c12,6.835647144215563,6.835647144215563,6.835647144215563,3,bindingdb|chembl|pubchem_confirmatory,0.3,589.7,44.0,enzymatic,False,,none,False,True,True
HUMNMFMARBMGMO-CDNDPLPTSA-N,CNC(=O)c1cccc(-c2ccc3cc(-c4nc5cc(C(=O)N6CC7CCC6[C@@H]7N)cc(OC)c5n4C)n(CC4CC4)c3n2)c1,7.036212172654444,7.036212172654444,7.036212172654444,3,bindingdb|chembl|pubchem_confirmatory,0.3,603.727,45.0,enzymatic,False,,none,False,True,True
NXKRKACLNJFLBY-QYHPCCJNSA-N,COc1cc(C(=O)N2CC3CCC2[C@@H]3N)cc2nc(-c3cc4ccc(-c5cccc(C(=O)N(C)C)c5)nc4n3CC3CC3)n(C)c12,6.950781977329818,6.950781977329818,6.950781977329818,3,bindingdb|chembl|pubchem_confirmatory,0.3,617.754,46.0,enzymatic,False,,none,False,True,True
MVDGGDKFZXKJNP-YLBOGKAESA-N,COc1cccc(-c2ccc3cc(-c4nc5cc(C(=O)N6CC7CCC6[C@@H]7N)cc(OC)c5n4C)n(CC4CC4)c3n2)c1CO,7.221848749616356,7.221848749616356,7.221848749616356,3,bindingdb|chembl|pubchem_confirmatory,0.3,606.727,45.0,enzymatic,False,,none,False,True,True
BWTBYTFLDISNFI-WFNCXJDMSA-N,COc1cc(C(=O)N2CC3CCC2[C@@H]3N)cc2nc(-c3cc4ccc(-c5cc(F)c(O)c(F)c5)nc4n3CC3CC3)n(C)c12,7.4089353929735005,7.4089353929735005,7.4089353929735005,3,bindingdb|chembl|pubchem_confirmatory,0.3,598.654,44.0,enzymatic,False,,none,False,True,True
SKAYGHXWEBIXKT-NYESITDKSA-N,COc1cc(C(=O)N2CC3CCC2[C@@H]3N)cc2nc(-c3cc4ccc(-c5cc(F)c(O)c(F)c5)cc4n3CC3CC3)n(C)c12,7.6020599913279625,7.6020599913279625,7.6020599913279625,3,bindingdb|chembl|pubchem_confirmatory,0.3,597.666,44.0,enzymatic,False,,none,False,True,True
LGFUASNJOMTCJE-XKHRETHESA-N,COc1cc(C(=O)N2CC3CCC2[C@@H]3N)cc2nc(-c3cc4ccc(-c5ccc(O)c(Cl)c5)cc4n3CC3CC3)n(C)c12,7.0915149811213505,7.0915149811213505,7.0915149811213505,3,bindingdb|chembl|pubchem_confirmatory,0.3,596.131,43.0,enzymatic,False,,none,False,True,True
BKHDTXBOLKXVNC-FKGNFIDKSA-N,COc1cc(C(=O)N2CC3CCC2[C@@H]3N)cc2nc(-c3cc4ccc(Nc5ccc6c(c5)CCC(=O)N6)nc4n3CC3CC3)n(C)c12,6.7423214251308154,6.7423214251308154,6.7423214251308154,3,bindingdb|chembl|pubchem_confirmatory,0.3,630.753,47.0,enzymatic,False,,none,False,True,True
BPPOPKSURNVIQC-JQODSXCXSA-N,COc1ccc(-c2ccc3cc(-c4nc5cc(C(=O)N6CC7CCC6[C@@H]7N)cc(OC)c5n4C)n(CC4CC4)c3n2)c(CO)c1,7.200659450546418,7.200659450546418,7.200659450546418,3,bindingdb|chembl|pubchem_confirmatory,0.3,606.727,45.0,enzymatic,False,,none,False,True,True
MTBCJWLKCKFXBW-CCWBKVMBSA-N,COc1cc(C(=O)N2CC3CCC2[C@@H]3N)cc2nc(-c3cc4ccc(-c5ccc(N)c(F)c5)nc4n3CC3CC3)n(C)c12,6.847711655616944,6.847711655616944,6.847711655616944,3,bindingdb|chembl|pubchem_confirmatory,0.3,579.68,43.0,enzymatic,False,,none,False,True,True
GMFDINNREPARQQ-TWDLTGNASA-N,COc1cc(C(=O)N2CC3CCC2[C@@H]3N)cc2nc(-c3cc4ccc(-c5ccc(N)c(F)c5)cc4n3CC3CC3)n(C)c12,6.8297382846050425,6.8297382846050425,6.8297382846050425,3,bindingdb|chembl|pubchem_confirmatory,0.3,578.692,43.0,enzymatic,False,,none,False,True,True
BATJNZYCQYWECW-XKHRETHESA-N,COc1cc(C(=O)N2CC3CCC2[C@@H]3N)cc2nc(-c3cc4ccc(-c5ccc(O)c(F)c5)cc4n3CC3CC3)n(C)c12,7.119186407719209,7.119186407719209,7.119186407719209,3,bindingdb|chembl|pubchem_confirmatory,0.3,579.676,43.0,enzymatic,False,,none,False,True,True
TWGLZCHEZKNDDP-FGZHOGPDSA-N,COc1cc(C(=O)N2C[C@H](N)C[C@@H](F)C2)cc2nc(-c3cc4ccc(-c5ccc(O)c(F)c5)nc4n3CC3CC3)n(C)c12,7.055517327849831,7.055517327849831,7.055517327849831,3,bindingdb|chembl|pubchem_confirmatory,0.3,586.643,43.0,enzymatic,False,,none,False,True,True
FWSJSYDLCKZYSM-STHVYQTBSA-N,COC(=O)Nc1ccc(-c2ccc3cc(-c4nc5cc(C(=O)N6CC7CCC6[C@@H]7N)cc(OC)c5n4C)n(CC4CC4)c3n2)cc1,7.4587868495696155,7.458786849569615,7.458786849569615,3,bindingdb|chembl|pubchem_confirmatory,0.3,619.726,46.0,enzymatic,False,,none,False,True,True
KDENAVBJXXVOGC-PWJCZFGMSA-N,COC(=O)Nc1ccc(-c2ccc3cc(-c4nc5cc(C(=O)N6CC7CCC6[C@@H]7N)cc(OC)c5n4C)n(CC4CC4)c3c2)cc1,7.026872146400302,7.026872146400302,7.026872146400302,3,bindingdb|chembl|pubchem_confirmatory,0.3,618.738,46.0,enzymatic,False,,none,False,True,True
GXSGADZJVKDBOS-YLBOGKAESA-N,COc1cc(C(=O)N2CC3CCC2[C@@H]3N)cc2nc(-c3cc4ccc(-c5ccc(O)cc5Cl)cc4n3CC3CC3)n(C)c12,7.180456064458131,7.180456064458131,7.180456064458131,3,bindingdb|chembl|pubchem_confirmatory,0.3,596.131,43.0,enzymatic,False,,none,False,True,True
RPYBUDYJXBOBAX-ABNDPDSASA-N,COc1cc(C(=O)N2CC3CCC2[C@@H]3N)cc2nc(-c3cc4ccc(-c5c(F)cc(O)cc5F)cc4n3CC3CC3)n(C)c12,7.036212172654444,7.036212172654444,7.036212172654444,3,bindingdb|chembl|pubchem_confirmatory,0.3,597.666,44.0,enzymatic,False,,none,False,True,True
WHKBRZLJSJSOFT-ABNDPDSASA-N,COc1cc(C(=O)N2CC3CCC2[C@@H]3N)cc2nc(-c3cc4ccc(-c5cc(F)c(O)cc5F)cc4n3CC3CC3)n(C)c12,7.187086643357144,7.187086643357144,7.187086643357144,3,bindingdb|chembl|pubchem_confirmatory,0.3,597.666,44.0,enzymatic,False,,none,False,True,True
NRRRFJMMLBPQQP-DOZIQCTLSA-N,COc1cc(C(=O)N2CC3CCC2[C@@H]3N)cc2nc(-c3cc4ccc(-c5cc(F)c(CO)c(F)c5)cc4n3CC3CC3)n(C)c12,7.221848749616356,7.221848749616356,7.221848749616356,3,bindingdb|chembl|pubchem_confirmatory,0.3,611.693,45.0,enzymatic,False,,none,False,True,True
ONLJFCNGKMJGCL-JAEXGXQOSA-N,COc1cc(C(=O)N2CC3CCC2[C@@H]3N)cc2nc(-c3cc4ccc(-c5ccc(O)cc5Cl)nc4n3CC3CC3)n(C)c12,7.318758762624412,7.318758762624412,7.318758762624412,3,bindingdb|chembl|pubchem_confirmatory,0.3,597.119,43.0,enzymatic,False,,none,False,True,True
YUHZLTYIGGBRCL-OFKODDFHSA-N,COc1cc(C(=O)N2CC3CCC2[C@@H]3N)cc2nc(-c3cc4ccc(-c5c(F)cc(O)cc5F)nc4n3CC3CC3)n(C)c12,7.431798275933005,7.431798275933005,7.431798275933005,3,bindingdb|chembl|pubchem_confirmatory,0.3,598.654,44.0,enzymatic,False,,none,False,True,True
OHUUCVMEELTIEE-OFKODDFHSA-N,COc1cc(C(=O)N2CC3CCC2[C@@H]3N)cc2nc(-c3cc4ccc(-c5cc(F)c(O)cc5F)nc4n3CC3CC3)n(C)c12,7.236572006437062,7.236572006437063,7.236572006437063,3,bindingdb|chembl|pubchem_confirmatory,0.3,598.654,44.0,enzymatic,False,,none,False,True,True
MHSRKSKKTOFPAO-HJXGAIAJSA-N,COc1cc(C(=O)N2CC3CCC2[C@@H]3N)cc2nc(-c3cc4ccc(-c5cc(F)c(CO)c(F)c5)nc4n3CC3CC3)n(C)c12,7.080921907623927,7.080921907623926,7.080921907623926,3,bindingdb|chembl|pubchem_confirmatory,0.3,612.681,45.0,enzymatic,False,,none,False,True,True
OVSRNLUQOLEZIE-BYICHJTDSA-N,COc1cc(C(=O)N2CC3CCC2[C@@H]3N)cc2nc(-c3cc4ccc(-c5ccc6c(c5)CCC(=O)N6)nc4n3CC3CC3)n(C)c12,7.327902142064282,7.327902142064282,7.327902142064282,3,bindingdb|chembl|pubchem_confirmatory,0.3,615.738,46.0,enzymatic,False,,none,False,True,True
DQLUMIKVJFJGRG-JWQCQUIFSA-N,COc1cc(C(=O)N2C[C@H](N)C[C@@H](F)C2)cc2nc(-c3cc4ccc(-c5ccc6c(c5)CCC(=O)N6)nc4n3CC3CC3)n(C)c12,7.221848749616356,7.221848749616356,7.221848749616356,3,bindingdb|chembl|pubchem_confirmatory,0.3,621.717,46.0,enzymatic,False,,none,False,True,True
XXQMZJQGOYFOBO-BYICHJTDSA-N,COc1cc(C(=O)N2CC3CCC2[C@@H]3N)cc2nc(-c3cc4ccc(-c5ccc6c(c5)COC6=O)cc4n3CC3CC3)n(C)c12,7.075720713938118,7.075720713938118,7.075720713938118,3,bindingdb|chembl|pubchem_confirmatory,0.3,601.707,45.0,enzymatic,False,,none,False,True,True
MPNDXFUWAFIVPX-PKFIBTHBSA-N,COc1cc(C(=O)N2CC3CCC2[C@@H]3N)cc2nc(-c3cc4ccc(C5=CC6NC(=O)N=C6N=C5)cc4n3CC3CC3)n(C)c12,7.769551078621726,7.769551078621726,7.769551078621726,1,pubchem_confirmatory,1.0,602.699,45.0,fp_ic50,False,,none,False,False,False
GMQVUIUJDJDCMN-SHEKFCCPSA-N,COc1cc(C(=O)N2CC3CCC2[C@@H]3N)cc2nc(-c3cc4ccc(-c5ccc6c(c5)CC(=O)N6C)cc4n3CC3CC3)n(C)c12,7.1938200260161125,7.1938200260161125,7.1938200260161125,3,bindingdb|chembl|pubchem_confirmatory,0.3,614.75,46.0,enzymatic,False,,none,False,True,True
FIEZAJCYXPBHSI-DHIUTWEWSA-N,COC(=O)Nc1ccc(-c2ccc3cc(-c4nc5cc(C(=O)N6C[C@H](N)C[C@@H](F)C6)cc(OC)c5n4C)n(CC4CC4)c3n2)cn1,7.080921907623927,7.080921907623926,7.080921907623926,3,bindingdb|chembl|pubchem_confirmatory,0.3,626.693,46.0,enzymatic,False,,none,False,True,True
JNSLXLJZKMOIDF-KTBVXVCESA-N,COc1cc(C(=O)N2CC3CCC2[C@@H]3N)cc2nc(-c3cc4ccc(-c5cccc6c5CNC6=O)nc4n3CC3CC3)n(C)c12,7.568636235841012,7.568636235841012,7.568636235841012,3,bindingdb|chembl|pubchem_confirmatory,0.3,601.711,45.0,enzymatic,False,,none,False,True,True
GHUWRCFPABYAAK-DVAYOXQNSA-N,COc1cc(C(=O)N2CC3CCC2[C@@H]3N)cc2nc(-c3cc4ccc(C5C=CC6=NC(=O)C=C(C)C6=C5)nc4n3CC3CC3)n(C)c12,7.494850021680094,7.494850021680094,7.494850021680094,1,pubchem_confirmatory,1.0,627.749,47.0,fp_ic50,False,,none,False,False,False
ZUPOOTASJDLVFQ-ZHKUBPBOSA-N,COc1ncc(-c2ccc3cc(-c4nc5cc(C(=O)N6CC7CCC6[C@@H]7N)cc(OC)c5n4C)n(CC4CC4)c3n2)cn1,6.7594507517174,6.7594507517174005,6.7594507517174005,3,bindingdb|chembl|pubchem_confirmatory,0.3,578.677,43.0,enzymatic,False,,none,False,True,True
IKHAYQWSDVPPKP-BYICHJTDSA-N,COc1cc(C(=O)N2CC3CCC2[C@@H]3N)cc2nc(-c3cc4ccc(-c5ccc6c(c5)NC(=O)CC6)nc4n3CC3CC3)n(C)c12,7.026872146400302,7.026872146400302,7.026872146400302,3,bindingdb|chembl|pubchem_confirmatory,0.3,615.738,46.0,enzymatic,False,,none,False,True,True
SOJJVVVSISIAFX-RXEARMEOSA-N,COc1cc(C(=O)N2CC3CCC2[C@@H]3N)cc2nc(-c3cc4ccc(-c5ccc6c(c5)CN(C)C(=O)N6)nc4n3CC3CC3)n(C)c12,7.327902142064282,7.327902142064282,7.327902142064282,3,bindingdb|chembl|pubchem_confirmatory,0.3,630.753,47.0,enzymatic,False,,none,False,True,True
YKMZUHXAPJHTNI-DOZIQCTLSA-N,COc1cc(C(=O)N2CC3CCC2[C@@H]3N)cc2nc(-c3cc4ccc(-c5cccc6c5CCC(=O)N6)nc4n3CC3CC3)n(C)c12,7.4089353929735005,7.4089353929735005,7.4089353929735005,3,bindingdb|chembl|pubchem_confirmatory,0.3,615.738,46.0,enzymatic,False,,none,False,True,True
GCFNXULBTXKENW-FCBLIUAWSA-N,COc1cc(C(=O)N2CC3CCC2[C@@H]3N)cc2nc(-c3cc4ccc(-c5ccc6c(c5)C(C)(C)CC(=O)N6)nc4n3CC3CC3)n(C)c12,7.036212172654444,7.036212172654444,7.036212172654444,3,bindingdb|chembl|pubchem_confirmatory,0.3,643.792,48.0,enzymatic,False,,none,False,True,True
IHMDYLRLHBLHAI-KIFPUJJZSA-N,COc1cc(C(=O)N2CC3CCC2[C@@H]3N)cc2nc(-c3cc4ccc(C5CCC6NC(=O)NC(=O)C6C5)nc4n3CC3CC3)n(C)c12,7.920818753952375,7.920818753952375,7.920818753952375,1,pubchem_confirmatory,1.0,636.757,47.0,fp_ic50,False,,none,False,False,False
CUYITFFXXJHXFK-HFUMYMFYSA-N,COc1cc(C(=O)N2CC3CCC2[C@@H]3N)cc2nc(-c3cc4ccc(-c5ccc(CC(N)C(=O)O)cc5)nc4n3CC3CC3)n(C)c12,7.431798275933005,7.431798275933005,7.431798275933005,3,bindingdb|chembl|pubchem_confirmatory,0.3,633.753,47.0,enzymatic,False,,none,False,True,True
LSBNTDSSMXNNMS-GVBVHUCQSA-N,COc1cc(C(=O)N2CC3CCC2[C@@H]3N)cc2nc(-c3cc4ccc(-c5ccc(CNC(C)=O)cc5)nc4n3CC3CC3)n(C)c12,7.094682149862233,7.094682149862232,7.094682149862232,3,bindingdb|chembl|pubchem_confirmatory,0.3,617.754,46.0,enzymatic,False,,none,False,True,True
DUDFKSXIUGVOGX-QYHPCCJNSA-N,COc1cc(C(=O)N2CC3CCC2[C@@H]3N)cc2nc(-c3cc4ccc(-c5ccc(CNS(C)(=O)=O)cc5)nc4n3CC3CC3)n(C)c12,7.1605587926646335,7.160558792664633,7.160558792664633,3,bindingdb|chembl|pubchem_confirmatory,0.3,653.809,47.0,enzymatic,False,,none,False,True,True
NYCINIBCUDZPKV-STECRBCGSA-N,COC(=O)C1=CC(=O)N=C2C=CC(c3ccc4cc(-c5nc6cc(C(=O)N7CC8CCC7[C@@H]8N)cc(OC)c6n5C)n(CC5CC5)c4n3)C=C12,7.022276394711152,7.022276394711152,7.022276394711152,1,pubchem_confirmatory,1.0,671.758,50.0,fp_ic50,False,,none,False,False,False
TXXBZCUJUULPDG-UFUHPZKHSA-N,COc1cc(C(=O)N2CC3CCC2[C@@H]3N)cc2nc(-c3cc4ccc(C5C=CC6=NC(=O)C(C)=C(O)C6=C5)nc4n3CC3CC3)n(C)c12,7.236572006437063,7.236572006437063,7.236572006437063,1,pubchem_confirmatory,1.0,643.748,48.0,fp_ic50,False,,none,False,False,False
FXPQDKPTINGQSR-OUEWZIHUSA-N,COc1cc(C(=O)N2CC3CCC2[C@@H]3N)cc2nc(-c3cc4ccc(C5C=CC6=NC(=O)C=CC6=C5)nc4n3CC3CC3)n(C)c12,7.823908740944319,7.823908740944319,7.823908740944319,1,pubchem_confirmatory,1.0,613.722,46.0,fp_ic50,False,,none,False,False,False
FNKPWAZXFVEUHG-FBFWPBIQSA-N,COC(=O)C1=CC(=O)N=C2C=CC(c3ccc4cc(-c5nc6cc(C(=O)N7CC8CCC7[C@@H]8N)cc(OC)c6n5C)n(CC5CC5)c4c3)C=C12,7.2839966563652006,7.2839966563652006,7.2839966563652006,1,pubchem_confirmatory,1.0,670.77,50.0,fp_ic50,False,,none,False,False,False
JQRXRLZJYQFAMA-GSIJDCTESA-N,COc1cc(C(=O)N2CC3CCC2[C@@H]3N)cc2nc(-c3cc4ccc(C5C=CC6=NC(=O)C(C)=C(O)C6=C5)cc4n3CC3CC3)n(C)c12,7.494850021680094,7.494850021680094,7.494850021680094,1,pubchem_confirmatory,1.0,642.76,48.0,fp_ic50,False,,none,False,False,False
OXTBYMYADRRJRP-XGFNZXMWSA-N,COc1cc(C(=O)N2CC3CCC2[C@@H]3N)cc2nc(-c3cc4ccc(C5C=CC6=NC(=O)C=CC6=C5)cc4n3CC3CC3)n(C)c12,7.769551078621726,7.769551078621726,7.769551078621726,1,pubchem_confirmatory,1.0,612.734,46.0,fp_ic50,False,,none,False,False,False
GMGVTBDJNOCVIB-CRLCSLCLSA-N,COc1cc(C(=O)N2CC3CCC2[C@@H]3N)cc2nc(-c3cc4ccc(-c5ccc6c(c5)COC6=O)nc4n3CC3CC3)n(C)c12,7.221848749616356,7.221848749616356,7.221848749616356,3,bindingdb|chembl|pubchem_confirmatory,0.3,602.695,45.0,enzymatic,False,,none,False,True,True
SGXNCTBBEQGZIW-LYLGLVRWSA-N,COc1cc(C(=O)N2CC3CCC2[C@@H]3N)cc2nc(-c3cc4ccc(-c5ccc6c(c5)CC(=O)N6C)nc4n3CC3CC3)n(C)c12,7.3979400086720375,7.3979400086720375,7.3979400086720375,3,bindingdb|chembl|pubchem_confirmatory,0.3,615.738,46.0,enzymatic,False,,none,False,True,True
LBOXUQNXVZJERX-BTDDGAACSA-N,COc1cc(C(=O)N2CC3CCC2[C@@H]3N)cc2nc(-c3cc4ccc(-c5cnc6c(c5)CCC(=O)N6)nc4n3CC3CC3)n(C)c12,7.443697499232712,7.443697499232712,7.443697499232712,3,bindingdb|chembl|pubchem_confirmatory,0.3,616.726,46.0,enzymatic,False,,none,False,True,True
VCFSOMLDMWCLLV-LDZQUKMZSA-N,COc1cc(C(=O)N2CC3CCC2[C@@H]3N)cc2nc(-c3cc4ccc(-c5cnc6c(c5)CC(=O)N6)nc4n3CC3CC3)n(C)c12,7.795880017344075,7.795880017344075,7.795880017344075,3,bindingdb|chembl|pubchem_confirmatory,0.3,602.699,45.0,enzymatic,False,,none,False,True,True
QSAYKXJENKOKGM-OUEWZIHUSA-N,COc1cc(C(=O)N2CC3CCC2[C@@H]3N)cc2nc(-c3cc4ccc(C5=CC6=NC(=O)C=CC6C=C5)nc4n3CC3CC3)n(C)c12,7.327902142064282,7.327902142064282,7.327902142064282,1,pubchem_confirmatory,1.0,613.722,46.0,fp_ic50,False,,none,False,False,False
DAJDZXHMLZRRTH-HFUMYMFYSA-N,COc1cc(C(=O)N2CC3CCC2[C@@H]3N)cc2nc(-c3cc4ccc(C5=CC6=CC=NC(=O)C6C=C5)nc4n3CC3CC3)n(C)c12,7.7447274948966935,7.7447274948966935,7.7447274948966935,1,pubchem_confirmatory,1.0,613.722,46.0,fp_ic50,False,,none,False,False,False
PBOPTXINZBERHK-XBPDSQQVSA-N,COc1cc(C(=O)N2CC3CCC2[C@@H]3N)cc2nc(-c3cc4ccc(-c5ccc(CC(=O)O)cc5)nc4n3CC3CC3)n(C)c12,6.946921556516581,6.94692155651658,6.94692155651658,3,bindingdb|chembl|pubchem_confirmatory,0.3,604.711,45.0,enzymatic,False,,none,False,True,True
GHBJLLIBEQMPHS-UJSRUBBISA-N,COc1cc(C(=O)N2CC3CCC2[C@@H]3N)cc2nc(-c3cc4ccc(-c5ccc(O)cc5O)cc4n3CC3CC3)n(C)c12,7.0655015487564325,7.0655015487564325,7.0655015487564325,3,bindingdb|chembl|pubchem_confirmatory,0.3,577.685,43.0,enzymatic,False,,none,False,True,True
HWIRDUXVGVVMRY-DPNVDDISSA-N,COc1cc(C(=O)N2CC3CCC2[C@@H]3N)cc2nc(-c3cc4ccc(C5=CC6=CC=NC(=O)C6C=C5)cc4n3CC3CC3)n(C)c12,7.6777807052660805,7.6777807052660805,7.6777807052660805,1,pubchem_confirmatory,1.0,612.734,46.0,fp_ic50,False,,none,False,False,False
NBNXHJUWZQQTKU-XGFNZXMWSA-N,COc1cc(C(=O)N2CC3CCC2[C@@H]3N)cc2nc(-c3cc4ccc(C5=CC6=NC(=O)C=CC6C=C5)cc4n3CC3CC3)n(C)c12,7.443697499232712,7.443697499232712,7.443697499232712,1,pubchem_confirmatory,1.0,612.734,46.0,fp_ic50,False,,none,False,False,False
DLSVVCHVMZBNCZ-OCDODTDCSA-N,COc1cc(C(=O)N2CC3CCC2[C@@H]3N)cc2nc(-c3cc4ccc(-c5ccc6c(c5)NC(=O)C6)cc4n3CC3CC3)n(C)c12,7.657577319177793,7.657577319177793,7.657577319177793,3,bindingdb|chembl|pubchem_confirmatory,0.3,600.723,45.0,enzymatic,False,,none,False,True,True
NWDISWVJEPHNHP-ZHFHXLPRSA-N,COc1cc(C(=O)N2CC3CCC2[C@@H]3N)cc2nc(-c3cc4ccc(-c5ccc6c(c5)CN(C)C(=O)N6)cc4n3CC3CC3)n(C)c12,7.522878745280337,7.522878745280337,7.522878745280337,3,bindingdb|chembl|pubchem_confirmatory,0.3,629.765,47.0,enzymatic,False,,none,False,True,True
JVOJFVTZVRHNCQ-BGFAZQDSSA-N,COc1cc(C(=O)N2CC3CCC2[C@@H]3N)cc2nc(-c3cc4ccc(-c5cccc6c5CCC(=O)N6)cc4n3CC3CC3)n(C)c12,7.236572006437062,7.236572006437063,7.236572006437063,3,bindingdb|chembl|pubchem_confirmatory,0.3,614.75,46.0,enzymatic,False,,none,False,True,True
UGFJQZZRAAQZFQ-HDRCEPDYSA-N,COc1cc(C(=O)N2CC3CCC2[C@@H]3N)cc2nc(-c3cc4ccc(-c5ccc6c(c5)C(C)(C)CC(=O)N6)cc4n3CC3CC3)n(C)c12,7.0655015487564325,7.0655015487564325,7.0655015487564325,3,bindingdb|chembl|pubchem_confirmatory,0.3,642.804,48.0,enzymatic,False,,none,False,True,True
AMEWEHGOXPSWAC-XBPDSQQVSA-N,COc1cc(C(=O)N2CC3CCC2[C@@H]3N)cc2nc(-c3cc4ccc(-c5ccc(CC(N)=O)cc5)nc4n3CC3CC3)n(C)c12,7.221848749616356,7.221848749616356,7.221848749616356,3,bindingdb|chembl|pubchem_confirmatory,0.3,603.727,45.0,enzymatic,False,,none,False,True,True
VHNLDAZNJDISED-PWJCZFGMSA-N,CNC(=O)Cc1ccc(-c2ccc3cc(-c4nc5cc(C(=O)N6CC7CCC6[C@@H]7N)cc(OC)c5n4C)n(CC4CC4)c3n2)cc1,6.7423214251308154,6.7423214251308154,6.7423214251308154,3,bindingdb|chembl|pubchem_confirmatory,0.3,617.754,46.0,enzymatic,False,,none,False,True,True
YCRFPJLRMBEPDQ-ZTFYXODMSA-N,COc1cc(C(=O)N2CC3CCC2[C@@H]3N)cc2nc(-c3cc4ccc(-c5ccc(CC(=O)NCCO)cc5)nc4n3CC3CC3)n(C)c12,6.91721462968355,6.91721462968355,6.91721462968355,3,bindingdb|chembl|pubchem_confirmatory,0.3,647.78,48.0,enzymatic,False,,none,False,True,True
YVQMMOXHVWGWBQ-MDAUBKBASA-N,COc1cc(C(=O)N2CC3CCC2[C@@H]3N)cc2nc(-c3cc4ccc(-c5ccc(CC(=O)NCCS(C)(=O)=O)cc5)nc4n3CC3CC3)n(C)c12,6.809668301829707,6.809668301829708,6.809668301829708,3,bindingdb|chembl|pubchem_confirmatory,0.3,709.873,51.0,enzymatic,False,,none,False,True,True
HWHDUWPUMXQFCC-WNXDWAGHSA-N,COc1cc(C(=O)N2CC3CCC2[C@@H]3N)cc2nc(-c3cc4ccc(C5CCC6C(=O)NC(=O)NC6C5)cc4n3CC3CC3)n(C)c12,7.585026652029182,7.585026652029182,7.585026652029182,1,pubchem_confirmatory,1.0,635.769,47.0,fp_ic50,False,,none,False,False,False
RNGQLODFAAICJY-KIFPUJJZSA-N,COc1cc(C(=O)N2CC3CCC2[C@@H]3N)cc2nc(-c3cc4ccc(C5CCC6C(=O)NC(=O)NC6C5)nc4n3CC3CC3)n(C)c12,7.6020599913279625,7.6020599913279625,7.6020599913279625,1,pubchem_confirmatory,1.0,636.757,47.0,fp_ic50,False,,none,False,False,False
VKTVGAAULGZPQR-SGAJGPLNSA-N,COc1cc(C(=O)N2CC3CCC2[C@@H]3N)cc2nc(-c3cc4ccc(-c5ccc(NC(C)=O)cc5)nc4n3CC3CC3)n(C)c12,7.142667503568731,7.142667503568731,7.142667503568731,3,bindingdb|chembl|pubchem_confirmatory,0.3,603.727,45.0,enzymatic,False,,none,False,True,True
UJKIBRAWNCFNST-STECRBCGSA-N,COc1cc(C(=O)N2CC3CCC2[C@@H]3N)cc2nc(-c3cc4ccc(C5C=CC6=NC(=O)C=C(CO)C6=C5)nc4n3CC3CC3)n(C)c12,7.107905397309519,7.107905397309519,7.107905397309519,1,pubchem_confirmatory,1.0,643.748,48.0,fp_ic50,False,,none,False,False,False
VCTOKVCBZZAJHW-JQODSXCXSA-N,C=c1cc(-c2ccc3cc(-c4nc5cc(C(=O)N6CC7CCC6[C@@H]7N)cc(OC)c5n4C)n(CC4CC4)c3n2)cc2c1=NC(=O)C(F)=C2,6.835647144215563,6.835647144215563,6.835647144215563,1,pubchem_confirmatory,1.0,643.723,48.0,fp_ic50,True,haloacetyl,none,False,False,False
WHAOEVRENJMUJJ-VJWSGOJGSA-N,COc1cc(C(=O)N2CC3CCC2[C@@H]3N)cc2nc(-c3cc4ccc(C5C=CC(=O)N=C5)nc4n3CC3CC3)n(C)c12,7.337242168318426,7.337242168318426,7.337242168318426,1,pubchem_confirmatory,1.0,563.662,42.0,fp_ic50,False,,none,False,False,False
VCOFVEXDYNMPLD-JWJBQAENSA-N,COc1cc(C(=O)N2CC3CCC2[C@@H]3N)cc2nc(-c3cc4ccc(-c5ccc(NC(C)=O)nc5)nc4n3CC3CC3)n(C)c12,7.292429823902064,7.292429823902063,7.292429823902063,3,bindingdb|chembl|pubchem_confirmatory,0.3,604.715,45.0,enzymatic,False,,none,False,True,True
LPPNJQYMJQDSJL-ZFHLRRFLSA-N,COc1cc(C(=O)N2CC3CCC2[C@@H]3N)cc2nc(-c3cc4ccc(C5C=CC(=O)N=C5)cc4n3CC3CC3)n(C)c12,7.267606240177031,7.267606240177031,7.267606240177031,1,pubchem_confirmatory,1.0,562.674,42.0,fp_ic50,False,,none,False,False,False
VVNHWJBRISECGX-OSCSHELXSA-N,COc1cc(C(=O)N2CC3CCC2[C@@H]3N)cc2nc(-c3cc4ccc(-c5ccc(NC(C)=O)nc5)cc4n3CC3CC3)n(C)c12,7.236572006437062,7.236572006437063,7.236572006437063,3,bindingdb|chembl|pubchem_confirmatory,0.3,603.727,45.0,enzymatic,False,,none,False,True,True
AVDBZWHLRGORIQ-ZTFYXODMSA-N,COc1cc(C(=O)N2CC3CCC2[C@@H]3N)cc2nc(-c3cc4ccc(-c5ccc(NC(C)=O)cc5)cc4n3CC3CC3)n(C)c12,6.838631997765025,6.838631997765026,6.838631997765026,3,bindingdb|chembl|pubchem_confirmatory,0.3,602.739,45.0,enzymatic,False,,none,False,True,True
HCBVNKMUDNUFOW-PWJCZFGMSA-N,COc1cc(C(=O)N2CC3CCC2[C@@H]3N)cc2nc(-c3cc4ccc(-c5ccc(NS(C)(=O)=O)cc5)cc4n3CC3CC3)n(C)c12,7.167491087293764,7.167491087293763,7.167491087293763,3,bindingdb|chembl|pubchem_confirmatory,0.3,638.794,46.0,enzymatic,False,,none,False,True,True
NAXQQAMBNIGCCL-KKIGNJJOSA-N,COc1cc(C(=O)N2CC3CCC2[C@@H]3N)cc2nc(-c3cc4ccc(C5C=CC6=NC(=O)C=C(C)C6=C5)cc4n3CC3CC3)n(C)c12,7.080921907623926,7.080921907623926,7.080921907623926,1,pubchem_confirmatory,1.0,626.761,47.0,fp_ic50,False,,none,False,False,False
YDMWQGLVNLHVGR-LYLGLVRWSA-N,COc1cc(C(=O)N2CC3CCC2[C@@H]3N)cc2nc(-c3cc4ccc(-c5cccc6c5CNC6=O)cc4n3CC3CC3)n(C)c12,7.585026652029182,7.585026652029182,7.585026652029182,3,bindingdb|chembl|pubchem_confirmatory,0.3,600.723,45.0,enzymatic,False,,none,False,True,True
SAJAENPPCRKOKV-FBFWPBIQSA-N,COc1cc(C(=O)N2CC3CCC2[C@@H]3N)cc2nc(-c3cc4ccc(C5C=CC6=NC(=O)C=C(CO)C6=C5)cc4n3CC3CC3)n(C)c12,7.657577319177793,7.657577319177793,7.657577319177793,1,pubchem_confirmatory,1.0,642.76,48.0,fp_ic50,False,,none,False,False,False
BDPLPWSMVKXZJU-GFXQXFAQSA-N,COc1cc(C(=O)N2CC3CCC2[C@@H]3N)cc2nc(-c3cc4ccc(-c5ccc6c(c5)NC(=O)CC6)cc4n3CC3CC3)n(C)c12,6.8794260687941495,6.8794260687941495,6.8794260687941495,3,bindingdb|chembl|pubchem_confirmatory,0.3,614.75,46.0,enzymatic,False,,none,False,True,True
KGKKTVPYARISQS-WNXDWAGHSA-N,COc1cc(C(=O)N2CC3CCC2[C@@H]3N)cc2nc(-c3cc4ccc(C5CCC6NC(=O)NC(=O)C6C5)cc4n3CC3CC3)n(C)c12,7.522878745280337,7.522878745280337,7.522878745280337,1,pubchem_confirmatory,1.0,635.769,47.0,fp_ic50,False,,none,False,False,False
MQUOAVAHPQJHKI-UJSRUBBISA-N,COc1cc(C(=O)N2CC3CCC2[C@@H]3N)cc2nc(-c3cc4ccc(-c5ccc6c(c5)OCC(=O)N6)nc4n3CC3CC3)n(C)c12,7.301029995663981,7.301029995663981,7.301029995663981,3,bindingdb|chembl|pubchem_confirmatory,0.3,617.71,46.0,enzymatic,False,,none,False,True,True
FSTDCVLSQZQJJD-CRLCSLCLSA-N,COC(=O)Nc1ccc(-c2ccc3cc(-c4nc5cc(C(=O)N6CC7CCC6[C@@H]7N)cc(OC)c5n4C)n(CC4CC4)c3n2)cc1F,6.886056647693163,6.886056647693163,6.886056647693163,3,bindingdb|chembl|pubchem_confirmatory,0.3,637.716,47.0,enzymatic,False,,none,False,True,True
ZFAZZLUSSGFODD-CRLCSLCLSA-N,COc1cc(C(=O)N2CC3CCC2[C@@H]3N)cc2nc(-c3cc4ccc(-c5ccc(NS(C)(=O)=O)c(Cl)c5)nc4n3CC3CC3)n(C)c12,6.928117992693874,6.928117992693874,6.928117992693874,3,bindingdb|chembl|pubchem_confirmatory,0.3,674.227,47.0,enzymatic,False,,none,False,True,True
QWUSGXQRLDGCBC-QMNWOKLKSA-N,COC(=O)Nc1ccc(-c2ccc3cc(-c4nc5cc(C(=O)N6C[C@H]7CC[C@@H]6[C@@H]7N)cc(OC)c5n4C)n(CC4CC4)c3n2)c(F)c1F,6.863279432843593,6.863279432843593,6.863279432843593,3,bindingdb|chembl|pubchem_confirmatory,0.3,655.706,48.0,enzymatic,False,,none,False,True,True
PXZQDYFULASBHZ-HGMFMZIGSA-N,COc1cc(C(=O)N2C[C@H]3CC[C@@H]2[C@@H]3N)cc2nc(-c3cc4ccc(C5CCCC6NC(=O)NC(=O)C65)nc4n3CC3CC3)n(C)c12,7.522878745280337,7.522878745280337,7.522878745280337,1,pubchem_confirmatory,1.0,636.757,47.0,fp_ic50,False,,none,False,False,False
QWESWXXVLNAQAR-GSZOVSESSA-N,COc1cc(C(=O)N2C[C@H]3CC[C@@H]2[C@@H]3N)cc2nc(-c3cc4ccc(-c5ccc6c(c5)OCC(=O)N6)cc4n3CC3CC3)n(C)c12,7.318758762624412,7.318758762624412,7.318758762624412,3,bindingdb|chembl|pubchem_confirmatory,0.3,616.722,46.0,enzymatic,False,,none,False,True,True
HLLWSQZPGMWUKG-GGQNZWSISA-N,COC(=O)Nc1ccc(-c2ccc3cc(-c4nc5cc(C(=O)N6C[C@H]7CC[C@@H]6[C@@H]7N)cc(OC)c5n4C)n(CC4CC4)c3c2)cc1F,6.856985199745904,6.856985199745905,6.856985199745905,3,bindingdb|chembl|pubchem_confirmatory,0.3,636.728,47.0,enzymatic,False,,none,False,True,True
WWWKSAXHDUXFAR-GGQNZWSISA-N,COc1cc(C(=O)N2C[C@H]3CC[C@@H]2[C@@H]3N)cc2nc(-c3cc4ccc(-c5ccc(NS(C)(=O)=O)c(Cl)c5)cc4n3CC3CC3)n(C)c12,6.730487055782082,6.730487055782083,6.730487055782083,3,bindingdb|chembl|pubchem_confirmatory,0.3,673.239,47.0,enzymatic,False,,none,False,True,True
FJIJGDJMHYIAGT-QVXFZSQDSA-N,COC(=O)Nc1ccc(-c2ccc3cc(-c4nc5cc(C(=O)N6C[C@H]7CC[C@@H]6[C@@H]7N)cc(OC)c5n4C)n(CC4CC4)c3c2)c(F)c1F,6.935542010773081,6.935542010773082,6.935542010773082,3,bindingdb|chembl|pubchem_confirmatory,0.3,654.718,48.0,enzymatic,False,,none,False,True,True
UTFGIZQMTYTLCA-UDJLBTSVSA-N,COc1cc(C(=O)N2C[C@H]3CC[C@@H]2[C@@H]3N)cc2nc(-c3cc4ccc(C5CCCC6NC(=O)NC(=O)C65)cc4n3CC3CC3)n(C)c12,7.2441251443275085,7.2441251443275085,7.2441251443275085,1,pubchem_confirmatory,1.0,635.769,47.0,fp_ic50,False,,none,False,False,False
BHADGHJBNCYOMH-WOJBJXKFSA-N,COc1cc(C(=O)N2C[C@H](N)C[C@@H](F)C2)cc2nc(-c3cc4ccc(-c5c(F)cc(O)cc5F)nc4n3CC3CC3)n(C)c12,6.92445303860747,6.924453038607469,6.924453038607469,3,bindingdb|chembl|pubchem_confirmatory,0.3,604.633,44.0,enzymatic,False,,none,False,True,True
YGBXMBYJIHYZOE-NHCUHLMSSA-N,COc1cc(C(=O)N2C[C@H](N)C[C@@H](F)C2)cc2nc(-c3cc4ccc(-c5ccc(O)cc5Cl)nc4n3CC3CC3)n(C)c12,6.958607314841775,6.958607314841775,6.958607314841775,3,bindingdb|chembl|pubchem_confirmatory,0.3,603.098,43.0,enzymatic,False,,none,False,True,True
MRMKRVUBSYMQNE-AEAWWFNXSA-N,COc1cc(C(=O)N2C[C@H](N)C[C@@H](F)C2)cc2nc(-c3cc4ccc(C5=CC6C(=NC(=O)C(C)=C6O)C=C5)nc4n3CC3CC3)n(C)c12,6.903089986991944,6.903089986991944,6.903089986991944,1,pubchem_confirmatory,1.0,649.727,48.0,fp_ic50,False,,none,False,False,False
PYTZZAOFYVNMQD-UJHVSPFSSA-N,COc1cc(C(=O)N2C[C@H](N)C[C@@H](F)C2)cc2nc(-c3cc4ccc(C5CCC6NC(=O)NC(=O)C6C5)nc4n3CC3CC3)n(C)c12,7.468521082957745,7.468521082957745,7.468521082957745,1,pubchem_confirmatory,1.0,642.736,47.0,fp_ic50,False,,none,False,False,False
WMDGKAUBJUTFPM-VPGDJBLGSA-N,COc1cc(C(=O)N2C[C@H]3CC[C@@H]2[C@@H]3N)cc2nc(-c3cc4ccc(-c5ccc(O)c(N)c5)nc4n3CC3CC3)n(C)c12,6.970616222314791,6.97061622231479,6.97061622231479,3,bindingdb|chembl|pubchem_confirmatory,0.3,577.689,43.0,enzymatic,False,,none,False,True,True
GWRHMJQHVNKZKS-CUHSMEASSA-N,COc1cc(C(=O)N2C[C@H]3CC[C@@H]2[C@@H]3N)cc2nc(-c3cc4ccc(-c5ccc6cnccc6c5)nc4n3CC3CC3)n(C)c12,7.337242168318426,7.337242168318426,7.337242168318426,3,bindingdb|chembl|pubchem_confirmatory,0.3,597.723,45.0,enzymatic,False,,none,False,True,True
VRCSODDMQPDIPX-MRLTYDNFSA-N,COc1cc(C(=O)N2C[C@H]3CC[C@@H]2[C@@H]3N)cc2nc(-c3cc4ccc(-c5ccc(OC(C)=O)cc5)nc4n3CC3CC3)n(C)c12,7.154901959985743,7.154901959985743,7.154901959985743,3,bindingdb|chembl|pubchem_confirmatory,0.3,604.711,45.0,enzymatic,False,,none,False,True,True
MOQQBCVGGOTYTF-OGSSDNIRSA-N,COc1ccc(-c2ccc3cc(-c4nc5cc(C(=O)N6C[C@H]7CC[C@@H]6[C@@H]7N)cc(OC)c5n4C)n(CC4CC4)c3n2)cc1Cl,7.022276394711152,7.022276394711152,7.022276394711152,3,bindingdb|chembl|pubchem_confirmatory,0.3,611.146,44.0,enzymatic,False,,none,False,True,True
HCVYAIQSYNFWFL-MDLALNFGSA-N,COc1ccc(-c2ccc3cc(-c4nc5cc(C(=O)N6C[C@H]7CC[C@@H]6[C@@H]7N)cc(OC)c5n4C)n(CC4CC4)c3n2)c(F)c1,7.4685210829577455,7.468521082957745,7.468521082957745,3,bindingdb|chembl|pubchem_confirmatory,0.3,594.691,44.0,enzymatic,False,,none,False,True,True
WAIQCACIIRAYQU-ZSADTWRWSA-N,COc1cc(C(=O)N2C[C@H]3CC[C@@H]2[C@@H]3N)cc2nc(-c3cc4ccc(-c5ccc(F)c(Cl)c5)cc4n3CC3CC3)n(C)c12,7.229147988357855,7.229147988357855,7.229147988357855,3,bindingdb|chembl|pubchem_confirmatory,0.3,598.122,43.0,enzymatic,False,,none,False,True,True
ZHPWXILYNHLQNH-SBAIMNNOSA-N,COc1cc(C(=O)N2C[C@H]3CC[C@@H]2[C@@H]3N)cc2nc(-c3cc4ccc(-c5cc(F)c(F)c(Cl)c5)cc4n3CC3CC3)n(C)c12,6.782516055786093,6.782516055786093,6.782516055786093,3,bindingdb|chembl|pubchem_confirmatory,0.3,616.112,44.0,enzymatic,False,,none,False,True,True
SSYOFAFJYVGCJY-GENJTUHGSA-N,COc1ccc(-c2ccc3cc(-c4nc5cc(C(=O)N6C[C@H]7CC[C@@H]6[C@@H]7N)cc(OC)c5n4C)n(CC4CC4)c3c2)c(F)c1,7.376750709602099,7.376750709602099,7.376750709602099,3,bindingdb|chembl|pubchem_confirmatory,0.3,593.703,44.0,enzymatic,False,,none,False,True,True
GYXBCZYUSXNSRU-OGSSDNIRSA-N,COc1cc(C(=O)N2C[C@H]3CC[C@@H]2[C@@H]3N)cc2nc(-c3cc4ccc(-c5ccc6scnc6c5)nc4n3CC3CC3)n(C)c12,7.229147988357855,7.229147988357855,7.229147988357855,3,bindingdb|chembl|pubchem_confirmatory,0.3,603.752,44.0,enzymatic,False,,none,False,True,True
XGSVVHFUMVWWQG-NDKUEENFSA-N,COc1cc(C(=O)N2C[C@H]3CC[C@@H]2[C@@H]3N)cc2nc(-c3cc4ccc(-c5cncs5)nc4n3CC3CC3)n(C)c12,6.821023052706831,6.821023052706831,6.821023052706831,3,bindingdb|chembl|pubchem_confirmatory,0.3,553.692,40.0,enzymatic,False,,none,False,True,True
AXERDGDCJDSTJP-OGSSDNIRSA-N,COc1ccc(-c2ccc3cc(-c4nc5cc(C(=O)N6C[C@H]7CC[C@@H]6[C@@H]7N)cc(OC)c5n4C)n(CC4CC4)c3n2)cc1F,6.821023052706831,6.821023052706831,6.821023052706831,3,bindingdb|chembl|pubchem_confirmatory,0.3,594.691,44.0,enzymatic,False,,none,False,True,True
QWQIZECTXVUQDF-MDLALNFGSA-N,COc1ccc(-c2ccc3cc(-c4nc5cc(C(=O)N6C[C@H]7CC[C@@H]6[C@@H]7N)cc(OC)c5n4C)n(CC4CC4)c3n2)c(Cl)c1,7.431798275933005,7.431798275933005,7.431798275933005,3,bindingdb|chembl|pubchem_confirmatory,0.3,611.146,44.0,enzymatic,False,,none,False,True,True
KDLGZKJKTIWAIC-YYKZIPJASA-N,COc1cc(C(=O)N2C[C@H]3CC[C@@H]2[C@@H]3N)cc2nc(-c3cc4ccc(-c5ccc6scnc6c5)cc4n3CC3CC3)n(C)c12,7.022276394711152,7.022276394711152,7.022276394711152,3,bindingdb|chembl|pubchem_confirmatory,0.3,602.764,44.0,enzymatic,False,,none,False,True,True
RBMQJYOMIYSTCA-OWDCXRFMSA-N,COc1cc(C(=O)N2C[C@H]3CC[C@@H]2[C@@H]3N)cc2nc(-c3cc4ccc(-c5cncs5)cc4n3CC3CC3)n(C)c12,7.292429823902064,7.292429823902063,7.292429823902063,3,bindingdb|chembl|pubchem_confirmatory,0.3,552.704,40.0,enzymatic,False,,none,False,True,True
WWBBHTZECJILTL-YYKZIPJASA-N,COc1ccc(-c2ccc3cc(-c4nc5cc(C(=O)N6C[C@H]7CC[C@@H]6[C@@H]7N)cc(OC)c5n4C)n(CC4CC4)c3c2)cc1F,7.154901959985743,7.154901959985743,7.154901959985743,3,bindingdb|chembl|pubchem_confirmatory,0.3,593.703,44.0,enzymatic,False,,none,False,True,True
LXYLAHSFLJYOIE-GENJTUHGSA-N,COc1ccc(-c2ccc3cc(-c4nc5cc(C(=O)N6C[C@H]7CC[C@@H]6[C@@H]7N)cc(OC)c5n4C)n(CC4CC4)c3c2)c(Cl)c1,6.950781977329818,6.950781977329818,6.950781977329818,3,bindingdb|chembl|pubchem_confirmatory,0.3,610.158,44.0,enzymatic,False,,none,False,True,True
MLKSQWMPAPSVGM-XKKAILOKSA-N,COc1c(F)cc(-c2ccc3cc(-c4nc5cc(C(=O)N6C[C@H]7CC[C@@H]6[C@@H]7N)cc(OC)c5n4C)n(CC4CC4)c3c2)cc1F,7.443697499232712,7.443697499232712,7.443697499232712,3,bindingdb|chembl|pubchem_confirmatory,0.3,611.693,45.0,enzymatic,False,,none,False,True,True
JGODGXQSLRJVSE-VLOVYFPZSA-N,COc1cc(C(=O)N2C[C@H]3CC[C@@H]2[C@@H]3N)cc2nc(-c3cc4ccc(-c5cc(F)c(F)c(F)c5)nc4n3CC3CC3)n(C)c12,6.730487055782082,6.730487055782083,6.730487055782083,3,bindingdb|chembl|pubchem_confirmatory,0.3,600.645,44.0,enzymatic,False,,none,False,True,True
RXOPZPXJRLYRAF-KFACBJOOSA-N,COc1cc(C(=O)N2C[C@H]3CC[C@@H]2[C@@H]3N)cc2nc(-c3cc4ccc(-c5ccc(F)cc5)nc4n3CC3CC3)n(C)c12,7.494850021680094,7.494850021680094,7.494850021680094,3,bindingdb|chembl|pubchem_confirmatory,0.3,564.665,42.0,enzymatic,False,,none,False,True,True
BOZRLVBXVMVJGG-OGSSDNIRSA-N,COc1cc(-c2ccc3cc(-c4nc5cc(C(=O)N6C[C@H]7CC[C@@H]6[C@@H]7N)cc(OC)c5n4C)n(CC4CC4)c3n2)ccc1F,7.008773924307505,7.008773924307505,7.008773924307505,3,bindingdb|chembl|pubchem_confirmatory,0.3,594.691,44.0,enzymatic,False,,none,False,True,True
JQZHZQPKFGNKLT-SBAIMNNOSA-N,COc1cc(C(=O)N2C[C@H]3CC[C@@H]2[C@@H]3N)cc2nc(-c3cc4ccc(-c5cc(F)c(F)c(F)c5)cc4n3CC3CC3)n(C)c12,7.275724130399211,7.275724130399211,7.275724130399211,3,bindingdb|chembl|pubchem_confirmatory,0.3,599.657,44.0,enzymatic,False,,none,False,True,True
FQYBDGIUWAOBIG-JZTDYHMVSA-N,COc1cc(C(=O)N2C[C@H]3CC[C@@H]2[C@@H]3N)cc2nc(-c3cc4ccc(-c5ccc(F)cc5)cc4n3CC3CC3)n(C)c12,6.882728704344236,6.882728704344236,6.882728704344236,3,bindingdb|chembl|pubchem_confirmatory,0.3,563.677,42.0,enzymatic,False,,none,False,True,True
DEHPLCPIDMIDTB-ZSADTWRWSA-N,COc1cc(C(=O)N2C[C@H]3CC[C@@H]2[C@@H]3N)cc2nc(-c3cc4ccc(-c5ccc(Cl)c(F)c5)cc4n3CC3CC3)n(C)c12,6.806875401645538,6.806875401645538,6.806875401645538,3,bindingdb|chembl|pubchem_confirmatory,0.3,598.122,43.0,enzymatic,False,,none,False,True,True
CRBIDVKDOJCQKH-YYKZIPJASA-N,COc1cc(-c2ccc3cc(-c4nc5cc(C(=O)N6C[C@H]7CC[C@@H]6[C@@H]7N)cc(OC)c5n4C)n(CC4CC4)c3c2)ccc1F,7.113509274827518,7.113509274827518,7.113509274827518,3,bindingdb|chembl|pubchem_confirmatory,0.3,593.703,44.0,enzymatic,False,,none,False,True,True
WOLYRLZFTJKCJP-LCHPKMOASA-N,COc1cc(C(=O)N2C[C@H]3CC[C@@H]2[C@@H]3N)cc2nc(-c3cc4ccc(-c5ccc(F)c(C(=O)O)c5)nc4n3CC3CC3)n(C)c12,6.958607314841775,6.958607314841775,6.958607314841775,3,bindingdb|chembl|pubchem_confirmatory,0.3,608.674,45.0,enzymatic,False,,none,False,True,True
UNEIAEKVSGNXOY-QIYJARMZSA-N,COc1cc(C(=O)N2C[C@H]3CC[C@@H]2[C@@H]3N)cc2nc(-c3cc4ccc(-c5ccc(F)c(C(=O)O)c5F)nc4n3CC3CC3)n(C)c12,6.730487055782082,6.730487055782083,6.730487055782083,3,bindingdb|chembl|pubchem_confirmatory,0.3,626.664,46.0,enzymatic,False,,none,False,True,True
ZVLXKVSVHOPDCS-ZSADTWRWSA-N,COc1cc(C(=O)N2C[C@H]3CC[C@@H]2[C@@H]3N)cc2nc(-c3cc4ccc(-c5ccc(F)c(C(=O)O)c5)cc4n3CC3CC3)n(C)c12,6.79317412396815,6.79317412396815,6.79317412396815,3,bindingdb|chembl|pubchem_confirmatory,0.3,607.686,45.0,enzymatic,False,,none,False,True,True
ZHURCSRVAVDQKN-BQBONNFNSA-N,COc1cc(C(=O)N2C[C@H]3CC[C@@H]2[C@@H]3N)cc2nc(-c3cc4ccc(-c5ccc(F)c(C(=O)O)c5F)cc4n3CC3CC3)n(C)c12,7.200659450546418,7.200659450546418,7.200659450546418,3,bindingdb|chembl|pubchem_confirmatory,0.3,625.676,46.0,enzymatic,False,,none,False,True,True
VJMJVJYEADSZJJ-ZSADTWRWSA-N,COc1cc(C(=O)N2C[C@H]3CC[C@@H]2[C@@H]3N)cc2nc(-c3cc4ccc(-c5ccc(Cl)c(C(=O)O)c5)cc4n3CC3CC3)n(C)c12,6.823908740944319,6.823908740944319,6.823908740944319,3,bindingdb|chembl|pubchem_confirmatory,0.3,624.141,45.0,enzymatic,False,,none,False,True,True
UJFPCEPGPCMCST-DNQXCXABSA-N,COc1cc(C(=O)N2C[C@H](N)C[C@@H](F)C2)cc2nc(-c3cc4ccc(-c5ccc6c(c5)CC(=O)N6)nc4n3CC3CC3)n(C)c12,7.318758762624412,7.318758762624412,7.318758762624412,3,bindingdb|chembl|pubchem_confirmatory,0.3,607.69,45.0,enzymatic,False,,none,False,True,True
WHNDTUWBSYXEGK-RSISCXAQSA-N,COc1cc(C(=O)N2C[C@H]3CC[C@@H]2[C@@H]3N)cc2nc(-c3cc4ccc(-c5ccc6c(c5)CC(=O)N6)cc4n3CC3CC3)n(C)c12,7.552841968657781,7.552841968657781,7.552841968657781,3,bindingdb|chembl|pubchem_confirmatory,0.3,600.723,45.0,enzymatic,False,,none,False,True,True
XAKSYUCRTLUDAL-LXPNYDBHSA-N,COc1cc(C(=O)N2C[C@H]3CC[C@@H]2[C@@H]3N)cc2nc(-c3cc4ccc(-c5cccc(CO)c5)cc4n3CC3CC3)n(C)c12,6.910094888560603,6.910094888560602,6.910094888560602,3,bindingdb|chembl|pubchem_confirmatory,0.3,575.713,43.0,enzymatic,False,,none,False,True,True
ZTXCEYISSWLDGP-BYICHJTDSA-N,COc1cc(C(=O)N2CC3CCC2[C@@H]3N)cc2nc(-c3cc4ccc(-c5cc(CO)ccc5F)cc4n3CC3CC3)n(C)c12,7.309803919971486,7.309803919971486,7.309803919971486,3,bindingdb|chembl|pubchem_confirmatory,0.3,593.703,44.0,enzymatic,False,,none,False,True,True
CABYLYZRNXTPTO-ZGJWRPMSSA-N,COc1cc(C(=O)N2C[C@H]3CC[C@@H]2[C@@H]3N)cc2nc(-c3cc4ccc(-c5cccc(CO)c5F)cc4n3CC3CC3)n(C)c12,7.292429823902064,7.292429823902063,7.292429823902063,3,bindingdb|chembl|pubchem_confirmatory,0.3,593.703,44.0,enzymatic,False,,none,False,True,True
LSFPNPKUMFPROJ-CWINVUHXSA-N,COc1ccc(-c2ccc3cc(-c4nc5cc(C(=O)N6C[C@H]7CC[C@@H]6[C@@H]7N)cc(OC)c5n4C)n(CC4CC4)c3c2)cc1CO,6.779891911959946,6.779891911959945,6.779891911959945,3,bindingdb|chembl|pubchem_confirmatory,0.3,605.739,45.0,enzymatic,False,,none,False,True,True
QWKDBJJQULYAEH-AJSJLVFWSA-N,COc1cc(C(=O)N2C[C@H]3CC[C@@H]2[C@@H]3N)cc2nc(-c3cc4ccc(-c5cccc(NC(C)=O)c5)cc4n3CC3CC3)n(C)c12,7.346787486224656,7.346787486224656,7.346787486224656,3,bindingdb|chembl|pubchem_confirmatory,0.3,602.739,45.0,enzymatic,False,,none,False,True,True
QUGDJUDQMAHGNQ-AQEANLGOSA-N,COc1cc(C(=O)N2C[C@H]3CC[C@@H]2[C@@H]3N)cc2nc(-c3cc4ccc(-c5cc(CO)ccc5F)nc4n3CC3CC3)n(C)c12,7.4089353929735005,7.4089353929735005,7.4089353929735005,3,bindingdb|chembl|pubchem_confirmatory,0.3,594.691,44.0,enzymatic,False,,none,False,True,True
FMNSJJUYYNOGSP-FLVRFYSZSA-N,COc1cccc(-c2ccc3cc(-c4nc5cc(C(=O)N6C[C@H]7CC[C@@H]6[C@@H]7N)cc(OC)c5n4C)n(CC4CC4)c3n2)c1F,7.4685210829577455,7.468521082957745,7.468521082957745,3,bindingdb|chembl|pubchem_confirmatory,0.3,594.691,44.0,enzymatic,False,,none,False,True,True
UYPKAAMIGAGDTF-ZSADTWRWSA-N,COc1ccc(-c2ccc3cc(-c4nc5cc(C(=O)N6C[C@H]7CC[C@@H]6[C@@H]7N)cc(OC)c5n4C)n(CC4CC4)c3n2)cc1CO,7.070581074285708,7.070581074285707,7.070581074285707,3,bindingdb|chembl|pubchem_confirmatory,0.3,606.727,45.0,enzymatic,False,,none,False,True,True
DRRUFWZXXXTGKH-SGAJGPLNSA-N,COc1cc(C(=O)N2CC3CCC2[C@@H]3N)cc2nc(-c3cc4ccc(-c5cccc(NC(C)=O)c5)nc4n3CC3CC3)n(C)c12,7.214670164989233,7.214670164989233,7.214670164989233,3,bindingdb|chembl|pubchem_confirmatory,0.3,603.727,45.0,enzymatic,False,,none,False,True,True
SFIUNGDCAZNMNJ-RXEARMEOSA-N,COc1cc(C(=O)N2CC3CCC2[C@@H]3N)cc2nc(-c3cc4ccc(-c5ccc(NC(C)=O)c(C(=O)O)c5)nc4n3CC3CC3)n(C)c12,6.804100347590766,6.804100347590767,6.804100347590767,3,bindingdb|chembl|pubchem_confirmatory,0.3,647.736,48.0,enzymatic,False,,none,False,True,True
HDQIYXACGPYCQT-ZHFHXLPRSA-N,COc1cc(C(=O)N2CC3CCC2[C@@H]3N)cc2nc(-c3cc4ccc(-c5ccc(NC(C)=O)c(C(=O)O)c5)cc4n3CC3CC3)n(C)c12,7.013228265733755,7.013228265733755,7.013228265733755,3,bindingdb|chembl|pubchem_confirmatory,0.3,646.748,48.0,enzymatic,False,,none,False,True,True
UOXUJGWUTQMJMX-DNQXCXABSA-N,COC(=O)Nc1ccc(-c2ccc3cc(-c4nc5cc(C(=O)N6C[C@H](N)C[C@@H](F)C6)cc(OC)c5n4C)n(CC4CC4)c3n2)cc1,7.022276394711152,7.022276394711152,7.022276394711152,3,bindingdb|chembl|pubchem_confirmatory,0.3,625.705,46.0,enzymatic,False,,none,False,True,True
GWBRLBIUBIXVRC-UCDZCMRKSA-N,COc1cc(C(=O)N2CC3CCC2[C@@H]3N)cc2nc(-c3cc4ccc(-c5ccc(F)c(O)c5)nc4n3CC3CC3)n(C)c12,6.958607314841775,6.958607314841775,6.958607314841775,3,bindingdb|chembl|pubchem_confirmatory,0.3,580.664,43.0,enzymatic,False,,none,False,True,True
DUCOFCVCSRBZGV-CXBZOWBPSA-N,COC(=O)Nc1cc(-c2ccc3cc(-c4nc5cc(C(=O)N6CC7CCC6[C@@H]7N)cc(OC)c5n4C)n(CC4CC4)c3n2)ccn1,6.777283528852418,6.777283528852417,6.777283528852417,3,bindingdb|chembl|pubchem_confirmatory,0.3,620.714,46.0,enzymatic,False,,none,False,True,True
RQBGGNNHJIRZIX-OFKODDFHSA-N,COc1cc(C(=O)N2CC3CCC2[C@@H]3N)cc2nc(-c3cc4ccc(-c5cc(O)c(F)cc5F)nc4n3CC3CC3)n(C)c12,7.221848749616356,7.221848749616356,7.221848749616356,3,bindingdb|chembl|pubchem_confirmatory,0.3,598.654,44.0,enzymatic,False,,none,False,True,True
WNVSDECEZODUPK-JAEXGXQOSA-N,COc1cc(C(=O)N2CC3CCC2[C@@H]3N)cc2nc(-c3cc4ccc(-c5cc(O)ccc5F)nc4n3CC3CC3)n(C)c12,7.481486060122112,7.481486060122112,7.481486060122112,3,bindingdb|chembl|pubchem_confirmatory,0.3,580.664,43.0,enzymatic,False,,none,False,True,True
GAZCHCIGJHPWGU-XKHRETHESA-N,COc1cc(C(=O)N2CC3CCC2[C@@H]3N)cc2nc(-c3cc4ccc(-c5ccc(F)c(O)c5)cc4n3CC3CC3)n(C)c12,7.017728766960431,7.017728766960431,7.017728766960431,3,bindingdb|chembl|pubchem_confirmatory,0.3,579.676,43.0,enzymatic,False,,none,False,True,True
GQGZZKPBCOQQQE-RVRFFIBDSA-N,COC(=O)Nc1cc(-c2ccc3cc(-c4nc5cc(C(=O)N6CC7CCC6[C@@H]7N)cc(OC)c5n4C)n(CC4CC4)c3c2)ccn1,6.790484985457369,6.790484985457369,6.790484985457369,3,bindingdb|chembl|pubchem_confirmatory,0.3,619.726,46.0,enzymatic,False,,none,False,True,True
LQMSTRFNKHLNGH-YLBOGKAESA-N,COc1cc(C(=O)N2CC3CCC2[C@@H]3N)cc2nc(-c3cc4ccc(-c5cc(O)ccc5F)cc4n3CC3CC3)n(C)c12,6.939302159646388,6.939302159646388,6.939302159646388,3,bindingdb|chembl|pubchem_confirmatory,0.3,579.676,43.0,enzymatic,False,,none,False,True,True
WPXFOTAJQKBSMW-QGSZOSMFSA-N,COc1cc(C(=O)N2CC3CCC2[C@@H]3N)cc2nc(-c3cc4ccc(-c5cccc(CNC(C)=O)c5)cc4n3CC3CC3)n(C)c12,7.00436480540245,7.00436480540245,7.00436480540245,3,bindingdb|chembl|pubchem_confirmatory,0.3,616.766,46.0,enzymatic,False,,none,False,True,True
UVGWWEALXNLMDS-CNBRWIIDSA-N,COc1cc(C(=O)N2CC3CCC2[C@@H]3N)cc2nc(-c3cc4ccc(-c5cccc(O)c5F)cc4n3CC3CC3)n(C)c12,6.950781977329818,6.950781977329818,6.950781977329818,3,bindingdb|chembl|pubchem_confirmatory,0.3,579.676,43.0,enzymatic,False,,none,False,True,True
RTDXVNREPXJNCF-YLBOGKAESA-N,COc1cc(C(=O)N2CC3CCC2[C@@H]3N)cc2nc(-c3cc4ccc(-c5cc(O)cc(F)c5)cc4n3CC3CC3)n(C)c12,6.7258421507363195,6.7258421507363195,6.7258421507363195,3,bindingdb|chembl|pubchem_confirmatory,0.3,579.676,43.0,enzymatic,False,,none,False,True,True
PLFBOMAMLLPALI-BTDDGAACSA-N,COc1cc(C(=O)N2CC3CCC2[C@@H]3N)cc2nc(-c3cc4ccc(-c5cccc(F)c5O)cc4n3CC3CC3)n(C)c12,6.913640169325252,6.913640169325252,6.913640169325252,3,bindingdb|chembl|pubchem_confirmatory,0.3,579.676,43.0,enzymatic,False,,none,False,True,True
QPOKFQWKWLESPE-GVBVHUCQSA-N,COc1cc(C(=O)N2CC3CCC2[C@@H]3N)cc2nc(-c3cc4ccc(-c5cccc(CNC(C)=O)c5)nc4n3CC3CC3)n(C)c12,6.970616222314791,6.97061622231479,6.97061622231479,3,bindingdb|chembl|pubchem_confirmatory,0.3,617.754,46.0,enzymatic,False,,none,False,True,True
ZANMCXUVQQBPMY-GOJCXORZSA-N,COc1cc(C(=O)N2CC3CCC2[C@@H]3N)cc2nc(-c3cc4ccc(-c5cccc(O)c5F)nc4n3CC3CC3)n(C)c12,7.187086643357144,7.187086643357144,7.187086643357144,3,bindingdb|chembl|pubchem_confirmatory,0.3,580.664,43.0,enzymatic,False,,none,False,True,True
AJPFUWWTYJVBKS-IBYOELKQSA-N,COc1cc(C(=O)N2CC3CCC2[C@@H]3N)cc2nc(-c3cc4ccc(-c5ccnc(F)c5F)nc4n3CC3CC3)n(C)c12,6.987162775294828,6.987162775294828,6.987162775294828,3,bindingdb|chembl|pubchem_confirmatory,0.3,583.643,43.0,enzymatic,False,,none,False,True,True
JFOZRIZTVHJILV-XYUGXJJYSA-N,COc1cc(C(=O)N2CC3CCC2[C@@H]3N)cc2nc(-c3cc4ccc(-c5cccc(CNS(C)(=O)=O)c5)cc4n3CC3CC3)n(C)c12,6.946921556516581,6.94692155651658,6.94692155651658,3,bindingdb|chembl|pubchem_confirmatory,0.3,652.821,47.0,enzymatic,False,,none,False,True,True
QNDOICZZNOXIHY-OXZXHNBXSA-N,COC(=O)c1cc2cc(-c3ccc4cc(-c5nc6cc(C(=O)N7CC8CCC7[C@@H]8N)cc(OC)c6n5C)n(CC5CC5)c4n3)ccc2[nH]1,6.970616222314791,6.97061622231479,6.97061622231479,3,bindingdb|chembl|pubchem_confirmatory,0.3,643.748,48.0,enzymatic,False,,none,False,True,True
ZNVQSQKBGQYGTC-RXEARMEOSA-N,CCOC(=O)c1nc2ccc(-c3ccc4cc(-c5nc6cc(C(=O)N7CC8CCC7[C@@H]8N)cc(OC)c6n5C)n(CC5CC5)c4n3)cc2[nH]1,6.910094888560603,6.910094888560602,6.910094888560602,3,bindingdb|chembl|pubchem_confirmatory,0.3,658.763,49.0,enzymatic,False,,none,False,True,True
KGFFDCVPLTZLBD-SGAJGPLNSA-N,COc1cc(C(=O)N2CC3CCC2[C@@H]3N)cc2nc(-c3cc4ccc(-c5ccc6c(c5)C(=O)NCC6)nc4n3CC3CC3)n(C)c12,7.376750709602099,7.376750709602099,7.376750709602099,3,bindingdb|chembl|pubchem_confirmatory,0.3,615.738,46.0,enzymatic,False,,none,False,True,True
OKOXWDLOEAWJTJ-KIKFKFQISA-N,COc1cc(C(=O)N2CC3CCC2[C@@H]3N)cc2nc(-c3cc4ccc(-c5cc(F)c6c(c5)CC(=O)N6)nc4n3CC3CC3)n(C)c12,7.5376020021010435,7.537602002101044,7.537602002101044,3,bindingdb|chembl|pubchem_confirmatory,0.3,619.701,46.0,enzymatic,False,,none,False,True,True
UMCJKUJKESZYOB-ZHFHXLPRSA-N,CCOC(=O)c1nc2ccc(-c3ccc4cc(-c5nc6cc(C(=O)N7CC8CCC7[C@@H]8N)cc(OC)c6n5C)n(CC5CC5)c4c3)cc2[nH]1,6.7258421507363195,6.7258421507363195,6.7258421507363195,3,bindingdb|chembl|pubchem_confirmatory,0.3,657.775,49.0,enzymatic,False,,none,False,True,True
RVGDMJPSJMGWIY-ZTFYXODMSA-N,COc1cc(C(=O)N2CC3CCC2[C@@H]3N)cc2nc(-c3cc4ccc(-c5ccc6c(c5)C(=O)NCC6)cc4n3CC3CC3)n(C)c12,7.180456064458131,7.180456064458131,7.180456064458131,3,bindingdb|chembl|pubchem_confirmatory,0.3,614.75,46.0,enzymatic,False,,none,False,True,True
CFYWZJWWEJKQQD-KUVLNDGKSA-N,COc1cc(C(=O)N2CC3CCC2[C@@H]3N)cc2nc(-c3cc4ccc(-c5cc(F)c6c(c5)CC(=O)N6)cc4n3CC3CC3)n(C)c12,7.3979400086720375,7.3979400086720375,7.3979400086720375,3,bindingdb|chembl|pubchem_confirmatory,0.3,618.713,46.0,enzymatic,False,,none,False,True,True
DPMLWPYIXXXQOW-NDCDCTFNSA-N,COc1cc(C(=O)N2CC3CCC2[C@@H]3N)cc2nc(-c3cc4ccc(C5C=CC6=NC(=O)C=C(O)C6=C5)nc4n3CC3CC3)n(C)c12,7.040958607678906,7.040958607678906,7.040958607678906,1,pubchem_confirmatory,1.0,629.721,47.0,fp_ic50,False,,none,False,False,False
MBGOSPNMQJALIK-LYLGLVRWSA-N,COc1cc(C(=O)N2CC3CCC2[C@@H]3N)cc2nc(-c3cc4ccc(-c5ccc6[nH]ccc(=O)c6c5)nc4n3CC3CC3)n(C)c12,7.376750709602099,7.376750709602099,7.376750709602099,3,bindingdb|chembl|pubchem_confirmatory,0.3,613.722,46.0,enzymatic,False,,none,False,True,True
UWLSRTCCFPDHCN-HYYKEQEVSA-N,COC(=O)c1cc(=O)c2cc(-c3ccc4cc(-c5nc6cc(C(=O)N7CC8CCC7[C@@H]8N)cc(OC)c6n5C)n(CC5CC5)c4n3)ccc2[nH]1,7.657577319177793,7.657577319177793,7.657577319177793,3,bindingdb|chembl|pubchem_confirmatory,0.3,671.758,50.0,enzymatic,False,,none,False,True,True
KNCGVYBYWGMIBZ-FKGNFIDKSA-N,COC(=O)c1cc2cc(-c3ccc4cc(-c5nc6cc(C(=O)N7CC8CCC7[C@@H]8N)cc(OC)c6n5C)n(CC5CC5)c4n3)ccc2s1,6.896196279044044,6.896196279044043,6.896196279044043,3,bindingdb|chembl|pubchem_confirmatory,0.3,660.8,48.0,enzymatic,False,,none,False,True,True
WTSASHWPWMRDLY-BTDDGAACSA-N,COc1cc(C(=O)N2CC3CCC2[C@@H]3N)cc2nc(-c3cc4ccc(-c5cccc6c5NC(=O)C6)nc4n3CC3CC3)n(C)c12,7.431798275933005,7.431798275933005,7.431798275933005,3,bindingdb|chembl|pubchem_confirmatory,0.3,601.711,45.0,enzymatic,False,,none,False,True,True
FOBNOYWWYUHZGJ-CPWPOOERSA-N,COc1cc(C(=O)N2CC3CCC2[C@@H]3N)cc2nc(-c3cc4ccc(-c5ccc6ccc(O)cc6c5)nc4n3CC3CC3)n(C)c12,7.4089353929735005,7.4089353929735005,7.4089353929735005,3,bindingdb|chembl|pubchem_confirmatory,0.3,612.734,46.0,enzymatic,False,,none,False,True,True
VLSAYKYPZJTFPN-VZSJEBCZSA-N,COc1cc(C(=O)N2CC3CCC2[C@@H]3N)cc2nc(-c3cc4ccc(C5C=CC6=NC(=O)C=C(O)C6=C5)cc4n3CC3CC3)n(C)c12,7.207608310501746,7.207608310501746,7.207608310501746,1,pubchem_confirmatory,1.0,628.733,47.0,fp_ic50,False,,none,False,False,False
XHLACPNZYKGZCU-SHEKFCCPSA-N,COc1cc(C(=O)N2CC3CCC2[C@@H]3N)cc2nc(-c3cc4ccc(-c5ccc6[nH]ccc(=O)c6c5)cc4n3CC3CC3)n(C)c12,7.522878745280337,7.522878745280337,7.522878745280337,3,bindingdb|chembl|pubchem_confirmatory,0.3,612.734,46.0,enzymatic,False,,none,False,True,True
QHRUPTVPEYRWIP-PDBCZORNSA-N,COC(=O)c1cc(O)c2cc(-c3ccc4cc(-c5nc6cc(C(=O)N7CC8CCC7[C@@H]8N)cc(OC)c6n5C)n(CC5CC5)c4c3)ccc2c1,7.337242168318426,7.337242168318426,7.337242168318426,3,bindingdb|chembl|pubchem_confirmatory,0.3,669.782,50.0,enzymatic,False,,none,False,True,True
XPEMWWRAMRKQBN-IKXBFRDRSA-N,COc1cc(C(=O)N2CC3CCC2[C@@H]3N)cc2nc(-c3cc4ccc(-c5cccc6c5NC(=O)C6)cc4n3CC3CC3)n(C)c12,7.2441251443275085,7.2441251443275085,7.2441251443275085,3,bindingdb|chembl|pubchem_confirmatory,0.3,600.723,45.0,enzymatic,False,,none,False,True,True
XSOFYILRXPOXMM-CCWBKVMBSA-N,COc1cc(C(=O)N2CC3CCC2[C@@H]3N)cc2nc(-c3cc4ccc(-c5ccc(C(N)=O)c(F)c5)nc4n3CC3CC3)n(C)c12,7.639094692393726,7.639094692393726,7.639094692393726,3,bindingdb|chembl|pubchem_confirmatory,0.3,607.69,45.0,enzymatic,False,,none,False,True,True
LXTPBYAFKDAHIK-GNTVVGMTSA-N,COc1cc(C(=O)N2CC3CCC2[C@@H]3N)cc2nc(-c3cc4ccc(-c5ccc(S(N)(=O)=O)cc5)nc4n3CC3CC3)n(C)c12,7.1938200260161125,7.1938200260161125,7.1938200260161125,3,bindingdb|chembl|pubchem_confirmatory,0.3,625.755,45.0,enzymatic,False,,none,False,True,True
AFXAUINBCONZRB-CCWBKVMBSA-N,COc1cc(C(=O)N2CC3CCC2[C@@H]3N)cc2nc(-c3cc4ccc(-c5ccccc5C(N)=O)nc4n3CC3CC3)n(C)c12,7.207608310501745,7.207608310501746,7.207608310501746,3,bindingdb|chembl|pubchem_confirmatory,0.3,589.7,44.0,enzymatic,False,,none,False,True,True
HNAWIPFBXDTQKU-WZVKSPBRSA-N,COc1cc(C(=O)N2CC3CCC2[C@@H]3N)cc2nc(-c3cc4ccc(-c5ccc6ncccc6c5)nc4n3CC3CC3)n(C)c12,7.42021640338319,7.42021640338319,7.42021640338319,3,bindingdb|chembl|pubchem_confirmatory,0.3,597.723,45.0,enzymatic,False,,none,False,True,True
MWIGXUOGDZFVEQ-TWDLTGNASA-N,COc1cc(C(=O)N2CC3CCC2[C@@H]3N)cc2nc(-c3cc4ccc(-c5ccc(C(N)=O)c(Cl)c5)cc4n3CC3CC3)n(C)c12,7.376750709602099,7.376750709602099,7.376750709602099,3,bindingdb|chembl|pubchem_confirmatory,0.3,623.157,45.0,enzymatic,False,,none,False,True,True
IGEXUKUWFYWHIU-XBPDSQQVSA-N,COc1cc(C(=O)N2CC3CCC2[C@@H]3N)cc2nc(-c3cc4ccc(-c5ccc(S(N)(=O)=O)cc5)cc4n3CC3CC3)n(C)c12,7.481486060122112,7.481486060122112,7.481486060122112,3,bindingdb|chembl|pubchem_confirmatory,0.3,624.767,45.0,enzymatic,False,,none,False,True,True
ODVDOMOKFLMJJJ-TWDLTGNASA-N,COc1cc(C(=O)N2CC3CCC2[C@@H]3N)cc2nc(-c3cc4ccc(-c5ccccc5C(N)=O)cc4n3CC3CC3)n(C)c12,7.455931955649724,7.455931955649724,7.455931955649724,3,bindingdb|chembl|pubchem_confirmatory,0.3,588.712,44.0,enzymatic,False,,none,False,True,True
XHWBRCNZOZCCNC-MDAUBKBASA-N,COc1cc(C(=O)N2CC3CCC2[C@@H]3N)cc2nc(-c3cc4ccc(-c5ccc6ncccc6c5)cc4n3CC3CC3)n(C)c12,7.214670164989233,7.214670164989233,7.214670164989233,3,bindingdb|chembl|pubchem_confirmatory,0.3,596.735,45.0,enzymatic,False,,none,False,True,True
UCSVBSPNMFAYPO-FIIBKKJESA-N,Cn1c(-c2cc3ccc(-c4ccc5c(c4)C(=O)NC5)nc3n2CC2CC2)nc2cc(C(=O)N3CC4CCC3[C@@H]4N)ccc21,7.3979400086720375,7.3979400086720375,7.3979400086720375,3,bindingdb|chembl|pubchem_confirmatory,0.3,571.685,43.0,enzymatic,False,,none,False,True,True
DXRUKQNLFQHENI-RXEARMEOSA-N,Cn1c(-c2cc3ccc(-c4ccc5c(c4)CC(=O)N5)nc3n2CC2CC2)nc2cc(C(=O)N3CC4CCC3[C@@H]4N)ccc21,7.619788758288394,7.619788758288394,7.619788758288394,3,bindingdb|chembl|pubchem_confirmatory,0.3,571.685,43.0,enzymatic,False,,none,False,True,True
TUCCGPQLRMMEFI-JWQCQUIFSA-N,Cn1c(-c2cc3ccc(-c4ccc5c(c4)CCC(=O)N5)nc3n2CC2CC2)nc2cc(C(=O)N3C[C@H](N)C[C@@H](F)C3)ccc21,7.060480747381381,7.060480747381382,7.060480747381382,3,bindingdb|chembl|pubchem_confirmatory,0.3,591.691,44.0,enzymatic,False,,none,False,True,True
FQVNUFOLWFHBAH-DNQXCXABSA-N,Cn1c(-c2cc3ccc(-c4ccc5c(c4)C(=O)NC5)nc3n2CC2CC2)nc2cc(C(=O)N3C[C@H](N)C[C@@H](F)C3)ccc21,6.9065783148377635,6.906578314837764,6.906578314837764,3,bindingdb|chembl|pubchem_confirmatory,0.3,577.664,43.0,enzymatic,False,,none,False,True,True
NCYCXHVKGOHAKO-DNQXCXABSA-N,Cn1c(-c2cc3ccc(-c4ccc5c(c4)CC(=O)N5)nc3n2CC2CC2)nc2cc(C(=O)N3C[C@H](N)C[C@@H](F)C3)ccc21,6.85078088734462,6.85078088734462,6.85078088734462,3,bindingdb|chembl|pubchem_confirmatory,0.3,577.664,43.0,enzymatic,False,,none,False,True,True
PEABXDIGBOLOSL-XYFRODSISA-N,Cn1c(-c2cc3ccc(-c4ccc(C(N)=O)cc4)nc3n2CC2CC2)nc2cc(C(=O)N3CC4CCC3[C@@H]4N)ccc21,7.229147988357855,7.229147988357855,7.229147988357855,3,bindingdb|chembl|pubchem_confirmatory,0.3,559.674,42.0,enzymatic,False,,none,False,True,True
HSMYDCUFPOGKDP-DNQXCXABSA-N,Cn1c(-c2cc3ccc(-c4ccc(C(N)=O)cc4)nc3n2CC2CC2)nc2cc(C(=O)N3C[C@H](N)C[C@@H](F)C3)ccc21,7.036212172654444,7.036212172654444,7.036212172654444,3,bindingdb|chembl|pubchem_confirmatory,0.3,565.653,42.0,enzymatic,False,,none,False,True,True
LIELNNVJLZDJNV-NTKDMRAZSA-N,COC(=O)Nc1ccc(-c2ccc3cc(-c4nc5cc(C(=O)N6C[C@H](C)C[C@@H](N)C6)ccc5n4C)n(CC4CC4)c3n2)cn1,6.747146969020107,6.747146969020107,6.747146969020107,3,bindingdb|chembl|pubchem_confirmatory,0.3,592.704,44.0,enzymatic,False,,none,False,True,True
ZXEGHRKMLWECLR-XUMYZKKMSA-N,Cn1c(-c2cc3ccc(-c4cc(F)c(O)c(F)c4)nc3n2CC2CC2)nc2cc(C(=O)N3CC4CCC3[C@@H]4N)ccc21,7.552841968657781,7.552841968657781,7.552841968657781,3,bindingdb|chembl|pubchem_confirmatory,0.3,568.628,42.0,enzymatic,False,,none,False,True,True
IUAQONCVWILQBW-JCHVILAISA-N,COC(=O)Nc1ccc(-c2ccc3cc(-c4nc5cc(C(=O)N6CC7CCC6[C@@H]7N)ccc5n4C)n(CC4CC4)c3n2)cn1,7.5376020021010435,7.537602002101044,7.537602002101044,3,bindingdb|chembl|pubchem_confirmatory,0.3,590.688,44.0,enzymatic,False,,none,False,True,True
KKEWYQGTRYLSFI-PCMMOIKVSA-N,COc1cc(-c2ccc3cc(-c4nc5cc(C(=O)N6CC7CCC6[C@@H]7N)cc(OC)c5n4C)n(CC4CC4)c3c2)ccc1OC(C)=O,6.71669877129645,6.71669877129645,6.71669877129645,3,bindingdb|chembl|pubchem_confirmatory,0.3,633.749,47.0,enzymatic,False,,none,False,True,True
XCBFJYQGXZLBPR-IKXBFRDRSA-N,COc1cc(-c2ccc3cc(-c4nc5cc(C(=O)N6CC7CCC6[C@@H]7N)cc(OC)c5n4C)n(CC4CC4)c3n2)ccc1OC(C)=O,7.136677139879544,7.136677139879544,7.136677139879544,3,bindingdb|chembl|pubchem_confirmatory,0.3,634.737,47.0,enzymatic,False,,none,False,True,True
PPYDIYQJBOFKJJ-CCWBKVMBSA-N,COc1cc(C(=O)N2CC3CCC2[C@@H]3N)cc2nc(-c3cc4ccc(-c5ccc(C(N)=O)cc5F)nc4n3CC3CC3)n(C)c12,7.638272163982407,7.638272163982407,7.638272163982407,3,bindingdb|chembl|pubchem_confirmatory,0.3,607.69,45.0,enzymatic,False,,none,False,True,True
BVBHTBJFUBWPGW-TWDLTGNASA-N,COc1cc(C(=O)N2CC3CCC2[C@@H]3N)cc2nc(-c3cc4ccc(-c5ccc(C(N)=O)cc5F)cc4n3CC3CC3)n(C)c12,7.721246399047171,7.721246399047171,7.721246399047171,3,bindingdb|chembl|pubchem_confirmatory,0.3,606.702,45.0,enzymatic,False,,none,False,True,True
HEUJGYBHGOVASU-JWJBQAENSA-N,COc1cc(C(=O)N2CC3CCC2[C@@H]3N)cc2nc(-c3cc4ccc(-c5ccc(C(N)=O)nc5)cc4n3CC3CC3)n(C)c12,7.721246399047171,7.721246399047171,7.721246399047171,3,bindingdb|chembl|pubchem_confirmatory,0.3,589.7,44.0,enzymatic,False,,none,False,True,True
KTRYHAQWFSULQI-OXZXHNBXSA-N,COc1cc(C(=O)N2CC3CCC2[C@@H]3N)cc2nc(-c3cc4ccc(-c5cccc6ncccc56)nc4n3CC3CC3)n(C)c12,7.638272163982407,7.638272163982407,7.638272163982407,3,bindingdb|chembl|pubchem_confirmatory,0.3,597.723,45.0,enzymatic,False,,none,False,True,True
ZCOUENJMOHTSHC-LLNLAZGKSA-N,COc1cc(C(=O)N2CC3CCC2[C@@H]3N)cc2nc(-c3cc4ccc(-c5cccc6nc(C)ccc56)nc4n3CC3CC3)n(C)c12,7.795880017344075,7.795880017344075,7.795880017344075,3,bindingdb|chembl|pubchem_confirmatory,0.3,611.75,46.0,enzymatic,False,,none,False,True,True
WIAVUOTUFXVFFW-JCHVILAISA-N,COc1cc(C(=O)N2CC3CCC2[C@@H]3N)cc2nc(-c3cc4ccc(-c5ccc(-c6nn[nH]n6)cc5)nc4n3CC3CC3)n(C)c12,7.102372908709558,7.102372908709558,7.102372908709558,3,bindingdb|chembl|pubchem_confirmatory,0.3,614.714,46.0,enzymatic,False,,none,False,True,True
RNYNXJNFKQTMAK-WKNZRQKGSA-N,COc1cc(C(=O)N2CC3CCC2[C@@H]3N)cc2nc(-c3cc4ccc(-c5cccc6ncccc56)cc4n3CC3CC3)n(C)c12,7.2839966563652006,7.2839966563652006,7.2839966563652006,3,bindingdb|chembl|pubchem_confirmatory,0.3,596.735,45.0,enzymatic,False,,none,False,True,True
QBXHEHOCBVRMLN-FWMJEQCYSA-N,COc1cc(C(=O)N2CC3CCC2[C@@H]3N)cc2nc(-c3cc4ccc(-c5cccc6nc(C)ccc56)cc4n3CC3CC3)n(C)c12,6.982966660701219,6.982966660701219,6.982966660701219,3,bindingdb|chembl|pubchem_confirmatory,0.3,610.762,46.0,enzymatic,False,,none,False,True,True
ZDBVVDUTDBVYHC-BTDDGAACSA-N,COc1cc(C(N)=O)ccc1-c1ccc2cc(-c3nc4cc(C(=O)N5CC6CCC5[C@@H]6N)cc(OC)c4n3C)n(CC3CC3)c2n1,7.886056647693163,7.886056647693163,7.886056647693163,3,bindingdb|chembl|pubchem_confirmatory,0.3,619.726,46.0,enzymatic,False,,none,False,True,True
IFKSXQFEQQQIOC-WZVKSPBRSA-N,COc1cc(C(=O)N2CC3CCC2[C@@H]3N)cc2nc(-c3cc4ccc(-c5ccc6c(ccc[n+]6[O-])c5)nc4n3CC3CC3)n(C)c12,7.4685210829577455,7.468521082957745,7.468521082957745,3,bindingdb|chembl|pubchem_confirmatory,0.3,613.722,46.0,enzymatic,False,,none,False,True,True
XYLQIWLJVUGVKK-JQODSXCXSA-O,COc1cc(C(=O)N2CC3CCC2[C@@H]3N)cc2[nH]c(-c3cc4ccc(-c5ccc6[nH]cc(C(=O)O)c(=O)c6c5)nc4n3CC3CC3)[n+](C)c12,7.568636235841012,7.568636235841012,7.568636235841012,1,pubchem_confirmatory,1.0,658.739,49.0,fp_ic50,False,,none,False,False,False
UGEAJVMTCPYFMU-YLBOGKAESA-N,COc1cc(C(=O)N2CC3CCC2[C@@H]3N)cc2nc(-c3cc4ccc(-c5cc(F)c6c(c5)CCC(=O)N6)nc4n3CC3CC3)n(C)c12,7.886056647693163,7.886056647693163,7.886056647693163,3,bindingdb|chembl|pubchem_confirmatory,0.3,633.728,47.0,enzymatic,False,,none,False,True,True
MEGWPQKDSWFZMR-IKXBFRDRSA-N,COc1cc(C(N)=O)ccc1-c1ccc2cc(-c3nc4cc(C(=O)N5CC6CCC5[C@@H]6N)cc(OC)c4n3C)n(CC3CC3)c2c1,7.42021640338319,7.42021640338319,7.42021640338319,3,bindingdb|chembl|pubchem_confirmatory,0.3,618.738,46.0,enzymatic,False,,none,False,True,True
ACPCILWOAYZKPR-MDAUBKBASA-N,COc1cc(C(=O)N2CC3CCC2[C@@H]3N)cc2nc(-c3cc4ccc(-c5ccc6c(ccc[n+]6[O-])c5)cc4n3CC3CC3)n(C)c12,7.6777807052660805,7.6777807052660805,7.6777807052660805,3,bindingdb|chembl|pubchem_confirmatory,0.3,612.734,46.0,enzymatic,False,,none,False,True,True
DGBSMVAOYPKILO-FCBLIUAWSA-N,COc1cc(C(=O)N2CC3CCC2[C@@H]3N)cc2nc(-c3cc4ccc(-c5ccc6[nH]cc(C(=O)O)c(=O)c6c5)cc4n3CC3CC3)n(C)c12,6.835647144215563,6.835647144215563,6.835647144215563,3,bindingdb|chembl|pubchem_confirmatory,0.3,656.743,49.0,enzymatic,False,,none,False,True,True
KRGYLTVKMJZURK-DMTRJYJOSA-N,COc1cc(C(=O)N2CC3CCC2[C@@H]3N)cc2nc(-c3cc4ccc(-c5cc(F)c6c(c5)CCC(=O)N6)cc4n3CC3CC3)n(C)c12,7.4685210829577455,7.468521082957745,7.468521082957745,3,bindingdb|chembl|pubchem_confirmatory,0.3,632.74,47.0,enzymatic,False,,none,False,True,True
MNRHEYODBDCHHO-OPYALOGVSA-N,COc1cc(C(=O)N2CC3CCC2[C@@H]3N)cc2nc(-c3cc4ccc(-c5ccc6nc(C#N)ccc6c5)cc4n3CC3CC3)n(C)c12,6.866461091629783,6.866461091629782,6.866461091629782,3,bindingdb|chembl|pubchem_confirmatory,0.3,621.745,47.0,enzymatic,False,,none,False,True,True
VSWOMGIOACEAOU-XKHRETHESA-N,COc1cc(C(=O)N2CC3CCC2[C@@H]3N)cc2nc(-c3cc4ccc(-c5ccc(C(N)=O)c(O)c5)cc4n3CC3CC3)n(C)c12,7.136677139879544,7.136677139879544,7.136677139879544,3,bindingdb|chembl|pubchem_confirmatory,0.3,604.711,45.0,enzymatic,False,,none,False,True,True
LHBMQLBOCRSDLT-CPWPOOERSA-N,COc1cc(C(=O)N2CC3CCC2[C@@H]3N)cc2nc(-c3cc4ccc(-c5ccc6nc(C#N)ccc6c5)nc4n3CC3CC3)n(C)c12,7.207608310501745,7.207608310501746,7.207608310501746,3,bindingdb|chembl|pubchem_confirmatory,0.3,622.733,47.0,enzymatic,False,,none,False,True,True
LFPPSFVNBGNNPR-UCDZCMRKSA-N,COc1cc(C(=O)N2CC3CCC2[C@@H]3N)cc2nc(-c3cc4ccc(-c5ccc(C(N)=O)c(O)c5)nc4n3CC3CC3)n(C)c12,7.886056647693163,7.886056647693163,7.886056647693163,3,bindingdb|chembl|pubchem_confirmatory,0.3,605.699,45.0,enzymatic,False,,none,False,True,True
BNCYUKAOCLWXOL-LDZQUKMZSA-N,COc1cc(-c2ccc3cc(-c4nc5cc(C(=O)N6CC7CCC6[C@@H]7N)cc(OC)c5n4C)n(CC4CC4)c3n2)cc(Cl)c1O,7.180456064458131,7.180456064458131,7.180456064458131,3,bindingdb|chembl|pubchem_confirmatory,0.3,627.145,45.0,enzymatic,False,,none,False,True,True
KMHVWSYZPXHNLI-JAEXGXQOSA-N,COc1cc(C(=O)N2CC3CCC2[C@@H]3N)cc2nc(-c3cc4ccc(-c5ccc(O)cc5F)nc4n3CC3CC3)n(C)c12,7.161150909262744,7.161150909262744,7.161150909262744,3,bindingdb|chembl|pubchem_confirmatory,0.3,580.664,43.0,enzymatic,False,,none,False,True,True
NSOPJJCZPTUTCB-STHVYQTBSA-N,CNS(=O)(=O)c1ccc(-c2ccc3cc(-c4nc5cc(C(=O)N6CC7CCC6[C@@H]7N)cc(OC)c5n4C)n(CC4CC4)c3n2)cc1,7.229147988357855,7.229147988357855,7.229147988357855,3,bindingdb|chembl|pubchem_confirmatory,0.3,639.782,46.0,enzymatic,False,,none,False,True,True
CGWRMBYFKYPJSA-RXEARMEOSA-N,COc1cc(C(=O)N2CC3CCC2[C@@H]3N)cc2nc(-c3cc4ccc(-c5ccc6nccnc6c5)nc4n3CC3CC3)n(C)c12,7.568636235841012,7.568636235841012,7.568636235841012,3,bindingdb|chembl|pubchem_confirmatory,0.3,598.711,45.0,enzymatic,False,,none,False,True,True
RLWJPYQILYBNJY-KFHGAJFOSA-N,COc1cc(C(=O)N2CC3CCC2[C@@H]3N)cc2nc(-c3cc4ccc(-c5ccc(S(=O)(=O)NC6CC6)cc5)nc4n3CC3CC3)n(C)c12,6.970616222314791,6.97061622231479,6.97061622231479,3,bindingdb|chembl|pubchem_confirmatory,0.3,665.82,48.0,enzymatic,False,,none,False,True,True
PTICUODAYJPJPK-YADARESESA-N,COC(=O)Nc1ccc(-c2ccc3cc(-c4nc5cc(C(=O)N6C[C@H](N)CC[C@@H]6C)cc(OC)c5n4C)n(CC4CC4)c3n2)cn1,6.8297382846050425,6.8297382846050425,6.8297382846050425,3,bindingdb|chembl|pubchem_confirmatory,0.3,622.73,46.0,enzymatic,False,,none,False,True,True
PUCIUCYCOKGKKK-FDDCHVKYSA-N,COc1cc(C(=O)N2C[C@H](N)CC[C@@H]2C)cc2nc(-c3cc4ccc(-c5ccc(C(N)=O)c(F)c5)nc4n3CC3CC3)n(C)c12,6.75448733218585,6.75448733218585,6.75448733218585,3,bindingdb|chembl|pubchem_confirmatory,0.3,609.706,45.0,enzymatic,False,,none,False,True,True
OXGZWMSLIJQXKJ-FDDCHVKYSA-N,COc1cc(C(=O)N2C[C@H](N)CC[C@@H]2C)cc2nc(-c3cc4ccc(-c5ccc(C(N)=O)c(Cl)c5)nc4n3CC3CC3)n(C)c12,6.701146923590294,6.701146923590294,6.701146923590294,3,bindingdb|chembl|pubchem_confirmatory,0.3,626.161,45.0,enzymatic,False,,none,False,True,True
GHKJSMWBPDCSRI-RXFWQSSRSA-N,COc1cc(C(=O)N2C[C@H](N)CC[C@@H]2C)cc2nc(-c3cc4ccc(-c5ccc6c(=O)[nH]ccc6c5)nc4n3CC3CC3)n(C)c12,6.892790030352131,6.892790030352131,6.892790030352131,2,bindingdb|pubchem_confirmatory,0.5,615.738,46.0,enzymatic,False,,none,False,True,True
DAYIZZOZUBSHCK-UQBPGWFLSA-N,COc1cc(C(=O)N2C[C@H](N)CC[C@@H]2C)cc2nc(-c3cc4ccc(-c5ccc6c(c5)CC(=O)N6)nc4n3CC3CC3)n(C)c12,6.723538195826755,6.723538195826755,6.723538195826755,3,bindingdb|chembl|pubchem_confirmatory,0.3,603.727,45.0,enzymatic,False,,none,False,True,True
ZLAQSPOQONVMRZ-OFKODDFHSA-N,COc1cc(C(=O)N2CC3CCC2[C@@H]3N)cc2nc(-c3cc4ccc(-c5cc(F)c(C(N)=O)c(F)c5)nc4n3CC3CC3)n(C)c12,7.2839966563652006,7.2839966563652006,7.2839966563652006,3,bindingdb|chembl|pubchem_confirmatory,0.3,625.68,46.0,enzymatic,False,,none,False,True,True
UUCBMATYTOQCBV-CRLCSLCLSA-N,COc1cc(C(=O)N2CC3CCC2[C@@H]3N)cc2nc(-c3cc4ccc(-c5ccc6nc[nH]c(=O)c6c5)nc4n3CC3CC3)n(C)c12,7.958607314841775,7.958607314841775,7.958607314841775,3,bindingdb|chembl|pubchem_confirmatory,0.3,614.71,46.0,enzymatic,False,,none,False,True,True
NRANKPSZLVDJKV-YLBOGKAESA-N,COc1cc(C(=O)N2CC3CCC2[C@@H]3N)cc2nc(-c3cc4ccc(-c5ccc6[nH]c(=O)cnc6c5)nc4n3CC3CC3)n(C)c12,7.886056647693163,7.886056647693163,7.886056647693163,3,bindingdb|chembl|pubchem_confirmatory,0.3,614.71,46.0,enzymatic,False,,none,False,True,True
YSMXCGSHAOODKA-CPWPOOERSA-N,COC(=O)c1ccc2cc(-c3ccc4cc(-c5nc6cc(C(=O)N7CC8CCC7[C@@H]8N)cc(OC)c6n5C)n(CC5CC5)c4n3)ccc2n1,6.995678626217358,6.995678626217357,6.995678626217357,3,bindingdb|chembl|pubchem_confirmatory,0.3,655.759,49.0,enzymatic,False,,none,False,True,True
YAFLYTNZBCPHGU-DMTRJYJOSA-N,COc1cc(C(=O)N2CC3CCC2[C@@H]3N)cc2nc(-c3cc4ccc(-c5ccc6[nH]c(=O)cnc6c5)cc4n3CC3CC3)n(C)c12,7.619788758288394,7.619788758288394,7.619788758288394,3,bindingdb|chembl|pubchem_confirmatory,0.3,613.722,46.0,enzymatic,False,,none,False,True,True
YTASUGQMVPWZHX-XKHRETHESA-N,COc1cc(C(=O)N2CC3CCC2[C@@H]3N)cc2nc(-c3cc4ccc(-c5ccc6c(c5)C(=O)NS6(=O)=O)cc4n3CC3CC3)n(C)c12,6.84163750790475,6.84163750790475,6.84163750790475,3,bindingdb|chembl|pubchem_confirmatory,0.3,650.761,47.0,enzymatic,False,,none,False,True,True
XOIUBWNWSVROLJ-OPYALOGVSA-N,COC(=O)c1ccc2cc(-c3ccc4cc(-c5nc6cc(C(=O)N7CC8CCC7[C@@H]8N)cc(OC)c6n5C)n(CC5CC5)c4c3)ccc2n1,8.045757490560675,8.045757490560675,8.045757490560675,3,bindingdb|chembl|pubchem_confirmatory,0.3,654.771,49.0,enzymatic,False,,none,False,True,True
ZZXHCVIIEJEFMW-ABNDPDSASA-N,COc1cc(C(=O)N2CC3CCC2[C@@H]3N)cc2nc(-c3cc4ccc(-c5cc(F)c(C(N)=O)c(F)c5)cc4n3CC3CC3)n(C)c12,7.958607314841775,7.958607314841775,7.958607314841775,3,bindingdb|chembl|pubchem_confirmatory,0.3,624.692,46.0,enzymatic,False,,none,False,True,True
BXNPEJUZSZNTKY-TWDLTGNASA-N,COc1cc(C(=O)N2CC3CCC2[C@@H]3N)cc2nc(-c3cc4ccc(-c5ccc6c(c5)C(F)(F)C(=O)N6)cc4n3CC3CC3)n(C)c12,7.2839966563652006,7.2839966563652006,7.2839966563652006,3,bindingdb|chembl|pubchem_confirmatory,0.3,636.703,47.0,enzymatic,True,haloacetyl,none,False,True,True
MBPYGFRYQCLAMO-DMTRJYJOSA-N,COc1cc(C(=O)N2CC3CCC2[C@@H]3N)cc2nc(-c3cc4ccc(-c5ccc6[nH]ncc(=O)c6c5)cc4n3CC3CC3)n(C)c12,7.920818753952375,7.920818753952375,7.920818753952375,3,bindingdb|chembl|pubchem_confirmatory,0.3,613.722,46.0,enzymatic,False,,none,False,True,True
WGUJMAVEVPQWBD-YETGJXKVSA-N,COc1cc(C(=O)N2CC3CCC2[C@@H]3N)cc2nc(-c3cc4ccc(-c5ccc6c(c5Cl)CC(=O)N6)cc4n3CC3CC3)n(C)c12,7.6020599913279625,7.6020599913279625,7.6020599913279625,3,bindingdb|chembl|pubchem_confirmatory,0.3,635.168,46.0,enzymatic,False,,none,False,True,True
HWQPHQBHWXUIDR-WPAFISJISA-N,COc1cc(C(=O)N2CC3CCC2[C@@H]3N)cc2nc(-c3cc4ccc(C(=O)NCC5CCOC5)cc4n3CC3CC3)n(C)c12,6.555955204081923,6.555955204081924,6.555955204081924,3,bindingdb|chembl|pubchem_confirmatory,0.3,596.732,44.0,enzymatic,False,,none,False,True,True
KLZKHZKXDHZACA-WPAFISJISA-N,COc1cc(C(=O)N2CC3CCC2[C@@H]3N)cc2nc(-c3cc4ccc(C(=O)NCC5CCS(=O)(=O)C5)cc4n3CC3CC3)n(C)c12,6.627087997029893,6.627087997029893,6.627087997029893,3,bindingdb|chembl|pubchem_confirmatory,0.3,644.798,46.0,enzymatic,False,,none,False,True,True
BBSMONTWGLJNCJ-XBPDSQQVSA-N,COc1cc(C(=O)N2CC3CCC2[C@@H]3N)cc2nc(-c3cc4ccc(NCc5ccncc5)cc4n3CC3CC3)n(C)c12,6.112945621949042,6.112945621949043,6.112945621949043,3,bindingdb|chembl|pubchem_confirmatory,0.3,575.717,43.0,enzymatic,False,,none,False,True,True
RWDLAAOXQHHKMJ-QMCAYLGFSA-N,COc1cc(C(=O)N2CC3CCC2[C@@H]3N)cc2nc(-c3cc4ccc(Oc5ccncc5)nc4n3CC3CC3)n(C)c12,6.679853713888946,6.679853713888946,6.679853713888946,3,bindingdb|chembl|pubchem_confirmatory,0.3,563.662,42.0,enzymatic,False,,none,False,True,True
ZREADEMHJVTHRN-JWJBQAENSA-N,COc1cc(C(=O)N2CC3CCC2[C@@H]3N)cc2nc(-c3cc4ccc(Oc5cc(C)nc(C)c5)nc4n3CC3CC3)n(C)c12,6.480172006224282,6.480172006224281,6.480172006224281,3,bindingdb|chembl|pubchem_confirmatory,0.3,591.716,44.0,enzymatic,False,,none,False,True,True
SNMPVJPFNDSUCO-QMCAYLGFSA-N,COc1cc(C(=O)N2CC3CCC2[C@@H]3N)cc2nc(-c3cc4ccc(Nc5cccnc5)nc4n3CC3CC3)n(C)c12,6.195179321278839,6.195179321278838,6.195179321278838,3,bindingdb|chembl|pubchem_confirmatory,0.3,562.678,42.0,enzymatic,False,,none,False,True,True
DRBKBZPFPMMQSB-VDOBOPNRSA-N,COc1cc(C(=O)N2CC3CCC2[C@@H]3N)cc2nc(-c3cc4ccc(Nc5ccc(NC(C)=O)nc5)nc4n3CC3CC3)n(C)c12,6.474955192963154,6.474955192963154,6.474955192963154,3,bindingdb|chembl|pubchem_confirmatory,0.3,619.73,46.0,enzymatic,False,,none,False,True,True
AALCSHHUTCNKGW-BTDDGAACSA-N,COc1cc(C(=O)N2CC3CCC2[C@@H]3N)cc2nc(-c3cc4ccc(S(=O)(=O)c5ccncc5)cc4n3CC3CC3)n(C)c12,6.598599459218455,6.598599459218455,6.598599459218455,3,bindingdb|chembl|pubchem_confirmatory,0.3,610.74,44.0,enzymatic,False,,none,False,True,True
WFQOQSAGDMXIKR-QMCAYLGFSA-N,COc1cc(C(=O)N2CC3CCC2[C@@H]3N)cc2nc(-c3cc4ccc(C5CNC5)cc4n3CC3CC3)n(C)c12,6.679853713888946,6.679853713888946,6.679853713888946,3,bindingdb|chembl|pubchem_confirmatory,0.3,524.669,39.0,enzymatic,False,,none,False,True,True
ZERRTSLGDYEDNG-JWJBQAENSA-N,COc1cc(C(=O)N2CC3CCC2[C@@H]3N)cc2nc(-c3cc4ccc(C5CN(C(C)=O)C5)cc4n3CC3CC3)n(C)c12,6.653647025549361,6.653647025549361,6.653647025549361,3,bindingdb|chembl|pubchem_confirmatory,0.3,566.706,42.0,enzymatic,False,,none,False,True,True
NBLLCKZPUVHFGL-JWJBQAENSA-N,COc1cc(C(=O)N2CC3CCC2[C@@H]3N)cc2nc(-c3cc4ccc(Nc5ccc(CN)cc5)nc4n3CC3CC3)n(C)c12,7.055517327849831,7.055517327849831,7.055517327849831,3,bindingdb|chembl|pubchem_confirmatory,0.3,590.732,44.0,enzymatic,False,,none,False,True,True
ZZDBZTVYHQTIOV-CXBZOWBPSA-N,COc1cc(C(=O)N2CC3CCC2[C@@H]3N)cc2nc(-c3cc4ccc(Nc5cccc(C(N)=O)c5)nc4n3CC3CC3)n(C)c12,7.102372908709558,7.102372908709558,7.102372908709558,3,bindingdb|chembl|pubchem_confirmatory,0.3,604.715,45.0,enzymatic,False,,none,False,True,True
BENGTUBUNVDWKF-HIGDUGLOSA-N,COc1cc(C(=O)N2CC3CCC2[C@@H]3N)cc2nc(-c3cc4ccc(NCc5ccncc5)nc4n3CC3CC3)n(C)c12,6.821023052706831,6.821023052706831,6.821023052706831,3,bindingdb|chembl|pubchem_confirmatory,0.3,576.705,43.0,enzymatic,False,,none,False,True,True
MQFKRIWHXNAWKO-PWJCZFGMSA-N,COc1cc(C(=O)N2CC3CCC2[C@@H]3N)cc2nc(-c3cc4ccc(NCc5cccc(NC(C)=O)c5)nc4n3CC3CC3)n(C)c12,6.79317412396815,6.79317412396815,6.79317412396815,3,bindingdb|chembl|pubchem_confirmatory,0.3,632.769,47.0,enzymatic,False,,none,False,True,True
TZIFSJIIAVQGFL-JWJBQAENSA-N,COc1cc(C(=O)N2CC3CCC2[C@@H]3N)cc2nc(-c3cc4ccc(Nc5cccc(CN)c5)nc4n3CC3CC3)n(C)c12,7.080921907623927,7.080921907623926,7.080921907623926,3,bindingdb|chembl|pubchem_confirmatory,0.3,590.732,44.0,enzymatic,False,,none,False,True,True
QYBVKCCZBAQJFB-RIMFSCFKSA-N,COc1cc(C(=O)N2CC3CCC2[C@@H]3N)cc2nc(-c3cc4ccc(NC5CCNC(=O)C5)nc4n3CC3CC3)n(C)c12,6.91597234827043,6.91597234827043,6.91597234827043,3,bindingdb|chembl|pubchem_confirmatory,0.3,582.709,43.0,enzymatic,False,,none,False,True,True
QWDMOGJYQVLWLV-JCHVILAISA-N,COc1cc(C(=O)N2CC3CCC2[C@@H]3N)cc2nc(-c3cc4ccc(C5CCCCC5)nc4n3CC3CC3)n(C)c12,6.913640169325252,6.913640169325252,6.913640169325252,3,bindingdb|chembl|pubchem_confirmatory,0.3,552.723,41.0,enzymatic,False,,none,False,True,True
QIRZFASKHQMJSA-HRQYYILTSA-N,COc1cc(C(=O)N2CC3CCC2[C@@H]3N)cc2nc(-c3cc4ccc(C5CC5)nc4n3CC3CC3)n(C)c12,7.301029995663981,7.301029995663981,7.301029995663981,3,bindingdb|chembl|pubchem_confirmatory,0.3,510.642,38.0,enzymatic,False,,none,False,True,True
GXZZOHLMBBRGAC-QREUFCTJSA-N,COc1cc(C(=O)N2CC3CCC2[C@@H]3N)cc2nc(-c3cc4ccc(C5CCCC5)nc4n3CC3CC3)n(C)c12,6.774690718274137,6.774690718274137,6.774690718274137,3,bindingdb|chembl|pubchem_confirmatory,0.3,538.696,40.0,enzymatic,False,,none,False,True,True
XGOFZSGIYCTREC-QZPZUKOXSA-N,CCOc1ncc(-c2ccc3cc(-c4nc5cc(C(=O)N6CC7CCC6[C@@H]7N)cc(OC)c5n4C)n(CC4CC4)c3n2)cn1,7.4685210829577455,7.468521082957745,7.468521082957745,3,bindingdb|chembl|pubchem_confirmatory,0.3,592.704,44.0,enzymatic,False,,none,False,True,True
QIHNXTAAXWJCDK-CTENDNCJSA-N,COc1cc(C(=O)N2CC3CCC2[C@@H]3N)cc2nc(-c3cc4ccc(CC5CCOC5)nc4n3CC3CC3)n(C)c12,6.782516055786093,6.782516055786093,6.782516055786093,3,bindingdb|chembl|pubchem_confirmatory,0.3,554.695,41.0,enzymatic,False,,none,False,True,True
NUTFMCIXCMDFQE-QMCAYLGFSA-N,COc1cc(C(=O)N2CC3CCC2[C@@H]3N)cc2nc(-c3cc4ccc(C5COC5)cc4n3CC3CC3)n(C)c12,7.376750709602099,7.376750709602099,7.376750709602099,3,bindingdb|chembl|pubchem_confirmatory,0.3,525.653,39.0,enzymatic,False,,none,False,True,True
MELVEGKKJYESBX-WMXNZVEGSA-N,COc1cc(C(=O)N2CC3CCC2[C@@H]3N)cc2nc(-c3cc4ccc(C5CCNCC5)cc4n3CC3CC3)n(C)c12,7.346787486224656,7.346787486224656,7.346787486224656,3,bindingdb|chembl|pubchem_confirmatory,0.3,552.723,41.0,enzymatic,False,,none,False,True,True
KQSGFLUCMVCWHA-PDJLCVSHSA-N,COc1cc(C(=O)N2CC3CCC2[C@@H]3N)cc2nc(-c3cc4ccc(C5CCNC5)nc4n3CC3CC3)n(C)c12,7.308541432456234,7.308541432456234,7.308541432456234,3,bindingdb|chembl|pubchem_confirmatory,0.3,539.684,40.0,enzymatic,False,,none,False,True,True
IWFLRVYMORSPDJ-MOBAFLLYSA-N,COc1cc(C(=O)N2CC3CCC2[C@@H]3N)cc2nc(-c3cc4ccc(CC5CCNCC5)cc4n3CC3CC3)n(C)c12,7.050609993355086,7.050609993355087,7.050609993355087,3,bindingdb|chembl|pubchem_confirmatory,0.3,566.75,42.0,enzymatic,False,,none,False,True,True
FHHAVGVCBQATIX-VFVRMCIJSA-N,COc1cc(C(=O)N2CC3CCC2[C@@H]3N)cc2nc(-c3cc4ccc(C5CCN(C(C)=O)CC5)cc4n3CC3CC3)n(C)c12,7.154901959985743,7.154901959985743,7.154901959985743,3,bindingdb|chembl|pubchem_confirmatory,0.3,594.76,44.0,enzymatic,False,,none,False,True,True
PDWNMOAFCPTFQR-HIGDUGLOSA-N,COc1cc(C(=O)N2CC3CCC2[C@@H]3N)cc2nc(-c3cc4ccc(CCN5CCOC5=O)cc4n3CC3CC3)n(C)c12,7.161150909262744,7.161150909262744,7.161150909262744,3,bindingdb|chembl|pubchem_confirmatory,0.3,582.705,43.0,enzymatic,False,,none,False,True,True
DGXHWHGCQHBSGL-QREUFCTJSA-N,COc1cc(C(=O)N2CC3CCC2[C@@H]3N)cc2nc(-c3cc4ccc(C5CCNCC5)nc4n3CC3CC3)n(C)c12,7.292429823902064,7.292429823902063,7.292429823902063,3,bindingdb|chembl|pubchem_confirmatory,0.3,553.711,41.0,enzymatic,False,,none,False,True,True
ZVODTDNNXABCMU-USEXYCNBSA-N,COc1cc(C(=O)N2CC3CCC2[C@@H]3N)cc2nc(-c3cc4ccc(C5CCN(C(=O)OCc6ccccc6)C5)nc4n3CC3CC3)n(C)c12,7.050609993355086,7.050609993355087,7.050609993355087,3,bindingdb|chembl|pubchem_confirmatory,0.3,673.818,50.0,enzymatic,False,,none,False,True,True
GDOAKKMZTBOWGN-CTVIBWNGSA-N,COc1cc(C(=O)N2CC3CCC2[C@@H]3N)cc2nc(-c3cc4ccc(C5CCN(C(=O)OCc6ccccc6)C5)cc4n3CC3CC3)n(C)c12,6.844663962534938,6.844663962534938,6.844663962534938,3,bindingdb|chembl|pubchem_confirmatory,0.3,672.83,50.0,enzymatic,False,,none,False,True,True
LVZIRZOALJFJDC-OYTODEGTSA-N,COc1cc(C(=O)N2CC3CCC2[C@@H]3N)cc2nc(-c3cc4ccc(C5CCN(C(C)=O)C5)cc4n3CC3CC3)n(C)c12,7.102372908709558,7.102372908709558,7.102372908709558,3,bindingdb|chembl|pubchem_confirmatory,0.3,580.733,43.0,enzymatic,False,,none,False,True,True
UPUAJTPIEIEBEZ-BTDDGAACSA-N,COc1cc(C(=O)N2CC3CCC2[C@@H]3N)cc2nc(-c3cc4ccc(-c5ccc6nnn(C)c6c5)nc4n3CC3CC3)n(C)c12,7.045757490560675,7.045757490560675,7.045757490560675,3,bindingdb|chembl|pubchem_confirmatory,0.3,601.715,45.0,enzymatic,False,,none,False,True,True
CDYFQUKIYRLYSZ-IKXBFRDRSA-N,COc1cc(C(=O)N2CC3CCC2[C@@H]3N)cc2nc(-c3cc4ccc(-c5ccc6nnn(C)c6c5)cc4n3CC3CC3)n(C)c12,7.431798275933005,7.431798275933005,7.431798275933005,3,bindingdb|chembl|pubchem_confirmatory,0.3,600.727,45.0,enzymatic,False,,none,False,True,True
KUWHBBUUWBJSNP-XKHRETHESA-N,COc1cc(C(=O)N2CC3CCC2[C@@H]3N)cc2nc(-c3cc4ccc(-c5ccc6oc(=O)[nH]c6c5)cc4n3CC3CC3)n(C)c12,7.327902142064282,7.327902142064282,7.327902142064282,3,bindingdb|chembl|pubchem_confirmatory,0.3,602.695,45.0,enzymatic,False,,none,False,True,True
FQQXUOKNGQYCPU-RQDOOIFYSA-N,COc1cc(C(=O)N2CC3CCC2[C@@H]3N)cc2nc(-c3cc4ccc(C5CC(O)C5)cc4n3CC3CC3)n(C)c12,7.325264100392808,7.325264100392808,7.325264100392808,3,bindingdb|chembl|pubchem_confirmatory,0.3,539.68,40.0,enzymatic,False,,none,False,True,True
VCKKUSPDMAQDMH-JNLDVWTHSA-N,COc1cc(C(=O)N2CC3CCC2[C@@H]3N)cc2nc(-c3cc4ccc(C5CC(O)C5)nc4n3CC3CC3)n(C)c12,7.348510031625875,7.348510031625875,7.348510031625875,3,bindingdb|chembl|pubchem_confirmatory,0.3,540.668,40.0,enzymatic,False,,none,False,True,True
CKBYKGSQLPHRGL-QRTSZJHRSA-N,COc1cc(C(=O)N2CC3CCC2[C@@H]3N)cc2nc(-c3cc4ccc(CC5CCCCO5)nc4n3CC3CC3)n(C)c12,6.912041246744953,6.912041246744954,6.912041246744954,3,bindingdb|chembl|pubchem_confirmatory,0.3,568.722,42.0,enzymatic,False,,none,False,True,True
KTYYZHUCVSDMRF-DQTDJASNSA-N,COC(=O)C1CC(c2ccc3cc(-c4nc5cc(C(=O)N6CC7CCC6[C@@H]7N)cc(OC)c5n4C)n(CC4CC4)c3n2)C1,6.927572846373535,6.927572846373535,6.927572846373535,3,bindingdb|chembl|pubchem_confirmatory,0.3,582.705,43.0,enzymatic,False,,none,False,True,True
VWEUTKDBJKQUEU-QXBULVENSA-N,COc1cc(C(=O)N2CC3CCC2[C@@H]3N)cc2nc(-c3cc4ccc(C5CCC(O)CC5)cc4n3CC3CC3)n(C)c12,6.786785037403036,6.786785037403036,6.786785037403036,3,bindingdb|chembl|pubchem_confirmatory,0.3,567.734,42.0,enzymatic,False,,none,False,True,True
FNKLJCCWJXYIOJ-XIKJUVSSSA-N,COc1cc(C(=O)N2CC3CCC2[C@@H]3N)cc2nc(-c3cc4ccc(C5CC(C)(O)C5)nc4n3CC3CC3)n(C)c12,7.0655015487564325,7.0655015487564325,7.0655015487564325,3,bindingdb|chembl|pubchem_confirmatory,0.3,554.695,41.0,enzymatic,False,,none,False,True,True
XQFBQWUFOHVWCG-KNFYQODVSA-N,COc1cc(C(=O)N2CC3CCC2[C@@H]3N)cc2nc(-c3cc4ccc(CC(C)(C)O)cc4n3CC3CC3)n(C)c12,6.958607314841775,6.958607314841775,6.958607314841775,3,bindingdb|chembl|pubchem_confirmatory,0.3,541.696,40.0,enzymatic,False,,none,False,True,True
COPUPBXKZYBZCG-RTBURBONSA-N,COc1cc(C(=O)N2C[C@H](N)C[C@@H](F)C2)cc2nc(-c3cc4ccc(C(C)(F)F)nc4n3CC3CC3)n(C)c12,7.4685210829577455,7.468521082957745,7.468521082957745,3,bindingdb|chembl|pubchem_confirmatory,0.3,540.59,39.0,enzymatic,False,,none,False,True,True
AKFLDWOPRDYHRT-ADGSLESKSA-N,COc1cc(C(=O)N2C[C@H](N)C[C@@H](F)C2)cc2nc(-c3cc4ccc(C(C)(O)C5CCC5)nc4n3CC3CC3)n(C)c12,7.4089353929735005,7.4089353929735005,7.4089353929735005,3,bindingdb|chembl|pubchem_confirmatory,0.3,574.701,42.0,enzymatic,False,,none,False,True,True
WPPGVUDJTWDNTC-WOJBJXKFSA-N,COc1cc(C(=O)N2C[C@H](N)C[C@@H](F)C2)cc2nc(-c3cc4ccc(C(O)(CF)CF)nc4n3CC3CC3)n(C)c12,7.568636235841012,7.568636235841012,7.568636235841012,3,bindingdb|chembl|pubchem_confirmatory,0.3,570.616,41.0,enzymatic,False,,none,False,True,True
XCWPKXTWFCSJFA-ZSADTWRWSA-N,COc1cc(C(=O)N2C[C@H]3CC[C@@H]2[C@@H]3N)cc2nc(-c3cc4ccc(-c5ccc(OCC(N)=O)cc5)nc4n3CC3CC3)n(C)c12,7.1249387366083,7.1249387366083,7.1249387366083,3,bindingdb|chembl|pubchem_confirmatory,0.3,619.726,46.0,enzymatic,False,,none,False,True,True
RZPCBAICXYCBMR-RDMIVRQXSA-N,COc1cc(C(=O)N2CC3CCC2[C@@H]3N)cc2nc(-c3cc4ccc(C(C)(C)O)cc4n3CC3CC3)n(C)c12,6.935542010773081,6.935542010773082,6.935542010773082,3,bindingdb|chembl|pubchem_confirmatory,0.3,527.669,39.0,enzymatic,False,,none,False,True,True
UCBPFXVKIHHBTN-BYICHJTDSA-N,COc1cc(C(=O)N2CC3CCC2[C@@H]3N)cc2nc(-c3cc4ccc(-c5ccc6nc[nH]c(=O)c6c5)cc4n3CC3CC3)n(C)c12,7.6777807052660805,7.6777807052660805,7.6777807052660805,3,bindingdb|chembl|pubchem_confirmatory,0.3,613.722,46.0,enzymatic,False,,none,False,True,True
HHDNBURUBIJEMW-WKNZRQKGSA-N,COC(=O)c1c[nH]c2ccc(-c3ccc4cc(-c5nc6cc(C(=O)N7CC8CCC7[C@@H]8N)cc(OC)c6n5C)n(CC5CC5)c4c3)cc12,6.838631997765025,6.838631997765026,6.838631997765026,3,bindingdb|chembl|pubchem_confirmatory,0.3,642.76,48.0,enzymatic,False,,none,False,True,True
RCIBAYCZIWNWQM-SHEKFCCPSA-N,COc1cc(C(=O)N2CC3CCC2[C@@H]3N)cc2nc(-c3cc4ccc(-c5ccc6c(c5)C(=O)CS(=O)(=O)N6C)cc4n3CC3CC3)n(C)c12,6.804100347590766,6.804100347590767,6.804100347590767,3,bindingdb|chembl|pubchem_confirmatory,0.3,678.815,49.0,enzymatic,False,,none,False,True,True
IEDKINODSPRODN-MDAUBKBASA-N,COc1cc(C(=O)N2CC3CCC2[C@@H]3N)cc2nc(-c3cc4ccc(-c5ccc6cc[n+]([O-])cc6c5)cc4n3CC3CC3)n(C)c12,7.292429823902064,7.292429823902063,7.292429823902063,3,bindingdb|chembl|pubchem_confirmatory,0.3,612.734,46.0,enzymatic,False,,none,False,True,True
OIAQOFSRKAAPTI-CCWBKVMBSA-N,COc1cc(C(=O)N2CC3CCC2[C@@H]3N)cc2nc(-c3cc4ccc(-c5ccc6c(c5)C(F)(F)C(=O)N6)nc4n3CC3CC3)n(C)c12,6.991399828238083,6.991399828238082,6.991399828238082,3,bindingdb|chembl|pubchem_confirmatory,0.3,637.691,47.0,enzymatic,True,haloacetyl,none,False,True,True
BLSCDGQCXLIBIV-LYLGLVRWSA-N,COc1cc(C(=O)N2CC3CCC2[C@@H]3N)cc2nc(-c3cc4ccc(-c5ccc6c(c5)C(=O)CS(=O)(=O)N6C)nc4n3CC3CC3)n(C)c12,6.8696662315049934,6.8696662315049934,6.8696662315049934,3,bindingdb|chembl|pubchem_confirmatory,0.3,679.803,49.0,enzymatic,False,,none,False,True,True
NAUYBXKFSTUHAC-YLBOGKAESA-N,COc1cc(C(=O)N2CC3CCC2[C@@H]3N)cc2nc(-c3cc4ccc(-c5ccc6[nH]ncc(=O)c6c5)nc4n3CC3CC3)n(C)c12,7.214670164989233,7.214670164989233,7.214670164989233,3,bindingdb|chembl|pubchem_confirmatory,0.3,614.71,46.0,enzymatic,False,,none,False,True,True
PXRPFCMSECGUPB-WZVKSPBRSA-N,COc1cc(C(=O)N2CC3CCC2[C@@H]3N)cc2nc(-c3cc4ccc(-c5ccc6cc[n+]([O-])cc6c5)nc4n3CC3CC3)n(C)c12,7.221848749616356,7.221848749616356,7.221848749616356,3,bindingdb|chembl|pubchem_confirmatory,0.3,613.722,46.0,enzymatic,False,,none,False,True,True
IZAZHNOYWJACHV-SGAJGPLNSA-N,COc1cc(C(=O)N2CC3CCC2[C@@H]3N)cc2nc(-c3cc4ccc(-c5cccc(S(=O)(=O)NCCO)c5)nc4n3CC3CC3)n(C)c12,6.946921556516581,6.94692155651658,6.94692155651658,3,bindingdb|chembl|pubchem_confirmatory,0.3,669.808,48.0,enzymatic,False,,none,False,True,True
IKVBVRRECBVBRZ-CCWBKVMBSA-N,COc1cc(C(=O)N2CC3CCC2[C@@H]3N)cc2nc(-c3cc4ccc(-c5ccc(Cl)c(C(N)=O)c5)nc4n3CC3CC3)n(C)c12,7.522878745280337,7.522878745280337,7.522878745280337,3,bindingdb|chembl|pubchem_confirmatory,0.3,624.145,45.0,enzymatic,False,,none,False,True,True
GAJPWPWNHDWJIG-CCWBKVMBSA-N,COc1cc(C(=O)N2CC3CCC2[C@@H]3N)cc2nc(-c3cc4ccc(-c5ccc(F)c(C(N)=O)c5)nc4n3CC3CC3)n(C)c12,7.42021640338319,7.42021640338319,7.42021640338319,3,bindingdb|chembl|pubchem_confirmatory,0.3,607.69,45.0,enzymatic,False,,none,False,True,True
ZNORDXMYJTWINZ-WPHICUJTSA-N,COc1cc(Nc2ccc3cc(-c4nc5cc(C(=O)N6CC7CCC6[C@@H]7N)cc(OC)c5n4C)n(CC4CC4)c3n2)ccc1O,6.856985199745904,6.856985199745905,6.856985199745905,3,bindingdb|chembl|pubchem_confirmatory,0.3,607.715,45.0,enzymatic,False,,none,False,True,True
UEOOZYNWPNPFAK-CRLCSLCLSA-N,COc1cc(C(=O)N2CC3CCC2[C@@H]3N)cc2nc(-c3cc4ccc(-c5ccc6c(=O)[nH]cnc6c5)nc4n3CC3CC3)n(C)c12,7.508638306165726,7.508638306165727,7.508638306165727,3,bindingdb|chembl|pubchem_confirmatory,0.3,614.71,46.0,enzymatic,False,,none,False,True,True
ZZENROIHBSXRJS-IMKXQEQTSA-N,COc1cc2c(cc1-c1ccc3cc(-c4nc5cc(C(=O)N6CC7CCC6[C@@H]7N)cc(OC)c5n4C)n(CC4CC4)c3n1)CCC(=O)N2,7.119186407719209,7.119186407719209,7.119186407719209,3,bindingdb|chembl|pubchem_confirmatory,0.3,645.764,48.0,enzymatic,False,,none,False,True,True
HQGSQATWZMANFG-KUVLNDGKSA-N,COc1cc(C(=O)N2CC3CCC2[C@@H]3N)cc2nc(-c3cc4ccc(-c5cc6c(cc5O)NC(=O)CC6)nc4n3CC3CC3)n(C)c12,7.2441251443275085,7.2441251443275085,7.2441251443275085,3,bindingdb|chembl|pubchem_confirmatory,0.3,631.737,47.0,enzymatic,False,,none,False,True,True
UXMJPDSJUUTCSI-ICUXMSMBSA-N,COc1cc(C(=O)N2CC3CCC2[C@@H]3N)cc2nc(-c3cc4ccc(C5=CC=CC6=NC(=O)C=CC56)nc4n3CC3CC3)n(C)c12,7.674360993000928,7.674360993000928,7.674360993000928,1,pubchem_confirmatory,1.0,613.722,46.0,fp_ic50,False,,none,False,False,False
GKUOJRFISXLTRQ-GNTVVGMTSA-N,COc1cc(C(=O)N2CC3CCC2[C@@H]3N)cc2nc(-c3cc4ccc(-c5cccc(S(N)(=O)=O)c5)nc4n3CC3CC3)n(C)c12,7.552841968657781,7.552841968657781,7.552841968657781,3,bindingdb|chembl|pubchem_confirmatory,0.3,625.755,45.0,enzymatic,False,,none,False,True,True
LHUDKDIZBABXDA-CLJLJLNGSA-N,COc1cc(C(=O)N2C[C@H](N)C[C@@H](F)C2)cc2nc(-c3cc4ccc(-c5ccc6c(c5)C(=O)NC6)cc4n3CC3CC3)n(C)c12,7.214670164989233,7.214670164989233,7.214670164989233,3,bindingdb|chembl|pubchem_confirmatory,0.3,606.702,45.0,enzymatic,False,,none,False,True,True
FZEOGYAVIWYYDZ-PWJCZFGMSA-N,COc1cc(C(=O)N2CC3CCC2[C@@H]3N)cc2nc(-c3cc4ccc(-c5ccc6c(c5)C(=O)NC6)cc4n3CC3CC3)n(C)c12,7.552841968657781,7.552841968657781,7.552841968657781,3,bindingdb|chembl|pubchem_confirmatory,0.3,600.723,45.0,enzymatic,False,,none,False,True,True
GYCMBNHBTKRSIB-UQBPGWFLSA-N,COc1cc(C(=O)N2C[C@H](N)CC[C@@H]2C)cc2nc(-c3cc4ccc(-c5ccc6c(c5)C(=O)NC6)nc4n3CC3CC3)n(C)c12,6.910094888560603,6.910094888560602,6.910094888560602,3,bindingdb|chembl|pubchem_confirmatory,0.3,603.727,45.0,enzymatic,False,,none,False,True,True
YEZIKOUBBHSWCS-CDHPUSFOSA-N,Cn1c(-c2cc3ccc(-c4ccc5c(c4)C(=O)NC5)nc3n2CC2CC2)nc2cc(C(=O)N3CC4CCC3[C@@H]4N)cc(F)c21,7.920818753952375,7.920818753952375,7.920818753952375,3,bindingdb|chembl|pubchem_confirmatory,0.3,589.675,44.0,enzymatic,False,,none,False,True,True
VGLBRDYXZMDXEK-DNQXCXABSA-N,COc1cc(C(=O)N2C[C@H](N)C[C@@H](F)C2)cc2nc(-c3cc4ccc(-c5ccc6c(c5)C(=O)NC6)nc4n3CC3CC3)n(C)c12,7.508638306165726,7.508638306165727,7.508638306165727,3,bindingdb|chembl|pubchem_confirmatory,0.3,607.69,45.0,enzymatic,False,,none,False,True,True
MOQMLJZWQICKGZ-MJXQKHDASA-N,CCOC(=O)c1cc(O)c2ccc(-c3ccc4cc(-c5nc6cc(C(=O)N7CC8CCC7[C@@H]8N)cc(F)c6n5C)n(CC5CC5)c4c3)nc2c1,7.142667503568731,7.142667503568731,7.142667503568731,3,bindingdb|chembl|pubchem_confirmatory,0.3,672.761,50.0,enzymatic,False,,none,False,True,True
XIPWTZKTQUCGST-FKGNFIDKSA-N,COc1cc(C(=O)N2CC3CCC2[C@@H]3N)cc2nc(-c3cc4ccc(-c5cnc6c(=O)cc[nH]c6c5)cc4n3CC3CC3)n(C)c12,8.301029995663981,8.301029995663981,8.301029995663981,3,bindingdb|chembl|pubchem_confirmatory,0.3,613.722,46.0,enzymatic,False,,none,False,True,True
WXYKORBUEBXTSR-NYESITDKSA-N,COc1cc(C(=O)N2CC3CCC2[C@@H]3N)cc2nc(-c3cc4ccc(-c5ccc6c(=O)cc[nH]c6n5)nc4n3CC3CC3)n(C)c12,7.638272163982407,7.638272163982407,7.638272163982407,3,bindingdb|chembl|pubchem_confirmatory,0.3,614.71,46.0,enzymatic,False,,none,False,True,True
MMKFDGGBCSBYEJ-IKXBFRDRSA-N,COc1cc(C(=O)N2CC3CCC2[C@@H]3N)cc2nc(-c3cc4ccc(-c5cnc6[nH]c(=O)ccc6c5)cc4n3CC3CC3)n(C)c12,7.7447274948966935,7.7447274948966935,7.7447274948966935,3,bindingdb|chembl|pubchem_confirmatory,0.3,613.722,46.0,enzymatic,False,,none,False,True,True
JUXIEDUTQMSFCE-BTDDGAACSA-N,COc1cc(C(=O)N2CC3CCC2[C@@H]3N)cc2nc(-c3cc4ccc(-c5cnc6[nH]c(=O)ccc6c5)nc4n3CC3CC3)n(C)c12,7.886056647693163,7.886056647693163,7.886056647693163,3,bindingdb|chembl|pubchem_confirmatory,0.3,614.71,46.0,enzymatic,False,,none,False,True,True
XCRYSDRGCKTKKK-KFHGAJFOSA-N,COc1cc(C(=O)N2CC3CCC2[C@@H]3N)cc2nc(-c3cc4ccc(-c5ccc6nc(C(N)=O)ccc6c5)nc4n3CC3CC3)n(C)c12,7.4685210829577455,7.468521082957745,7.468521082957745,3,bindingdb|chembl|pubchem_confirmatory,0.3,640.748,48.0,enzymatic,False,,none,False,True,True
XPRJBHUKCTWLDW-BGFAZQDSSA-N,COc1cc(C(=O)N2CC3CCC2[C@@H]3N)cc2nc(-c3cc4ccc(-c5ccc6[nH]c(C(=O)O)cc(=O)c6c5)cc4n3CC3CC3)n(C)c12,7.657577319177793,7.657577319177793,7.657577319177793,3,bindingdb|chembl|pubchem_confirmatory,0.3,656.743,49.0,enzymatic,False,,none,False,True,True
VGSLOUFPKUYVTO-DOZIQCTLSA-N,COc1cc(C(=O)N2CC3CCC2[C@@H]3N)cc2nc(-c3cc4ccc(-c5ccc6[nH]c(C(=O)O)cc(=O)c6c5)nc4n3CC3CC3)n(C)c12,6.935542010773081,6.935542010773082,6.935542010773082,3,bindingdb|chembl|pubchem_confirmatory,0.3,657.731,49.0,enzymatic,False,,none,False,True,True
OOSDBLUQBHNNAP-LYLGLVRWSA-N,COc1cc(C(=O)N2CC3CCC2[C@@H]3N)cc2nc(-c3cc4ccc(-c5ccc6c(=O)cc[nH]c6c5)nc4n3CC3CC3)n(C)c12,7.853871964321762,7.853871964321762,7.853871964321762,3,bindingdb|chembl|pubchem_confirmatory,0.3,613.722,46.0,enzymatic,False,,none,False,True,True
KQJPVUACJHCAPQ-YLBOGKAESA-N,COc1cc(C(=O)N2CC3CCC2[C@@H]3N)cc2nc(-c3cc4ccc(-c5cnc6c(c5)C(=O)NC6)cc4n3CC3CC3)n(C)c12,7.6020599913279625,7.6020599913279625,7.6020599913279625,3,bindingdb|chembl|pubchem_confirmatory,0.3,601.711,45.0,enzymatic,False,,none,False,True,True
YAQSYISEEZJABY-FTNFKZBYSA-N,COC(=O)c1ccc(-c2ccc3cc(-c4nc5cc(C(=O)N6CC7CCC6[C@@H]7N)cc(OC)c5n4C)n(CC4CC4)c3n2)[nH]1,6.735182176990463,6.735182176990463,6.735182176990463,3,bindingdb|chembl|pubchem_confirmatory,0.3,593.688,44.0,enzymatic,False,,none,False,True,True
MAHKBFIEJHMBLC-CCWBKVMBSA-N,COC(=O)Nc1ccc(-c2ccc3cc(-c4nc5cc(C(=O)N6CC7CCC6[C@@H]7N)cc(OC)c5n4C)n(CC4CC4)c3n2)nc1,7.086186147616284,7.086186147616283,7.086186147616283,3,bindingdb|chembl|pubchem_confirmatory,0.3,620.714,46.0,enzymatic,False,,none,False,True,True
AJJDGVPIHSFDNQ-DHQPCLQBSA-N,COc1cc(C(=O)N2CC3CCC2[C@H]3N)cc2nc(-c3cc4ccc(-c5ccc6c(c5)C(C)(O)C(=O)N6)nc4n3CC3CC3)n(C)c12,7.236572006437062,7.236572006437063,7.236572006437063,3,bindingdb|chembl|pubchem_confirmatory,0.3,631.737,47.0,enzymatic,False,,none,False,True,True
BHVGQUDVXLGRTQ-OXZXHNBXSA-N,COc1cc(C(=O)N2CC3CCC2[C@@H]3N)cc2nc(-c3cc4ccc(-c5ccc6[nH]cc(C#N)c(=O)c6c5)nc4n3CC3CC3)n(C)c12,7.42021640338319,7.42021640338319,7.42021640338319,3,bindingdb|chembl|pubchem_confirmatory,0.3,638.732,48.0,enzymatic,False,,none,False,True,True
RVVMVQZEIWHPEH-LLNLAZGKSA-N,CCOC(=O)c1c[nH]c2ccc(-c3ccc4cc(-c5nc6cc(C(=O)N7CC8CCC7[C@@H]8N)cc(OC)c6n5C)n(CC5CC5)c4n3)cc2c1=O,6.806875401645538,6.806875401645538,6.806875401645538,3,bindingdb|chembl|pubchem_confirmatory,0.3,685.785,51.0,enzymatic,False,,none,False,True,True
GTHNOBOWBMAHSM-WKNZRQKGSA-N,COc1cc(C(=O)N2CC3CCC2[C@@H]3N)cc2nc(-c3cc4ccc(-c5ccc6[nH]cc(C#N)c(=O)c6c5)cc4n3CC3CC3)n(C)c12,7.318758762624412,7.318758762624412,7.318758762624412,3,bindingdb|chembl|pubchem_confirmatory,0.3,637.744,48.0,enzymatic,False,,none,False,True,True
RJOAQJTXSXKPAV-JQODSXCXSA-N,COc1cc(C(=O)N2CC3CCC2[C@@H]3N)cc2nc(-c3cc4ccc(-c5cccc6c(=O)[nH]ccc56)nc4n3CC3CC3)n(C)c12,7.795880017344075,7.795880017344075,7.795880017344075,3,bindingdb|chembl|pubchem_confirmatory,0.3,613.722,46.0,enzymatic,False,,none,False,True,True
AMGWCJVLEJOFKV-OPYALOGVSA-N,COc1cc(C(=O)N2CC3CCC2[C@@H]3N)cc2nc(-c3cc4ccc(-c5ccc6c(ccc(=O)n6CC(C)(C)O)c5)nc4n3CC3CC3)n(C)c12,7.301029995663981,7.301029995663981,7.301029995663981,3,bindingdb|chembl|pubchem_confirmatory,0.3,685.829,51.0,enzymatic,False,,none,False,True,True
KHOWHTCIAHKTLB-FCBLIUAWSA-N,COc1cc(C(=O)N2CC3CCC2[C@@H]3N)cc2nc(-c3cc4ccc(-c5cccc6c(=O)[nH]ccc56)cc4n3CC3CC3)n(C)c12,7.522878745280337,7.522878745280337,7.522878745280337,3,bindingdb|chembl|pubchem_confirmatory,0.3,612.734,46.0,enzymatic,False,,none,False,True,True
KONQOFUVCWFTKV-ZLRZWMLCSA-N,COc1cc(C(=O)N2CC3CCC2[C@@H]3N)cc2nc(-c3cc4ccc(-c5ccc6c(ccc(=O)n6CC(C)(C)O)c5)cc4n3CC3CC3)n(C)c12,7.356547323513812,7.356547323513812,7.356547323513812,3,bindingdb|chembl|pubchem_confirmatory,0.3,684.841,51.0,enzymatic,False,,none,False,True,True
FPNFSVRIZWWBKZ-ZVMSRRLHSA-N,CC(O)c1ccc2cc(-c3nc4cc(C(=O)N5CC6CCC5[C@@H]6N)cc(F)c4n3C)n(CC3CC3)c2n1,7.481486060122112,7.481486060122112,7.481486060122112,3,bindingdb|chembl|pubchem_confirmatory,0.3,502.594,37.0,enzymatic,False,,none,False,True,True
FITWGETUFZNIOJ-JAEXGXQOSA-N,COc1cc(C(=O)N2CC3CCC2[C@@H]3N)cc2nc(-c3cc4ccc(-c5ccc(F)cc5C(N)=O)nc4n3CC3CC3)n(C)c12,7.337242168318426,7.337242168318426,7.337242168318426,3,bindingdb|chembl|pubchem_confirmatory,0.3,607.69,45.0,enzymatic,False,,none,False,True,True
DRPQJOIECLSJTP-JTFVCTGRSA-N,CCC(C)(O)c1ccc2cc(-c3nc4cc(C(=O)N5CC6CCC5[C@@H]6N)cc(F)c4n3C)n(CC3CC3)c2n1,7.494850021680094,7.494850021680094,7.494850021680094,3,bindingdb|chembl|pubchem_confirmatory,0.3,530.648,39.0,enzymatic,False,,none,False,True,True
KWTMYKOLAJKSJN-NHCUHLMSSA-N,COc1cc(C(=O)N2C[C@H](N)C[C@@H](F)C2)cc2nc(-c3cc4ccc(-c5cccc(O)c5F)nc4n3CC3CC3)n(C)c12,7.180456064458131,7.180456064458131,7.180456064458131,3,bindingdb|chembl|pubchem_confirmatory,0.3,586.643,43.0,enzymatic,False,,none,False,True,True
SSFYYRXVHJGELP-JWQCQUIFSA-N,COc1cc(C(=O)N2C[C@H](N)C[C@@H](F)C2)cc2nc(-c3cc4ccc(-c5ccc6c(c5)CCNC6=O)nc4n3CC3CC3)n(C)c12,7.236572006437062,7.236572006437063,7.236572006437063,3,bindingdb|chembl|pubchem_confirmatory,0.3,621.717,46.0,enzymatic,False,,none,False,True,True
BHZIOOKVIQTSFG-GNTVVGMTSA-N,COc1cc(C(=O)N2CC3CCC2[C@@H]3N)cc2nc(-c3cc4ccc(-c5cnc6c(c5)CCNC6=O)nc4n3CC3CC3)n(C)c12,7.585026652029182,7.585026652029182,7.585026652029182,3,bindingdb|chembl|pubchem_confirmatory,0.3,616.726,46.0,enzymatic,False,,none,False,True,True
KWZCSQFUMYTIEJ-KIKFKFQISA-N,COc1cc(C(=O)N2CC3CCC2[C@@H]3N)cc2nc(-c3cc4ccc(-c5ccc6c(n5)CC(=O)N6)nc4n3CC3CC3)n(C)c12,6.7594507517174,6.7594507517174005,6.7594507517174005,3,bindingdb|chembl|pubchem_confirmatory,0.3,602.699,45.0,enzymatic,False,,none,False,True,True
YZWVQDBVGQQUMJ-KIKFKFQISA-N,COc1cc(C(=O)N2CC3CCC2[C@@H]3N)cc2nc(-c3cc4ccc(-c5cc(F)c6c(c5)CNC6=O)nc4n3CC3CC3)n(C)c12,7.721246399047171,7.721246399047171,7.721246399047171,3,bindingdb|chembl|pubchem_confirmatory,0.3,619.701,46.0,enzymatic,False,,none,False,True,True
FYGHRDJXFQLRJF-BTDDGAACSA-N,COc1cc(C(=O)N2CC3CCC2[C@@H]3N)cc2nc(-c3cc4ccc(-c5cnc6c(c5)CNC6=O)cc4n3CC3CC3)n(C)c12,7.494850021680094,7.494850021680094,7.494850021680094,3,bindingdb|chembl|pubchem_confirmatory,0.3,601.711,45.0,enzymatic,False,,none,False,True,True
BGIVZZAXQFITLB-KUVLNDGKSA-N,COc1cc(C(=O)N2CC3CCC2[C@@H]3N)cc2nc(-c3cc4ccc(-c5cc(F)c6c(c5)CNC6=O)cc4n3CC3CC3)n(C)c12,7.494850021680094,7.494850021680094,7.494850021680094,3,bindingdb|chembl|pubchem_confirmatory,0.3,618.713,46.0,enzymatic,False,,none,False,True,True
QYIKSVMVKVVFNZ-FSSPXQGWSA-N,Cn1c(-c2cc3ccc(C(C)(O)C4CC4)nc3n2CC2CC2)nc2cc(C(=O)N3CC4CCC3[C@@H]4N)cc(F)c21,7.309803919971486,7.309803919971486,7.309803919971486,3,bindingdb|chembl|pubchem_confirmatory,0.3,542.659,40.0,enzymatic,False,,none,False,True,True
QYIKSVMVKVVFNZ-LTRFQDRGSA-N,Cn1c(-c2cc3ccc(C(C)(O)C4CC4)nc3n2CC2CC2)nc2cc(C(=O)N3CC4CCC3[C@H]4N)cc(F)c21,7.136677139879544,7.136677139879544,7.136677139879544,3,bindingdb|chembl|pubchem_confirmatory,0.3,542.659,40.0,enzymatic,False,,none,False,True,True
PSNPCAZINSUMHL-BYICHJTDSA-N,COc1cc(C(=O)N2CC3CCC2[C@@H]3N)cc2nc(-c3cc4ccc(-c5ccc6c(c5)CNC(=O)C6)nc4n3CC3CC3)n(C)c12,7.356547323513812,7.356547323513812,7.356547323513812,3,bindingdb|chembl|pubchem_confirmatory,0.3,615.738,46.0,enzymatic,False,,none,False,True,True
NDGDURBSIQFYPD-CRLCSLCLSA-N,COc1cc(C(=O)N2CC3CCC2[C@@H]3N)cc2nc(-c3cc4ccc(-c5ccc6c(c5)CNC(=O)N6)nc4n3CC3CC3)n(C)c12,7.376750709602099,7.376750709602099,7.376750709602099,3,bindingdb|chembl|pubchem_confirmatory,0.3,616.726,46.0,enzymatic,False,,none,False,True,True
DEXFFBLOUXTKCW-DOZIQCTLSA-N,COc1cc(C(=O)N2CC3CCC2[C@@H]3N)cc2nc(-c3cc4ccc(-c5cc6c(cc5F)NC(=O)CC6)nc4n3CC3CC3)n(C)c12,7.346787486224656,7.346787486224656,7.346787486224656,3,bindingdb|chembl|pubchem_confirmatory,0.3,633.728,47.0,enzymatic,False,,none,False,True,True
LOZGZIGLHIIADP-BYICHJTDSA-N,COc1cc(C(=O)N2CC3CCC2[C@@H]3N)cc2nc(-c3cc4ccc(-c5ccc6c(c5)CNC(=O)N6)cc4n3CC3CC3)n(C)c12,7.585026652029182,7.585026652029182,7.585026652029182,3,bindingdb|chembl|pubchem_confirmatory,0.3,615.738,46.0,enzymatic,False,,none,False,True,True
RQWDWPGVQOTTKN-BGFAZQDSSA-N,COc1cc(C(=O)N2CC3CCC2[C@@H]3N)cc2nc(-c3cc4ccc(-c5cc6c(cc5F)NC(=O)CC6)cc4n3CC3CC3)n(C)c12,7.387216143280265,7.3872161432802645,7.3872161432802645,3,bindingdb|chembl|pubchem_confirmatory,0.3,632.74,47.0,enzymatic,False,,none,False,True,True
DYQIQCXLEJFKBQ-CRLCSLCLSA-N,COC(=O)c1ccc(-c2ccc3cc(-c4nc5cc(C(=O)N6CC7CCC6[C@@H]7N)cc(OC)c5n4C)n(CC4CC4)c3n2)cc1F,7.327902142064282,7.327902142064282,7.327902142064282,3,bindingdb|chembl|pubchem_confirmatory,0.3,622.701,46.0,enzymatic,False,,none,False,True,True
AJTWNHTZZDFKDN-KIKFKFQISA-N,COC(=O)c1c(F)cc(-c2ccc3cc(-c4nc5cc(C(=O)N6CC7CCC6[C@@H]7N)cc(OC)c5n4C)n(CC4CC4)c3n2)cc1F,6.701146923590294,6.701146923590294,6.701146923590294,3,bindingdb|chembl|pubchem_confirmatory,0.3,640.691,47.0,enzymatic,False,,none,False,True,True
NENPGKZVGTXDEE-OCVJOQBUSA-N,COc1cc2c(cc1-c1ccc3cc(-c4nc5cc(C(=O)N6CC7CCC6[C@@H]7N)cc(OC)c5n4C)n(CC4CC4)c3c1)CCC(=O)N2,7.376750709602099,7.376750709602099,7.376750709602099,3,bindingdb|chembl|pubchem_confirmatory,0.3,644.776,48.0,enzymatic,False,,none,False,True,True
UKHCHAPYTFGCKT-TWDLTGNASA-N,COc1cc(C(=O)N2CC3CCC2[C@@H]3N)cc2nc(-c3cc4ccc(-c5ccc(C(N)=O)cc5C(N)=O)cc4n3CC3CC3)n(C)c12,6.939302159646388,6.939302159646388,6.939302159646388,3,bindingdb|chembl|pubchem_confirmatory,0.3,631.737,47.0,enzymatic,False,,none,False,True,True
PEVBAXWTFOAFCR-YLBOGKAESA-N,COc1cc(C(=O)N2CC3CCC2[C@@H]3N)cc2nc(-c3cc4ccc(-c5ccc(F)cc5C(N)=O)cc4n3CC3CC3)n(C)c12,7.200659450546418,7.200659450546418,7.200659450546418,3,bindingdb|chembl|pubchem_confirmatory,0.3,606.702,45.0,enzymatic,False,,none,False,True,True
RACXTZOZUFVBBE-BYICHJTDSA-N,COC(=O)c1ccc(-c2ccc3cc(-c4nc5cc(C(=O)N6CC7CCC6[C@@H]7N)cc(OC)c5n4C)n(CC4CC4)c3c2)cc1F,6.987162775294828,6.987162775294828,6.987162775294828,3,bindingdb|chembl|pubchem_confirmatory,0.3,621.713,46.0,enzymatic,False,,none,False,True,True
NEEVNRSYPWVLMF-KUVLNDGKSA-N,COC(=O)c1c(F)cc(-c2ccc3cc(-c4nc5cc(C(=O)N6CC7CCC6[C@@H]7N)cc(OC)c5n4C)n(CC4CC4)c3c2)cc1F,6.950781977329818,6.950781977329818,6.950781977329818,3,bindingdb|chembl|pubchem_confirmatory,0.3,639.703,47.0,enzymatic,False,,none,False,True,True
QZJLJWONAWOUEL-VJTFINOGSA-N,COc1cc(C(=O)N2CC3CCC2[C@@H]3N)cc2nc(-c3cc4ccc(-c5cc6c(cc5F)NC(=O)C6)nc4n3CC3CC3)n(C)c12,7.5376020021010435,7.537602002101044,7.537602002101044,3,bindingdb|chembl|pubchem_confirmatory,0.3,619.701,46.0,enzymatic,False,,none,False,True,True
DBSRHOPBYFRVSS-CRLCSLCLSA-N,COc1cc(C(=O)N2CC3CCC2[C@@H]3N)cc2nc(-c3cc4ccc(-c5ccc6c(c5)COC(=O)N6)nc4n3CC3CC3)n(C)c12,7.1487416512809245,7.1487416512809245,7.1487416512809245,3,bindingdb|chembl|pubchem_confirmatory,0.3,617.71,46.0,enzymatic,False,,none,False,True,True
IOWPZLZDXNUXKG-OFKODDFHSA-N,COc1cc(C(=O)N2CC3CCC2[C@@H]3N)cc2nc(-c3cc4ccc(-c5cc(S(N)(=O)=O)c(F)cc5F)nc4n3CC3CC3)n(C)c12,7.568636235841012,7.568636235841012,7.568636235841012,3,bindingdb|chembl|pubchem_confirmatory,0.3,661.735,47.0,enzymatic,False,,none,False,True,True
DZUHJHSQFYLSQD-AZHBQHNBSA-N,COc1cc(C(=O)N2CC3CCC2[C@@H]3N)cc2nc(-c3cc4ccc(-c5ccc(F)c(O)c5F)nc4n3CC3CC3)n(C)c12,7.200659450546418,7.200659450546418,7.200659450546418,3,bindingdb|chembl|pubchem_confirmatory,0.3,598.654,44.0,enzymatic,False,,none,False,True,True
WQBWVRCRLFHOCM-NSGHHPINSA-N,COc1cc(C(=O)N2CC3CCC2[C@@H]3N)cc2nc(-c3cc4ccc(-c5cc6c(cc5F)NC(=O)C6)cc4n3CC3CC3)n(C)c12,7.327902142064282,7.327902142064282,7.327902142064282,3,bindingdb|chembl|pubchem_confirmatory,0.3,618.713,46.0,enzymatic,False,,none,False,True,True
CGKQDSCOOFMOQJ-BYICHJTDSA-N,COc1cc(C(=O)N2CC3CCC2[C@@H]3N)cc2nc(-c3cc4ccc(-c5ccc6c(c5)COC(=O)N6)cc4n3CC3CC3)n(C)c12,6.928117992693874,6.928117992693874,6.928117992693874,3,bindingdb|chembl|pubchem_confirmatory,0.3,616.722,46.0,enzymatic,False,,none,False,True,True
AUMYSOPJUHCAAN-ABNDPDSASA-N,COc1cc(C(=O)N2CC3CCC2[C@@H]3N)cc2nc(-c3cc4ccc(-c5cc(S(N)(=O)=O)c(F)cc5F)cc4n3CC3CC3)n(C)c12,7.2839966563652006,7.2839966563652006,7.2839966563652006,3,bindingdb|chembl|pubchem_confirmatory,0.3,660.747,47.0,enzymatic,False,,none,False,True,True
ABCQAPKYRRTHNB-CWLQOSRCSA-N,COc1cc(C(=O)N2CC3CCC2[C@@H]3N)cc2nc(-c3cc4ccc(-c5ccc(F)c(O)c5F)cc4n3CC3CC3)n(C)c12,7.267606240177031,7.267606240177031,7.267606240177031,3,bindingdb|chembl|pubchem_confirmatory,0.3,597.666,44.0,enzymatic,False,,none,False,True,True
SMADULGDNOCLOP-GISFHXKWSA-N,COc1cc(-c2ccc3cc(-c4nc5cc(C(=O)N6CC7CCC6[C@@H]7N)cc(OC)c5n4C)n(CC4CC4)c3n2)c(F)cc1O,5.389872386924004,5.389872386924004,5.389872386924004,3,bindingdb|chembl|pubchem_confirmatory,0.3,610.69,45.0,enzymatic,False,,A,False,True,True
FCRDLQNTRUCVFZ-HLPYOLTBSA-N,COc1cc(-c2ccc3cc(-c4nc5cc(C(=O)N6CC7CCC6[C@@H]7N)cc(OC)c5n4C)n(CC4CC4)c3c2)c(F)cc1O,6.991399828238083,6.991399828238082,6.991399828238082,3,bindingdb|chembl|pubchem_confirmatory,0.3,609.702,45.0,enzymatic,False,,none,False,True,True
MPSLOBOMQGUYHX-QOOIRANTSA-N,COc1cc(C(=O)N2CC3CCC2[C@@H]3N)cc2nc(-c3cc4ccc(C(C)O)cc4n3CC3CC3)n(Cc3cnn(C)c3)c12,7.318758762624412,7.318758762624412,7.318758762624412,3,bindingdb|chembl|pubchem_confirmatory,0.3,593.732,44.0,enzymatic,False,,none,False,True,True
ATNVGQVVCYLJMB-MOBAFLLYSA-N,CCc1ccc2cc(-c3nc4cc(C(=O)N5CC6CCC5[C@@H]6N)cc(OC)c4n3Cc3cnn(C)c3)n(CC3CC3)c2c1,7.4685210829577455,7.468521082957745,7.468521082957745,3,bindingdb|chembl|pubchem_confirmatory,0.3,577.733,43.0,enzymatic,False,,none,False,True,True
BYOBPCXDQAORFX-CLJLJLNGSA-N,COc1cc(C(=O)N2C[C@H](N)C[C@@H](F)C2)cc2nc(-c3cc4ccc(-c5ccc(C(=O)NCCO)cc5)nc4n3CC3CC3)n(C)c12,6.7121982700697735,6.7121982700697735,6.7121982700697735,3,bindingdb|chembl|pubchem_confirmatory,0.3,639.732,47.0,enzymatic,False,,none,False,True,True
KOKUWMTYGARMHD-DNQXCXABSA-N,COc1cc(C(=O)N2C[C@H](N)C[C@@H](F)C2)cc2nc(-c3cc4ccc(-c5ccc(C(N)=O)cc5)nc4n3CC3CC3)n(C)c12,6.970616222314791,6.97061622231479,6.97061622231479,3,bindingdb|chembl|pubchem_confirmatory,0.3,595.679,44.0,enzymatic,False,,none,False,True,True
RACXYHGQVUMRFG-DNQXCXABSA-N,CNS(=O)(=O)c1ccc(-c2ccc3cc(-c4nc5cc(C(=O)N6C[C@H](N)C[C@@H](F)C6)cc(OC)c5n4C)n(CC4CC4)c3n2)cc1,6.774690718274137,6.774690718274137,6.774690718274137,3,bindingdb|chembl|pubchem_confirmatory,0.3,645.761,46.0,enzymatic,False,,none,False,True,True
VPLWCSAODACYNB-YFHSQZFMSA-N,COc1cc(C(=O)N2C[C@H](N)C[C@@H](F)C2)cc2nc(-c3cc4ccc(C5=CC6C(C)=CC(=O)N=C6C=C5)nc4n3CC3CC3)n(C)c12,7.119186407719209,7.119186407719209,7.119186407719209,1,pubchem_confirmatory,1.0,633.728,47.0,fp_ic50,False,,none,False,False,False
VFFVNFWFTIQHSU-DNQXCXABSA-N,COc1cc(C(=O)N2C[C@H](N)C[C@@H](F)C2)cc2nc(-c3cc4ccc(-c5ccc6c(c5)C(=O)OC6)nc4n3CC3CC3)n(C)c12,6.718966632752273,6.718966632752272,6.718966632752272,3,bindingdb|chembl|pubchem_confirmatory,0.3,608.674,45.0,enzymatic,False,,none,False,True,True
FSVJAUIRIHHDFJ-SFHHYJLWSA-N,COc1cc(C(=O)N2CC3CCC2[C@@H]3N)cc2nc(-c3cc4ccc(-c5ccc6c(c5F)CC(=O)N6)nc4n3CC3CC3)n(C)c12,7.366531544420414,7.366531544420413,7.366531544420413,3,bindingdb|chembl|pubchem_confirmatory,0.3,619.701,46.0,enzymatic,False,,none,False,True,True
TZDGWAFDGCOKCI-NHCUHLMSSA-N,COc1cc(C(=O)N2C[C@H](N)C[C@@H](F)C2)cc2nc(-c3cc4ccc(-c5ccc6c(c5F)CC(=O)N6)nc4n3CC3CC3)n(C)c12,7.267606240177031,7.267606240177031,7.267606240177031,3,bindingdb|chembl|pubchem_confirmatory,0.3,625.68,46.0,enzymatic,False,,none,False,True,True
MLSLNFYJISRLRL-FGZHOGPDSA-N,COc1cc(C(=O)N2C[C@H](N)C[C@@H](F)C2)cc2nc(-c3cc4ccc(-c5cc6c(cc5F)NC(=O)C6)nc4n3CC3CC3)n(C)c12,7.259637310505756,7.259637310505756,7.259637310505756,3,bindingdb|chembl|pubchem_confirmatory,0.3,625.68,46.0,enzymatic,False,,none,False,True,True
JUWVTNNGHOPEBW-DHIUTWEWSA-N,COc1cc(C(=O)N2C[C@H](N)C[C@@H](F)C2)cc2nc(-c3cc4ccc(-c5cnc6c(c5)CC(=O)N6)nc4n3CC3CC3)n(C)c12,7.309803919971486,7.309803919971486,7.309803919971486,3,bindingdb|chembl|pubchem_confirmatory,0.3,608.678,45.0,enzymatic,False,,none,False,True,True
GWMZDAQYJPTVFF-DNQXCXABSA-N,COc1cc(C(=O)N2C[C@H](N)C[C@@H](F)C2)cc2nc(-c3cc4ccc(-c5ccc6c(c5)COC(=O)N6)nc4n3CC3CC3)n(C)c12,7.142667503568731,7.142667503568731,7.142667503568731,3,bindingdb|chembl|pubchem_confirmatory,0.3,623.689,46.0,enzymatic,False,,none,False,True,True
CNYWCYYUBFHOEY-FGZHOGPDSA-N,COc1cc(C(=O)N2C[C@H](N)C[C@@H](F)C2)cc2nc(-c3cc4ccc(-c5cnc6c(c5)C(=O)NC6)nc4n3CC3CC3)n(C)c12,7.060480747381381,7.060480747381382,7.060480747381382,3,bindingdb|chembl|pubchem_confirmatory,0.3,608.678,45.0,enzymatic,False,,none,False,True,True
OCQTVDAEZVKDGH-WOJBJXKFSA-N,COc1cc(C(=O)N2C[C@H](N)C[C@@H](F)C2)cc2nc(-c3cc4ccc(-c5cc(S(N)(=O)=O)c(F)cc5F)nc4n3CC3CC3)n(C)c12,7.346787486224656,7.346787486224656,7.346787486224656,3,bindingdb|chembl|pubchem_confirmatory,0.3,667.714,47.0,enzymatic,False,,none,False,True,True
HZGUXEOXGZMLIG-DHIUTWEWSA-N,COc1cc(C(=O)N2C[C@H](N)C[C@@H](F)C2)cc2nc(-c3cc4ccc(-c5cc6c(cc5O)NC(=O)CC6)nc4n3CC3CC3)n(C)c12,7.1938200260161125,7.1938200260161125,7.1938200260161125,3,bindingdb|chembl|pubchem_confirmatory,0.3,637.716,47.0,enzymatic,False,,none,False,True,True
VBEFVIVXMYJWLS-WOJBJXKFSA-N,COc1cc(C(=O)N2C[C@H](N)C[C@@H](F)C2)cc2nc(-c3cc4ccc(-c5cc(F)c(O)cc5F)nc4n3CC3CC3)n(C)c12,6.8124792791635365,6.8124792791635365,6.8124792791635365,3,bindingdb|chembl|pubchem_confirmatory,0.3,604.633,44.0,enzymatic,False,,none,False,True,True
GSYVVXPNVSDLFQ-JWUZOTJJSA-N,COc1cc(C(=O)N2CC3CCC2[C@@H]3N)cc2nc(-c3cc4ccc(C(C)OC)cc4n3CC3CC3)n(Cc3cnn(C)c3)c12,6.970616222314791,6.97061622231479,6.97061622231479,3,bindingdb|chembl|pubchem_confirmatory,0.3,607.759,45.0,enzymatic,False,,none,False,True,True
JITFKFFQQFTFFD-FGZHOGPDSA-N,COc1cc(C(=O)N2C[C@H](N)C[C@@H](F)C2)cc2nc(-c3cc4ccc(-c5ccc(C(N)=O)c(O)c5)nc4n3CC3CC3)n(C)c12,7.2441251443275085,7.2441251443275085,7.2441251443275085,3,bindingdb|chembl|pubchem_confirmatory,0.3,611.678,45.0,enzymatic,False,,none,False,True,True
OIIAEMOYRNVUOH-DNQXCXABSA-N,COc1cc(C(=O)N2C[C@H](N)C[C@@H](F)C2)cc2nc(-c3cc4ccc(-c5ccc6c(=O)cc[nH]c6c5)nc4n3CC3CC3)n(C)c12,7.2839966563652006,7.2839966563652006,7.2839966563652006,3,bindingdb|chembl|pubchem_confirmatory,0.3,619.701,46.0,enzymatic,False,,none,False,True,True
WGXQPHSRBNUKDC-HEYJASKDSA-N,COc1cc(C(=O)N2C[C@H](N)C[C@@H](F)C2)cc2nc(-c3cc4ccc(C5=CC6C=NC(=O)N=C6C=C5)nc4n3CC3CC3)n(C)c12,7.508638306165727,7.508638306165727,7.508638306165727,1,pubchem_confirmatory,1.0,620.689,46.0,fp_ic50,False,,none,False,False,False
PKMGLEMGPUADSV-DNQXCXABSA-N,COc1cc(C(=O)N2C[C@H](N)C[C@@H](F)C2)cc2nc(-c3cc4ccc(-c5cnc6[nH]c(=O)ccc6c5)nc4n3CC3CC3)n(C)c12,7.6020599913279625,7.6020599913279625,7.6020599913279625,3,bindingdb|chembl|pubchem_confirmatory,0.3,620.689,46.0,enzymatic,False,,none,False,True,True
IZIPXZSOKBEUJG-JWQCQUIFSA-N,COc1cc(C(=O)N2C[C@H](N)C[C@@H](F)C2)cc2nc(-c3cc4ccc(-c5ccc6[nH]c(=O)ccc6c5)nc4n3CC3CC3)n(C)c12,7.292429823902064,7.292429823902063,7.292429823902063,3,bindingdb|chembl|pubchem_confirmatory,0.3,619.701,46.0,enzymatic,False,,none,False,True,True
IVWQRCAKMSXJOS-DHIUTWEWSA-N,COc1cc(C(=O)N2C[C@H](N)C[C@@H](F)C2)cc2nc(-c3cc4ccc(-c5ccc6[nH]c(=O)cc(O)c6c5)nc4n3CC3CC3)n(C)c12,6.823908740944319,6.823908740944319,6.823908740944319,3,bindingdb|chembl|pubchem_confirmatory,0.3,635.7,47.0,enzymatic,False,,none,False,True,True
HONUSIKNDKEKEI-JWQCQUIFSA-N,COc1cc(C(=O)N2C[C@H](N)C[C@@H](F)C2)cc2nc(-c3cc4ccc(-c5ccc6[nH]c(C)cc(=O)c6c5)nc4n3CC3CC3)n(C)c12,6.8794260687941495,6.8794260687941495,6.8794260687941495,3,bindingdb|chembl|pubchem_confirmatory,0.3,633.728,47.0,enzymatic,False,,none,False,True,True
FOWYFQNSFLXXIU-DHIUTWEWSA-N,COc1cc(C(=O)N2C[C@H](N)C[C@@H](F)C2)cc2nc(-c3cc4ccc(-c5cccc6c(=O)[nH]ccc56)nc4n3CC3CC3)n(C)c12,7.5376020021010435,7.537602002101044,7.537602002101044,3,bindingdb|chembl|pubchem_confirmatory,0.3,619.701,46.0,enzymatic,False,,none,False,True,True
LCZLCHOEAQQLPI-DHIUTWEWSA-N,COC(=O)c1cc(-c2ccc3cc(-c4nc5cc(C(=O)N6C[C@H](N)C[C@@H](F)C6)cc(OC)c5n4C)n(CC4CC4)c3n2)ccc1O,5.896196279044044,5.896196279044043,5.896196279044043,3,bindingdb|chembl|pubchem_confirmatory,0.3,626.689,46.0,enzymatic,False,,none,False,True,True
HQVPRPVJHZXVQD-BTDDGAACSA-N,COC(=O)c1ccc(-c2ccc3cc(-c4nc5cc(C(=O)N6CC7CCC6[C@@H]7N)cc(OC)c5n4C)n(CC4CC4)c3n2)cc1O,6.950781977329818,6.950781977329818,6.950781977329818,3,bindingdb|chembl|pubchem_confirmatory,0.3,620.71,46.0,enzymatic,False,,none,False,True,True
OOCFYUBGNBOKMS-FCBLIUAWSA-N,COc1cc(C(=O)N2CC3CCC2[C@@H]3N)cc2nc(-c3cc4ccc(-c5ccc6[nH]c(C)cc(=O)c6c5)nc4n3CC3CC3)n(C)c12,7.187086643357144,7.187086643357144,7.187086643357144,3,bindingdb|chembl|pubchem_confirmatory,0.3,627.749,47.0,enzymatic,False,,none,False,True,True
VLCOOPURWLMPMR-NEKDWFFYSA-N,COc1cc(C(=O)N2CC[C@@H](O)[C@@H](N)C2)cc2nc(-c3cc4ccc(-c5ccc6c(c5)CC(=O)N6)nc4n3CC3CC3)n(C)c12,6.71669877129645,6.71669877129645,6.71669877129645,3,bindingdb|chembl|pubchem_confirmatory,0.3,605.699,45.0,enzymatic,False,,none,False,True,True
LQJITFDTEYBGFW-CLJLJLNGSA-N,COc1cc(C(=O)N2C[C@H](N)C[C@@H](F)C2)cc2nc(-c3cc4ccc(-c5ccc6c(ccc[n+]6[O-])c5)nc4n3CC3CC3)n(C)c12,7.013228265733755,7.013228265733755,7.013228265733755,3,bindingdb|chembl|pubchem_confirmatory,0.3,619.701,46.0,enzymatic,False,,none,False,True,True
PRKKNXBCYDJURB-KAYWLYCHSA-N,COc1cc(C(=O)N2C[C@H](N)C[C@@H](F)C2)cc2nc(-c3cc4ccc(-c5ccc6cc[n+]([O-])cc6c5)nc4n3CC3CC3)n(C)c12,7.130768280269024,7.130768280269024,7.130768280269024,3,bindingdb|chembl|pubchem_confirmatory,0.3,619.701,46.0,enzymatic,False,,none,False,True,True
CXRNIRZAUCAMGL-DHIUTWEWSA-N,COc1cc(C(=O)N2C[C@H](N)C[C@@H](F)C2)cc2nc(-c3cc4ccc(-c5ccc6c(=O)[nH]cnc6c5)nc4n3CC3CC3)n(C)c12,7.585026652029182,7.585026652029182,7.585026652029182,3,bindingdb|chembl|pubchem_confirmatory,0.3,620.689,46.0,enzymatic,False,,none,False,True,True
MNVHKWIVKBVBTC-DHIUTWEWSA-N,COc1cc(C(=O)N2C[C@H](N)C[C@@H](F)C2)cc2nc(-c3cc4ccc(-c5ccc6[nH]c(=O)cnc6c5)nc4n3CC3CC3)n(C)c12,7.6777807052660805,7.6777807052660805,7.6777807052660805,3,bindingdb|chembl|pubchem_confirmatory,0.3,620.689,46.0,enzymatic,False,,none,False,True,True
OFPFFNDCAVVHDQ-YFHSQZFMSA-N,COc1cc(C(=O)N2C[C@H](N)C[C@@H](F)C2)cc2nc(-c3cc4ccc(C5=CC6=CC=NC(=O)C6C=C5)nc4n3CC3CC3)n(C)c12,7.309803919971486,7.309803919971486,7.309803919971486,1,pubchem_confirmatory,1.0,619.701,46.0,fp_ic50,False,,none,False,False,False
OKJDPLUIALQUNQ-RDMIVRQXSA-N,COC(=O)c1n[nH]c(C)c1-c1ccc2cc(-c3nc4cc(C(=O)N5CC6CCC5[C@@H]6N)cc(OC)c4n3C)n(CC3CC3)c2n1,7.292429823902064,7.292429823902063,7.292429823902063,3,bindingdb|chembl|pubchem_confirmatory,0.3,608.703,45.0,enzymatic,False,,none,False,True,True
IHBIUBGKKHOJSC-FGZHOGPDSA-N,COc1cc(C(=O)N2C[C@H](N)C[C@@H](F)C2)cc2nc(-c3cc4ccc(-c5ccc(C(N)=O)c(F)c5)nc4n3CC3CC3)n(C)c12,7.0915149811213505,7.0915149811213505,7.0915149811213505,3,bindingdb|chembl|pubchem_confirmatory,0.3,613.669,45.0,enzymatic,False,,none,False,True,True
ZOKJBROEATUVMH-DHIUTWEWSA-N,COC(=O)c1ccc(-c2ccc3cc(-c4nc5cc(C(=O)N6C[C@H](N)C[C@@H](F)C6)cc(OC)c5n4C)n(CC4CC4)c3n2)cc1F,6.860120913598763,6.860120913598763,6.860120913598763,3,bindingdb|chembl|pubchem_confirmatory,0.3,628.68,46.0,enzymatic,False,,none,False,True,True
OCPYIAIKLVNXAR-CLJLJLNGSA-N,CCOC(=O)COc1ccc(-c2ccc3cc(-c4nc5cc(C(=O)N6C[C@H](N)C[C@@H](F)C6)cc(OC)c5n4C)n(CC4CC4)c3n2)cc1,6.804100347590766,6.804100347590767,6.804100347590767,3,bindingdb|chembl|pubchem_confirmatory,0.3,654.743,48.0,enzymatic,False,,none,False,True,True
BACKKCXBCQCHFS-HGQPVNBUSA-N,COc1cc(C(=O)N2C[C@H](N)C[C@@H](F)C2)cc2nc(-c3cc4ccc(C5=CC6=NC(=O)NC6N=C5)nc4n3CC3CC3)n(C)c12,7.7447274948966935,7.7447274948966935,7.7447274948966935,1,pubchem_confirmatory,1.0,609.666,45.0,fp_ic50,False,,none,False,False,False
HCOZPAXZEIRQFB-QLGUMYEUSA-N,COc1cc(C(=O)N2C[C@H](N)C[C@@H](F)C2)cc2nc(-c3cc4ccc(C5=CC6C=CC(=O)N=C6C(F)=C5)nc4n3CC3CC3)n(C)c12,7.236572006437063,7.236572006437063,7.236572006437063,1,pubchem_confirmatory,1.0,637.691,47.0,fp_ic50,False,,none,False,False,False
XOHDTKBIUMIWSR-UJHVSPFSSA-N,COc1cc(C(=O)N2C[C@H](N)C[C@@H](F)C2)cc2nc(-c3cc4ccc(C5CCC6C(=O)NC(=O)NC6C5)nc4n3CC3CC3)n(C)c12,7.154901959985743,7.154901959985743,7.154901959985743,1,pubchem_confirmatory,1.0,642.736,47.0,fp_ic50,False,,none,False,False,False
XFMHQFPSYWCBHE-DNQXCXABSA-N,COc1cc2c(cc1-c1ccc3cc(-c4nc5cc(C(=O)N6C[C@H](N)C[C@@H](F)C6)cc(OC)c5n4C)n(CC4CC4)c3n1)CCC(=O)N2,7.130768280269024,7.130768280269024,7.130768280269024,3,bindingdb|chembl|pubchem_confirmatory,0.3,651.743,48.0,enzymatic,False,,none,False,True,True
LZICOKAGBKQRSP-DHIUTWEWSA-N,COc1cc(-c2ccc3cc(-c4nc5cc(C(=O)N6C[C@H](N)C[C@@H](F)C6)cc(OC)c5n4C)n(CC4CC4)c3n2)ccc1C(N)=O,6.7447274948966935,6.7447274948966935,6.7447274948966935,3,bindingdb|chembl|pubchem_confirmatory,0.3,625.705,46.0,enzymatic,False,,none,False,True,True
MAABNKMCDMLHGA-DHIUTWEWSA-N,COc1cc(C(=O)N2C[C@H](N)C[C@@H](F)C2)cc2nc(-c3cc4ccc(-c5cccc6c5CCNC6=O)nc4n3CC3CC3)n(C)c12,7.259637310505756,7.259637310505756,7.259637310505756,3,bindingdb|chembl|pubchem_confirmatory,0.3,621.717,46.0,enzymatic,False,,none,False,True,True
NKEVLTBHNFLXBJ-DHIUTWEWSA-N,COc1cc(C(=O)N2C[C@H](N)C[C@@H](F)C2)cc2nc(-c3cc4ccc(-c5cc(F)c6c(c5)CC(=O)N6)nc4n3CC3CC3)n(C)c12,7.1938200260161125,7.1938200260161125,7.1938200260161125,3,bindingdb|chembl|pubchem_confirmatory,0.3,625.68,46.0,enzymatic,False,,none,False,True,True
OUFWWXMMFXGDOB-RZWFDZHTSA-N,COc1cc(C(=O)N2C[C@H](N)C[C@@H](F)C2)cc2nc(-c3cc4ccc(C5CCCC6NC(=O)NC(=O)C65)nc4n3CC3CC3)n(C)c12,7.619788758288394,7.619788758288394,7.619788758288394,1,pubchem_confirmatory,1.0,642.736,47.0,fp_ic50,False,,none,False,False,False
OLBDWKCQEPQQNX-NHCUHLMSSA-N,COC(=O)c1n[nH]c(C)c1-c1ccc2cc(-c3nc4cc(C(=O)N5C[C@H](N)C[C@@H](F)C5)cc(OC)c4n3C)n(CC3CC3)c2n1,7.080921907623927,7.080921907623926,7.080921907623926,3,bindingdb|chembl|pubchem_confirmatory,0.3,614.682,45.0,enzymatic,False,,none,False,True,True
JYHCVWCYBXRDJU-RTBURBONSA-N,COC(=O)c1ccc2cc(-c3nc4cc(C(=O)N5C[C@H](N)C[C@@H](F)C5)cc(OC)c4n3C)n(CC3CC3)c2n1,6.756961951313706,6.756961951313706,6.756961951313706,3,bindingdb|chembl|pubchem_confirmatory,0.3,534.592,39.0,enzymatic,False,,none,False,True,True
FTACXVURXYEGQS-MOBXORJESA-N,COc1cc(C(=O)N2C[C@H](N)C[C@@H](F)C2)cc2nc(-c3cc4ccc(C5CC(O)C5)nc4n3CC3CC3)n(C)c12,7.275724130399211,7.275724130399211,7.275724130399211,3,bindingdb|chembl|pubchem_confirmatory,0.3,546.647,40.0,enzymatic,False,,none,False,True,True
NGNAAUPMCBRPSS-NHCUHLMSSA-N,COc1cc(C(=O)N2C[C@H](N)C[C@@H](F)C2)cc2nc(-c3cc4ccc(C5CNC5)nc4n3CC3CC3)n(C)c12,6.777283528852418,6.777283528852417,6.777283528852417,3,bindingdb|chembl|pubchem_confirmatory,0.3,531.636,39.0,enzymatic,False,,none,False,True,True
PCKWOWPZFCGMJY-DHIUTWEWSA-N,COc1cc(C(=O)N2C[C@H](N)C[C@@H](F)C2)cc2nc(-c3cc4ccc(-c5cnc6c(c5)OCCN6)nc4n3CC3CC3)n(C)c12,7.337242168318426,7.337242168318426,7.337242168318426,3,bindingdb|chembl|pubchem_confirmatory,0.3,610.694,45.0,enzymatic,False,,none,False,True,True
FJCJATWJKOWTCG-UCDZCMRKSA-N,COc1cc(C(=O)N2CC3CCC2[C@@H]3N)cc2nc(-c3cc4ccc(-c5cnc6c(c5)OCCN6)nc4n3CC3CC3)n(C)c12,6.863279432843593,6.863279432843593,6.863279432843593,3,bindingdb|chembl|pubchem_confirmatory,0.3,604.715,45.0,enzymatic,False,,none,False,True,True
GHPIWIFMECAGRW-FGZHOGPDSA-N,COc1cc(C(=O)N2C[C@H](N)C[C@@H](F)C2)cc2nc(-c3cc4ccc(-c5cnc(C#N)nc5)nc4n3CC3CC3)n(C)c12,7.026872146400302,7.026872146400302,7.026872146400302,3,bindingdb|chembl|pubchem_confirmatory,0.3,579.64,43.0,enzymatic,False,,none,False,True,True
AODDCABRQMJQRG-DHIUTWEWSA-N,COc1cc(C(=O)N2C[C@H](N)C[C@@H](F)C2)cc2nc(-c3cc4ccc(Nc5ccnc(C)c5)nc4n3CC3CC3)n(C)c12,7.214670164989233,7.214670164989233,7.214670164989233,3,bindingdb|chembl|pubchem_confirmatory,0.3,582.684,43.0,enzymatic,False,,none,False,True,True
BTWLJCJUDGGJIH-DHIUTWEWSA-N,COc1cc(C(=O)N2C[C@H](N)C[C@@H](F)C2)cc2nc(-c3cc4ccc(Nc5ccc6c(c5)C(=O)NC6)nc4n3CC3CC3)n(C)c12,6.735182176990463,6.735182176990463,6.735182176990463,3,bindingdb|chembl|pubchem_confirmatory,0.3,622.705,46.0,enzymatic,False,,none,False,True,True
MLBSBQGXLZIORI-ISKFKSNPSA-N,COc1cc(C(=O)N2C[C@H](N)C[C@@H](F)C2)cc2nc(-c3cc4ccc(N5Cc6ccc(N)cc6C5=O)nc4n3CC3CC3)n(C)c12,6.772113295386326,6.772113295386326,6.772113295386326,3,bindingdb|chembl|pubchem_confirmatory,0.3,622.705,46.0,enzymatic,False,,none,False,True,True
QBHCBTFAUAFZEJ-DNQXCXABSA-N,CCOc1cc(-c2ccc3cc(-c4nc5cc(C(=O)N6C[C@H](N)C[C@@H](F)C6)cc(OC)c5n4C)n(CC4CC4)c3n2)ccc1O,6.614393726401688,6.614393726401688,6.614393726401688,3,bindingdb|chembl|pubchem_confirmatory,0.3,612.706,45.0,enzymatic,False,,none,False,True,True
SPWDTUYYZDLPHY-KIKFKFQISA-N,COc1cc(C(=O)N2CC3CCC2[C@@H]3N)cc2nc(-c3cc4ccc(-c5ccc(F)c6c5NC(=O)C6)nc4n3CC3CC3)n(C)c12,6.7423214251308154,6.7423214251308154,6.7423214251308154,3,bindingdb|chembl|pubchem_confirmatory,0.3,619.701,46.0,enzymatic,False,,none,False,True,True
LGPTXPNIKSOMJL-HGQPVNBUSA-N,COc1cc(C(=O)N2C[C@H](N)C[C@@H](F)C2)cc2nc(-c3cc4ccc(C5=CC(C(F)(F)F)=CC6=NC(=O)NC56)nc4n3CC3CC3)n(C)c12,6.995678626217357,6.995678626217357,6.995678626217357,1,pubchem_confirmatory,1.0,676.675,49.0,fp_ic50,False,,none,False,False,False
SQVJWXYFACEHBV-XMCWYHTOSA-N,COc1cc(C(=O)N2C[C@H](N)C[C@@H](F)C2)cc2nc(-c3cc4ccc(C5=CC(F)C=C6N=C(C)C(=O)N=C65)nc4n3CC3CC3)n(C)c12,6.71669877129645,6.71669877129645,6.71669877129645,1,pubchem_confirmatory,1.0,652.706,48.0,fp_ic50,False,,none,False,False,False
BHAINUQDNIQWLZ-BYICHJTDSA-N,COc1cc(C(=O)N2CC3CCC2[C@@H]3N)cc2nc(-c3cc4ccc(-c5ccc(OCC(C)(C)O)c(F)c5)nc4n3CC3CC3)n(C)c12,6.853871964321762,6.853871964321762,6.853871964321762,3,bindingdb|chembl|pubchem_confirmatory,0.3,652.771,48.0,enzymatic,False,,none,False,True,True
CYQGOLXENOZDMO-NHCUHLMSSA-N,COc1cc(C(=O)N2C[C@H](N)C[C@@H](F)C2)cc2nc(-c3cc4ccc(C(=O)Nc5ccc(C(N)=O)c(F)c5)nc4n3CC3CC3)n(C)c12,6.946921556516581,6.94692155651658,6.94692155651658,3,bindingdb|chembl|pubchem_confirmatory,0.3,656.694,48.0,enzymatic,False,,none,False,True,True
WQEFJDVVCHYINO-JLMWTWJWSA-N,COc1cc(C(=O)N2C[C@H](N)C[C@@H](F)C2)cc2nc(-c3cc4ccc(C(=O)NC5CCC(=O)NC5=O)nc4n3CC3CC3)n(C)c12,6.863279432843593,6.863279432843593,6.863279432843593,3,bindingdb|chembl|pubchem_confirmatory,0.3,630.681,46.0,enzymatic,False,,none,False,True,True
CMOKIYCEPUDJII-XMQMXRQKSA-N,COc1cc(C(=O)N2CC3CCC2[C@@H]3N)cc2nc(-c3cc4ccc(-c5ccc(OCc6ccncc6)cc5)nc4n3CC3CC3)n(C)c12,6.723538195826755,6.723538195826755,6.723538195826755,3,bindingdb|chembl|pubchem_confirmatory,0.3,653.787,49.0,enzymatic,False,,none,False,True,True
OMPRKCRBUBPCQV-SGAJGPLNSA-N,COc1cc(C(=O)N2CC3CCC2[C@@H]3N)cc2nc(-c3cc4ccc(-c5ccc(OCCO)cc5)nc4n3CC3CC3)n(C)c12,7.6020599913279625,7.6020599913279625,7.6020599913279625,3,bindingdb|chembl|pubchem_confirmatory,0.3,606.727,45.0,enzymatic,False,,none,False,True,True
QZDGJYFXOSOVAZ-CRLCSLCLSA-N,COc1cc(C(=O)N2CC3CCC2[C@@H]3N)cc2nc(-c3cc4ccc(-c5ccccc5NS(C)(=O)=O)nc4n3CC3CC3)n(C)c12,6.756961951313706,6.756961951313706,6.756961951313706,3,bindingdb|chembl|pubchem_confirmatory,0.3,639.782,46.0,enzymatic,False,,none,False,True,True
FOUGZLVZACSZLW-JWQCQUIFSA-N,COc1cc(C(=O)N2C[C@H](N)C[C@@H](F)C2)cc2nc(-c3cc4ccc(-c5ccc(OCCO)cc5)nc4n3CC3CC3)n(C)c12,6.970616222314791,6.97061622231479,6.97061622231479,3,bindingdb|chembl|pubchem_confirmatory,0.3,612.706,45.0,enzymatic,False,,none,False,True,True
VLOPKORUKAVFNX-DHIUTWEWSA-N,COc1cc(C(=O)N2C[C@H](N)C[C@@H](F)C2)cc2nc(-c3cc4ccc(-c5ccccc5NC=O)nc4n3CC3CC3)n(C)c12,7.229147988357855,7.229147988357855,7.229147988357855,3,bindingdb|chembl|pubchem_confirmatory,0.3,595.679,44.0,enzymatic,False,,none,False,True,True
OBXJMWFPLJHTMR-FGZHOGPDSA-N,COc1cc(C(=O)N2C[C@H](N)C[C@@H](F)C2)cc2nc(-c3cc4ccc(C(=O)Nc5ccc(S(N)(=O)=O)cc5)nc4n3CC3CC3)n(C)c12,6.906578314837764,6.906578314837764,6.906578314837764,2,bindingdb|pubchem_confirmatory,0.5,674.759,48.0,enzymatic,False,,none,False,True,True
ZJRSXSHXUPYORR-FGZHOGPDSA-N,COc1ccc(NC(=O)c2ccc3cc(-c4nc5cc(C(=O)N6C[C@H](N)C[C@@H](F)C6)cc(OC)c5n4C)n(CC4CC4)c3n2)cc1O,6.764471553092451,6.764471553092451,6.764471553092451,3,bindingdb|chembl|pubchem_confirmatory,0.3,641.704,47.0,enzymatic,False,,none,False,True,True
LHYPBRAEIBFNIF-DHIUTWEWSA-N,COc1cc(C(=O)N2C[C@H](N)C[C@@H](F)C2)cc2nc(-c3cc4ccc(C(=O)Nc5ccncc5CO)nc4n3CC3CC3)n(C)c12,7.5,7.5,7.5,3,bindingdb|chembl|pubchem_confirmatory,0.3,626.693,46.0,enzymatic,False,,none,False,True,True
SMGRGOFXIVSZAE-FGZHOGPDSA-N,COc1cc(C(=O)N2C[C@H](N)C[C@@H](F)C2)cc2nc(-c3cc4ccc(C(=O)Nc5cccc(S(N)(=O)=O)c5)nc4n3CC3CC3)n(C)c12,7.259637310505756,7.259637310505756,7.259637310505756,3,bindingdb|chembl|pubchem_confirmatory,0.3,674.759,48.0,enzymatic,False,,none,False,True,True
COAWNECPWYFVRW-DHIUTWEWSA-N,COc1cc(C(=O)N2C[C@H](N)C[C@@H](F)C2)cc2nc(-c3cc4ccc(C(=O)Nc5ccnc(C)c5)nc4n3CC3CC3)n(C)c12,7.0915149811213505,7.0915149811213505,7.0915149811213505,3,bindingdb|chembl|pubchem_confirmatory,0.3,610.694,45.0,enzymatic,False,,none,False,True,True
WBFBGTNLTCFDPL-CWLQOSRCSA-N,COc1cc(C(=O)N2CC3CCC2[C@@H]3N)cc2nc(-c3cc4ccc(-c5c(F)ccc6c5NC(=O)C6)nc4n3CC3CC3)n(C)c12,7.7447274948966935,7.7447274948966935,7.7447274948966935,3,bindingdb|chembl|pubchem_confirmatory,0.3,619.701,46.0,enzymatic,False,,none,False,True,True
VQKGRWPWWYGWGN-UCDZCMRKSA-N,COc1cc(C(=O)N2CC3CCC2[C@@H]3N)cc2nc(-c3cc4ccc(-c5ccc(S(N)(=O)=O)c(F)c5)nc4n3CC3CC3)n(C)c12,7.585026652029182,7.585026652029182,7.585026652029182,3,bindingdb|chembl|pubchem_confirmatory,0.3,643.745,46.0,enzymatic,False,,none,False,True,True
NCNREJRBJOTJAJ-JAEXGXQOSA-N,COc1cc(C(=O)N2CC3CCC2[C@@H]3N)cc2nc(-c3cc4ccc(-c5ccc(S(N)(=O)=O)cc5F)nc4n3CC3CC3)n(C)c12,7.6777807052660805,7.6777807052660805,7.6777807052660805,3,bindingdb|chembl|pubchem_confirmatory,0.3,643.745,46.0,enzymatic,False,,none,False,True,True
AQSYOIYGMIYYDF-FGZHOGPDSA-N,COc1cc(C(=O)N2C[C@H](N)C[C@@H](F)C2)cc2nc(-c3cc4ccc(-c5c(F)ccc6c5NC(=O)C6)nc4n3CC3CC3)n(C)c12,7.346787486224656,7.346787486224656,7.346787486224656,3,bindingdb|chembl|pubchem_confirmatory,0.3,625.68,46.0,enzymatic,False,,none,False,True,True
CUDKDXIXNNKSKM-FGZHOGPDSA-N,COc1cc(C(=O)N2C[C@H](N)C[C@@H](F)C2)cc2nc(-c3cc4ccc(-c5ccc(S(N)(=O)=O)c(F)c5)nc4n3CC3CC3)n(C)c12,7.267606240177031,7.267606240177031,7.267606240177031,3,bindingdb|chembl|pubchem_confirmatory,0.3,649.724,46.0,enzymatic,False,,none,False,True,True
ZVUJFSLSYNFTRM-NHCUHLMSSA-N,COc1cc(C(=O)N2C[C@H](N)C[C@@H](F)C2)cc2nc(-c3cc4ccc(-c5ccc(S(N)(=O)=O)cc5F)nc4n3CC3CC3)n(C)c12,7.481486060122112,7.481486060122112,7.481486060122112,3,bindingdb|chembl|pubchem_confirmatory,0.3,649.724,46.0,enzymatic,False,,none,False,True,True
MFODYGFDGASEOF-FKGNFIDKSA-N,COc1cc(C(=O)N2CC3CCC2[C@@H]3N)cc2nc(-c3cc4ccc(-c5ccc(O)c(-c6ccno6)c5)nc4n3CC3CC3)n(C)c12,7.207608310501745,7.207608310501746,7.207608310501746,3,bindingdb|chembl|pubchem_confirmatory,0.3,629.721,47.0,enzymatic,False,,none,False,True,True
VVDGJZJLHFOSDM-QZPZUKOXSA-N,COc1cc(C(=O)N2CC3CCC2[C@@H]3N)cc2nc(-c3cc4ccc(-c5ncc(O)cc5C)nc4n3CC3CC3)n(C)c12,7.552841968657781,7.552841968657781,7.552841968657781,3,bindingdb|chembl|pubchem_confirmatory,0.3,577.689,43.0,enzymatic,False,,none,False,True,True
JSXBHZUHXUOGIX-DNQXCXABSA-N,COc1cc(C(=O)N2C[C@H](N)C[C@@H](F)C2)cc2nc(-c3cc4ccc(-c5ccc(O)c(-c6ccno6)c5)nc4n3CC3CC3)n(C)c12,6.982966660701219,6.982966660701219,6.982966660701219,3,bindingdb|chembl|pubchem_confirmatory,0.3,635.7,47.0,enzymatic,False,,none,False,True,True
LBHKKNOHAUQBOK-FGZHOGPDSA-N,COc1cc(C(=O)N2C[C@H](N)C[C@@H](F)C2)cc2nc(-c3cc4ccc(-c5ncc(O)cc5C)nc4n3CC3CC3)n(C)c12,7.267606240177031,7.267606240177031,7.267606240177031,3,bindingdb|chembl|pubchem_confirmatory,0.3,583.668,43.0,enzymatic,False,,none,False,True,True
QKQIPVXHIOZMIY-FGZHOGPDSA-N,COc1cc(C(=O)N2C[C@H](N)C[C@@H](F)C2)cc2nc(-c3cc4ccc(CCN5CCOC5=O)nc4n3CC3CC3)n(C)c12,7.050609993355086,7.050609993355087,7.050609993355087,3,bindingdb|chembl|pubchem_confirmatory,0.3,589.672,43.0,enzymatic,False,,none,False,True,True
GWHGWDGISRGAFG-PSJAQFSKSA-N,COc1cc(C(=O)N2C[C@H](N)C[C@@H](F)C2)cc2nc(-c3cc4ccc(CC5CCCCO5)nc4n3CC3CC3)n(C)c12,6.8794260687941495,6.8794260687941495,6.8794260687941495,3,bindingdb|chembl|pubchem_confirmatory,0.3,574.701,42.0,enzymatic,False,,none,False,True,True
LEWOKXSWVOJMIP-JWQCQUIFSA-N,COc1cc(C(=O)N2C[C@H](N)C[C@@H](F)C2)cc2nc(-c3cc4ccc(CCC5CCNCC5)nc4n3CC3CC3)n(C)c12,7.5376020021010435,7.537602002101044,7.537602002101044,3,bindingdb|chembl|pubchem_confirmatory,0.3,587.744,43.0,enzymatic,False,,none,False,True,True
RFUIUKBTGABVEW-SJGBLRAISA-N,COc1cc(C(=O)N2C[C@H](N)C[C@@H](F)C2)cc2nc(-c3cc4ccc(C5CCC(O)CC5)nc4n3CC3CC3)n(C)c12,7.142667503568731,7.142667503568731,7.142667503568731,3,bindingdb|chembl|pubchem_confirmatory,0.3,574.701,42.0,enzymatic,False,,none,False,True,True
XBNJWGWZXZIHPY-DNQXCXABSA-N,COc1cc(C(=O)N2C[C@H](N)C[C@@H](F)C2)cc2nc(-c3cc4ccc(-c5cc(F)c6c(c5)CCC(=O)N6)nc4n3CC3CC3)n(C)c12,7.318758762624412,7.318758762624412,7.318758762624412,3,bindingdb|chembl|pubchem_confirmatory,0.3,639.707,47.0,enzymatic,False,,none,False,True,True
STJCJXWLFNRLLZ-DNQXCXABSA-N,COc1cc(C(=O)N2C[C@H](N)C[C@@H](F)C2)cc2nc(-c3cc4ccc(-c5ccc(OCC(N)=O)cc5)nc4n3CC3CC3)n(C)c12,6.978810700930062,6.978810700930062,6.978810700930062,3,bindingdb|chembl|pubchem_confirmatory,0.3,625.705,46.0,enzymatic,False,,none,False,True,True
ZYBRETQYISLJHN-DHIUTWEWSA-N,COC(=O)COc1cc(F)c(-c2ccc3cc(-c4nc5cc(C(=O)N6C[C@H](N)C[C@@H](F)C6)cc(OC)c5n4C)n(CC4CC4)c3n2)cc1OC,6.860120913598763,6.860120913598763,6.860120913598763,3,bindingdb|chembl|pubchem_confirmatory,0.3,688.732,50.0,enzymatic,False,,none,False,True,True
GMWZMOBHHZGINF-DHIUTWEWSA-N,COc1cc(C(=O)N2C[C@H](N)C[C@@H](F)C2)cc2nc(-c3cc4ccc(-c5ccc(CC(N)=O)cn5)nc4n3CC3CC3)n(C)c12,6.847711655616944,6.847711655616944,6.847711655616944,3,bindingdb|chembl|pubchem_confirmatory,0.3,610.694,45.0,enzymatic,False,,none,False,True,True
ZJCWDGWTDXHXMA-MDVYPYFFSA-N,COc1cc(C(=O)N2C[C@H](N)C[C@@H](F)C2)cc2nc(-c3cc4ccc(-c5ccc(C(O)C(N)=O)c(F)c5)nc4n3CC3CC3)n(C)c12,7.086186147616284,7.086186147616283,7.086186147616283,3,bindingdb|chembl|pubchem_confirmatory,0.3,643.695,47.0,enzymatic,False,,none,False,True,True
UWDBZNSJQWAKOT-DNQXCXABSA-N,COc1cc(C(=O)N2C[C@H](N)C[C@@H](F)C2)cc2nc(-c3cc4ccc(-c5ccc(CC(N)=O)c(F)c5)nc4n3CC3CC3)n(C)c12,7.229147988357855,7.229147988357855,7.229147988357855,3,bindingdb|chembl|pubchem_confirmatory,0.3,627.696,46.0,enzymatic,False,,none,False,True,True
QFKZVRRIQISXIK-WOJBJXKFSA-N,COc1cc(C(=O)N2C[C@H](N)C[C@@H](F)C2)cc2nc(-c3cc4ccc(-c5cc(F)c(C(N)=O)cc5F)nc4n3CC3CC3)n(C)c12,7.431798275933005,7.431798275933005,7.431798275933005,3,bindingdb|chembl|pubchem_confirmatory,0.3,631.659,46.0,enzymatic,False,,none,False,True,True
LGIMOJHPCNDIKN-BTDDGAACSA-N,COc1cc(C(=O)N2CC3CCC2[C@@H]3N)cc2nc(-c3cc4ccc(-c5ccc(CC(N)=O)cn5)nc4n3CC3CC3)n(C)c12,6.75448733218585,6.75448733218585,6.75448733218585,3,bindingdb|chembl|pubchem_confirmatory,0.3,604.715,45.0,enzymatic,False,,none,False,True,True
LWOJNYRWSSDSPB-KZMKLUTQSA-N,COc1cc(C(=O)N2CC3CCC2[C@@H]3N)cc2nc(-c3cc4ccc(-c5ccc(C(O)C(N)=O)c(F)c5)nc4n3CC3CC3)n(C)c12,7.229147988357855,7.229147988357855,7.229147988357855,3,bindingdb|chembl|pubchem_confirmatory,0.3,637.716,47.0,enzymatic,False,,none,False,True,True
OOLVRVRZBIFCRQ-TWDLTGNASA-N,COc1cc(C(=O)N2CC3CCC2[C@@H]3N)cc2nc(-c3cc4ccc(-c5ccc(CC(N)=O)c(F)c5)nc4n3CC3CC3)n(C)c12,7.1249387366083,7.1249387366083,7.1249387366083,3,bindingdb|chembl|pubchem_confirmatory,0.3,621.717,46.0,enzymatic,False,,none,False,True,True
UNGYPWLQAZQTIO-ZREWPKOVSA-N,COc1cc(C(=O)N2CC3CCC2[C@@H]3N)cc2nc(-c3cc4ccc(-c5cc(F)c(C(N)=O)cc5F)nc4n3CC3CC3)n(C)c12,7.508638306165726,7.508638306165727,7.508638306165727,3,bindingdb|chembl|pubchem_confirmatory,0.3,625.68,46.0,enzymatic,False,,none,False,True,True
IOMMVKRXUYZOBI-JWQCQUIFSA-N,COc1cc(C(=O)N2C[C@H](N)C[C@@H](F)C2)cc2nc(-c3cc4ccc(-c5ccc6c(c5)C(=O)NCC6)nc4n3CC3CC3)n(C)c12,7.060480747381381,7.060480747381382,7.060480747381382,3,bindingdb|chembl|pubchem_confirmatory,0.3,621.717,46.0,enzymatic,False,,none,False,True,True
BXRLSNXMYJRLMY-FGZHOGPDSA-N,COc1cc(C(=O)N2C[C@H](N)C[C@@H](F)C2)cc2nc(-c3cc4ccc(-c5c(C)noc5C)nc4n3CC3CC3)n(C)c12,6.939302159646388,6.939302159646388,6.939302159646388,3,bindingdb|chembl|pubchem_confirmatory,0.3,571.657,42.0,enzymatic,False,,none,False,True,True
KOKAUUYJOCBKBF-CLJLJLNGSA-N,COc1cc(C(=O)N2C[C@H](N)C[C@@H](F)C2)cc2nc(-c3cc4ccc(-c5ccc(OCc6nnc(C)o6)cc5)nc4n3CC3CC3)n(C)c12,7.136677139879544,7.136677139879544,7.136677139879544,3,bindingdb|chembl|pubchem_confirmatory,0.3,664.742,49.0,enzymatic,False,,none,False,True,True
WZAFCIVEJCTJTE-ZHFHXLPRSA-N,COc1cc(C(=O)N2CC3CCC2[C@@H]3N)cc2nc(-c3cc4ccc(-c5ccc(OCc6nnc(C)o6)cc5)nc4n3CC3CC3)n(C)c12,7.200659450546418,7.200659450546418,7.200659450546418,3,bindingdb|chembl|pubchem_confirmatory,0.3,658.763,49.0,enzymatic,False,,none,False,True,True
DWACMAQNFSGHDH-DNQXCXABSA-N,COc1cc(C(=O)N2C[C@H](N)C[C@@H](F)C2)cc2nc(-c3cc4ccc(-c5cnc6c(c5)CCC(=O)N6)nc4n3CC3CC3)n(C)c12,7.455931955649724,7.455931955649724,7.455931955649724,3,bindingdb|chembl|pubchem_confirmatory,0.3,622.705,46.0,enzymatic,False,,none,False,True,True
QGDCDTGUIHMKKE-FGZHOGPDSA-N,COc1cc(C(=O)N2C[C@H](N)C[C@@H](F)C2)cc2nc(-c3cc4ccc(-c5cnc6c(c5)OCC(=O)N6)nc4n3CC3CC3)n(C)c12,7.6777807052660805,7.6777807052660805,7.6777807052660805,3,bindingdb|chembl|pubchem_confirmatory,0.3,624.677,46.0,enzymatic,False,,none,False,True,True
KGAAPTXFQRZZOK-FGZHOGPDSA-N,COc1cc(C(=O)N2C[C@H](N)C[C@@H](F)C2)cc2nc(-c3cc4ccc(-c5cnc6c(c5)NC(=O)CO6)nc4n3CC3CC3)n(C)c12,6.790484985457369,6.790484985457369,6.790484985457369,3,bindingdb|chembl|pubchem_confirmatory,0.3,624.677,46.0,enzymatic,False,,none,False,True,True
QCCOECDITMURMT-DHIUTWEWSA-N,COc1cc(C(=O)N2C[C@H](N)C[C@@H](F)C2)cc2nc(-c3cc4ccc(-c5ccc6c(c5)OCC(=O)N6)nc4n3CC3CC3)n(C)c12,7.698970004336019,7.698970004336019,7.698970004336019,3,bindingdb|chembl|pubchem_confirmatory,0.3,623.689,46.0,enzymatic,False,,none,False,True,True
KVULDMHEAQYAFO-DHIUTWEWSA-N,COc1cc(C(=O)N2C[C@H](N)C[C@@H](F)C2)cc2nc(-c3cc4ccc(-c5ccc6c(c5)NC(=O)CO6)nc4n3CC3CC3)n(C)c12,6.71669877129645,6.71669877129645,6.71669877129645,3,bindingdb|chembl|pubchem_confirmatory,0.3,623.689,46.0,enzymatic,False,,none,False,True,True
YEHPTBCWOBQPIC-DHIUTWEWSA-N,COc1cc(C(=O)N2C[C@H](N)C[C@@H](F)C2)cc2nc(-c3cc4ccc(-c5ccc(S(C)(=O)=O)nc5)nc4n3CC3CC3)n(C)c12,6.889410289700751,6.889410289700751,6.889410289700751,3,bindingdb|chembl|pubchem_confirmatory,0.3,631.734,45.0,enzymatic,False,,none,False,True,True
PKUHFXDYSZDEHM-GOJCXORZSA-N,COc1cc(C(=O)N2CC3CCC2[C@@H]3N)cc2nc(-c3cc4ccc(-c5cnc6c(c5)OCC(=O)N6)nc4n3CC3CC3)n(C)c12,7.657577319177793,7.657577319177793,7.657577319177793,3,bindingdb|chembl|pubchem_confirmatory,0.3,618.698,46.0,enzymatic,False,,none,False,True,True
GLSWADNRFNUBFQ-LDZQUKMZSA-N,COc1cc(C(=O)N2CC3CCC2[C@@H]3N)cc2nc(-c3cc4ccc(-c5cnc6c(c5)NC(=O)CO6)nc4n3CC3CC3)n(C)c12,7.481486060122112,7.481486060122112,7.481486060122112,3,bindingdb|chembl|pubchem_confirmatory,0.3,618.698,46.0,enzymatic,False,,none,False,True,True
IEMPDLLGJJGGEY-UJSRUBBISA-N,COc1cc(C(=O)N2CC3CCC2[C@@H]3N)cc2nc(-c3cc4ccc(-c5ccc6c(c5)NC(=O)CO6)nc4n3CC3CC3)n(C)c12,7.0915149811213505,7.0915149811213505,7.0915149811213505,3,bindingdb|chembl|pubchem_confirmatory,0.3,617.71,46.0,enzymatic,False,,none,False,True,True
BQCOXCWMRKCSQU-ATPQGXJXSA-N,COc1cc(C(=O)N2C[C@H](N)C[C@@H](F)C2)cc2nc(-c3cc4ccc(-c5ccc(C6CC(=O)N6)cc5)nc4n3CC3CC3)n(C)c12,7.080921907623927,7.080921907623926,7.080921907623926,3,bindingdb|chembl|pubchem_confirmatory,0.3,621.717,46.0,enzymatic,False,,none,False,True,True
KHEDJSBUTJZPQW-NHCUHLMSSA-N,COc1cc(C(=O)N2C[C@H](N)C[C@@H](F)C2)cc2nc(-c3cc4ccc(-c5cnc(C(N)=O)c(F)c5)nc4n3CC3CC3)n(C)c12,7.200659450546418,7.200659450546418,7.200659450546418,3,bindingdb|chembl|pubchem_confirmatory,0.3,614.657,45.0,enzymatic,False,,none,False,True,True
ZCELOPXRVFVPPB-YFHSQZFMSA-N,COc1cc(C(=O)N2C[C@H](N)C[C@@H](F)C2)cc2nc(-c3cc4ccc(-c5ccc6c(c5)CC(CO)O6)nc4n3CC3CC3)n(C)c12,6.910094888560603,6.910094888560602,6.910094888560602,3,bindingdb|chembl|pubchem_confirmatory,0.3,624.717,46.0,enzymatic,False,,none,False,True,True
MJFZHHQDNRNMTJ-JGTWLXFQSA-N,COc1cc(C(=O)N2C[C@H](N)C[C@@H](F)C2)cc2nc(-c3cc4ccc(-c5ccc(C6NOC(=O)N6)cc5)nc4n3CC3CC3)n(C)c12,6.804100347590767,6.804100347590767,6.804100347590767,1,pubchem_confirmatory,1.0,638.704,47.0,fp_ic50,False,,none,False,False,False
ZYRSSJLEEVARGZ-DXTDIPEASA-N,COc1cc(C(=O)N2CC3CCC2[C@@H]3N)cc2nc(-c3cc4ccc(-c5ccc(C6CC(=O)N6)cc5)nc4n3CC3CC3)n(C)c12,7.3979400086720375,7.3979400086720375,7.3979400086720375,3,bindingdb|chembl|pubchem_confirmatory,0.3,615.738,46.0,enzymatic,False,,none,False,True,True
VKFYNVVOABVQBN-PDKDFQAWSA-N,COc1cc(C(=O)N2CC3CCC2[C@@H]3N)cc2nc(-c3cc4ccc(-c5cnc(C(N)=O)c(F)c5)nc4n3CC3CC3)n(C)c12,7.1249387366083,7.1249387366083,7.1249387366083,3,bindingdb|chembl|pubchem_confirmatory,0.3,608.678,45.0,enzymatic,False,,none,False,True,True
YMXQRYWCXGGLEU-CJAWVQBSSA-N,COc1cc(C(=O)N2CC3CCC2[C@@H]3N)cc2nc(-c3cc4ccc(-c5ccc6c(c5)CC(CO)O6)nc4n3CC3CC3)n(C)c12,7.309803919971486,7.309803919971486,7.309803919971486,3,bindingdb|chembl|pubchem_confirmatory,0.3,618.738,46.0,enzymatic,False,,none,False,True,True
DUVHJYLMXCKPHK-VOLXDVAPSA-N,COc1cc(C(=O)N2CC3CCC2[C@@H]3N)cc2nc(-c3cc4ccc(-c5ccc(C6NOC(=O)N6)cc5)nc4n3CC3CC3)n(C)c12,7.055517327849831,7.055517327849831,7.055517327849831,1,pubchem_confirmatory,1.0,632.725,47.0,fp_ic50,False,,none,False,False,False
MOHUKGGNUYJPGD-ZHFHXLPRSA-N,COc1cc(C(=O)N2CC3CCC2[C@@H]3N)cc2nc(-c3cc4ccc(-c5ccc(OCc6ncco6)cc5)nc4n3CC3CC3)n(C)c12,6.9065783148377635,6.906578314837764,6.906578314837764,3,bindingdb|chembl|pubchem_confirmatory,0.3,643.748,48.0,enzymatic,False,,none,False,True,True
RGHFBBMNUPPUGI-SHEKFCCPSA-N,COC(=O)CNC(=O)COc1ccc(-c2ccc3cc(-c4nc5cc(C(=O)N6CC7CCC6[C@@H]7N)cc(OC)c5n4C)n(CC4CC4)c3n2)cc1,6.790484985457369,6.790484985457369,6.790484985457369,3,bindingdb|chembl|pubchem_confirmatory,0.3,691.789,51.0,enzymatic,False,,none,False,True,True
YUMASIHOHJRRTA-LGZRUXKASA-N,COC(=O)/C=C/c1ccc(-c2ccc3cc(-c4nc5cc(C(=O)N6C[C@H](N)C[C@@H](F)C6)cc(OC)c5n4C)n(CC4CC4)c3n2)cc1,6.752026733638194,6.752026733638194,6.752026733638194,3,bindingdb|chembl|pubchem_confirmatory,0.3,636.728,47.0,enzymatic,False,,none,False,True,True
PTQKXDCLFQXRSI-CLJLJLNGSA-N,COc1cc(C(=O)N2C[C@H](N)C[C@@H](F)C2)cc2nc(-c3cc4ccc(-c5ccc(OCc6ncco6)cc5)nc4n3CC3CC3)n(C)c12,6.801342913045577,6.801342913045577,6.801342913045577,3,bindingdb|chembl|pubchem_confirmatory,0.3,649.727,48.0,enzymatic,False,,none,False,True,True
IPOLRAWIILPNHR-DNQXCXABSA-N,COc1cc(C(=O)N2C[C@H](N)C[C@@H](F)C2)cc2nc(-c3cc4ccc(-c5ccc(NC(C)=O)nc5)nc4n3CC3CC3)n(C)c12,7.366531544420414,7.366531544420413,7.366531544420413,3,bindingdb|chembl|pubchem_confirmatory,0.3,610.694,45.0,enzymatic,False,,none,False,True,True
ZQVOSASUDTZKER-JWQCQUIFSA-N,COc1cc(C(=O)N2C[C@H](N)C[C@@H](F)C2)cc2nc(-c3cc4ccc(-c5ccc6c(c5)CCO6)nc4n3CC3CC3)n(C)c12,6.8794260687941495,6.8794260687941495,6.8794260687941495,3,bindingdb|chembl|pubchem_confirmatory,0.3,594.691,44.0,enzymatic,False,,none,False,True,True
KKUQAGGSLHLCOZ-FGZHOGPDSA-N,COc1cc(C(=O)N2C[C@H](N)C[C@@H](F)C2)cc2nc(-c3cc4ccc(-c5ccc(C(N)=O)nc5)nc4n3CC3CC3)n(C)c12,7.327902142064282,7.327902142064282,7.327902142064282,3,bindingdb|chembl|pubchem_confirmatory,0.3,596.667,44.0,enzymatic,False,,none,False,True,True
DYCWMALBZOQIGH-DNQXCXABSA-N,COc1cc(C(=O)N2C[C@H](N)C[C@@H](F)C2)cc2nc(-c3cc4ccc(-c5ccc6c(c5)COC6=O)nc4n3CC3CC3)n(C)c12,7.4089353929735005,7.4089353929735005,7.4089353929735005,3,bindingdb|chembl|pubchem_confirmatory,0.3,608.674,45.0,enzymatic,False,,none,False,True,True
IYSAQIFLXITNPE-JWQCQUIFSA-N,COCCOC(=O)Nc1ccc(-c2ccc3cc(-c4nc5cc(C(=O)N6C[C@H](N)C[C@@H](F)C6)cc(OC)c5n4C)n(CC4CC4)c3n2)cn1,7.443697499232712,7.443697499232712,7.443697499232712,3,bindingdb|chembl|pubchem_confirmatory,0.3,670.746,49.0,enzymatic,False,,none,False,True,True
REVNNJGKLDYXKU-JWQCQUIFSA-N,COc1cc(C(=O)N2C[C@H](N)C[C@@H](F)C2)cc2nc(-c3cc4ccc(-c5ccc6c(c5)OCC6)nc4n3CC3CC3)n(C)c12,6.709965388637482,6.709965388637482,6.709965388637482,3,bindingdb|chembl|pubchem_confirmatory,0.3,594.691,44.0,enzymatic,False,,none,False,True,True
WVASGSMCEOZRIR-DNQXCXABSA-N,COc1cc(C(=O)N2C[C@H](N)C[C@@H](F)C2)cc2nc(-c3cc4ccc(-c5ccc6c(c5)OCCO6)nc4n3CC3CC3)n(C)c12,6.928117992693874,6.928117992693874,6.928117992693874,3,bindingdb|chembl|pubchem_confirmatory,0.3,610.69,45.0,enzymatic,False,,none,False,True,True
YFIJOUWJDKVXBZ-PWJCZFGMSA-N,COc1cc(C(=O)N2CC3CCC2[C@@H]3N)cc2nc(-c3cc4ccc(-c5cccc(CCC(=O)O)c5)nc4n3CC3CC3)n(C)c12,6.777283528852418,6.777283528852417,6.777283528852417,3,bindingdb|chembl|pubchem_confirmatory,0.3,618.738,46.0,enzymatic,False,,none,False,True,True
YPOPORNRHOZNPQ-JWQCQUIFSA-N,CCOC(=O)Cc1ccc(-c2ccc3cc(-c4nc5cc(C(=O)N6C[C@H](N)C[C@@H](F)C6)cc(OC)c5n4C)n(CC4CC4)c3n2)cn1,6.310691140876379,6.310691140876379,6.310691140876379,3,bindingdb|chembl|pubchem_confirmatory,0.3,639.732,47.0,enzymatic,False,,none,False,True,True
AUJOCVJLLSQAKE-FGZHOGPDSA-N,COc1cc(C(=O)N2C[C@H](N)C[C@@H](F)C2)cc2nc(-c3cc4ccc(-c5cncc(O)c5)nc4n3CC3CC3)n(C)c12,6.821023052706831,6.821023052706831,6.821023052706831,3,bindingdb|chembl|pubchem_confirmatory,0.3,569.641,42.0,enzymatic,False,,none,False,True,True
QLHBHOHEHMGCDF-DHIUTWEWSA-N,COc1cc(C(=O)N2C[C@H](N)C[C@@H](F)C2)cc2nc(-c3cc4ccc(-c5ccc(CO)nc5)nc4n3CC3CC3)n(C)c12,6.790484985457369,6.790484985457369,6.790484985457369,3,bindingdb|chembl|pubchem_confirmatory,0.3,583.668,43.0,enzymatic,False,,none,False,True,True
DIBASWHVPICXDK-DHIUTWEWSA-N,COc1cc(-c2ccc3cc(-c4nc5cc(C(=O)N6C[C@H](N)C[C@@H](F)C6)cc(OC)c5n4C)n(CC4CC4)c3n2)c(F)cc1CO,6.826813731587726,6.826813731587726,6.826813731587726,3,bindingdb|chembl|pubchem_confirmatory,0.3,630.696,46.0,enzymatic,False,,none,False,True,True
IVJZJRXNFCFMOP-UJSRUBBISA-N,COc1cc(C(=O)N2CC3CCC2[C@@H]3N)cc2nc(-c3cc4ccc(-c5ccc6c(c5)OCC6=O)nc4n3CC3CC3)n(C)c12,6.85078088734462,6.85078088734462,6.85078088734462,3,bindingdb|chembl|pubchem_confirmatory,0.3,602.695,45.0,enzymatic,False,,none,False,True,True
XYLKDWYQCVPKMX-IBYOELKQSA-N,COc1cc(C(=O)N2CC3CCC2[C@@H]3N)cc2nc(-c3cc4ccc(-c5cnc(F)c(O)c5)nc4n3CC3CC3)n(C)c12,6.782516055786093,6.782516055786093,6.782516055786093,3,bindingdb|chembl|pubchem_confirmatory,0.3,581.652,43.0,enzymatic,False,,none,False,True,True
JNCHIMZOBMWPDY-IBYOELKQSA-N,COc1cc(C(=O)N2CC3CCC2[C@@H]3N)cc2nc(-c3cc4ccc(-c5ccc(O)c(F)n5)nc4n3CC3CC3)n(C)c12,6.8326826652518236,6.8326826652518236,6.8326826652518236,3,bindingdb|chembl|pubchem_confirmatory,0.3,581.652,43.0,enzymatic,False,,none,False,True,True
YYKUXSUTTPRPDW-IKXBFRDRSA-N,COc1cc(C(=O)N2CC3CCC2[C@@H]3N)cc2nc(-c3cc4ccc(-c5ccnc(N6CCCC6=O)c5)nc4n3CC3CC3)n(C)c12,6.798602875679549,6.798602875679549,6.798602875679549,3,bindingdb|chembl|pubchem_confirmatory,0.3,630.753,47.0,enzymatic,False,,none,False,True,True
YFUKVVRZIHGSBQ-OTXUZITOSA-N,COc1cc(-c2ccc3cc(-c4nc5cc(C(=O)N6CC7CCC6[C@@H]7N)cc(OC)c5n4C)n(CC4CC4)c3n2)c(F)cc1CO,7.0655015487564325,7.0655015487564325,7.0655015487564325,3,bindingdb|chembl|pubchem_confirmatory,0.3,624.717,46.0,enzymatic,False,,none,False,True,True
NUKKMNRQIBXOBC-NYESITDKSA-N,COc1cc(C(=O)N2CC3CCC2[C@@H]3N)cc2nc(-c3cc4ccc(-c5c(F)cc(CO)cc5F)nc4n3CC3CC3)n(C)c12,7.4089353929735005,7.4089353929735005,7.4089353929735005,3,bindingdb|chembl|pubchem_confirmatory,0.3,612.681,45.0,enzymatic,False,,none,False,True,True
JMNIPEASNDSJGO-CRLCSLCLSA-N,COc1cc(C(=O)N2CC3CCC2[C@@H]3N)cc2nc(-c3cc4ccc(-c5ccc(CO)c(F)c5)nc4n3CC3CC3)n(C)c12,6.853871964321762,6.853871964321762,6.853871964321762,3,bindingdb|chembl|pubchem_confirmatory,0.3,594.691,44.0,enzymatic,False,,none,False,True,True
OMXZUGXQOMHNCF-FGZHOGPDSA-N,COc1cc(C(=O)N2C[C@H](N)C[C@@H](F)C2)cc2nc(-c3cc4ccc(-c5c(F)cc(CO)cc5F)nc4n3CC3CC3)n(C)c12,7.552841968657781,7.552841968657781,7.552841968657781,3,bindingdb|chembl|pubchem_confirmatory,0.3,618.66,45.0,enzymatic,False,,none,False,True,True
CNFPBKVORJKJSV-DNQXCXABSA-N,COc1cc(C(=O)N2C[C@H](N)C[C@@H](F)C2)cc2nc(-c3cc4ccc(-c5ccc(CO)c(F)c5)nc4n3CC3CC3)n(C)c12,6.481486060122112,6.481486060122112,6.481486060122112,3,bindingdb|chembl|pubchem_confirmatory,0.3,600.67,44.0,enzymatic,False,,none,False,True,True
JXMXPUJYTJRGDV-CLJLJLNGSA-N,COc1cc(C(=O)N2C[C@H](N)C[C@@H](F)C2)cc2nc(-c3cc4ccc(-c5ccc(OCC(=O)NCC#N)cc5)nc4n3CC3CC3)n(C)c12,6.96657624451305,6.96657624451305,6.96657624451305,3,bindingdb|chembl|pubchem_confirmatory,0.3,664.742,49.0,enzymatic,False,,none,False,True,True
NYQOQBMOHMMNQN-DNQXCXABSA-N,COc1cc(C(=O)N2C[C@H](N)C[C@@H](F)C2)cc2nc(-c3cc4ccc(-c5ccc(C(=O)N(C)C)nc5)nc4n3CC3CC3)n(C)c12,6.8326826652518236,6.8326826652518236,6.8326826652518236,3,bindingdb|chembl|pubchem_confirmatory,0.3,624.721,46.0,enzymatic,False,,none,False,True,True
FAPNLAATJCYFDP-FGZHOGPDSA-N,COc1cc(C(=O)N2C[C@H](N)C[C@@H](F)C2)cc2nc(-c3cc4ccc(-c5cnc6c(c5)OC(=O)C6)nc4n3CC3CC3)n(C)c12,6.991399828238083,6.991399828238082,6.991399828238082,3,bindingdb|chembl|pubchem_confirmatory,0.3,609.662,45.0,enzymatic,False,,none,False,True,True
IPLGXDYEUPNXMY-DHIUTWEWSA-N,COc1cc(C(=O)N2C[C@H](N)C[C@@H](F)C2)cc2nc(-c3cc4ccc(-c5cnc(N)c(CO)c5)nc4n3CC3CC3)n(C)c12,6.785156151952303,6.785156151952302,6.785156151952302,3,bindingdb|chembl|pubchem_confirmatory,0.3,598.683,44.0,enzymatic,False,,none,False,True,True
NVQWJLLYWYNACL-FGZHOGPDSA-N,COc1ncc(-c2ccc3cc(-c4nc5cc(C(=O)N6C[C@H](N)C[C@@H](F)C6)cc(OC)c5n4C)n(CC4CC4)c3n2)cc1O,7.1249387366083,7.1249387366083,7.1249387366083,3,bindingdb|chembl|pubchem_confirmatory,0.3,599.667,44.0,enzymatic,False,,none,False,True,True
PLPFWQNSRAISTQ-JWQCQUIFSA-N,COc1cc(C(=O)N2C[C@H](N)C[C@@H](F)C2)cc2nc(-c3cc4ccc(-c5ccc(CS(N)(=O)=O)cc5)nc4n3CC3CC3)n(C)c12,7.167491087293764,7.167491087293763,7.167491087293763,3,bindingdb|chembl|pubchem_confirmatory,0.3,645.761,46.0,enzymatic,False,,none,False,True,True
YJDHFJNRECXHCN-FGZHOGPDSA-N,COc1cc(C(=O)N2C[C@H](N)C[C@@H](F)C2)cc2nc(-c3cc4ccc(-c5ccc6c(n5)NCCO6)nc4n3CC3CC3)n(C)c12,6.761953896871205,6.761953896871205,6.761953896871205,3,bindingdb|chembl|pubchem_confirmatory,0.3,610.694,45.0,enzymatic,False,,none,False,True,True
YCIUAHCLNBIULH-WOJBJXKFSA-N,COc1cc(C(=O)N2C[C@H](N)C[C@@H](F)C2)cc2nc(-c3cc4ccc(-c5cc(O)cnc5F)nc4n3CC3CC3)n(C)c12,7.154901959985743,7.154901959985743,7.154901959985743,3,bindingdb|chembl|pubchem_confirmatory,0.3,587.631,43.0,enzymatic,False,,none,False,True,True
RLSGDEKSXPLERP-FGZHOGPDSA-N,COc1cc(C(=O)N2C[C@H](N)C[C@@H](F)C2)cc2nc(-c3cc4ccc(-c5cnc(CO)c(F)c5)nc4n3CC3CC3)n(C)c12,6.8794260687941495,6.8794260687941495,6.8794260687941495,3,bindingdb|chembl|pubchem_confirmatory,0.3,601.658,44.0,enzymatic,False,,none,False,True,True
ZLXKVDDXBJNFCQ-IBYOELKQSA-N,COc1cc(C(=O)N2CC3CCC2[C@@H]3N)cc2nc(-c3cc4ccc(-c5cnc6[nH]c(=O)oc6c5)nc4n3CC3CC3)n(C)c12,7.1487416512809245,7.1487416512809245,7.1487416512809245,3,bindingdb|chembl|pubchem_confirmatory,0.3,604.671,45.0,enzymatic,False,,none,False,True,True
OEZBIGCIPJHFPJ-FTNFKZBYSA-N,COc1cc(C(=O)N2CC3CCC2[C@@H]3N)cc2nc(-c3cc4ccc(-c5cnc(N)c(CO)c5)nc4n3CC3CC3)n(C)c12,7.387216143280265,7.3872161432802645,7.3872161432802645,3,bindingdb|chembl|pubchem_confirmatory,0.3,592.704,44.0,enzymatic,False,,none,False,True,True
MRNJWOMRYSTQPG-LCRYKWFRSA-N,COc1ncc(-c2ccc3cc(-c4nc5cc(C(=O)N6CC7CCC6[C@@H]7N)cc(OC)c5n4C)n(CC4CC4)c3n2)cc1O,7.356547323513812,7.356547323513812,7.356547323513812,3,bindingdb|chembl|pubchem_confirmatory,0.3,593.688,44.0,enzymatic,False,,none,False,True,True
IBHLXQIZSUENBL-CDNDPLPTSA-N,COc1cc(C(=O)N2CC3CCC2[C@@H]3N)cc2nc(-c3cc4ccc(-c5ccc(CS(N)(=O)=O)cc5)nc4n3CC3CC3)n(C)c12,7.356547323513812,7.356547323513812,7.356547323513812,3,bindingdb|chembl|pubchem_confirmatory,0.3,639.782,46.0,enzymatic,False,,none,False,True,True
JONIBQRXWPIIAE-PDKDFQAWSA-N,COc1cc(C(=O)N2CC3CCC2[C@@H]3N)cc2nc(-c3cc4ccc(-c5cc(O)cnc5F)nc4n3CC3CC3)n(C)c12,7.318758762624412,7.318758762624412,7.318758762624412,3,bindingdb|chembl|pubchem_confirmatory,0.3,581.652,43.0,enzymatic,False,,none,False,True,True
KZCHCFMIUFMOAD-JAEXGXQOSA-N,COc1cc(C(=O)N2CC3CCC2[C@@H]3N)cc2nc(-c3cc4ccc(-c5cnc(CO)c(F)c5)nc4n3CC3CC3)n(C)c12,7.4089353929735005,7.4089353929735005,7.4089353929735005,3,bindingdb|chembl|pubchem_confirmatory,0.3,595.679,44.0,enzymatic,False,,none,False,True,True
LOIQRZDOZOTNPI-DNQXCXABSA-N,COc1nc(N2CCCC2=O)ccc1-c1ccc2cc(-c3nc4cc(C(=O)N5C[C@H](N)C[C@@H](F)C5)cc(OC)c4n3C)n(CC3CC3)c2n1,6.863279432843593,6.863279432843593,6.863279432843593,3,bindingdb|chembl|pubchem_confirmatory,0.3,666.758,49.0,enzymatic,False,,none,False,True,True
DTYNUPGNVTYZAI-KDKXARBFSA-N,COc1cc(C(=O)N2C[C@H](N)C[C@@H](F)C2)cc2nc(-c3cc4ccc(-c5ccc(N6CCC(O)C6=O)nc5)nc4n3CC3CC3)n(C)c12,7.568636235841012,7.568636235841012,7.568636235841012,3,bindingdb|chembl|pubchem_confirmatory,0.3,652.731,48.0,enzymatic,False,,none,False,True,True
DPGXIPDBLOXXRY-COJIHYBUSA-N,COc1cc(C(=O)N2C[C@H](N)C[C@@H](F)C2)cc2nc(-c3cc4ccc(-c5cnc(N6CCC(O)C6=O)c(C)c5)nc4n3CC3CC3)n(C)c12,6.84163750790475,6.84163750790475,6.84163750790475,3,bindingdb|chembl|pubchem_confirmatory,0.3,666.758,49.0,enzymatic,False,,none,False,True,True
WISDKGHCLUPZLZ-VGNMNXCYSA-N,COc1cc(C(=O)N2C[C@H](N)C[C@@H](F)C2)cc2nc(-c3cc4ccc(-c5ccc(N6CCCC(O)C6=O)cc5)nc4n3CC3CC3)n(C)c12,7.508638306165726,7.508638306165727,7.508638306165727,3,bindingdb|chembl|pubchem_confirmatory,0.3,665.77,49.0,enzymatic,False,,none,False,True,True
KGVBPVFLBQYRIL-JWQCQUIFSA-N,COc1cc(C(=O)N2C[C@H](N)C[C@@H](F)C2)cc2nc(-c3cc4ccc(-c5ccc(N6CCNC6=O)cc5)nc4n3CC3CC3)n(C)c12,7.638272163982407,7.638272163982407,7.638272163982407,3,bindingdb|chembl|pubchem_confirmatory,0.3,636.732,47.0,enzymatic,False,,none,False,True,True
HUFKMVTZASLSQE-CLJLJLNGSA-N,COc1cc(C(=O)N2C[C@H](N)C[C@@H](F)C2)cc2nc(-c3cc4ccc(-c5ccc(N6CCCC6=O)cc5)nc4n3CC3CC3)n(C)c12,6.815308569182402,6.815308569182401,6.815308569182401,3,bindingdb|chembl|pubchem_confirmatory,0.3,635.744,47.0,enzymatic,False,,none,False,True,True
MVHJEURFXUNONN-FKGNFIDKSA-N,COc1nc(N2CCCC2=O)ccc1-c1ccc2cc(-c3nc4cc(C(=O)N5CC6CCC5[C@@H]6N)cc(OC)c4n3C)n(CC3CC3)c2n1,7.026872146400302,7.026872146400302,7.026872146400302,3,bindingdb|chembl|pubchem_confirmatory,0.3,660.779,49.0,enzymatic,False,,none,False,True,True
IMZUCDLSPGNOSE-QRWNQTMYSA-N,COc1cc(C(=O)N2CC3CCC2[C@@H]3N)cc2nc(-c3cc4ccc(-c5ccc(N6CCC(O)C6=O)nc5)nc4n3CC3CC3)n(C)c12,7.823908740944319,7.823908740944319,7.823908740944319,3,bindingdb|chembl|pubchem_confirmatory,0.3,646.752,48.0,enzymatic,False,,none,False,True,True
MDJNQPFSWJELPC-ZOKSWWLESA-N,COc1cc(C(=O)N2CC3CCC2[C@@H]3N)cc2nc(-c3cc4ccc(-c5cnc(N6CCC(O)C6=O)c(C)c5)nc4n3CC3CC3)n(C)c12,6.844663962534938,6.844663962534938,6.844663962534938,3,bindingdb|chembl|pubchem_confirmatory,0.3,660.779,49.0,enzymatic,False,,none,False,True,True
VWTHEDREQPOMAU-BUZQTMAISA-N,COc1cc(C(=O)N2CC3CCC2[C@@H]3N)cc2nc(-c3cc4ccc(-c5ccc(N6CCCC(O)C6=O)cc5)nc4n3CC3CC3)n(C)c12,7.6020599913279625,7.6020599913279625,7.6020599913279625,3,bindingdb|chembl|pubchem_confirmatory,0.3,659.791,49.0,enzymatic,False,,none,False,True,True
FIQINKJYMDLKMA-SGAJGPLNSA-N,COc1cc(C(=O)N2CC3CCC2[C@@H]3N)cc2nc(-c3cc4ccc(-c5ccc(N6CCNC6=O)cc5)nc4n3CC3CC3)n(C)c12,7.431798275933005,7.431798275933005,7.431798275933005,3,bindingdb|chembl|pubchem_confirmatory,0.3,630.753,47.0,enzymatic,False,,none,False,True,True
QIPSDMROQZGMLS-ZHFHXLPRSA-N,COc1cc(C(=O)N2CC3CCC2[C@@H]3N)cc2nc(-c3cc4ccc(-c5ccc(N6CCCC6=O)cc5)nc4n3CC3CC3)n(C)c12,7.4685210829577455,7.468521082957745,7.468521082957745,3,bindingdb|chembl|pubchem_confirmatory,0.3,629.765,47.0,enzymatic,False,,none,False,True,True
LSBANCKHTTUTPD-DHIUTWEWSA-N,COc1cc(C(=O)N2C[C@H](N)C[C@@H](F)C2)cc2nc(-c3cc4ccc(-c5ccc(O)cc5C#N)nc4n3CC3CC3)n(C)c12,7.251811972993799,7.251811972993799,7.251811972993799,3,bindingdb|chembl|pubchem_confirmatory,0.3,593.663,44.0,enzymatic,False,,none,False,True,True
PWLKVLJPKAQUAF-DHIUTWEWSA-N,COc1cc(C(=O)N2C[C@H](N)C[C@@H](F)C2)cc2nc(-c3cc4ccc(-c5cc(C#N)ccc5O)nc4n3CC3CC3)n(C)c12,6.889410289700751,6.889410289700751,6.889410289700751,3,bindingdb|chembl|pubchem_confirmatory,0.3,593.663,44.0,enzymatic,False,,none,False,True,True
IFNNVFDJSCXACW-KTBVXVCESA-N,COc1cc(C(=O)N2CC3CCC2[C@@H]3N)cc2nc(-c3cc4ccc(-c5ccc(O)cc5C#N)nc4n3CC3CC3)n(C)c12,7.455931955649724,7.455931955649724,7.455931955649724,3,bindingdb|chembl|pubchem_confirmatory,0.3,587.684,44.0,enzymatic,False,,none,False,True,True
DVEFORROUGHELT-BTDDGAACSA-N,COc1cc(C(=O)N2CC3CCC2[C@@H]3N)cc2nc(-c3cc4ccc(-c5cc(C#N)ccc5O)nc4n3CC3CC3)n(C)c12,7.657577319177793,7.657577319177793,7.657577319177793,3,bindingdb|chembl|pubchem_confirmatory,0.3,587.684,44.0,enzymatic,False,,none,False,True,True
QDBKGUOTQOKNEP-DHIUTWEWSA-N,COc1ccc(-c2ccc3cc(-c4nc5cc(C(=O)N6C[C@H](N)C[C@@H](F)C6)cc(OC)c5n4C)n(CC4CC4)c3n2)cc1O,6.96657624451305,6.96657624451305,6.96657624451305,3,bindingdb|chembl|pubchem_confirmatory,0.3,598.679,44.0,enzymatic,False,,none,False,True,True
HNYMLHIZFILDSF-DNQXCXABSA-N,COc1cc(C(=O)N2C[C@H](N)C[C@@H](F)C2)cc2nc(-c3cc4ccc(-c5ccccc5C#N)nc4n3CC3CC3)n(C)c12,6.8124792791635365,6.8124792791635365,6.8124792791635365,3,bindingdb|chembl|pubchem_confirmatory,0.3,577.664,43.0,enzymatic,False,,none,False,True,True
FRJDQWBSUQCUBK-DHIUTWEWSA-N,COc1cc(C(=O)N2C[C@H](N)C[C@@H](F)C2)cc2nc(-c3cc4ccc(-c5cccc(C#N)c5F)nc4n3CC3CC3)n(C)c12,6.946921556516581,6.94692155651658,6.94692155651658,3,bindingdb|chembl|pubchem_confirmatory,0.3,595.654,44.0,enzymatic,False,,none,False,True,True
OVWSTVYEFVIVTR-NHCUHLMSSA-N,COc1cc(C(=O)N2C[C@H](N)C[C@@H](F)C2)cc2nc(-c3cc4ccc(-c5cc(O)ccc5F)nc4n3CC3CC3)n(C)c12,6.638535034246426,6.638535034246425,6.638535034246425,3,bindingdb|chembl|pubchem_confirmatory,0.3,586.643,43.0,enzymatic,False,,none,False,True,True
DVRKHYFUVXMFGX-DHIUTWEWSA-N,CNC(=O)c1ccc(-c2ccc3cc(-c4nc5cc(C(=O)N6C[C@H](N)C[C@@H](F)C6)cc(OC)c5n4C)n(CC4CC4)c3n2)cn1,7.346787486224656,7.346787486224656,7.346787486224656,3,bindingdb|chembl|pubchem_confirmatory,0.3,610.694,45.0,enzymatic,False,,none,False,True,True
JTULWEAUHLWOTF-WOJBJXKFSA-N,COc1cc(C(=O)N2C[C@H](N)C[C@@H](F)C2)cc2nc(-c3cc4ccc(-c5cc(O)c(F)cc5F)nc4n3CC3CC3)n(C)c12,6.8326826652518236,6.8326826652518236,6.8326826652518236,3,bindingdb|chembl|pubchem_confirmatory,0.3,604.633,44.0,enzymatic,False,,none,False,True,True
UROJQGMBPHPSKP-FSLAYEISSA-N,COc1cc(C(=O)N2C[C@H](N)C[C@@H](F)C2)cc2nc(-c3cc4ccc(-c5ccc(N6CCCC(O)C6=O)c(F)c5)nc4n3CC3CC3)n(C)c12,7.301029995663981,7.301029995663981,7.301029995663981,3,bindingdb|chembl|pubchem_confirmatory,0.3,683.76,50.0,enzymatic,False,,none,False,True,True
ZONGJSYABWALEQ-RCUHSBBRSA-N,COc1cc(C(=O)N2C[C@H](N)C[C@@H](F)C2)cc2nc(-c3cc4ccc(-c5ccc(C6CNC(=O)N6)cc5)nc4n3CC3CC3)n(C)c12,7.431798275933005,7.431798275933005,7.431798275933005,1,pubchem_confirmatory,1.0,636.732,47.0,fp_ic50,False,,none,False,False,False
XCGPEMUMEZTCNF-CDNDPLPTSA-N,COc1cc(C(=O)N2CC3CCC2[C@@H]3N)cc2nc(-c3cc4ccc(-c5cccc(C#N)c5)nc4n3CC3CC3)n(C)c12,7.130768280269024,7.130768280269024,7.130768280269024,3,bindingdb|chembl|pubchem_confirmatory,0.3,571.685,43.0,enzymatic,False,,none,False,True,True
DNUVEGDZMUTBOD-STHVYQTBSA-N,COc1cc(C(=O)N2CC3CCC2[C@@H]3N)cc2nc(-c3cc4ccc(-c5ccccc5C#N)nc4n3CC3CC3)n(C)c12,7.387216143280265,7.3872161432802645,7.3872161432802645,3,bindingdb|chembl|pubchem_confirmatory,0.3,571.685,43.0,enzymatic,False,,none,False,True,True
WRHOMFJKHSWYJS-VDOBOPNRSA-N,COc1ccc(-c2ccc3cc(-c4nc5cc(C(=O)N6CC7CCC6[C@@H]7N)cc(OC)c5n4C)n(CC4CC4)c3n2)cc1O,7.619788758288394,7.619788758288394,7.619788758288394,3,bindingdb|chembl|pubchem_confirmatory,0.3,592.7,44.0,enzymatic,False,,none,False,True,True
MBNHMRJLJRDBBR-BTDDGAACSA-N,COc1cc(C(=O)N2CC3CCC2[C@@H]3N)cc2nc(-c3cc4ccc(-c5cccc(C#N)c5F)nc4n3CC3CC3)n(C)c12,7.481486060122112,7.481486060122112,7.481486060122112,3,bindingdb|chembl|pubchem_confirmatory,0.3,589.675,44.0,enzymatic,False,,none,False,True,True
CDXRAXIUQYECEJ-AXBFEPISSA-N,COc1cc(C(=O)N2CC3CCC2[C@@H]3N)cc2nc(-c3cc4ccc(-c5[nH]ccc(=O)c5F)nc4n3CC3CC3)n(C)c12,7.036212172654444,7.036212172654444,7.036212172654444,3,bindingdb|chembl|pubchem_confirmatory,0.3,581.652,43.0,enzymatic,False,,none,False,True,True
KAGFUVKCHCXONF-UWJYRZFCSA-N,COc1cc(C(=O)N2CC3CCC2[C@@H]3N)cc2nc(-c3cc4ccc(-c5ccc(N6CCCC(O)C6=O)c(F)c5)nc4n3CC3CC3)n(C)c12,7.455931955649724,7.455931955649724,7.455931955649724,3,bindingdb|chembl|pubchem_confirmatory,0.3,677.781,50.0,enzymatic,False,,none,False,True,True
POJYPFPOQWSPGY-LCRYKWFRSA-N,COc1cc(-c2ccc3cc(-c4nc5cc(C(=O)N6CC7CCC6[C@@H]7N)cc(OC)c5n4C)n(CC4CC4)c3n2)cnc1N,6.787812395596042,6.787812395596042,6.787812395596042,3,bindingdb|chembl|pubchem_confirmatory,0.3,592.704,44.0,enzymatic,False,,none,False,True,True
WROOEOPIKSPEKA-CNBSLUFQSA-N,COc1cc(C(=O)N2CC3CCC2[C@@H]3N)cc2nc(-c3cc4ccc(-c5ccc(C6CNC(=O)N6)cc5)nc4n3CC3CC3)n(C)c12,7.721246399047171,7.721246399047171,7.721246399047171,1,pubchem_confirmatory,1.0,630.753,47.0,fp_ic50,False,,none,False,False,False
YWZZTVJESVGKQM-CLJLJLNGSA-N,COc1cc(C(=O)N2C[C@H](N)C[C@@H](F)C2)cc2nc(-c3cc4ccc(-c5ccc(N6CCCS6(=O)=O)cc5)nc4n3CC3CC3)n(C)c12,7.154901959985743,7.154901959985743,7.154901959985743,3,bindingdb|chembl|pubchem_confirmatory,0.3,671.799,48.0,enzymatic,False,,none,False,True,True
JXJKFNOFVMYWDP-RZTGKWTMSA-N,COc1cc(C(=O)N2C[C@H](N)C[C@@H](F)C2)cc2nc(-c3cc4ccc(-c5ccc(C6(C)NC(=O)NC6=O)cc5)nc4n3CC3CC3)n(C)c12,6.826813731587726,6.826813731587726,6.826813731587726,3,bindingdb|chembl|pubchem_confirmatory,0.3,664.742,49.0,enzymatic,False,,none,False,True,True
NFQQWCMJKGSIHF-DHIUTWEWSA-N,COc1cc(C(=O)N2C[C@H](N)C[C@@H](F)C2)cc2nc(-c3cc4ccc(-c5ccc6c(c5)C(=O)NCC(=O)N6)nc4n3CC3CC3)n(C)c12,7.494850021680094,7.494850021680094,7.494850021680094,3,bindingdb|chembl|pubchem_confirmatory,0.3,650.715,48.0,enzymatic,False,,none,False,True,True
GEBMZPRJGMWZBK-WZVKSPBRSA-N,COc1cc(C(=O)N2CC3CCC2[C@@H]3N)cc2nc(-c3cc4ccc(-c5ccc(N6CCCS6(=O)=O)cc5)nc4n3CC3CC3)n(C)c12,7.455931955649724,7.455931955649724,7.455931955649724,3,bindingdb|chembl|pubchem_confirmatory,0.3,665.82,48.0,enzymatic,False,,none,False,True,True
NVSCGGXJOGXPIQ-MDLRAHOZSA-N,COc1cc(C(=O)N2CC3CCC2[C@@H]3N)cc2nc(-c3cc4ccc(-c5ccc(C6(C)NC(=O)NC6=O)cc5)nc4n3CC3CC3)n(C)c12,6.899629454882437,6.899629454882437,6.899629454882437,3,bindingdb|chembl|pubchem_confirmatory,0.3,658.763,49.0,enzymatic,False,,none,False,True,True
KACOEWCREZWNNC-ZHMHVDEZSA-N,COc1cc(C(=O)N2CC3CCC2[C@@H]3N)cc2nc(-c3cc4ccc(C5=CC(OC)C(=O)N=C5)nc4n3CC3CC3)n(C)c12,6.732828271596986,6.732828271596986,6.732828271596986,1,pubchem_confirmatory,1.0,593.688,44.0,fp_ic50,False,,none,False,False,False
FHNXXQPTBOXSLJ-YLBOGKAESA-N,COc1cc(C(=O)N2CC3CCC2[C@@H]3N)cc2nc(-c3cc4ccc(-c5ccc6c(c5)C(=O)NCC(=O)N6)nc4n3CC3CC3)n(C)c12,8.221848749616356,8.221848749616356,8.221848749616356,3,bindingdb|chembl|pubchem_confirmatory,0.3,644.736,48.0,enzymatic,False,,none,False,True,True
PVFMBEYUIIVURN-JWQCQUIFSA-N,COc1cc(C(=O)N2C[C@H](N)C[C@@H](F)C2)cc2nc(-c3cc4ccc(-c5ccc6ccc(=O)[nH]c6c5)nc4n3CC3CC3)n(C)c12,7.508638306165726,7.508638306165727,7.508638306165727,3,bindingdb|chembl|pubchem_confirmatory,0.3,619.701,46.0,enzymatic,False,,none,False,True,True
FXIUUSXQEXKKTJ-CLJLJLNGSA-N,COc1cc(C(=O)N2C[C@H](N)C[C@@H](F)C2)cc2nc(-c3cc4ccc(-c5ccc(CS(C)(=O)=O)cc5)nc4n3CC3CC3)n(C)c12,6.531652669587842,6.531652669587842,6.531652669587842,3,bindingdb|chembl|pubchem_confirmatory,0.3,644.773,46.0,enzymatic,False,,none,False,True,True
WPBMLGSUWMJDQE-NHCUHLMSSA-N,COc1cc(C(=O)N2C[C@H](N)C[C@@H](F)C2)cc2nc(-c3cc4ccc(-c5cc(=O)cc[nH]5)nc4n3CC3CC3)n(C)c12,6.872895201635192,6.872895201635192,6.872895201635192,3,bindingdb|chembl|pubchem_confirmatory,0.3,569.641,42.0,enzymatic,False,,none,False,True,True
NQFCDOZFNSWPLS-JWQCQUIFSA-N,COc1cc(C(=O)N2C[C@H](N)C[C@@H](F)C2)cc2nc(-c3cc4ccc(-c5ccc(NC(=O)C(C)(C)C)nc5)nc4n3CC3CC3)n(C)c12,6.9065783148377635,6.906578314837764,6.906578314837764,3,bindingdb|chembl|pubchem_confirmatory,0.3,652.775,48.0,enzymatic,False,,none,False,True,True
MGFHIAHKBALMCM-IPKCRJEZSA-N,COc1cc(C(=O)N2C[C@H](N)C[C@@H](F)C2)cc2nc(-c3cc4ccc(C5CCNC(=O)C5)nc4n3CC3CC3)n(C)c12,6.979293002462711,6.954677021213342,7.02852496496145,3,bindingdb|chembl|pubchem_confirmatory,0.3,573.673,42.0,enzymatic,False,,none,False,True,True
SAWXYPUCLBASOH-JWQCQUIFSA-N,COc1cc(C(=O)N2C[C@H](N)C[C@@H](F)C2)cc2nc(-c3cc4ccc(-c5ccc(NS(=O)(=O)C6CC6)cc5)nc4n3CC3CC3)n(C)c12,6.96657624451305,6.96657624451305,6.96657624451305,3,bindingdb|chembl|pubchem_confirmatory,0.3,671.799,48.0,enzymatic,False,,none,False,True,True
NJGOBXLGZXKBJB-WZVKSPBRSA-N,COc1cc(C(=O)N2CC3CCC2[C@@H]3N)cc2nc(-c3cc4ccc(-c5ccc(NC(=O)C(C)(C)C)cc5)nc4n3CC3CC3)n(C)c12,7.366531544420414,7.366531544420413,7.366531544420413,3,bindingdb|chembl|pubchem_confirmatory,0.3,645.808,48.0,enzymatic,False,,none,False,True,True
DJNAOTXWFYYJKD-XBPDSQQVSA-N,COc1cc(C(=O)N2CC3CCC2[C@@H]3N)cc2nc(-c3cc4ccc(-c5ccc(NC(=O)C(C)(C)C)nc5)nc4n3CC3CC3)n(C)c12,6.866461091629783,6.866461091629782,6.866461091629782,3,bindingdb|chembl|pubchem_confirmatory,0.3,646.796,48.0,enzymatic,False,,none,False,True,True
ZYOGXYZSWQWZHO-YOYKLLBYSA-N,COc1cc(C(=O)N2CC3CCC2[C@@H]3N)cc2nc(-c3cc4ccc(C5CCNC(=O)C5)nc4n3CC3CC3)n(C)c12,7.3979400086720375,7.3979400086720375,7.3979400086720375,1,pubchem_confirmatory,1.0,567.694,42.0,fp_ic50,False,,none,False,False,False
ZWVJYDPUZGTWAK-KFHGAJFOSA-N,COc1cc(C(=O)N2CC3CCC2[C@@H]3N)cc2nc(-c3cc4ccc(-c5ccc(NS(=O)(=O)C6CC6)cc5)nc4n3CC3CC3)n(C)c12,7.251811972993799,7.251811972993799,7.251811972993799,3,bindingdb|chembl|pubchem_confirmatory,0.3,665.82,48.0,enzymatic,False,,none,False,True,True
VJLNQIHLEFARKC-BYICHJTDSA-N,COc1cc(C(=O)N2CC3CCC2[C@@H]3N)cc2nc(-c3cc4ccc(-c5ccc6c[nH]c(=O)cc6c5)nc4n3CC3CC3)n(C)c12,6.96657624451305,6.96657624451305,6.96657624451305,3,bindingdb|chembl|pubchem_confirmatory,0.3,613.722,46.0,enzymatic,False,,none,False,True,True
VIQRLLGGZJIFRJ-QYHPCCJNSA-N,COc1cc(C(=O)N2CC3CCC2[C@@H]3N)cc2nc(-c3cc4ccc(-c5ccc(CS(C)(=O)=O)cc5)nc4n3CC3CC3)n(C)c12,7.2839966563652006,7.2839966563652006,7.2839966563652006,3,bindingdb|chembl|pubchem_confirmatory,0.3,638.794,46.0,enzymatic,False,,none,False,True,True
DCFSDKPJNXCTMP-FTNFKZBYSA-N,COc1cc(C(=O)N2CC3CCC2[C@@H]3N)cc2nc(-c3cc4ccc(-c5cc(=O)cc[nH]5)nc4n3CC3CC3)n(C)c12,6.815308569182402,6.815308569182401,6.815308569182401,3,bindingdb|chembl|pubchem_confirmatory,0.3,563.662,42.0,enzymatic,False,,none,False,True,True
JYXKMSCPNYFOMA-JOOITRFASA-N,COc1cc(C(=O)N2CC3CCC2[C@@H]3N)cc2nc(-c3cc4ccc(C5CCCC(=O)N5)nc4n3CC3CC3)n(C)c12,7.721246399047171,7.721246399047171,7.721246399047171,1,pubchem_confirmatory,1.0,567.694,42.0,fp_ic50,False,,none,False,False,False
LASXZQRYPSDUIW-DNQXCXABSA-N,COc1cc(C(=O)N2C[C@H](N)C[C@@H](F)C2)cc2nc(-c3cc4ccc(-c5ccc(O)c(F)c5)cc4n3CC3CC3)n(C)c12,6.756961951313706,6.756961951313706,6.756961951313706,3,bindingdb|chembl|pubchem_confirmatory,0.3,585.655,43.0,enzymatic,False,,none,False,True,True
BKWWWPHTGGYKSB-DHIUTWEWSA-N,COc1cc(C(=O)N2C[C@H](N)C[C@@H](F)C2)cc2nc(-c3cc4ccc(-c5cccc(O)c5F)cc4n3CC3CC3)n(C)c12,7.173925197299173,7.173925197299173,7.173925197299173,3,bindingdb|chembl|pubchem_confirmatory,0.3,585.655,43.0,enzymatic,False,,none,False,True,True
BMJREEPDTZFOAG-JWQCQUIFSA-N,COc1cc(-c2ccc3cc(-c4nc5cc(C(=O)N6C[C@H](N)C[C@@H](F)C6)cc(OC)c5n4C)n(CC4CC4)c3c2)ccc1O,5.8407336689065055,5.8407336689065055,5.8407336689065055,3,bindingdb|chembl|pubchem_confirmatory,0.3,597.691,44.0,enzymatic,False,,none,False,True,True
XRUQPAJAUXRFMR-FGZHOGPDSA-N,COc1cc(C(=O)N2C[C@H](N)C[C@@H](F)C2)cc2nc(-c3cc4ccc(-c5cc(F)c(O)cc5F)cc4n3CC3CC3)n(C)c12,7.119186407719209,7.119186407719209,7.119186407719209,3,bindingdb|chembl|pubchem_confirmatory,0.3,603.645,44.0,enzymatic,False,,none,False,True,True
HNOZNDSKJDORJI-VSGBNLITSA-N,COc1cc(C(=O)N2C[C@H](N)C[C@@H](F)C2)cc2nc(-c3cc4ccc(-c5ccc(C(=O)NCCO)cc5)cc4n3CC3CC3)n(C)c12,7.346787486224656,7.346787486224656,7.346787486224656,3,bindingdb|chembl|pubchem_confirmatory,0.3,638.744,47.0,enzymatic,False,,none,False,True,True
HFLKKYRGTKIGBC-CLJLJLNGSA-N,COc1cc(C(=O)N2C[C@H](N)C[C@@H](F)C2)cc2nc(-c3cc4ccc(-c5ccc(NC(C)=O)nc5)cc4n3CC3CC3)n(C)c12,7.443697499232712,7.443697499232712,7.443697499232712,3,bindingdb|chembl|pubchem_confirmatory,0.3,609.706,45.0,enzymatic,False,,none,False,True,True
OHKFEMALIFZMNY-CLJLJLNGSA-N,COc1cc(C(=O)N2C[C@H](N)C[C@@H](F)C2)cc2nc(-c3cc4ccc(-c5ccc6c(c5)CC(=O)N6)cc4n3CC3CC3)n(C)c12,7.200659450546418,7.200659450546418,7.200659450546418,3,bindingdb|chembl|pubchem_confirmatory,0.3,606.702,45.0,enzymatic,False,,none,False,True,True
ALCJCPLSVFCHDP-JWQCQUIFSA-N,COc1cc(C(=O)N2C[C@H](N)C[C@@H](F)C2)cc2nc(-c3cc4ccc(-c5cnc6c(c5)CC(=O)N6)cc4n3CC3CC3)n(C)c12,7.585026652029182,7.585026652029182,7.585026652029182,3,bindingdb|chembl|pubchem_confirmatory,0.3,607.69,45.0,enzymatic,False,,none,False,True,True
OYIIZVYGSOWGOQ-JWQCQUIFSA-N,COc1cc(C(=O)N2C[C@H](N)C[C@@H](F)C2)cc2nc(-c3cc4ccc(-c5ccn(C)c(=O)c5)cc4n3CC3CC3)n(C)c12,7.42021640338319,7.42021640338319,7.42021640338319,3,bindingdb|chembl|pubchem_confirmatory,0.3,582.68,43.0,enzymatic,False,,none,False,True,True
LDWQWHYIMRBJIR-DHIUTWEWSA-N,COc1cc(C(=O)N2C[C@H](N)C[C@@H](F)C2)cc2nc(-c3cc4ccc(-c5ccn(C)c(=O)c5)nc4n3CC3CC3)n(C)c12,6.844663962534938,6.844663962534938,6.844663962534938,3,bindingdb|chembl|pubchem_confirmatory,0.3,583.668,43.0,enzymatic,False,,none,False,True,True
PQYNKSMHDHSYSW-NHCUHLMSSA-N,COc1cc(C(=O)N2C[C@H](N)C[C@@H](F)C2)cc2nc(-c3cc4ccc(-c5cccc(O)c5Cl)nc4n3CC3CC3)n(C)c12,7.481486060122112,7.481486060122112,7.481486060122112,3,bindingdb|chembl|pubchem_confirmatory,0.3,603.098,43.0,enzymatic,False,,none,False,True,True
ZNTJJGHCSVMKGP-DHIUTWEWSA-N,COc1cc(C(=O)N2C[C@H](N)C[C@@H](F)C2)cc2nc(-c3cc4ccc(-c5cccc(O)c5C)nc4n3CC3CC3)n(C)c12,7.366531544420414,7.366531544420413,7.366531544420413,3,bindingdb|chembl|pubchem_confirmatory,0.3,582.68,43.0,enzymatic,False,,none,False,True,True
CHJICMVHLRAIPM-FGZHOGPDSA-N,COc1c(O)cccc1-c1ccc2cc(-c3nc4cc(C(=O)N5C[C@H](N)C[C@@H](F)C5)cc(OC)c4n3C)n(CC3CC3)c2n1,7.443697499232712,7.443697499232712,7.443697499232712,3,bindingdb|chembl|pubchem_confirmatory,0.3,598.679,44.0,enzymatic,False,,none,False,True,True
FISMKHXLVZKGTJ-DHIUTWEWSA-N,COc1cc(C(=O)N2C[C@H](N)C[C@@H](F)C2)cc2nc(-c3cc4ccc(-c5cn(C)c(=O)cc5C)nc4n3CC3CC3)n(C)c12,6.97469413473523,6.97469413473523,6.97469413473523,3,bindingdb|chembl|pubchem_confirmatory,0.3,597.695,44.0,enzymatic,False,,none,False,True,True
UXQVNBABGKYNBA-GOJCXORZSA-N,COc1cc(C(=O)N2CC3CCC2[C@@H]3N)cc2nc(-c3cc4ccc(-c5cccc(O)c5Cl)nc4n3CC3CC3)n(C)c12,7.3979400086720375,7.3979400086720375,7.3979400086720375,3,bindingdb|chembl|pubchem_confirmatory,0.3,597.119,43.0,enzymatic,False,,none,False,True,True
MBLHBANEWJXWLO-UCDZCMRKSA-N,COc1c(O)cccc1-c1ccc2cc(-c3nc4cc(C(=O)N5CC6CCC5[C@@H]6N)cc(OC)c4n3C)n(CC3CC3)c2n1,7.017728766960431,7.017728766960431,7.017728766960431,3,bindingdb|chembl|pubchem_confirmatory,0.3,592.7,44.0,enzymatic,False,,none,False,True,True
MFYRSVFWDPSRCY-BTDDGAACSA-N,COc1cc(C(=O)N2CC3CCC2[C@@H]3N)cc2nc(-c3cc4ccc(-c5cn(C)c(=O)cc5C)nc4n3CC3CC3)n(C)c12,7.318758762624412,7.318758762624412,7.318758762624412,3,bindingdb|chembl|pubchem_confirmatory,0.3,591.716,44.0,enzymatic,False,,none,False,True,True
DBHABVTZMAXESN-JAEXGXQOSA-N,COc1cc(C(=O)N2CC3CCC2[C@@H]3N)cc2nc(-c3cc4ccc(-c5cc(O)cc(O)c5)nc4n3CC3CC3)n(C)c12,7.267606240177031,7.267606240177031,7.267606240177031,3,bindingdb|chembl|pubchem_confirmatory,0.3,578.673,43.0,enzymatic,False,,none,False,True,True
NNNHKCDADIZYKY-KTSZEMBNSA-N,COc1cc(C(=O)N2CC3CCC2[C@@H]3N)cc2nc(-c3cc4ccc(-c5ccc(N6CCC(O)C6=O)c(C)n5)nc4n3CC3CC3)n(C)c12,6.96657624451305,6.96657624451305,6.96657624451305,3,bindingdb|chembl|pubchem_confirmatory,0.3,660.779,49.0,enzymatic,False,,none,False,True,True
WQRBJXYUCYBNHD-FGZHOGPDSA-N,COc1cc(C(=O)N2C[C@H](N)C[C@@H](F)C2)cc2nc(-c3cc4ccc(-c5cc(O)cc(O)c5)nc4n3CC3CC3)n(C)c12,6.761953896871205,6.761953896871205,6.761953896871205,3,bindingdb|chembl|pubchem_confirmatory,0.3,584.652,43.0,enzymatic,False,,none,False,True,True
MLLUJUSUMJUMDG-JGTWLXFQSA-N,COc1cc(C(=O)N2C[C@H](N)C[C@@H](F)C2)cc2nc(-c3cc4ccc(-c5ccc(N6CCC(O)C6=O)c(C)n5)nc4n3CC3CC3)n(C)c12,6.756961951313706,6.756961951313706,6.756961951313706,3,bindingdb|chembl|pubchem_confirmatory,0.3,666.758,49.0,enzymatic,False,,none,False,True,True
OYJOSPJHXCOGPM-JWQCQUIFSA-N,COc1cc(C(=O)N2C[C@H](N)C[C@@H](F)C2)cc2nc(-c3cc4ccc(-c5cnc6c(c5)OCCN6)cc4n3CC3CC3)n(C)c12,7.494850021680094,7.494850021680094,7.494850021680094,3,bindingdb|chembl|pubchem_confirmatory,0.3,609.706,45.0,enzymatic,False,,none,False,True,True
MYYFPSFVKQLAGZ-DNQXCXABSA-N,COc1cc(C(=O)N2C[C@H](N)C[C@@H](F)C2)cc2nc(-c3cc4ccc(-c5cnc6c(c5)C(=O)NC6)cc4n3CC3CC3)n(C)c12,7.721246399047171,7.721246399047171,7.721246399047171,3,bindingdb|chembl|pubchem_confirmatory,0.3,607.69,45.0,enzymatic,False,,none,False,True,True
ASMUWTVISKPBSG-HJVWBQANSA-N,COc1cc(C(=O)N2C[C@H](N)C[C@@H](F)C2)cc2nc(-c3cc4ccc(C5=CC6=NC(=O)NC6N=C5)cc4n3CC3CC3)n(C)c12,7.443697499232712,7.443697499232712,7.443697499232712,1,pubchem_confirmatory,1.0,608.678,45.0,fp_ic50,False,,none,False,False,False
JIXAGVOMKQAIOE-VSGBNLITSA-N,COc1cc(C(=O)N2C[C@H](N)C[C@@H](F)C2)cc2nc(-c3cc4ccc(-c5ccc6c(ccc[n+]6[O-])c5)cc4n3CC3CC3)n(C)c12,7.167491087293764,7.167491087293763,7.167491087293763,3,bindingdb|chembl|pubchem_confirmatory,0.3,618.713,46.0,enzymatic,False,,none,False,True,True
XZUBXRJXXMTVOM-CLJLJLNGSA-N,COc1cc(C(=O)N2C[C@H](N)C[C@@H](F)C2)cc2nc(-c3cc4ccc(-c5cnc6c(c5)CCC(=O)N6)cc4n3CC3CC3)n(C)c12,7.221848749616356,7.221848749616356,7.221848749616356,3,bindingdb|chembl|pubchem_confirmatory,0.3,621.717,46.0,enzymatic,False,,none,False,True,True
AKIDFONGUUMHLD-FQLXRVMXSA-N,COc1cc(C(=O)N2C[C@H](N)C[C@@H](F)C2)cc2nc(-c3cc4ccc(-c5ccc6cc[n+]([O-])cc6c5)cc4n3CC3CC3)n(C)c12,7.017728766960431,7.017728766960431,7.017728766960431,3,bindingdb|chembl|pubchem_confirmatory,0.3,618.713,46.0,enzymatic,False,,none,False,True,True
DEVCRYZPKUAHJL-JWQCQUIFSA-N,COc1cc(C(=O)N2C[C@H](N)C[C@@H](F)C2)cc2nc(-c3cc4ccc(-c5ccc6[nH]ncc(=O)c6c5)cc4n3CC3CC3)n(C)c12,7.292429823902064,7.292429823902063,7.292429823902063,3,bindingdb|chembl|pubchem_confirmatory,0.3,619.701,46.0,enzymatic,False,,none,False,True,True
JMBVKHUVUHLPFB-JWQCQUIFSA-N,COc1cc(C(=O)N2C[C@H](N)C[C@@H](F)C2)cc2nc(-c3cc4ccc(-c5ccc6[nH]cc(C(=O)O)c(=O)c6c5)cc4n3CC3CC3)n(C)c12,6.987162775294828,6.987162775294828,6.987162775294828,3,bindingdb|chembl|pubchem_confirmatory,0.3,662.722,49.0,enzymatic,False,,none,False,True,True
DENPNELCYMMLJC-KAYWLYCHSA-N,COc1cc(C(=O)N2C[C@H](N)C[C@@H](F)C2)cc2nc(-c3cc4ccc(-c5ccc6[nH]c(=O)ccc6c5)cc4n3CC3CC3)n(C)c12,7.337242168318426,7.337242168318426,7.337242168318426,3,bindingdb|chembl|pubchem_confirmatory,0.3,618.713,46.0,enzymatic,False,,none,False,True,True
JNFRHGUECOKDGS-DNQXCXABSA-N,COc1cc(C(=O)N2C[C@H](N)C[C@@H](F)C2)cc2nc(-c3cc4ccc(-c5cnc6c(c5)OCC(=O)N6)cc4n3CC3CC3)n(C)c12,7.795880017344075,7.795880017344075,7.795880017344075,3,bindingdb|chembl|pubchem_confirmatory,0.3,623.689,46.0,enzymatic,False,,none,False,True,True
IFBDXKZWEIUIKL-DNQXCXABSA-N,COc1cc(C(=O)N2C[C@H](N)C[C@@H](F)C2)cc2nc(-c3cc4ccc(C5CCN(S(C)(=O)=O)CC5)nc4n3CC3CC3)n(C)c12,7.1487416512809245,7.1487416512809245,7.1487416512809245,3,bindingdb|chembl|pubchem_confirmatory,0.3,637.782,45.0,enzymatic,False,,none,False,True,True
PKQFWQPYHIYJKU-JWQCQUIFSA-N,COc1cc(C(=O)N2C[C@H](N)C[C@@H](F)C2)cc2nc(-c3cc4ccc(-c5ccc6c(c5)C(=O)NCC(=O)N6)cc4n3CC3CC3)n(C)c12,7.638272163982407,7.638272163982407,7.638272163982407,3,bindingdb|chembl|pubchem_confirmatory,0.3,649.727,48.0,enzymatic,False,,none,False,True,True
AGJWTUGFXIJYLZ-DNQXCXABSA-N,COc1cc(C(=O)N2C[C@H](N)C[C@@H](F)C2)cc2nc(-c3cc4ccc(-c5ccc(C(N)=O)c(O)c5)cc4n3CC3CC3)n(C)c12,7.142667503568731,7.142667503568731,7.142667503568731,3,bindingdb|chembl|pubchem_confirmatory,0.3,610.69,45.0,enzymatic,False,,none,False,True,True
BDSDPYNERZDZSG-JWQCQUIFSA-N,COc1cc(C(=O)N2C[C@H](N)C[C@@H](F)C2)cc2nc(-c3cc4ccc(-c5ccc(S(C)(=O)=O)nc5)cc4n3CC3CC3)n(C)c12,7.050609993355086,7.050609993355087,7.050609993355087,3,bindingdb|chembl|pubchem_confirmatory,0.3,630.746,45.0,enzymatic,False,,none,False,True,True
DRNXKAMUBCOJAZ-FGZHOGPDSA-N,COc1cc(C(=O)N2C[C@H](N)C[C@@H](F)C2)cc2nc(-c3cc4ccc(-c5cc(S(N)(=O)=O)c(F)cc5F)cc4n3CC3CC3)n(C)c12,7.080921907623927,7.080921907623926,7.080921907623926,3,bindingdb|chembl|pubchem_confirmatory,0.3,666.726,47.0,enzymatic,False,,none,False,True,True
GNHMSOGPLIZBDG-DNQXCXABSA-N,COc1cc(C(=O)N2C[C@H](N)C[C@@H](F)C2)cc2nc(-c3cc4ccc(-c5cc(F)c6[nH]cc(C(=O)O)c(=O)c6c5)cc4n3CC3CC3)n(C)c12,6.7447274948966935,6.7447274948966935,6.7447274948966935,3,bindingdb|chembl|pubchem_confirmatory,0.3,680.712,50.0,enzymatic,False,,none,False,True,True
UDOSJPHUOVJEJF-MXNGKVSJSA-N,COc1cc(C(=O)N2C[C@H](N)C[C@@H](F)C2)cc2nc(-c3cc4ccc(C5C=CC(=O)N=C5)cc4n3CC3CC3)n(C)c12,6.928117992693874,6.928117992693874,6.928117992693874,1,pubchem_confirmatory,1.0,568.653,42.0,fp_ic50,False,,none,False,False,False
FQYLXJQHLUNBOB-CLJLJLNGSA-N,COc1cc(C(=O)N2C[C@H](N)C[C@@H](F)C2)cc2nc(-c3cc4ccc(-c5ccc(NS(C)(=O)=O)cc5)cc4n3CC3CC3)n(C)c12,6.954677021213342,6.954677021213342,6.954677021213342,3,bindingdb|chembl|pubchem_confirmatory,0.3,644.773,46.0,enzymatic,False,,none,False,True,True
DQBSYMXCAGDDDC-CLJLJLNGSA-N,COc1cc(C(=O)N2C[C@H](N)C[C@@H](F)C2)cc2nc(-c3cc4ccc(-c5ccc(C(=O)N(C)C)nc5)cc4n3CC3CC3)n(C)c12,7.055517327849831,7.055517327849831,7.055517327849831,3,bindingdb|chembl|pubchem_confirmatory,0.3,623.733,46.0,enzymatic,False,,none,False,True,True
GNJZJLYNPMYHIM-JWQCQUIFSA-N,CNC(=O)c1ccc(-c2ccc3cc(-c4nc5cc(C(=O)N6C[C@H](N)C[C@@H](F)C6)cc(OC)c5n4C)n(CC4CC4)c3c2)cn1,7.494850021680094,7.494850021680094,7.494850021680094,3,bindingdb|chembl|pubchem_confirmatory,0.3,609.706,45.0,enzymatic,False,,none,False,True,True
UTFLQLDLLGUJTE-GNTVVGMTSA-N,COc1cc(C(=O)N2CC3CCC2[C@@H]3N)cc2nc(-c3cc4ccc(-c5cncc(C#N)c5)nc4n3CC3CC3)n(C)c12,7.096910013008056,7.096910013008056,7.096910013008056,3,bindingdb|chembl|pubchem_confirmatory,0.3,572.673,43.0,enzymatic,False,,none,False,True,True
WNYWXQYMYPWCOV-GNTVVGMTSA-N,COc1cc(C(=O)N2CC3CCC2[C@@H]3N)cc2nc(-c3cc4ccc(-c5ccnc(C#N)c5)nc4n3CC3CC3)n(C)c12,7.107905397309519,7.107905397309519,7.107905397309519,3,bindingdb|chembl|pubchem_confirmatory,0.3,572.673,43.0,enzymatic,False,,none,False,True,True
CHUWHHRBRPOTSC-ZVHXTAQDSA-N,COc1cc(C(=O)N2CC3CCC2[C@@H]3N)cc2nc(-c3cc4ccc(-c5ccc(S(=O)(=O)N6CCOCC6)cc5)nc4n3CC3CC3)n(C)c12,6.8297382846050425,6.8297382846050425,6.8297382846050425,3,bindingdb|chembl|pubchem_confirmatory,0.3,695.846,50.0,enzymatic,False,,none,False,True,True
RFKRLNGDVXOCBS-CLJLJLNGSA-N,COc1cc(C(=O)N2C[C@H](N)C[C@@H](F)C2)cc2nc(-c3cc4ccc(-c5cc(C#N)cc(CO)c5)nc4n3CC3CC3)n(C)c12,6.950781977329818,6.950781977329818,6.950781977329818,3,bindingdb|chembl|pubchem_confirmatory,0.3,607.69,45.0,enzymatic,False,,none,False,True,True
CVQCUYNZVYNGMV-DHIUTWEWSA-N,COc1cc(NS(C)(=O)=O)ccc1-c1ccc2cc(-c3nc4cc(C(=O)N5C[C@H](N)C[C@@H](F)C5)cc(OC)c4n3C)n(CC3CC3)c2n1,7.0655015487564325,7.0655015487564325,7.0655015487564325,3,bindingdb|chembl|pubchem_confirmatory,0.3,675.787,48.0,enzymatic,False,,none,False,True,True
UHKKEMITSMSUDM-HJXGAIAJSA-N,COc1cc(C(=O)N2CC3CCC2[C@@H]3N)cc2nc(-c3cc4ccc(-c5cc(F)c6[nH]cc(C(=O)O)c(=O)c6c5)nc4n3CC3CC3)n(C)c12,6.939302159646388,6.939302159646388,6.939302159646388,3,bindingdb|chembl|pubchem_confirmatory,0.3,675.721,50.0,enzymatic,False,,none,False,True,True
DNIQCPAJYUZVDT-SGAJGPLNSA-N,COc1cc(C(=O)N2CC3CCC2[C@@H]3N)cc2nc(-c3cc4ccc(-c5cc(C#N)cc(CO)c5)nc4n3CC3CC3)n(C)c12,7.431798275933005,7.431798275933005,7.431798275933005,3,bindingdb|chembl|pubchem_confirmatory,0.3,601.711,45.0,enzymatic,False,,none,False,True,True
FESZYASDPJHKRE-YLBOGKAESA-N,COc1cc(NS(C)(=O)=O)ccc1-c1ccc2cc(-c3nc4cc(C(=O)N5CC6CCC5[C@@H]6N)cc(OC)c4n3C)n(CC3CC3)c2n1,7.1938200260161125,7.1938200260161125,7.1938200260161125,3,bindingdb|chembl|pubchem_confirmatory,0.3,669.808,48.0,enzymatic,False,,none,False,True,True
HFKCEISQPHXXGE-JWQCQUIFSA-N,COc1cc(C(=O)N2C[C@H](N)C[C@@H](F)C2)cc2nc(-c3cc4ccc(N5CCc6cc(F)ccc6C5=O)nc4n3CC3CC3)n(C)c12,6.978810700930062,6.978810700930062,6.978810700930062,3,bindingdb|chembl|pubchem_confirmatory,0.3,639.707,47.0,enzymatic,False,,none,False,True,True
QJACNYBWFSVYLP-DHIUTWEWSA-N,Cn1c(-c2cc3ccc(-c4ccc5[nH]c(=O)[nH]c(=O)c5c4)cc3n2CC2CC2)nc2cc(C(=O)N3C[C@H](N)C[C@@H](F)C3)cc(F)c21,5.6118987984294835,5.6118987984294835,5.6118987984294835,3,bindingdb|chembl|pubchem_confirmatory,0.3,623.664,46.0,enzymatic,False,,none,False,True,True
PYOWCONUPBTAEK-JWQCQUIFSA-N,Cn1c(-c2cc3ccc(-c4ccc5c(c4)C(=O)NC5)cc3n2CC2CC2)nc2cc(C(=O)N3C[C@H](N)C[C@@H](F)C3)cc(F)c21,6.943095148663527,6.943095148663527,6.943095148663527,3,bindingdb|chembl|pubchem_confirmatory,0.3,594.666,44.0,enzymatic,False,,none,False,True,True
OXRJSDDSQZFOCV-LYLGLVRWSA-N,COC(=O)c1cc(NC(=O)C2CC2)ncc1-c1ccc2cc(-c3nc4cc(C(=O)N5CC6CCC5[C@@H]6N)cc(OC)c4n3C)n(CC3CC3)c2n1,6.931814138253838,6.931814138253838,6.931814138253838,3,bindingdb|chembl|pubchem_confirmatory,0.3,688.789,51.0,enzymatic,False,,none,False,True,True
CBSKLHKLXNHDIM-NYESITDKSA-N,COc1cc(C(=O)N2CC3CCC2[C@@H]3N)cc2nc(-c3cc4ccc(-c5cnc(NC(C)=O)cc5Cl)nc4n3CC3CC3)n(C)c12,7.119186407719209,7.119186407719209,7.119186407719209,3,bindingdb|chembl|pubchem_confirmatory,0.3,639.16,46.0,enzymatic,False,,none,False,True,True
RIESGSXHVLMSKE-GNTVVGMTSA-N,COc1cc(C(=O)N2CC3CCC2[C@@H]3N)cc2nc(-c3cc4ccc(-c5cc(CO)ccn5)nc4n3CC3CC3)n(C)c12,6.7258421507363195,6.7258421507363195,6.7258421507363195,3,bindingdb|chembl|pubchem_confirmatory,0.3,577.689,43.0,enzymatic,False,,none,False,True,True
JBQKCEYFLINFOF-GNTVVGMTSA-N,COc1cc(C(=O)N2CC3CCC2[C@@H]3N)cc2nc(-c3cc4ccc(-c5ccc(CO)cn5)nc4n3CC3CC3)n(C)c12,7.080921907623927,7.080921907623926,7.080921907623926,3,bindingdb|chembl|pubchem_confirmatory,0.3,577.689,43.0,enzymatic,False,,none,False,True,True
CJSMLKNTXULGDU-QMCAYLGFSA-N,COc1cc(C(=O)N2CC3CCC2[C@@H]3N)cc2nc(-c3cc4ccc(-c5ccc6nnnn6c5)nc4n3CC3CC3)n(C)c12,7.036212172654444,7.036212172654444,7.036212172654444,3,bindingdb|chembl|pubchem_confirmatory,0.3,588.676,44.0,enzymatic,False,,none,False,True,True
CYWHKEGPOSUKDA-DNQXCXABSA-N,COC(=O)c1cc(NC(=O)C2CC2)ncc1-c1ccc2cc(-c3nc4cc(C(=O)N5C[C@H](N)C[C@@H](F)C5)cc(OC)c4n3C)n(CC3CC3)c2n1,6.798602875679549,6.798602875679549,6.798602875679549,3,bindingdb|chembl|pubchem_confirmatory,0.3,694.768,51.0,enzymatic,False,,none,False,True,True
GGJHTZSDTYMQAL-FGZHOGPDSA-N,COc1cc(C(=O)N2C[C@H](N)C[C@@H](F)C2)cc2nc(-c3cc4ccc(-c5cnc(NC(C)=O)cc5Cl)nc4n3CC3CC3)n(C)c12,6.7258421507363195,6.7258421507363195,6.7258421507363195,3,bindingdb|chembl|pubchem_confirmatory,0.3,645.139,46.0,enzymatic,False,,none,False,True,True
RZKNWRGWCWNSND-DHIUTWEWSA-N,COc1cc(C(=O)N2C[C@H](N)C[C@@H](F)C2)cc2nc(-c3cc4ccc(-c5cc(F)cc(CO)c5F)nc4n3CC3CC3)n(C)c12,6.344861565188618,6.3448615651886175,6.3448615651886175,3,bindingdb|chembl|pubchem_confirmatory,0.3,618.66,45.0,enzymatic,False,,none,False,True,True
VUCPXXXQGPYEMT-FGZHOGPDSA-N,COc1cc(C(=O)N2C[C@H](N)C[C@@H](F)C2)cc2nc(-c3cc4ccc(-c5ccc6nnnn6c5)nc4n3CC3CC3)n(C)c12,6.962573502059375,6.962573502059376,6.962573502059376,3,bindingdb|chembl|pubchem_confirmatory,0.3,594.655,44.0,enzymatic,False,,none,False,True,True
FBGBBVCEVBMNTI-GNTVVGMTSA-N,COc1nccc(-c2ccc3cc(-c4nc5cc(C(=O)N6CC7CCC6[C@@H]7N)cc(OC)c5n4C)n(CC4CC4)c3n2)c1C,6.920818753952375,6.920818753952375,6.920818753952375,3,bindingdb|chembl|pubchem_confirmatory,0.3,591.716,44.0,enzymatic,False,,none,False,True,True
SNJFYFRVLRTRRO-XKHRETHESA-N,COc1cc(C(=O)N2CC3CCC2[C@@H]3N)cc2nc(-c3cc4ccc(-c5c(C)ccc(O)c5C)nc4n3CC3CC3)n(C)c12,6.978810700930062,6.978810700930062,6.978810700930062,3,bindingdb|chembl|pubchem_confirmatory,0.3,590.728,44.0,enzymatic,False,,none,False,True,True
VFJVXDGPJRPCSG-CRLCSLCLSA-N,COc1cc(C(=O)N2CC3CCC2[C@@H]3N)cc2nc(-c3cc4ccc(-c5cccc(NC(N)=O)c5C)nc4n3CC3CC3)n(C)c12,7.301029995663981,7.301029995663981,7.301029995663981,3,bindingdb|chembl|pubchem_confirmatory,0.3,618.742,46.0,enzymatic,False,,none,False,True,True
ORCGIDMDFXUQOB-UCDZCMRKSA-N,COc1cc(C(=O)N2CC3CCC2[C@@H]3N)cc2nc(-c3cc4ccc(-c5cnc(NC(C)=O)c(O)c5)nc4n3CC3CC3)n(C)c12,7.301029995663981,7.301029995663981,7.301029995663981,3,bindingdb|chembl|pubchem_confirmatory,0.3,620.714,46.0,enzymatic,False,,none,False,True,True
LFMNOEPORGXPLT-CRLCSLCLSA-N,COc1cc(C(=O)N2CC3CCC2[C@@H]3N)cc2nc(-c3cc4ccc(-c5cnc(NC(C)=O)c(CO)c5)nc4n3CC3CC3)n(C)c12,6.860120913598763,6.860120913598763,6.860120913598763,3,bindingdb|chembl|pubchem_confirmatory,0.3,634.741,47.0,enzymatic,False,,none,False,True,True
XMZMXPGLYRBAJY-DHIUTWEWSA-N,COc1nccc(-c2ccc3cc(-c4nc5cc(C(=O)N6C[C@H](N)C[C@@H](F)C6)cc(OC)c5n4C)n(CC4CC4)c3n2)c1C,6.552841968657781,6.552841968657781,6.552841968657781,3,bindingdb|chembl|pubchem_confirmatory,0.3,597.695,44.0,enzymatic,False,,none,False,True,True
SMKGXZXHXWRPIW-DNQXCXABSA-N,COc1cc(C(=O)N2C[C@H](N)C[C@@H](F)C2)cc2nc(-c3cc4ccc(-c5c(C)ccc(O)c5C)nc4n3CC3CC3)n(C)c12,6.995678626217358,6.995678626217357,6.995678626217357,3,bindingdb|chembl|pubchem_confirmatory,0.3,596.707,44.0,enzymatic,False,,none,False,True,True
HTYCUXBOTIAFLM-DHIUTWEWSA-N,COc1cc(C(=O)N2C[C@H](N)C[C@@H](F)C2)cc2nc(-c3cc4ccc(-c5cccc(NC(N)=O)c5C)nc4n3CC3CC3)n(C)c12,7.1938200260161125,7.1938200260161125,7.1938200260161125,3,bindingdb|chembl|pubchem_confirmatory,0.3,624.721,46.0,enzymatic,False,,none,False,True,True
ALNXDRMKRMQAEY-NYESITDKSA-N,COc1cc(C(=O)N2CC3CCC2[C@@H]3N)cc2nc(-c3cc4ccc(-n5cc6cc(O)ccc6n5)nc4n3CC3CC3)n(C)c12,7.045757490560675,7.045757490560675,7.045757490560675,3,bindingdb|chembl|pubchem_confirmatory,0.3,602.699,45.0,enzymatic,False,,none,False,True,True
XFHAKEMVOHEDCX-NYESITDKSA-N,COc1cc(C(=O)N2CC3CCC2[C@@H]3N)cc2nc(-c3cc4ccc(-c5cc(Cl)cc(O)c5C)nc4n3CC3CC3)n(C)c12,6.374687549038325,6.374687549038326,6.374687549038326,3,bindingdb|chembl|pubchem_confirmatory,0.3,611.146,44.0,enzymatic,False,,none,False,True,True
ONWLIMZAQDGIJZ-CTENDNCJSA-N,COc1cc(C(=O)N2CC3CCC2[C@@H]3N)cc2nc(-c3cc4ccc(C5=CC(C#N)C(=O)N=C5)nc4n3CC3CC3)n(C)c12,7.0915149811213505,7.0915149811213505,7.0915149811213505,1,pubchem_confirmatory,1.0,588.672,44.0,fp_ic50,False,,none,False,False,False
PZGIHAFGNYOKPI-QMCAYLGFSA-N,COc1cc(C(=O)N2CC3CCC2[C@@H]3N)cc2nc(-c3cc4ccc(-c5ccn6nnnc6c5)nc4n3CC3CC3)n(C)c12,7.207608310501745,7.207608310501746,7.207608310501746,3,bindingdb|chembl|pubchem_confirmatory,0.3,588.676,44.0,enzymatic,False,,none,False,True,True
CGUARUGFYOUHGC-DHIUTWEWSA-N,COc1cc(C(=O)N2C[C@H](N)C[C@@H](F)C2)cc2nc(-c3cc4ccc(-c5cc(Cl)cc(O)c5C)nc4n3CC3CC3)n(C)c12,6.565431095965802,6.565431095965801,6.565431095965801,3,bindingdb|chembl|pubchem_confirmatory,0.3,617.125,44.0,enzymatic,False,,none,False,True,True
QHYUJOLHYZEIHB-FGZHOGPDSA-N,COc1cc(C(=O)N2C[C@H](N)C[C@@H](F)C2)cc2nc(-c3cc4ccc(-c5ccn6nnnc6c5)nc4n3CC3CC3)n(C)c12,6.970616222314791,6.97061622231479,6.97061622231479,3,bindingdb|chembl|pubchem_confirmatory,0.3,594.655,44.0,enzymatic,False,,none,False,True,True
IUBSTKMPFBBMKJ-JLFBUSBMSA-N,COc1cc(C(=O)N2CC3C[C@H](O)C2[C@@H]3N)cc2nc(-c3cc4ccc(-c5ccc6c(c5)CC(=O)N6)nc4n3CC3CC3)n(C)c12,6.123205023799298,6.123205023799299,6.123205023799299,3,bindingdb|chembl|pubchem_confirmatory,0.3,617.71,46.0,enzymatic,False,,none,False,True,True
JPIJBZJIODTWRQ-VMFKXFQHSA-N,COc1cc(C(=O)N2CC3CCC2[C@@H]3N)cc2nc(-c3cc4ccc(-c5c(F)ccc(O)c5Cl)nc4n3CC3CC3)n(C)c12,7.031517051446065,7.031517051446065,7.031517051446065,3,bindingdb|chembl|pubchem_confirmatory,0.3,615.109,44.0,enzymatic,False,,none,False,True,True
SAUWYXZOELIPFN-WOJBJXKFSA-N,COc1cc(C(=O)N2C[C@H](N)C[C@@H](F)C2)cc2nc(-c3cc4ccc(-c5c(F)ccc(O)c5Cl)nc4n3CC3CC3)n(C)c12,7.42021640338319,7.42021640338319,7.42021640338319,3,bindingdb|chembl|pubchem_confirmatory,0.3,621.088,44.0,enzymatic,False,,none,False,True,True
UNGGIOPQTRSUQD-WHJRKYDLSA-N,COc1cc(C(=O)N2CC3CCC2[C@@H]3N)cc2nc(-c3cc4ccc(N5CC(O)C5)nc4n3CC3CC3)n(C)c12,6.405607449624573,6.405607449624574,6.405607449624574,3,bindingdb|chembl|pubchem_confirmatory,0.3,541.656,40.0,enzymatic,False,,none,False,True,True
TZPOJNFWYXCCQI-YYOKSTDFSA-N,COc1cc(C(=O)N2CC3CCC2[C@@H]3N)cc2nc(-c3cc4ccc(N5CCC6(CC5)CC(=O)N6)nc4n3CC3CC3)n(C)c12,7.221848749616356,7.221848749616356,7.221848749616356,3,bindingdb|chembl|pubchem_confirmatory,0.3,608.747,45.0,enzymatic,False,,none,False,True,True
DYXJONFPYHVUNN-QYHPCCJNSA-N,COc1cc(C(=O)N2CC3CCC2[C@@H]3N)cc2nc(-c3cc4ccc(-c5ccc(CCO)cc5)nc4n3CC3CC3)n(C)c12,6.318758762624412,6.318758762624412,6.318758762624412,3,bindingdb|chembl|pubchem_confirmatory,0.3,590.728,44.0,enzymatic,False,,none,False,True,True
ADHFBWGDPOELQN-QZPZUKOXSA-N,COc1nccc(-c2ccc3cc(-c4nc5cc(C(=O)N6CC7CCC6[C@@H]7N)cc(OC)c5n4C)n(CC4CC4)c3n2)c1OC,6.351639989019067,6.351639989019068,6.351639989019068,3,bindingdb|chembl|pubchem_confirmatory,0.3,607.715,45.0,enzymatic,False,,none,False,True,True
HRDGARHVZUIHFB-BTDDGAACSA-N,COc1cc(C(=O)N2CC3CCC2[C@@H]3N)cc2nc(-c3cc4ccc(-c5ccc(S(C)(=O)=O)c(F)c5)nc4n3CC3CC3)n(C)c12,6.809668301829707,6.809668301829708,6.809668301829708,3,bindingdb|chembl|pubchem_confirmatory,0.3,642.757,46.0,enzymatic,False,,none,False,True,True
KVEMOPLHMDROIZ-KNFYQODVSA-N,COc1cc(C(=O)N2CC3CCC2[C@@H]3N)cc2nc(-c3cc4ccc(N5CCC6(CC5)CNC6=O)nc4n3CC3CC3)n(C)c12,6.785156151952303,6.785156151952302,6.785156151952302,3,bindingdb|chembl|pubchem_confirmatory,0.3,608.747,45.0,enzymatic,False,,none,False,True,True
UWMNFZVHPHDLON-JWJBQAENSA-N,COc1cc(C(=O)N2CC3CCC2[C@@H]3N)cc2nc(-c3cc4ccc(N5CC(N6CCS(=O)(=O)CC6)C5)nc4n3CC3CC3)n(C)c12,5.449649327698385,5.449649327698385,5.449649327698385,3,bindingdb|chembl|pubchem_confirmatory,0.3,658.829,47.0,enzymatic,False,,none,False,True,True
YVKXPOZVAXXMGZ-RDMIVRQXSA-N,COc1cc(C(=O)N2CC3CCC2[C@@H]3N)cc2nc(-c3cc4ccc(N5CC(OC)C5)nc4n3CC3CC3)n(C)c12,6.189095719331299,6.189095719331299,6.189095719331299,3,bindingdb|chembl|pubchem_confirmatory,0.3,555.683,41.0,enzymatic,False,,none,False,True,True
NXVQXGRCWLLKQM-LTFVAXTNSA-N,COc1cc(C(=O)N2CC3CCC2[C@@H]3N)cc2nc(-c3cc4ccc(N5CC6(COC6)C5)nc4n3CC3CC3)n(C)c12,6.617982957425132,6.617982957425132,6.617982957425132,3,bindingdb|chembl|pubchem_confirmatory,0.3,567.694,42.0,enzymatic,False,,none,False,True,True
RQPNXJNJROWZOK-CNBRWIIDSA-N,COc1cc(C(=O)N2CC3CCC2[C@@H]3N)cc2nc(-c3cc4ccc(-c5ccc6nc(O)cc(=O)n6c5)nc4n3CC3CC3)n(C)c12,6.735182176990463,6.735182176990463,6.735182176990463,3,bindingdb|chembl|pubchem_confirmatory,0.3,630.709,47.0,enzymatic,False,,none,False,True,True
GGJKTYYRYOQRKE-NYESITDKSA-N,COc1cc(C(=O)N2CC3CCC2[C@@H]3N)cc2nc(-c3cc4ccc(-c5cccc6c5OCC(=O)N6)nc4n3CC3CC3)n(C)c12,7.221848749616356,7.221848749616356,7.221848749616356,3,bindingdb|chembl|pubchem_confirmatory,0.3,617.71,46.0,enzymatic,False,,none,False,True,True
QYNNLAUUFCNKAT-KNFYQODVSA-N,COc1cc(C(=O)N2CC3CCC2[C@@H]3N)cc2nc(-c3cc4ccc(N5CCC6(CC5)CNC(=O)O6)nc4n3CC3CC3)n(C)c12,6.987162775294828,6.987162775294828,6.987162775294828,3,bindingdb|chembl|pubchem_confirmatory,0.3,624.746,46.0,enzymatic,False,,none,False,True,True
BWNBSTHHJNXNLX-WMXNZVEGSA-N,COc1cc(C(=O)N2CC3CCC2[C@@H]3N)cc2nc(-c3cc4ccc(N5CCC(C(=O)NCCO)CC5)nc4n3CC3CC3)n(C)c12,6.8794260687941495,6.8794260687941495,6.8794260687941495,3,bindingdb|chembl|pubchem_confirmatory,0.3,640.789,47.0,enzymatic,False,,none,False,True,True
RCTUSKCNKLAWJY-CXBZOWBPSA-N,COc1cc(C(=O)N2CC3CCC2[C@@H]3N)cc2nc(-c3cc4ccc(N5CCC(S(C)(=O)=O)CC5)nc4n3CC3CC3)n(C)c12,6.164309428507575,6.164309428507575,6.164309428507575,3,bindingdb|chembl|pubchem_confirmatory,0.3,631.803,45.0,enzymatic,False,,none,False,True,True
RNXSEEPITUAABJ-CXBZOWBPSA-N,COc1cc(C(=O)N2CC3CCC2[C@@H]3N)cc2nc(-c3cc4ccc(-c5ccc6ncnn6c5)nc4n3CC3CC3)n(C)c12,7.619788758288394,7.619788758288394,7.619788758288394,3,bindingdb|chembl|pubchem_confirmatory,0.3,587.688,44.0,enzymatic,False,,none,False,True,True
SYOGIMMZFBWIKH-IKXBFRDRSA-N,COc1cc(C(=O)N2CC3CCC2[C@@H]3N)cc2nc(-c3cc4ccc(N5CCC(N6CCCC6=O)CC5)nc4n3CC3CC3)n(C)c12,6.185752404268079,6.185752404268079,6.185752404268079,3,bindingdb|chembl|pubchem_confirmatory,0.3,636.801,47.0,enzymatic,False,,none,False,True,True
IUNWYIOFTGIVGX-JWQCQUIFSA-N,COCC(=O)Nc1ccc(-c2ccc3cc(-c4nc5cc(C(=O)N6C[C@H](N)C[C@@H](F)C6)cc(OC)c5n4C)n(CC4CC4)c3n2)cc1,5.8099485822407955,5.809948582240795,5.809948582240795,3,bindingdb|chembl|pubchem_confirmatory,0.3,639.732,47.0,enzymatic,False,,none,False,True,True
JPLPPBQBZHFMMU-BYICHJTDSA-N,COCC(=O)Nc1ccc(-c2ccc3cc(-c4nc5cc(C(=O)N6CC7CCC6[C@@H]7N)cc(OC)c5n4C)n(CC4CC4)c3n2)cc1,6.025488307262672,6.0254883072626715,6.0254883072626715,3,bindingdb|chembl|pubchem_confirmatory,0.3,633.753,47.0,enzymatic,False,,none,False,True,True
CZZPLLODQRSVPF-MXSVSAQUSA-N,COc1cc(C(=O)N2CC3CCC2[C@@H]3N)cc2nc(-c3cc4ccc(-c5cccc6c5CCCN6C(C)=O)nc4n3CC3CC3)n(C)c12,7.431798275933005,7.431798275933005,7.431798275933005,3,bindingdb|chembl|pubchem_confirmatory,0.3,643.792,48.0,enzymatic,False,,none,False,True,True
GQDTZNNWOLZGLW-DHIUTWEWSA-N,COc1cc(C(=O)N2C[C@H](N)C[C@@H](F)C2)cc2nc(-c3cc4ccc(-c5ccc6nncnc6c5)nc4n3CC3CC3)n(C)c12,7.443697499232712,7.443697499232712,7.443697499232712,3,bindingdb|chembl|pubchem_confirmatory,0.3,605.678,45.0,enzymatic,False,,none,False,True,True
URVXOBOYWOPLJZ-FGZHOGPDSA-N,COc1cc(C(=O)N2C[C@H](N)C[C@@H](F)C2)cc2nc(-c3cc4ccc(-c5cccc6ocnc56)nc4n3CC3CC3)n(C)c12,5.73969005420508,5.73969005420508,5.73969005420508,3,bindingdb|chembl|pubchem_confirmatory,0.3,593.663,44.0,enzymatic,False,,none,False,True,True
LNQMULRZSWBSFE-CRLCSLCLSA-N,COc1cc(C(=O)N2CC3CCC2[C@@H]3N)cc2nc(-c3cc4ccc(-c5ccc6nncnc6c5)nc4n3CC3CC3)n(C)c12,7.267606240177031,7.267606240177031,7.267606240177031,3,bindingdb|chembl|pubchem_confirmatory,0.3,599.699,45.0,enzymatic,False,,none,False,True,True
NBMIILGWOONWPW-DHIUTWEWSA-N,COc1cc(C(=O)N2C[C@H](N)C[C@@H](F)C2)cc2nc(-c3cc4ccc(-c5cc(O)ccc5C)nc4n3CC3CC3)n(C)c12,6.185086818724926,6.185086818724926,6.185086818724926,3,bindingdb|chembl|pubchem_confirmatory,0.3,582.68,43.0,enzymatic,False,,none,False,True,True
AJMGZTAKLANPED-CRLCSLCLSA-N,COc1cc(C(=O)N2CC3CCC2[C@@H]3N)cc2nc(-c3cc4ccc(-c5cc(O)ccc5C)nc4n3CC3CC3)n(C)c12,6.886056647693163,6.886056647693163,6.886056647693163,3,bindingdb|chembl|pubchem_confirmatory,0.3,576.701,43.0,enzymatic,False,,none,False,True,True
UGYGQLAFRCVHJW-JWJBQAENSA-N,COc1cc(C(=O)N2CC3CCC2[C@@H]3N)cc2nc(-c3cc4ccc(-c5ccc(C)c(O)c5)nc4n3CC3CC3)n(C)c12,5.685922008220788,5.685922008220787,5.685922008220787,3,bindingdb|chembl|pubchem_confirmatory,0.3,576.701,43.0,enzymatic,False,,none,False,True,True
RHDCFKUNICJMJR-WOJBJXKFSA-N,COc1cc(C(=O)N2C[C@H](N)C[C@@H](F)C2)cc2nc(-c3cc4ccc(-c5cc(O)c(Cl)cc5F)nc4n3CC3CC3)n(C)c12,6.248720896016658,6.248720896016658,6.248720896016658,3,bindingdb|chembl|pubchem_confirmatory,0.3,621.088,44.0,enzymatic,False,,none,False,True,True
XZEQIKBQYLFCFP-OFKODDFHSA-N,COc1cc(C(=O)N2CC3CCC2[C@@H]3N)cc2nc(-c3cc4ccc(-c5cc(O)c(Cl)cc5F)nc4n3CC3CC3)n(C)c12,5.653255945395151,5.653255945395151,5.653255945395151,3,bindingdb|chembl|pubchem_confirmatory,0.3,615.109,44.0,enzymatic,False,,none,False,True,True
ZVPAYDMRANPHJN-JOOITRFASA-N,COc1cc(C(=O)N2CC3CCC2[C@@H]3N)cc2nc(-c3cc4ccc(N5CCC(CO)C5)nc4n3CC3CC3)n(C)c12,7.42021640338319,7.42021640338319,7.42021640338319,3,bindingdb|chembl|pubchem_confirmatory,0.3,569.71,42.0,enzymatic,False,,none,False,True,True
ZKHCVPXOFGJBSJ-CRLCSLCLSA-N,COc1cc(C(=O)N2CC3CCC2[C@@H]3N)cc2nc(-c3cc4ccc(-c5cnn6c5CCCC6)nc4n3CC3CC3)n(C)c12,6.285670240254767,6.285670240254767,6.285670240254767,3,bindingdb|chembl|pubchem_confirmatory,0.3,590.732,44.0,enzymatic,False,,none,False,True,True
NXLODQYXKFLXEG-BTDDGAACSA-N,CCOC(=O)Cn1cc(-c2ccc3cc(-c4nc5cc(C(=O)N6CC7CCC6[C@@H]7N)cc(OC)c5n4C)n(CC4CC4)c3n2)cn1,8.045757490560675,8.045757490560675,8.045757490560675,3,bindingdb|chembl|pubchem_confirmatory,0.3,622.73,46.0,enzymatic,False,,none,False,True,True
HERRCJVQIRTZCB-NHCUHLMSSA-N,COc1cc(C(=O)N2C[C@H](N)C[C@@H](F)C2)cc2nc(-c3cc4ccc(-c5cc(O)ccc5Cl)nc4n3CC3CC3)n(C)c12,7.130768280269024,7.130768280269024,7.130768280269024,3,bindingdb|chembl|pubchem_confirmatory,0.3,603.098,43.0,enzymatic,False,,none,False,True,True
SLDBRRSRHWNJQN-DHIUTWEWSA-N,COc1cc(C(=O)N2C[C@H](N)C[C@@H](F)C2)cc2nc(-c3cc4ccc(-c5cc(O)cc(Cl)c5)nc4n3CC3CC3)n(C)c12,6.709965388637482,6.709965388637482,6.709965388637482,3,bindingdb|chembl|pubchem_confirmatory,0.3,603.098,43.0,enzymatic,False,,none,False,True,True
DVTGDRXLJWGNBG-JAEXGXQOSA-N,COc1cc(C(=O)N2CC3CCC2[C@@H]3N)cc2nc(-c3cc4ccc(-c5cc(O)ccc5Cl)nc4n3CC3CC3)n(C)c12,6.510041520575165,6.510041520575165,6.510041520575165,3,bindingdb|chembl|pubchem_confirmatory,0.3,597.119,43.0,enzymatic,False,,none,False,True,True
ZMSWOWOMHFHOAL-FGZHOGPDSA-N,COc1cc(C(=O)N2C[C@H](N)C[C@@H](F)C2)cc2nc(-c3cc4ccc(-c5c(F)ccc(O)c5Cl)cc4n3CC3CC3)n(C)c12,7.017728766960431,7.017728766960431,7.017728766960431,3,bindingdb|chembl|pubchem_confirmatory,0.3,620.1,44.0,enzymatic,False,,none,False,True,True
UCTCHNKVJICPNO-CXBZOWBPSA-N,COc1cc(C(=O)N2CC3CCC2[C@@H]3N)cc2nc(-c3cc4ccc(-c5ccn6cnnc6c5)nc4n3CC3CC3)n(C)c12,6.826813731587726,6.826813731587726,6.826813731587726,3,bindingdb|chembl|pubchem_confirmatory,0.3,587.688,44.0,enzymatic,False,,none,False,True,True
OCPMHWRNFZJGHC-FGZHOGPDSA-N,COc1cc(C(=O)N2C[C@H](N)C[C@@H](F)C2)cc2nc(-c3cc4ccc(-c5cccc(O)c5C#N)nc4n3CC3CC3)n(C)c12,7.769551078621727,7.769551078621726,7.769551078621726,3,bindingdb|chembl|pubchem_confirmatory,0.3,593.663,44.0,enzymatic,False,,none,False,True,True
BJEGYQKJPTWECF-CCWBKVMBSA-N,COc1cc(C(=O)N2CC3CCC2[C@@H]3N)cc2nc(-c3cc4ccc(-c5cc(C)c(O)c(Cl)c5)nc4n3CC3CC3)n(C)c12,6.330683119433888,6.330683119433887,6.330683119433887,3,bindingdb|chembl|pubchem_confirmatory,0.3,611.146,44.0,enzymatic,False,,none,False,True,True
RAVBZQAQTVGKIV-XBPDSQQVSA-N,CCc1cc(-c2ccc3cc(-c4nc5cc(C(=O)N6CC7CCC6[C@@H]7N)cc(OC)c5n4C)n(CC4CC4)c3n2)ccc1O,5.340844719059372,5.340844719059371,5.340844719059371,3,bindingdb|chembl|pubchem_confirmatory,0.3,590.728,44.0,enzymatic,False,,A,False,True,True
IDFMOMDVPSZDLO-CXBZOWBPSA-N,CCOC(=O)c1c(-c2ccc3cc(-c4nc5cc(C(=O)N6CC7CCC6[C@@H]7N)cc(OC)c5n4C)n(CC4CC4)c3n2)c(C)nn1C,6.345823458122038,6.345823458122039,6.345823458122039,3,bindingdb|chembl|pubchem_confirmatory,0.3,636.757,47.0,enzymatic,False,,none,False,True,True
BCZPEKVMAZSURM-GNTVVGMTSA-N,COc1cc(C(=O)N2CC3CCC2[C@@H]3N)cc2nc(-c3cc4ccc(-c5cnn(CC(C)(C)O)c5)nc4n3CC3CC3)n(C)c12,5.4146520889054095,5.4146520889054095,5.4146520889054095,3,bindingdb|chembl|pubchem_confirmatory,0.3,608.747,45.0,enzymatic,False,,none,False,True,True
GCTHRIUGQKSBIH-KNFYQODVSA-N,COCC1CN(c2ccc3cc(-c4nc5cc(C(=O)N6CC7CCC6[C@@H]7N)cc(OC)c5n4C)n(CC4CC4)c3n2)C1,5.841336019186012,5.841336019186011,5.841336019186011,3,bindingdb|chembl|pubchem_confirmatory,0.3,569.71,42.0,enzymatic,False,,none,False,True,True
DNDBZUAXJUAINE-XBPDSQQVSA-N,COc1cc(C(=O)N2CC3CCC2[C@@H]3N)cc2nc(-c3cc4ccc(N5CC(c6cccnc6)C5)nc4n3CC3CC3)n(C)c12,6.248720896016658,6.248720896016658,6.248720896016658,3,bindingdb|chembl|pubchem_confirmatory,0.3,602.743,45.0,enzymatic,False,,none,False,True,True
BGOYTKZXAKQZJF-QMCAYLGFSA-N,COc1cc(C(=O)N2CC3CCC2[C@@H]3N)cc2nc(-c3cc4ccc(N5CC(C(=O)N(C)C)C5)nc4n3CC3CC3)n(C)c12,5.789949150124863,5.789949150124863,5.789949150124863,3,bindingdb|chembl|pubchem_confirmatory,0.3,596.736,44.0,enzymatic,False,,none,False,True,True
YBRYCMKAKUNWFO-LTFVAXTNSA-N,COc1cc(C(=O)N2CC3CCC2[C@@H]3N)cc2nc(-c3cc4ccc(N5CC6(CCS6(=O)=O)C5)nc4n3CC3CC3)n(C)c12,5.870632404277014,5.870632404277014,5.870632404277014,3,bindingdb|chembl|pubchem_confirmatory,0.3,615.76,44.0,enzymatic,False,,none,False,True,True
IYESMHAPFDTXQX-RDMIVRQXSA-N,COc1cc(C(=O)N2CC3CCC2[C@@H]3N)cc2nc(-c3cc4ccc(N5CC(S(C)(=O)=O)C5)nc4n3CC3CC3)n(C)c12,5.853561864714226,5.853561864714226,5.853561864714226,3,bindingdb|chembl|pubchem_confirmatory,0.3,603.749,43.0,enzymatic,False,,none,False,True,True
HQWBQPXCVMMUFC-KNFYQODVSA-N,COc1cc(C(=O)N2CC3CCC2[C@@H]3N)cc2nc(-c3cc4ccc(N5CC6(CCOC6)C5)nc4n3CC3CC3)n(C)c12,5.986320302708807,5.986320302708807,5.986320302708807,3,bindingdb|chembl|pubchem_confirmatory,0.3,581.721,43.0,enzymatic,False,,none,False,True,True
NPTHFXSBPCAPRS-FGZHOGPDSA-N,COc1cc(C(=O)N2C[C@H](N)C[C@@H](F)C2)cc2nc(-c3cc4ccc(-c5cc(Cl)c(O)cc5C)nc4n3CC3CC3)n(C)c12,6.623423042943489,6.623423042943488,6.623423042943488,3,bindingdb|chembl|pubchem_confirmatory,0.3,617.125,44.0,enzymatic,False,,none,False,True,True
UFCJHQMXNRIBIP-DHIUTWEWSA-N,COc1cc(C(=O)N2C[C@H](N)C[C@@H](F)C2)cc2nc(-c3cc4ccc(-c5ccc(O)cc5C)nc4n3CC3CC3)n(C)c12,6.686132779630847,6.686132779630847,6.686132779630847,3,bindingdb|chembl|pubchem_confirmatory,0.3,582.68,43.0,enzymatic,False,,none,False,True,True
LVCCSGYGQRIHEA-NHCUHLMSSA-N,COc1cc(C(=O)N2C[C@H](N)C[C@@H](F)C2)cc2nc(-c3cc4ccc(-c5cccc(O)c5C(F)(F)F)nc4n3CC3CC3)n(C)c12,6.790484985457369,6.790484985457369,6.790484985457369,3,bindingdb|chembl|pubchem_confirmatory,0.3,636.65,46.0,enzymatic,False,,none,False,True,True
DKOYYZVRAQTTMM-NYESITDKSA-N,COc1cc(C(=O)N2CC3CCC2[C@@H]3N)cc2nc(-c3cc4ccc(-c5cc(Cl)c(O)cc5C)nc4n3CC3CC3)n(C)c12,6.581698708680254,6.581698708680255,6.581698708680255,3,bindingdb|chembl|pubchem_confirmatory,0.3,611.146,44.0,enzymatic,False,,none,False,True,True
FQMRJTKRSGTZGA-CRLCSLCLSA-N,COc1cc(C(=O)N2CC3CCC2[C@@H]3N)cc2nc(-c3cc4ccc(-c5ccc(O)cc5C)nc4n3CC3CC3)n(C)c12,6.320572103387882,6.320572103387882,6.320572103387882,3,bindingdb|chembl|pubchem_confirmatory,0.3,576.701,43.0,enzymatic,False,,none,False,True,True
VOTLUGZSQHUKNV-GOJCXORZSA-N,COc1cc(C(=O)N2CC3CCC2[C@@H]3N)cc2nc(-c3cc4ccc(-c5cccc(O)c5C(F)(F)F)nc4n3CC3CC3)n(C)c12,6.621602099051863,6.621602099051863,6.621602099051863,3,bindingdb|chembl|pubchem_confirmatory,0.3,630.671,46.0,enzymatic,False,,none,False,True,True
VOBZGOGESGOLJC-PWJCZFGMSA-N,COc1cc(C(=O)N2CC3CCC2[C@@H]3N)cc2nc(-c3cc4ccc(-c5ccc(C(=O)NCCC(N)=O)cc5)nc4n3CC3CC3)n(C)c12,6.181774106386044,6.181774106386044,6.181774106386044,3,bindingdb|chembl|pubchem_confirmatory,0.3,660.779,49.0,enzymatic,False,,none,False,True,True
CAWGTIIVOBRWCW-GVBVHUCQSA-N,COc1cc(C(=O)N2CC3CCC2[C@@H]3N)cc2nc(-c3cc4ccc(-c5ccc(C(=O)NCC6(C(N)=O)CC6)cc5)nc4n3CC3CC3)n(C)c12,6.248720896016658,6.248720896016658,6.248720896016658,3,bindingdb|chembl|pubchem_confirmatory,0.3,686.817,51.0,enzymatic,False,,none,False,True,True
HAUZUIQLFAAVGE-UPHNQAIKSA-N,COc1cc(C(=O)N2CC3CCC2[C@@H]3N)cc2nc(-c3cc4ccc(C5CNNC5OC)nc4n3CC3CC3)n(C)c12,6.85078088734462,6.85078088734462,6.85078088734462,1,pubchem_confirmatory,1.0,570.698,42.0,fp_ic50,False,,none,False,False,False
SDTRDYRWEHXHLI-CXBZOWBPSA-N,CCOC(=O)c1nn(C)c(C)c1-c1ccc2cc(-c3nc4cc(C(=O)N5CC6CCC5[C@@H]6N)cc(OC)c4n3C)n(CC3CC3)c2n1,6.447331783887807,6.447331783887806,6.447331783887806,3,bindingdb|chembl|pubchem_confirmatory,0.3,636.757,47.0,enzymatic,False,,none,False,True,True
CHYSJHBTMIWKHQ-TWDLTGNASA-N,COC(=O)c1ccc2c(-c3ccc4cc(-c5nc6cc(C(=O)N7CC8CCC7[C@@H]8N)cc(OC)c6n5C)n(CC5CC5)c4n3)nn(C)c2c1,6.0,6.0,6.0,3,bindingdb|chembl|pubchem_confirmatory,0.3,658.763,49.0,enzymatic,False,,none,False,True,True
FEAAPSIVYRPJMS-ZHKUBPBOSA-N,COc1cc(C(=O)N2CC3CCC2[C@@H]3N)cc2nc(-c3cc4ccc(-c5ccn(C)n5)nc4n3CC3CC3)n(C)c12,6.268411234813261,6.268411234813261,6.268411234813261,3,bindingdb|chembl|pubchem_confirmatory,0.3,550.667,41.0,enzymatic,False,,none,False,True,True
IYDOJWQRXJBHKN-CRLCSLCLSA-N,COc1cc(C(=O)N2CC3CCC2[C@@H]3N)cc2nc(-c3cc4ccc(-c5cnn6ccccc56)nc4n3CC3CC3)n(C)c12,7.1938200260161125,7.1938200260161125,7.1938200260161125,3,bindingdb|chembl|pubchem_confirmatory,0.3,586.7,44.0,enzymatic,False,,none,False,True,True
CLVCBIICTBDMIC-UNVAFXPUSA-N,COc1cc(C(=O)N2CC3CCC2[C@@H]3N)cc2nc(-c3cc4ccc(C5NNC6CCCCC65)nc4n3CC3CC3)n(C)c12,7.309803919971486,7.309803919971486,7.309803919971486,1,pubchem_confirmatory,1.0,594.764,44.0,fp_ic50,False,,none,False,False,False
KSSZMNHNQBRDMR-VVUHTZQYSA-N,COc1cc(C(=O)N2CC3CCC2[C@@H]3N)cc2nc(-c3cc4ccc(C5CNNC5C5CC5)nc4n3CC3CC3)n(C)c12,6.231361898752386,6.231361898752386,6.231361898752386,1,pubchem_confirmatory,1.0,580.737,43.0,fp_ic50,False,,none,False,False,False
ZHZZZHYEWUPKKZ-RVRFFIBDSA-N,COC(=O)CC1CCN(c2ccc3cc(-c4nc5cc(C(=O)N6CC7CCC6[C@@H]7N)cc(OC)c5n4C)n(CC4CC4)c3n2)CC1,6.958607314841775,6.958607314841775,6.958607314841775,3,bindingdb|chembl|pubchem_confirmatory,0.3,625.774,46.0,enzymatic,False,,none,False,True,True
ZCGLQJCVOMKBQP-UEXTYJSMSA-N,COC[C@H]1CCN1c1ccc2cc(-c3nc4cc(C(=O)N5CC6CCC5[C@@H]6N)cc(OC)c4n3C)n(CC3CC3)c2n1,6.578396073130168,6.578396073130168,6.578396073130168,3,bindingdb|chembl|pubchem_confirmatory,0.3,569.71,42.0,enzymatic,False,,none,False,True,True
WYNNOZMBLBJTEQ-YSZJZSIDSA-N,COc1cc(C(=O)N2CC3CCC2[C@@H]3N)cc2nc(-c3cc4ccc(N5CCC(O)(c6ccccc6)C5)nc4n3CC3CC3)n(C)c12,6.7055337738384075,6.7055337738384075,6.7055337738384075,3,bindingdb|chembl|pubchem_confirmatory,0.3,631.781,47.0,enzymatic,False,,none,False,True,True
RFBCMTJPCIZRQG-YWNLADJTSA-N,COc1cc(C(=O)N2CC3CCC2[C@@H]3N)cc2nc(-c3cc4ccc(N5CCCC5c5cnn(C)c5)nc4n3CC3CC3)n(C)c12,7.070581074285708,7.070581074285707,7.070581074285707,3,bindingdb|chembl|pubchem_confirmatory,0.3,619.774,46.0,enzymatic,False,,none,False,True,True
VGIFBRLTCFCWBP-HAXPFWMPSA-N,COc1cc(C(=O)N2CC3CCC2[C@@H]3N)cc2nc(-c3cc4ccc(N5CC[C@H](C#N)C5)nc4n3CC3CC3)n(C)c12,6.886056647693163,6.886056647693163,6.886056647693163,3,bindingdb|chembl|pubchem_confirmatory,0.3,564.694,42.0,enzymatic,False,,none,False,True,True
AHYVXMNHBKYVPC-SUDDXJKMSA-N,COc1cc(C(=O)N2CC3CCC2[C@@H]3N)cc2nc(-c3cc4ccc(N5CCCC5c5cccnc5)nc4n3CC3CC3)n(C)c12,6.946921556516581,6.94692155651658,6.94692155651658,3,bindingdb|chembl|pubchem_confirmatory,0.3,616.77,46.0,enzymatic,False,,none,False,True,True
WXHUKQYYQSAPKF-DNVJHFABSA-N,COC[C@H]1CCN1c1ccc2cc(-c3nc4cc(C(=O)N5C[C@H](N)C[C@@H](F)C5)cc(OC)c4n3C)n(CC3CC3)c2n1,6.565431095965802,6.565431095965801,6.565431095965801,3,bindingdb|chembl|pubchem_confirmatory,0.3,575.689,42.0,enzymatic,False,,none,False,True,True
RFVFSQZMYPSOSR-FGZHOGPDSA-N,COc1cc(O)ccc1-c1ccc2cc(-c3nc4cc(C(=O)N5C[C@H](N)C[C@@H](F)C5)cc(OC)c4n3C)n(CC3CC3)c2n1,6.197226274708025,6.197226274708024,6.197226274708024,3,bindingdb|chembl|pubchem_confirmatory,0.3,598.679,44.0,enzymatic,False,,none,False,True,True
ZKDOHXNBYTYCME-BTDDGAACSA-N,COc1cc(-c2ccc3cc(-c4nc5cc(C(=O)N6CC7CCC6[C@@H]7N)cc(OC)c5n4C)n(CC4CC4)c3n2)cc(C)c1O,6.58838029403677,6.58838029403677,6.58838029403677,3,bindingdb|chembl|pubchem_confirmatory,0.3,606.727,45.0,enzymatic,False,,none,False,True,True
IZUMVGWZYCKISG-NYESITDKSA-N,COc1cc(O)ccc1-c1ccc2cc(-c3nc4cc(C(=O)N5CC6CCC5[C@@H]6N)cc(OC)c4n3C)n(CC3CC3)c2n1,7.327902142064282,7.327902142064282,7.327902142064282,3,bindingdb|chembl|pubchem_confirmatory,0.3,592.7,44.0,enzymatic,False,,none,False,True,True
RLVPBVGVJJCCQX-WQRKWZFBSA-N,COc1cc(C(=O)N2CC3CCC2[C@@H]3N)cc2nc(-c3cc4ccc(N5CCC(c6ccncc6)C5)nc4n3CC3CC3)n(C)c12,7.4685210829577455,7.468521082957745,7.468521082957745,3,bindingdb|chembl|pubchem_confirmatory,0.3,616.77,46.0,enzymatic,False,,none,False,True,True
QELDSKDTDUFBPS-KAYWLYCHSA-N,COc1cc(C(=O)N2C[C@H](N)C[C@@H](F)C2)cc2nc(-c3cc4ccc(-c5ccc(C(=O)NCC(C)(C)C(N)=O)cc5)nc4n3CC3CC3)n(C)c12,6.821023052706831,6.821023052706831,6.821023052706831,3,bindingdb|chembl|pubchem_confirmatory,0.3,694.812,51.0,enzymatic,False,,none,False,True,True
MMLPDEKUYAOVFR-FGZHOGPDSA-N,COc1cc(C(=O)N2C[C@H](N)C[C@@H](F)C2)cc2nc(-c3cc4ccc(-c5cc(Cl)c(CO)cc5F)nc4n3CC3CC3)n(C)c12,6.498940737782249,6.498940737782249,6.498940737782249,3,bindingdb|chembl|pubchem_confirmatory,0.3,635.115,45.0,enzymatic,False,,none,False,True,True
UUZVVLJXNOOANM-GVBVHUCQSA-N,COc1cc(C(=O)N2CC3CCC2[C@@H]3N)cc2nc(-c3cc4ccc(-c5ccc(C(=O)NCC(C)(C)C(N)=O)cc5)nc4n3CC3CC3)n(C)c12,6.349692476868063,6.349692476868063,6.349692476868063,3,bindingdb|chembl|pubchem_confirmatory,0.3,688.833,51.0,enzymatic,False,,none,False,True,True
VAULKXWBJWIPEH-OXLZJHAVSA-N,COc1cc(C(=O)N2CC3CCC2[C@@H]3N)cc2nc(-c3cc4ccc(C5=CC6N=CC(C(N)=O)=C6N=C5)nc4n3CC3CC3)n(C)c12,6.137272471682025,6.137272471682025,6.137272471682025,3,bindingdb|chembl|pubchem_confirmatory,0.3,629.725,47.0,enzymatic,True,enaminone,none,False,True,True
BTXDSXLNJIPVNQ-YCTZWBCQSA-N,COc1cc(C(=O)N2C[C@H](N)C[C@@H](F)C2)cc2nc(-c3cc4ccc(C(C)(O)C5CC5)nc4n3CC3CC3)n(C)c12,5.625801742070917,5.625801742070918,5.625801742070918,3,bindingdb|chembl|pubchem_confirmatory,0.3,560.674,41.0,enzymatic,False,,none,False,True,True
YAXONZUOWWLDAI-DHIUTWEWSA-N,COc1cc(C(=O)N2C[C@H](N)C[C@@H](F)C2)cc2nc(-c3cc4ccc(-c5cccc(O)c5C(F)(F)F)cc4n3CC3CC3)n(C)c12,5.917933065714887,5.917933065714887,5.917933065714887,3,bindingdb|chembl|pubchem_confirmatory,0.3,635.662,46.0,enzymatic,False,,none,False,True,True
SRHIUTXEXWDMLU-DNQXCXABSA-N,COc1c(O)cccc1-c1ccc2cc(-c3nc4cc(C(=O)N5C[C@H](N)C[C@@H](F)C5)cc(OC)c4n3C)n(CC3CC3)c2c1,6.551293680094919,6.55129368009492,6.55129368009492,3,bindingdb|chembl|pubchem_confirmatory,0.3,597.691,44.0,enzymatic,False,,none,False,True,True
QFBYOZFGAGNBJL-CLJLJLNGSA-N,COc1cc(C(=O)N2C[C@H](N)C[C@@H](F)C2)cc2nc(-c3cc4ccc(-c5c(C)ccc(O)c5C)cc4n3CC3CC3)n(C)c12,6.037630664329979,6.0376306643299795,6.0376306643299795,3,bindingdb|chembl|pubchem_confirmatory,0.3,595.719,44.0,enzymatic,False,,none,False,True,True
RZRZQEANCYDEHB-JWQCQUIFSA-N,COc1cc(C(=O)N2C[C@H](N)C[C@@H](F)C2)cc2nc(-c3cc4ccc(-c5cccc(O)c5C)cc4n3CC3CC3)n(C)c12,6.084072788302884,6.084072788302884,6.084072788302884,3,bindingdb|chembl|pubchem_confirmatory,0.3,581.692,43.0,enzymatic,False,,none,False,True,True
MDKVPTKLKBIIHW-DHIUTWEWSA-N,COc1cc(C(=O)N2C[C@H](N)C[C@@H](F)C2)cc2nc(-c3cc4ccc(-c5cccc(O)c5Cl)cc4n3CC3CC3)n(C)c12,6.18111458540599,6.18111458540599,6.18111458540599,3,bindingdb|chembl|pubchem_confirmatory,0.3,602.11,43.0,enzymatic,False,,none,False,True,True
XMVAZJFLSVZUDA-KAYWLYCHSA-N,COc1cc(C(=O)N2C[C@H](N)C[C@@H](F)C2)cc2nc(-c3cc4ccc(-c5cccc6c5CCN(C(C)=O)C6)nc4n3CC3CC3)n(C)c12,7.346787486224656,7.346787486224656,7.346787486224656,3,bindingdb|chembl|pubchem_confirmatory,0.3,649.771,48.0,enzymatic,False,,none,False,True,True
YUNWIWBMVXYBCA-DNQXCXABSA-N,COc1cc(C(=O)N2C[C@H](N)C[C@@H](F)C2)cc2nc(-c3cc4ccc(-c5ccc(CC(N)=O)c(O)c5)nc4n3CC3CC3)n(C)c12,6.9065783148377635,6.906578314837764,6.906578314837764,3,bindingdb|chembl|pubchem_confirmatory,0.3,625.705,46.0,enzymatic,False,,none,False,True,True
BURSSDOQIXOZBB-NHCUHLMSSA-N,COc1cc(C(=O)N2C[C@H](N)C[C@@H](F)C2)cc2nc(-c3cc4ccc(-c5ccnc6c5CC(=O)N6)nc4n3CC3CC3)n(C)c12,7.619788758288394,7.619788758288394,7.619788758288394,3,bindingdb|chembl|pubchem_confirmatory,0.3,608.678,45.0,enzymatic,False,,none,False,True,True
KBFKGLUPKPVUJA-JWQCQUIFSA-N,COc1cc(-c2ccc3cc(-c4nc5cc(C(=O)N6C[C@H](N)C[C@@H](F)C6)cc(OC)c5n4C)n(CC4CC4)c3n2)ccc1CO,6.61261017366127,6.61261017366127,6.61261017366127,3,bindingdb|chembl|pubchem_confirmatory,0.3,612.706,45.0,enzymatic,False,,none,False,True,True
KGAZASLZAWOHJN-MXSVSAQUSA-N,COc1cc(C(=O)N2CC3CCC2[C@@H]3N)cc2nc(-c3cc4ccc(-c5cc(F)c6c(c5)CCN(C(C)=O)C6)nc4n3CC3CC3)n(C)c12,7.096910013008056,7.096910013008056,7.096910013008056,3,bindingdb|chembl|pubchem_confirmatory,0.3,661.782,49.0,enzymatic,False,,none,False,True,True
OSIOXNKWQWINEM-QAPXZPIJSA-N,COc1cc(C(=O)N2CC3CCC2[C@@H]3N)cc2nc(-c3cc4ccc(-c5cccc6c5CCN(C(C)=O)C6)nc4n3CC3CC3)n(C)c12,6.1985962899826434,6.198596289982644,6.198596289982644,3,bindingdb|chembl|pubchem_confirmatory,0.3,643.792,48.0,enzymatic,False,,none,False,True,True
JLGGAYUHFPLCCK-IKXBFRDRSA-N,COc1cc(-c2ccc3cc(-c4nc5cc(C(=O)N6CC7CCC6[C@@H]7N)cc(OC)c5n4C)n(CC4CC4)c3n2)ccc1CC(N)=O,5.8655041441653255,5.865504144165326,5.865504144165326,3,bindingdb|chembl|pubchem_confirmatory,0.3,633.753,47.0,enzymatic,False,,none,False,True,True
GWPCNDJPVHVXQX-VJTFINOGSA-N,COc1cc(C(=O)N2CC3CCC2[C@@H]3N)cc2nc(-c3cc4ccc(-c5cc(F)c(CC(N)=O)c(F)c5)nc4n3CC3CC3)n(C)c12,6.59176003468815,6.59176003468815,6.59176003468815,3,bindingdb|chembl|pubchem_confirmatory,0.3,639.707,47.0,enzymatic,False,,none,False,True,True
ZJDVPOSOCAZXAB-YLBOGKAESA-N,COc1cc(C(=O)N2CC3CCC2[C@@H]3N)cc2nc(-c3cc4ccc(-c5ccc(CC(N)=O)cc5F)nc4n3CC3CC3)n(C)c12,6.886056647693163,6.886056647693163,6.886056647693163,3,bindingdb|chembl|pubchem_confirmatory,0.3,621.717,46.0,enzymatic,False,,none,False,True,True
AUSLYJBESXQFMC-LDZQUKMZSA-N,COc1cc(C(=O)N2CC3CCC2[C@@H]3N)cc2nc(-c3cc4ccc(-c5ccnc6c5CC(=O)N6)nc4n3CC3CC3)n(C)c12,7.4089353929735005,7.4089353929735005,7.4089353929735005,3,bindingdb|chembl|pubchem_confirmatory,0.3,602.699,45.0,enzymatic,False,,none,False,True,True
QXAORQAEXXCHPT-TWDLTGNASA-N,COc1cc(-c2ccc3cc(-c4nc5cc(C(=O)N6CC7CCC6[C@@H]7N)cc(OC)c5n4C)n(CC4CC4)c3n2)ccc1CO,6.355561410532161,6.355561410532161,6.355561410532161,3,bindingdb|chembl|pubchem_confirmatory,0.3,606.727,45.0,enzymatic,False,,none,False,True,True
ZOQLUIOYWQDYNP-CXBZOWBPSA-N,COc1cc(C(=O)N2CC3CCC2[C@@H]3N)cc2nc(-c3cc4ccc(N5CC6(COC6)C5)cc4n3CC3CC3)n(C)c12,5.51999305704285,5.51999305704285,5.51999305704285,3,bindingdb|chembl|pubchem_confirmatory,0.3,566.706,42.0,enzymatic,False,,none,False,True,True
AGPQOUQXIGSZRM-NHCUHLMSSA-N,COc1cc(-c2ccc3cc(-c4nc5cc(C(=O)N6C[C@H](N)C[C@@H](F)C6)cc(OC)c5n4C)n(CC4CC4)c3n2)c(F)cc1O,5.941194513324095,5.941194513324094,5.941194513324094,3,bindingdb|chembl|pubchem_confirmatory,0.3,616.669,45.0,enzymatic,False,,none,False,True,True
JECWIXIDRXVREH-FGZHOGPDSA-N,COc1cc(C(=O)N2C[C@H](N)C[C@@H](F)C2)cc2nc(-c3cc4ccc(-c5ccnc(C(N)=O)c5)nc4n3CC3CC3)n(C)c12,7.070581074285708,7.070581074285707,7.070581074285707,3,bindingdb|chembl|pubchem_confirmatory,0.3,596.667,44.0,enzymatic,False,,none,False,True,True
IEDUCHTZVMPXRI-TWDLTGNASA-N,COc1cc(C(=O)N2CC3CCC2[C@@H]3N)cc2nc(-c3cc4ccc(-c5c(C)cc(O)cc5C)nc4n3CC3CC3)n(C)c12,6.481486060122112,6.481486060122112,6.481486060122112,3,bindingdb|chembl|pubchem_confirmatory,0.3,590.728,44.0,enzymatic,False,,none,False,True,True
HKEZNKGHOYLNSE-SGAJGPLNSA-N,COc1cc(C(=O)N2CC3CCC2[C@@H]3N)cc2nc(-c3cc4ccc(-c5ccc(CO)c(C)c5)nc4n3CC3CC3)n(C)c12,7.0655015487564325,7.0655015487564325,7.0655015487564325,3,bindingdb|chembl|pubchem_confirmatory,0.3,590.728,44.0,enzymatic,False,,none,False,True,True
GTTLBCBZNCULLU-JWJBQAENSA-N,COCC1CN(c2ccc3cc(-c4nc5cc(C(=O)N6CC7CCC6[C@@H]7N)cc(OC)c5n4C)n(CC4CC4)c3c2)C1,6.899629454882437,6.899629454882437,6.899629454882437,3,bindingdb|chembl|pubchem_confirmatory,0.3,568.722,42.0,enzymatic,False,,none,False,True,True
LAAWCIXGNFLUAP-UCDZCMRKSA-N,COc1cc(C(=O)N2CC3CCC2[C@@H]3N)cc2nc(-c3cc4ccc(N5CC(OC)C5)cc4n3CC3CC3)n(C)c12,6.576754126063192,6.576754126063192,6.576754126063192,3,bindingdb|chembl|pubchem_confirmatory,0.3,554.695,41.0,enzymatic,False,,none,False,True,True
DEGUHJWDRABJRD-ZHFHXLPRSA-N,COc1cc(C(=O)N2CC3CCC2[C@@H]3N)cc2nc(-c3cc4ccc(N5CC(c6cccnc6)C5)cc4n3CC3CC3)n(C)c12,5.748605149959896,5.748605149959896,5.748605149959896,3,bindingdb|chembl|pubchem_confirmatory,0.3,601.755,45.0,enzymatic,False,,none,False,True,True
DOAIXPTUGIKTMT-QMCAYLGFSA-N,COc1cc(C(=O)N2CC3CCC2[C@@H]3N)cc2nc(-c3cc4ccc(N5CC6(CC(O)C6)C5)nc4n3CC3CC3)n(C)c12,6.169411331314856,6.169411331314856,6.169411331314856,3,bindingdb|chembl|pubchem_confirmatory,0.3,581.721,43.0,enzymatic,False,,none,False,True,True
DCRLZSNERMXQHN-TWDLTGNASA-N,COc1cc(C(=O)N2CC3CCC2[C@@H]3N)cc2nc(-c3cc4ccc(N5CC(c6ccccn6)C5)nc4n3CC3CC3)n(C)c12,7.229147988357855,7.229147988357855,7.229147988357855,3,bindingdb|chembl|pubchem_confirmatory,0.3,602.743,45.0,enzymatic,False,,none,False,True,True
XJQHQGOKJYZTQH-QMCAYLGFSA-N,COc1cc(C(=O)N2CC3CCC2[C@@H]3N)cc2nc(-c3cc4ccc(-c5nnc6ccccn56)nc4n3CC3CC3)n(C)c12,7.721246399047171,7.721246399047171,7.721246399047171,3,bindingdb|chembl|pubchem_confirmatory,0.3,587.688,44.0,enzymatic,False,,none,False,True,True
OWGZAFALUDOIJG-QMCAYLGFSA-N,COc1cc(C(=O)N2CC3CCC2[C@@H]3N)cc2nc(-c3cc4ccc(-c5nc6ccccn6n5)nc4n3CC3CC3)n(C)c12,6.935542010773081,6.935542010773082,6.935542010773082,3,bindingdb|chembl|pubchem_confirmatory,0.3,587.688,44.0,enzymatic,False,,none,False,True,True
HEDIDOJYFQOWOC-DHIUTWEWSA-N,CCOC(=O)c1nn(C)c(C)c1-c1ccc2cc(-c3nc4cc(C(=O)N5C[C@H](N)C[C@@H](F)C5)cc(OC)c4n3C)n(CC3CC3)c2n1,7.443697499232712,7.443697499232712,7.443697499232712,3,bindingdb|chembl|pubchem_confirmatory,0.3,642.736,47.0,enzymatic,False,,none,False,True,True
KBWCVJIYVQKXIV-FGZHOGPDSA-N,COc1cc(C(=O)N2C[C@H](N)C[C@@H](F)C2)cc2nc(-c3cc4ccc(-c5cn(C)nc5C)nc4n3CC3CC3)n(C)c12,6.790484985457369,6.790484985457369,6.790484985457369,3,bindingdb|chembl|pubchem_confirmatory,0.3,570.673,42.0,enzymatic,False,,none,False,True,True
REQYSKCWEBVXLE-DHIUTWEWSA-N,CCOC(=O)c1c(-c2ccc3cc(-c4nc5cc(C(=O)N6C[C@H](N)C[C@@H](F)C6)cc(OC)c5n4C)n(CC4CC4)c3n2)c(C)nn1C,7.161150909262744,7.161150909262744,7.161150909262744,3,bindingdb|chembl|pubchem_confirmatory,0.3,642.736,47.0,enzymatic,False,,none,False,True,True
ONNGAQNBJPOXLV-NHCUHLMSSA-N,COC(=O)c1c(-c2ccc3cc(-c4nc5cc(C(=O)N6C[C@H](N)C[C@@H](F)C6)cc(OC)c5n4C)n(CC4CC4)c3n2)cnn1C,6.946921556516581,6.94692155651658,6.94692155651658,3,bindingdb|chembl|pubchem_confirmatory,0.3,614.682,45.0,enzymatic,False,,none,False,True,True
WTTSEMQSNLMAIB-NHCUHLMSSA-N,COc1cc(C(=O)N2C[C@H](N)C[C@@H](F)C2)cc2nc(-c3cc4ccc(-c5ccnn5C)nc4n3CC3CC3)n(C)c12,7.366531544420414,7.366531544420413,7.366531544420413,3,bindingdb|chembl|pubchem_confirmatory,0.3,556.646,41.0,enzymatic,False,,none,False,True,True
MOOVYSRQOGXVFL-DNQXCXABSA-N,COc1cc(C(=O)N2C[C@H](N)C[C@@H](F)C2)cc2nc(-c3cc4ccc(-c5cc(C)c(O)cc5C)nc4n3CC3CC3)n(C)c12,7.1938200260161125,7.1938200260161125,7.1938200260161125,3,bindingdb|chembl|pubchem_confirmatory,0.3,596.707,44.0,enzymatic,False,,none,False,True,True
NJUPYDDDWIQXCY-JWQCQUIFSA-N,COc1cc(C(=O)N2C[C@H](N)C[C@@H](F)C2)cc2nc(-c3cc4ccc(-c5cccc(CC(N)=O)c5)nc4n3CC3CC3)n(C)c12,6.84163750790475,6.84163750790475,6.84163750790475,3,bindingdb|chembl|pubchem_confirmatory,0.3,609.706,45.0,enzymatic,False,,none,False,True,True
FHDIDNSOBQHXAS-VZHMAXOSSA-N,COc1cc(C(=O)N2C[C@H](N)C[C@@H](F)C2)cc2nc(-c3cc4ccc(-c5ccc(/C=C/C(N)=O)cc5)nc4n3CC3CC3)n(C)c12,7.161150909262744,7.161150909262744,7.161150909262744,3,bindingdb|chembl|pubchem_confirmatory,0.3,621.717,46.0,enzymatic,False,,none,False,True,True
YZFSTNZTPXOGSD-FGZHOGPDSA-N,COc1cc(C(=O)N2C[C@H](N)C[C@@H](F)C2)cc2nc(-c3cc4ccc(-c5ccc(C(N)=O)nc5C)nc4n3CC3CC3)n(C)c12,7.337242168318426,7.337242168318426,7.337242168318426,3,bindingdb|chembl|pubchem_confirmatory,0.3,610.694,45.0,enzymatic,False,,none,False,True,True
OZDBDVGPTOFGHD-FGZHOGPDSA-N,COc1cc(-c2ccc3cc(-c4nc5cc(C(=O)N6C[C@H](N)C[C@@H](F)C6)cc(OC)c5n4C)n(CC4CC4)c3n2)cnc1C(N)=O,7.3979400086720375,7.3979400086720375,7.3979400086720375,3,bindingdb|chembl|pubchem_confirmatory,0.3,626.693,46.0,enzymatic,False,,none,False,True,True
ISIFSIGATKDBAS-FGZHOGPDSA-N,COc1cc(C(=O)N2C[C@H](N)C[C@@H](F)C2)cc2nc(-c3cc4ccc(-c5cnc(C(N)=O)cc5C)nc4n3CC3CC3)n(C)c12,7.130768280269024,7.130768280269024,7.130768280269024,3,bindingdb|chembl|pubchem_confirmatory,0.3,610.694,45.0,enzymatic,False,,none,False,True,True
WAKLAHAMPKKUFW-TWDLTGNASA-N,COc1cc(C(=O)N2CC3CCC2[C@@H]3N)cc2nc(-c3cc4ccc(-c5cc(C)c(O)cc5C)nc4n3CC3CC3)n(C)c12,7.275724130399211,7.275724130399211,7.275724130399211,3,bindingdb|chembl|pubchem_confirmatory,0.3,590.728,44.0,enzymatic,False,,none,False,True,True
LMWREMKYWIZNTE-XBPDSQQVSA-N,COc1cc(C(=O)N2CC3CCC2[C@@H]3N)cc2nc(-c3cc4ccc(-c5cccc(CC(N)=O)c5)nc4n3CC3CC3)n(C)c12,7.455931955649724,7.455931955649724,7.455931955649724,3,bindingdb|chembl|pubchem_confirmatory,0.3,603.727,45.0,enzymatic,False,,none,False,True,True
WORKZBXVEUBCIX-MDUKBICBSA-N,COc1cc(C(=O)N2CC3CCC2[C@@H]3N)cc2nc(-c3cc4ccc(-c5ccc(/C=C/C(N)=O)cc5)nc4n3CC3CC3)n(C)c12,7.42021640338319,7.42021640338319,7.42021640338319,3,bindingdb|chembl|pubchem_confirmatory,0.3,615.738,46.0,enzymatic,False,,none,False,True,True
KPILPQIIGPWCIY-CCWBKVMBSA-N,COc1cc(C(=O)N2CC3CCC2[C@@H]3N)cc2nc(-c3cc4ccc(-c5ccc(C(N)=O)nc5C)nc4n3CC3CC3)n(C)c12,7.920818753952375,7.920818753952375,7.920818753952375,3,bindingdb|chembl|pubchem_confirmatory,0.3,604.715,45.0,enzymatic,False,,none,False,True,True
UTUROZLCBXDRCU-LCRYKWFRSA-N,COc1cc(-c2ccc3cc(-c4nc5cc(C(=O)N6CC7CCC6[C@@H]7N)cc(OC)c5n4C)n(CC4CC4)c3n2)cnc1C(N)=O,7.267606240177031,7.267606240177031,7.267606240177031,3,bindingdb|chembl|pubchem_confirmatory,0.3,620.714,46.0,enzymatic,False,,none,False,True,True
BWGPQCIFSBOYPH-CCWBKVMBSA-N,COc1cc(C(=O)N2CC3CCC2[C@@H]3N)cc2nc(-c3cc4ccc(-c5cnc(C(N)=O)cc5C)nc4n3CC3CC3)n(C)c12,7.267606240177031,7.267606240177031,7.267606240177031,3,bindingdb|chembl|pubchem_confirmatory,0.3,604.715,45.0,enzymatic,False,,none,False,True,True
IUZOVPFMLVKCDP-BNMJUGIKSA-N,COc1cc(C(=O)N2CC3CCC2[C@@H]3N)cc2nc(-c3cc4ccc(-c5ccc(/C=C/C(N)=O)c(F)c5)nc4n3CC3CC3)n(C)c12,7.119186407719209,7.119186407719209,7.119186407719209,3,bindingdb|chembl|pubchem_confirmatory,0.3,633.728,47.0,enzymatic,False,,none,False,True,True
AURMUCKGMBTHAD-LLWMTICSSA-N,CCC(C)(O)c1ccc2cc(-c3nc4cc(C(=O)N5C[C@H](N)C[C@@H](F)C5)cc(OC)c4n3C)n(CC3CC3)c2n1,7.481486060122112,7.481486060122112,7.481486060122112,3,bindingdb|chembl|pubchem_confirmatory,0.3,548.663,40.0,enzymatic,False,,none,False,True,True
DQSIIFQDAFXIGY-BYICHJTDSA-N,COc1cc(C(=O)N2CC3CCC2[C@@H]3N)cc2nc(-c3cc4ccc(N5CC(N6CCS(=O)(=O)CC6)C5)cc4n3CC3CC3)n(C)c12,6.749579997691105,6.7495799976911055,6.7495799976911055,3,bindingdb|chembl|pubchem_confirmatory,0.3,657.841,47.0,enzymatic,False,,none,False,True,True
UJXTUFFKLZNYEW-BTDDGAACSA-N,COc1cc(C(=O)N2CC3CCC2[C@@H]3N)cc2nc(-c3cc4ccc(N5CC6(CC(O)C6)C5)cc4n3CC3CC3)n(C)c12,6.3535962737769305,6.3535962737769305,6.3535962737769305,3,bindingdb|chembl|pubchem_confirmatory,0.3,580.733,43.0,enzymatic,False,,none,False,True,True
QOIAXIUOYVBCSM-HRPAVAKOSA-N,COc1cc(C(=O)N2C[C@H](N)C[C@@H](F)C2)cc2nc(-c3cc4ccc(C(C)(O)C5CCCC5)nc4n3CC3CC3)n(C)c12,7.6020599913279625,7.6020599913279625,7.6020599913279625,3,bindingdb|chembl|pubchem_confirmatory,0.3,588.728,43.0,enzymatic,False,,none,False,True,True
NVURLBYAZJMGDU-CLJLJLNGSA-N,COc1cc(C(=O)N2C[C@H](N)C[C@@H](F)C2)cc2nc(-c3cc4ccc(-c5ccc6c(c5)CNC6=O)cc4n3CC3CC3)n(C)c12,7.327902142064282,7.327902142064282,7.327902142064282,3,bindingdb|chembl|pubchem_confirmatory,0.3,606.702,45.0,enzymatic,False,,none,False,True,True
ZQLPFNJNAMVOAC-DNQXCXABSA-N,COc1cc(C(=O)N2C[C@H](N)C[C@@H](F)C2)cc2nc(-c3cc4ccc(-c5ccc6c(c5)CNC6=O)nc4n3CC3CC3)n(C)c12,7.267606240177031,7.267606240177031,7.267606240177031,3,bindingdb|chembl|pubchem_confirmatory,0.3,607.69,45.0,enzymatic,False,,none,False,True,True
LBAAVOADWVSSEW-QMMNWOAZSA-N,COc1cc(C(=O)N2C[C@H](N)C[C@@H](F)C2)cc2nc(-c3cc4ccc(-c5ccc6c(c5)CC(O)C6)nc4n3CC3CC3)n(C)c12,6.616184634019569,6.616184634019569,6.616184634019569,3,bindingdb|chembl|pubchem_confirmatory,0.3,608.718,45.0,enzymatic,False,,none,False,True,True
HXZFQFCWZRGQQD-ZCOOMOTNSA-N,COc1cc(C(=O)N2CC3CCC2[C@@H]3N)cc2nc(-c3cc4ccc(-c5ccc6c(c5)CC(O)C6)nc4n3CC3CC3)n(C)c12,6.7121982700697735,6.7121982700697735,6.7121982700697735,3,bindingdb|chembl|pubchem_confirmatory,0.3,602.739,45.0,enzymatic,False,,none,False,True,True
XZOGPZXDHJHRHN-WOJBJXKFSA-N,COc1cc(C(=O)N2C[C@H](N)C[C@@H](F)C2)cc2nc(-c3cc4ccc(-c5cn(C)nn5)nc4n3CC3CC3)n(C)c12,6.872895201635192,6.872895201635192,6.872895201635192,3,bindingdb|chembl|pubchem_confirmatory,0.3,557.634,41.0,enzymatic,False,,none,False,True,True
GEVUEBQVKDIKTF-WOJBJXKFSA-N,COc1cc(C(=O)N2C[C@H](N)C[C@@H](F)C2)cc2nc(-c3cc4ccc(-c5cn(C)nc5C(F)(F)F)nc4n3CC3CC3)n(C)c12,6.872895201635192,6.872895201635192,6.872895201635192,3,bindingdb|chembl|pubchem_confirmatory,0.3,624.643,45.0,enzymatic,False,,none,False,True,True
QWHYKOHPONVUNO-WOJBJXKFSA-N,COc1cc(C(=O)N2C[C@H](N)C[C@@H](F)C2)cc2nc(-c3cc4ccc(-c5c(F)ccc(O)c5F)nc4n3CC3CC3)n(C)c12,6.6968039425795105,6.6968039425795105,6.6968039425795105,3,bindingdb|chembl|pubchem_confirmatory,0.3,604.633,44.0,enzymatic,False,,none,False,True,True
BARHQTRCOFSNHB-VMFKXFQHSA-N,COc1cc(C(=O)N2CC3CCC2[C@@H]3N)cc2nc(-c3cc4ccc(-c5c(F)ccc(O)c5F)nc4n3CC3CC3)n(C)c12,6.655607726314888,6.655607726314889,6.655607726314889,3,bindingdb|chembl|pubchem_confirmatory,0.3,598.654,44.0,enzymatic,False,,none,False,True,True
DBQAAKYKNKFVBT-UCAJRPBESA-N,COc1cc(C(=O)N2C[C@H](N)C[C@@H](F)C2)cc2nc(-c3cc4ccc(-c5ccc(C(C)CO)c(Cl)c5)nc4n3CC3CC3)n(C)c12,6.774690718274137,6.774690718274137,6.774690718274137,3,bindingdb|chembl|pubchem_confirmatory,0.3,645.179,46.0,enzymatic,False,,none,False,True,True
GPFSFYQHUUMQFE-VTFDQJKESA-N,COc1cc(C(=O)N2C[C@H](N)C[C@@H](F)C2)cc2nc(-c3cc4ccc(-c5ccc(C(C)O)cc5)nc4n3CC3CC3)n(C)c12,6.525783735923745,6.525783735923745,6.525783735923745,3,bindingdb|chembl|pubchem_confirmatory,0.3,596.707,44.0,enzymatic,False,,none,False,True,True
DGSJEFDVOJBVFN-YXGQNDMDSA-N,COc1cc(C(=O)N2CC3CCC2[C@@H]3N)cc2nc(-c3cc4ccc(-c5cn(C)nc5C(F)(F)F)nc4n3CC3CC3)n(C)c12,7.3979400086720375,7.3979400086720375,7.3979400086720375,3,bindingdb|chembl|pubchem_confirmatory,0.3,618.664,45.0,enzymatic,False,,none,False,True,True
JMLWVNXJYFTMCK-KFHGAJFOSA-N,COc1cc(C(=O)N2CC3CCC2[C@@H]3N)cc2nc(-c3cc4ccc(-c5cnn(C)c5-c5ccc(F)cc5)nc4n3CC3CC3)n(C)c12,6.7447274948966935,6.7447274948966935,6.7447274948966935,3,bindingdb|chembl|pubchem_confirmatory,0.3,644.755,48.0,enzymatic,False,,none,False,True,True
XHEWTJRTUNCNSQ-KFHGAJFOSA-N,COc1cc(C(=O)N2CC3CCC2[C@@H]3N)cc2nc(-c3cc4ccc(-c5cn(C)nc5-c5ccc(F)cc5)nc4n3CC3CC3)n(C)c12,7.036212172654444,7.036212172654444,7.036212172654444,3,bindingdb|chembl|pubchem_confirmatory,0.3,644.755,48.0,enzymatic,False,,none,False,True,True
ZYVVBHCOBSKKQD-HRQYYILTSA-N,COc1cc(C(=O)N2CC3CCC2[C@@H]3N)cc2nc(-c3cc4ccc(-c5nc6ncccn6n5)nc4n3CC3CC3)n(C)c12,7.040958607678906,7.040958607678906,7.040958607678906,3,bindingdb|chembl|pubchem_confirmatory,0.3,588.676,44.0,enzymatic,False,,none,False,True,True
YXDGPBAVPRZDSB-FGZHOGPDSA-N,COc1cc(C(=O)N2C[C@H](N)C[C@@H](F)C2)cc2nc(-c3cc4ccc(-c5cc(F)c(C(N)=O)cc5C)nc4n3CC3CC3)n(C)c12,7.075720713938118,7.075720713938118,7.075720713938118,3,bindingdb|chembl|pubchem_confirmatory,0.3,627.696,46.0,enzymatic,False,,none,False,True,True
ABPBASZHGZGBIH-NHCUHLMSSA-N,COc1cc(-c2ccc3cc(-c4nc5cc(C(=O)N6C[C@H](N)C[C@@H](F)C6)cc(OC)c5n4C)n(CC4CC4)c3n2)c(F)cc1C(N)=O,6.739928612014925,6.739928612014925,6.739928612014925,3,bindingdb|chembl|pubchem_confirmatory,0.3,643.695,47.0,enzymatic,False,,none,False,True,True
GFKFNWSXOHMPCZ-KTBVXVCESA-N,COc1cc(C(=O)N2CC3CCC2[C@@H]3N)cc2nc(-c3cc4ccc(-c5cc(F)c(C(N)=O)cc5C)nc4n3CC3CC3)n(C)c12,6.982966660701219,6.982966660701219,6.982966660701219,3,bindingdb|chembl|pubchem_confirmatory,0.3,621.717,46.0,enzymatic,False,,none,False,True,True
VVJOEHPCXCWWBD-KIKFKFQISA-N,COc1cc(-c2ccc3cc(-c4nc5cc(C(=O)N6CC7CCC6[C@@H]7N)cc(OC)c5n4C)n(CC4CC4)c3n2)c(F)cc1C(N)=O,6.701146923590294,6.701146923590294,6.701146923590294,3,bindingdb|chembl|pubchem_confirmatory,0.3,637.716,47.0,enzymatic,False,,none,False,True,True
FEKKZTRRHZNFKI-NHCUHLMSSA-N,COc1cc(C(=O)N2C[C@H](N)C[C@@H](F)C2)cc2nc(-c3cc4ccc(-c5nc6ncccn6n5)nc4n3CC3CC3)n(C)c12,6.886056647693163,6.886056647693163,6.886056647693163,3,bindingdb|chembl|pubchem_confirmatory,0.3,594.655,44.0,enzymatic,False,,none,False,True,True
RDQNKROQDKIUHA-INYXTNAKSA-N,COc1cc(C(=O)N2CC3CCC2[C@@H]3N)cc2nc(-c3cc4ccc(-c5nnnn5C)nc4n3CC3CC3)n(C)c12,6.703334809738469,6.703334809738469,6.703334809738469,3,bindingdb|chembl|pubchem_confirmatory,0.3,552.643,41.0,enzymatic,False,,none,False,True,True
JEHWSYBZQACARG-QMCAYLGFSA-N,COc1cc(C(=O)N2CC3CCC2[C@@H]3N)cc2nc(-c3cc4ccc(N5CC(C(C)(C)O)C5)nc4n3CC3CC3)n(C)c12,6.400116927926312,6.400116927926312,6.400116927926312,3,bindingdb|chembl|pubchem_confirmatory,0.3,583.737,43.0,enzymatic,False,,none,False,True,True
VYJNVOUCSNVCMF-CRLCSLCLSA-N,COc1cc(C(=O)N2CC3CCC2[C@@H]3N)cc2nc(-c3cc4ccc(-c5cnc(C#N)cc5C)nc4n3CC3CC3)n(C)c12,6.896196279044044,6.896196279044043,6.896196279044043,3,bindingdb|chembl|pubchem_confirmatory,0.3,586.7,44.0,enzymatic,False,,none,False,True,True
ISUZVHWUZVRXCX-NHCUHLMSSA-N,COc1cc(C(=O)N2C[C@H](N)C[C@@H](F)C2)cc2nc(-c3cc4ccc(-c5cnc(C(N)=O)nc5)nc4n3CC3CC3)n(C)c12,6.735182176990463,6.735182176990463,6.735182176990463,3,bindingdb|chembl|pubchem_confirmatory,0.3,597.655,44.0,enzymatic,False,,none,False,True,True
CWLWJNZRCFUUNQ-YXGQNDMDSA-N,COc1cc(C(=O)N2CC3CCC2[C@@H]3N)cc2nc(-c3cc4ccc(-c5cnc(C(N)=O)nc5)nc4n3CC3CC3)n(C)c12,7.366531544420414,7.366531544420413,7.366531544420413,3,bindingdb|chembl|pubchem_confirmatory,0.3,591.676,44.0,enzymatic,False,,none,False,True,True
MTZMCRXHAIXVMF-LCRYKWFRSA-N,COc1cc(C(=O)N2CC3CCC2[C@@H]3N)cc2nc(-c3cc4ccc(-c5cnc(CO)nc5)nc4n3CC3CC3)n(C)c12,6.621602099051863,6.621602099051863,6.621602099051863,3,bindingdb|chembl|pubchem_confirmatory,0.3,578.677,43.0,enzymatic,False,,none,False,True,True
XKZWCVYYFYFPGX-LDZQUKMZSA-N,COc1cc(-c2ccc3cc(-c4nc5cc(C(=O)N6CC7CCC6[C@@H]7N)cc(OC)c5n4C)n(CC4CC4)c3n2)cc(F)c1O,6.47755576649368,6.47755576649368,6.47755576649368,3,bindingdb|chembl|pubchem_confirmatory,0.3,610.69,45.0,enzymatic,False,,none,False,True,True
IHNFBEXVRWTWOA-CRLCSLCLSA-N,COc1cc(C(=O)N2CC3CCC2[C@@H]3N)cc2nc(-c3cc4ccc(-c5cnc(C#N)c(C)c5)nc4n3CC3CC3)n(C)c12,6.97469413473523,6.97469413473523,6.97469413473523,3,bindingdb|chembl|pubchem_confirmatory,0.3,586.7,44.0,enzymatic,False,,none,False,True,True
DQXJBECVAKWHKH-AKFGCVPNSA-N,COc1cc(C(=O)N2CC3CCC2[C@@H]3N)cc2nc(-c3cc4ccc(C(C)(O)C(F)(F)F)cc4n3CC3CC3)n(C)c12,7.7508447231052,7.7508447231052,7.7508447231052,3,bindingdb|chembl|pubchem_confirmatory,0.3,581.639,42.0,enzymatic,False,,none,False,True,True
YYPWLWLLFMRPRH-DNQXCXABSA-N,COc1cc(C(=O)N2C[C@H](N)C[C@@H](F)C2)cc2nc(-c3cc4ccc(-c5ccc(O)c(C)c5C)nc4n3CC3CC3)n(C)c12,7.619788758288394,7.619788758288394,7.619788758288394,3,bindingdb|chembl|pubchem_confirmatory,0.3,596.707,44.0,enzymatic,False,,none,False,True,True
RIQQNRACNTXPGS-WOJBJXKFSA-N,COc1cc(C(=O)N2C[C@H](N)C[C@@H](F)C2)cc2nc(-c3cc4ccc(-c5ccc(O)c(F)c5F)nc4n3CC3CC3)n(C)c12,7.200659450546418,7.200659450546418,7.200659450546418,3,bindingdb|chembl|pubchem_confirmatory,0.3,604.633,44.0,enzymatic,False,,none,False,True,True
MZCFHIAAWMNFTK-NHCUHLMSSA-N,COc1cc(C(=O)N2C[C@H](N)C[C@@H](F)C2)cc2nc(-c3cc4ccc(-c5cc(Cl)c(O)c(Cl)c5C)nc4n3CC3CC3)n(C)c12,6.769551078621727,6.769551078621726,6.769551078621726,3,bindingdb|chembl|pubchem_confirmatory,0.3,651.57,45.0,enzymatic,False,,none,False,True,True
GDNYILLQBQRSAV-TWDLTGNASA-N,COc1cc(C(=O)N2CC3CCC2[C@@H]3N)cc2nc(-c3cc4ccc(-c5ccc(O)c(C)c5C)nc4n3CC3CC3)n(C)c12,7.3979400086720375,7.3979400086720375,7.3979400086720375,3,bindingdb|chembl|pubchem_confirmatory,0.3,590.728,44.0,enzymatic,False,,none,False,True,True
YORKLVSHRPADJU-VMFKXFQHSA-N,COc1cc(C(=O)N2CC3CCC2[C@@H]3N)cc2nc(-c3cc4ccc(-c5ccc(O)c(F)c5F)nc4n3CC3CC3)n(C)c12,7.200659450546418,7.200659450546418,7.200659450546418,3,bindingdb|chembl|pubchem_confirmatory,0.3,598.654,44.0,enzymatic,False,,none,False,True,True
RTVAPDXTFXTGSJ-LDZQUKMZSA-N,COc1cc(C(=O)N2CC3CCC2[C@@H]3N)cc2nc(-c3cc4ccc(-c5cc(Cl)c(O)c(Cl)c5C)nc4n3CC3CC3)n(C)c12,6.876148359032914,6.876148359032914,6.876148359032914,3,bindingdb|chembl|pubchem_confirmatory,0.3,645.591,45.0,enzymatic,False,,none,False,True,True
ZOXJHLRPCHUPBA-CWLQOSRCSA-N,COc1cc(C(=O)N2CC3CCC2[C@@H]3N)cc2nc(-c3cc4ccc(-c5ccc(O)c(C(=O)O)c5C)nc4n3CC3CC3)n(C)c12,7.366531544420414,7.366531544420413,7.366531544420413,3,bindingdb|chembl|pubchem_confirmatory,0.3,620.71,46.0,enzymatic,False,,none,False,True,True
BIWGXTGZUUWBHK-RDMIVRQXSA-N,COc1cc(C(=O)N2CC3CCC2[C@@H]3N)cc2nc(-c3cc4ccc(C(O)(CF)CF)cc4n3CC3CC3)n(C)c12,7.4685210829577455,7.468521082957745,7.468521082957745,3,bindingdb|chembl|pubchem_confirmatory,0.3,563.649,41.0,enzymatic,False,,none,False,True,True
YTKPYQIRCMEYIW-DNQXCXABSA-N,COc1cc(C(=O)N2C[C@H](N)C[C@@H](F)C2)cc2nc(-c3cc4ccc(-c5ccc(CO)c(O)c5)nc4n3CC3CC3)n(C)c12,6.946921556516581,6.94692155651658,6.94692155651658,3,bindingdb|chembl|pubchem_confirmatory,0.3,598.679,44.0,enzymatic,False,,none,False,True,True
HTDDLGMVXSHEGI-FGZHOGPDSA-N,COc1cc(C(=O)N2C[C@H](N)C[C@@H](F)C2)cc2nc(-c3cc4ccc(-c5ccc(C(N)=O)cc5Cl)nc4n3CC3CC3)n(C)c12,7.356547323513812,7.356547323513812,7.356547323513812,3,bindingdb|chembl|pubchem_confirmatory,0.3,630.124,45.0,enzymatic,False,,none,False,True,True
DVRXIZHTJMHFKG-FGZHOGPDSA-N,COc1cc(C(=O)N2C[C@H](N)C[C@@H](F)C2)cc2nc(-c3cc4ccc(-c5ccc(C(N)=O)c(F)c5C)nc4n3CC3CC3)n(C)c12,7.2441251443275085,7.2441251443275085,7.2441251443275085,3,bindingdb|chembl|pubchem_confirmatory,0.3,627.696,46.0,enzymatic,False,,none,False,True,True
JZVVYJYLFZYMTO-BTDDGAACSA-N,COc1cc(C(=O)N2CC3CCC2[C@@H]3N)cc2nc(-c3cc4ccc(-c5ccc(CO)c(O)c5)nc4n3CC3CC3)n(C)c12,7.075720713938118,7.075720713938118,7.075720713938118,3,bindingdb|chembl|pubchem_confirmatory,0.3,592.7,44.0,enzymatic,False,,none,False,True,True
BMFIPJAMSGEACW-CCWBKVMBSA-N,COc1cc(C(=O)N2CC3CCC2[C@@H]3N)cc2nc(-c3cc4ccc(-c5ccc(C(N)=O)cc5Cl)nc4n3CC3CC3)n(C)c12,7.161150909262744,7.161150909262744,7.161150909262744,3,bindingdb|chembl|pubchem_confirmatory,0.3,624.145,45.0,enzymatic,False,,none,False,True,True
HOYFQQGGIVDXAF-NYESITDKSA-N,COc1cc(C(=O)N2CC3CCC2[C@@H]3N)cc2nc(-c3cc4ccc(-c5ccc(C(N)=O)c(F)c5C)nc4n3CC3CC3)n(C)c12,6.8326826652518236,6.8326826652518236,6.8326826652518236,3,bindingdb|chembl|pubchem_confirmatory,0.3,621.717,46.0,enzymatic,False,,none,False,True,True
YJSKNYHAAWIQKH-ZJHIYNNSSA-N,COc1cc(C(=O)N2CC3CCC2[C@@H]3N)cc2nc(-c3cc4ccc(-c5ccc6c(c5)CCC6O)nc4n3CC3CC3)n(C)c12,6.701146923590294,6.701146923590294,6.701146923590294,3,bindingdb|chembl|pubchem_confirmatory,0.3,602.739,45.0,enzymatic,False,,none,False,True,True
IQSSSNHYBFHWHB-WOJBJXKFSA-N,COc1cc(C(=O)N2C[C@H](N)C[C@@H](F)C2)cc2nc(-c3cc4ccc(-c5cc(Cl)c(C(N)=O)cc5F)nc4n3CC3CC3)n(C)c12,6.991399828238083,6.991399828238082,6.991399828238082,3,bindingdb|chembl|pubchem_confirmatory,0.3,648.114,46.0,enzymatic,False,,none,False,True,True
PJLWBJYOZPZIFT-ZREWPKOVSA-N,COc1cc(C(=O)N2CC3CCC2[C@@H]3N)cc2nc(-c3cc4ccc(-c5cc(Cl)c(C(N)=O)cc5F)nc4n3CC3CC3)n(C)c12,7.508638306165726,7.508638306165727,7.508638306165727,3,bindingdb|chembl|pubchem_confirmatory,0.3,642.135,46.0,enzymatic,False,,none,False,True,True
JAPCKRKSPYRWRJ-VSGBNLITSA-N,COc1cc(C(=O)N2C[C@H](N)C[C@@H](F)C2)cc2nc(-c3cc4ccc(-c5ccc(CS(C)(=O)=O)cc5)cc4n3CC3CC3)n(C)c12,6.8794260687941495,6.8794260687941495,6.8794260687941495,3,bindingdb|chembl|pubchem_confirmatory,0.3,643.785,46.0,enzymatic,False,,none,False,True,True
NTAMIYQUEXUDSF-LYJBJCQPSA-N,COc1cc(C(=O)N2C[C@H](N)C[C@@H](F)C2)cc2nc(-c3cc4ccc(C(C)(O)C(F)(F)F)cc4n3CC3CC3)n(C)c12,7.403144458284641,7.403144458284641,7.403144458284641,3,bindingdb|chembl|pubchem_confirmatory,0.3,587.618,42.0,enzymatic,False,,none,False,True,True
ZKMIVNQAWDCHAZ-MZLOAMTASA-N,COc1cc(C(=O)N2C[C@H](N)C[C@@H](F)C2)cc2nc(-c3cc4ccc(C(C)(O)CF)nc4n3CC3CC3)n(C)c12,6.7121982700697735,6.7121982700697735,6.7121982700697735,3,bindingdb|chembl|pubchem_confirmatory,0.3,552.626,40.0,enzymatic,False,,none,False,True,True
TWNBLPAYCWNPTA-DUJJBQMASA-N,COc1cc(C(=O)N2C[C@H](N)C[C@@H](F)C2)cc2nc(-c3cc4ccc(C(C)(O)C(F)F)nc4n3CC3CC3)n(C)c12,7.466016198622159,7.466016198622159,7.466016198622159,3,bindingdb|chembl|pubchem_confirmatory,0.3,570.616,41.0,enzymatic,False,,none,False,True,True
INWUOZDRGJLFAS-JWQCQUIFSA-N,COc1cc(C(=O)N2C[C@H](N)C[C@@H](F)C2)cc2nc(-c3cc4ccc(-c5ccc(NC(C)=O)cc5)nc4n3CC3CC3)n(C)c12,7.443697499232712,7.443697499232712,7.443697499232712,3,bindingdb|chembl|pubchem_confirmatory,0.3,609.706,45.0,enzymatic,False,,none,False,True,True
HLOFJUKASKMNOA-JWQCQUIFSA-N,COc1cc(C(=O)N2C[C@H](N)C[C@@H](F)C2)cc2nc(-c3cc4ccc(-c5ccc(NC(C)=O)cc5C)nc4n3CC3CC3)n(C)c12,7.376750709602099,7.376750709602099,7.376750709602099,3,bindingdb|chembl|pubchem_confirmatory,0.3,623.733,46.0,enzymatic,False,,none,False,True,True
PZOXWCXHJCVZRD-CLJLJLNGSA-N,CCc1cc(NC(C)=O)ccc1-c1ccc2cc(-c3nc4cc(C(=O)N5C[C@H](N)C[C@@H](F)C5)cc(OC)c4n3C)n(CC3CC3)c2n1,6.7121982700697735,6.7121982700697735,6.7121982700697735,3,bindingdb|chembl|pubchem_confirmatory,0.3,637.76,47.0,enzymatic,False,,none,False,True,True
YARLERFTFZVOAH-DNQXCXABSA-N,COc1cc(C(=O)N2C[C@H](N)C[C@@H](F)C2)cc2nc(-c3cc4ccc(-c5ccc(CS(C)(=O)=O)cc5F)nc4n3CC3CC3)n(C)c12,7.080921907623927,7.080921907623926,7.080921907623926,3,bindingdb|chembl|pubchem_confirmatory,0.3,662.763,47.0,enzymatic,False,,none,False,True,True
CJVNVXSVTSCGDD-CLJLJLNGSA-N,COc1cc(C(=O)N2C[C@H](N)C[C@@H](F)C2)cc2nc(-c3cc4ccc(-c5ccc(CS(C)(=O)=O)cc5C)nc4n3CC3CC3)n(C)c12,7.180456064458131,7.180456064458131,7.180456064458131,3,bindingdb|chembl|pubchem_confirmatory,0.3,658.8,47.0,enzymatic,False,,none,False,True,True
AVXDQTZNZJCLRC-DNQXCXABSA-N,COc1cc(C(=O)N2C[C@H](N)C[C@@H](F)C2)cc2nc(-c3cc4ccc(-c5ccc(CS(C)(=O)=O)cc5Cl)nc4n3CC3CC3)n(C)c12,7.259637310505756,7.259637310505756,7.259637310505756,3,bindingdb|chembl|pubchem_confirmatory,0.3,679.218,47.0,enzymatic,False,,none,False,True,True
BABGXNDTEONRKP-KSSJMHQNSA-N,COc1cc(C(=O)N2C[C@H](N)C[C@@H](F)C2)cc2nc(-c3cc4ccc(-c5ccc6c(c5)CC(NC(C)=O)C6)nc4n3CC3CC3)n(C)c12,6.739928612014925,6.739928612014925,6.739928612014925,3,bindingdb|chembl|pubchem_confirmatory,0.3,649.771,48.0,enzymatic,False,,none,False,True,True
OEXSWJNFGQNTFG-FGZHOGPDSA-N,COc1cc(C(=O)N2C[C@H](N)C[C@@H](F)C2)cc2nc(-c3cc4ccc(-c5ccc(O)c(C(N)=O)c5C)nc4n3CC3CC3)n(C)c12,7.075720713938118,7.075720713938118,7.075720713938118,3,bindingdb|chembl|pubchem_confirmatory,0.3,625.705,46.0,enzymatic,False,,none,False,True,True
NRMQVMXLJIZNLP-KFHGAJFOSA-N,COc1cc(C(=O)N2CC3CCC2[C@@H]3N)cc2nc(-c3cc4ccc(-c5ccc(NC(C)=O)cc5C)nc4n3CC3CC3)n(C)c12,7.2839966563652006,7.2839966563652006,7.2839966563652006,3,bindingdb|chembl|pubchem_confirmatory,0.3,617.754,46.0,enzymatic,False,,none,False,True,True
QNNGRJSWASCEQT-CPWPOOERSA-N,CCc1cc(NC(C)=O)ccc1-c1ccc2cc(-c3nc4cc(C(=O)N5CC6CCC5[C@@H]6N)cc(OC)c4n3C)n(CC3CC3)c2n1,6.623423042943489,6.623423042943488,6.623423042943488,3,bindingdb|chembl|pubchem_confirmatory,0.3,631.781,47.0,enzymatic,False,,none,False,True,True
HLWMOTMYVBTHKE-RXEARMEOSA-N,COc1cc(C(=O)N2CC3CCC2[C@@H]3N)cc2nc(-c3cc4ccc(-c5ccc(CS(C)(=O)=O)cc5F)nc4n3CC3CC3)n(C)c12,7.214670164989233,7.214670164989233,7.214670164989233,3,bindingdb|chembl|pubchem_confirmatory,0.3,656.784,47.0,enzymatic,False,,none,False,True,True
HCIRFWULQUUPKO-RXEARMEOSA-N,COc1cc(C(=O)N2CC3CCC2[C@@H]3N)cc2nc(-c3cc4ccc(-c5ccc(CS(C)(=O)=O)cc5Cl)nc4n3CC3CC3)n(C)c12,7.5376020021010435,7.537602002101044,7.537602002101044,3,bindingdb|chembl|pubchem_confirmatory,0.3,673.239,47.0,enzymatic,False,,none,False,True,True
IWSZZLVJPYPUBE-WZVKSPBRSA-N,COc1cc(C(=O)N2CC3CCC2[C@@H]3N)cc2nc(-c3cc4ccc(-c5ccc(CS(C)(=O)=O)cc5C)nc4n3CC3CC3)n(C)c12,7.6020599913279625,7.6020599913279625,7.6020599913279625,3,bindingdb|chembl|pubchem_confirmatory,0.3,652.821,47.0,enzymatic,False,,none,False,True,True
OORFLWJTELJDJP-WFLGTWEUSA-N,COc1cc(C(=O)N2CC3CCC2[C@@H]3N)cc2nc(-c3cc4ccc(-c5ccc6c(c5)CC(NC(C)=O)C6)nc4n3CC3CC3)n(C)c12,6.954677021213342,6.954677021213342,6.954677021213342,3,bindingdb|chembl|pubchem_confirmatory,0.3,643.792,48.0,enzymatic,False,,none,False,True,True
VUUVAWCIUCWINX-CWLQOSRCSA-N,COc1cc(C(=O)N2CC3CCC2[C@@H]3N)cc2nc(-c3cc4ccc(-c5ccc(O)c(C(N)=O)c5C)nc4n3CC3CC3)n(C)c12,7.443697499232712,7.443697499232712,7.443697499232712,3,bindingdb|chembl|pubchem_confirmatory,0.3,619.726,46.0,enzymatic,False,,none,False,True,True
UAMGDEBDZXEASD-LLWMTICSSA-N,COCC(C)(O)c1ccc2cc(-c3nc4cc(C(=O)N5C[C@H](N)C[C@@H](F)C5)cc(OC)c4n3C)n(CC3CC3)c2n1,6.958607314841775,6.958607314841775,6.958607314841775,3,bindingdb|chembl|pubchem_confirmatory,0.3,564.662,41.0,enzymatic,False,,none,False,True,True
DDXWSILQKIIRNC-FGZHOGPDSA-N,COc1cc(C(=O)N2C[C@H](N)C[C@@H](F)C2)cc2nc(-c3cc4ccc(-c5cc(C(N)=O)ccc5F)nc4n3CC3CC3)n(C)c12,7.431798275933005,7.431798275933005,7.431798275933005,3,bindingdb|chembl|pubchem_confirmatory,0.3,613.669,45.0,enzymatic,False,,none,False,True,True
UHVYLKQQRRWNSX-DNQXCXABSA-N,COc1cc(C(=O)N2C[C@H](N)C[C@@H](F)C2)cc2nc(-c3cc4ccc(-c5cnc(NC(C)=O)cc5C)nc4n3CC3CC3)n(C)c12,6.226945306635738,6.226945306635738,6.226945306635738,3,bindingdb|chembl|pubchem_confirmatory,0.3,624.721,46.0,enzymatic,False,,none,False,True,True
YLJDLVYCDGHHAW-TWKTUFERSA-N,CCO/C=C/C(=O)Nc1ccc(-c2ccc3cc(-c4nc5cc(C(=O)N6CC7CCC6[C@@H]7N)cc(OC)c5n4C)n(CC4CC4)c3n2)c(C)c1,6.801342913045577,6.801342913045577,6.801342913045577,3,bindingdb|chembl|pubchem_confirmatory,0.3,673.818,50.0,enzymatic,False,,none,False,True,True
FKHBAUDDQMKFPK-LDZQUKMZSA-N,COc1cc(C(=O)N2CC3CCC2[C@@H]3N)cc2nc(-c3cc4ccc(-c5cccc(C(N)=O)c5F)nc4n3CC3CC3)n(C)c12,7.619788758288394,7.619788758288394,7.619788758288394,3,bindingdb|chembl|pubchem_confirmatory,0.3,607.69,45.0,enzymatic,False,,none,False,True,True
QQSJUMSEEMTHQP-TWDLTGNASA-N,COc1cc(C(=O)N2CC3CCC2[C@@H]3N)cc2nc(-c3cc4ccc(-c5cnc(NC(C)=O)cc5C)nc4n3CC3CC3)n(C)c12,6.441291429466834,6.441291429466834,6.441291429466834,3,bindingdb|chembl|pubchem_confirmatory,0.3,618.742,46.0,enzymatic,False,,none,False,True,True
AAUHSICUDJELSM-FWLHTVFYSA-N,COc1cc(C(=O)N2CC3CCC2[C@@H]3N)cc2nc(-c3cc4ccc(-c5ccc(C(O)CO)cc5)nc4n3CC3CC3)n(C)c12,5.945770090136603,5.945770090136603,5.945770090136603,3,bindingdb|chembl|pubchem_confirmatory,0.3,606.727,45.0,enzymatic,False,,none,False,True,True
WMGNDELACKZRCX-OHDKKKEWSA-N,COc1cc(C(=O)N2C[C@H](N)C[C@@H](F)C2)cc2nc(-c3cc4ccc(C(C)(O)C(F)(F)F)nc4n3CC3CC3)n(C)c12,6.6734033943152875,6.6734033943152875,6.6734033943152875,3,bindingdb|chembl|pubchem_confirmatory,0.3,588.606,42.0,enzymatic,False,,none,False,True,True
MJASDIXJTLGTSV-WOJBJXKFSA-N,COc1cc(C(=O)N2C[C@H](N)C[C@@H](F)C2)cc2nc(-c3cc4ccc(C5(O)CSC5)nc4n3CC3CC3)n(C)c12,6.642065152999546,6.642065152999546,6.642065152999546,3,bindingdb|chembl|pubchem_confirmatory,0.3,564.687,40.0,enzymatic,False,,none,False,True,True
WVSMZASDNOZZOK-CRLCSLCLSA-N,COc1cc(C(=O)N2CC3CCC2[C@@H]3N)cc2nc(-c3cc4ccc(-c5cccc(C(N)=O)c5C)nc4n3CC3CC3)n(C)c12,7.180456064458131,7.180456064458131,7.180456064458131,3,bindingdb|chembl|pubchem_confirmatory,0.3,603.727,45.0,enzymatic,False,,none,False,True,True
VPRIXAPXYJHZRG-RXEARMEOSA-N,COc1cc(C(=O)N2CC3CCC2[C@@H]3N)cc2nc(-c3cc4ccc(-c5ccc(CS(C)(=O)=O)c(F)c5)nc4n3CC3CC3)n(C)c12,6.130181792020672,6.130181792020672,6.130181792020672,3,bindingdb|chembl|pubchem_confirmatory,0.3,656.784,47.0,enzymatic,False,,none,False,True,True
ZMZKRYVQWDUPCE-JWJBQAENSA-N,COc1cc(C(=O)N2CC3CCC2[C@@H]3N)cc2nc(-c3cc4ccc(N5CCC6(CC5)CNC(=O)O6)cc4n3CC3CC3)n(C)c12,7.327902142064282,7.327902142064282,7.327902142064282,3,bindingdb|chembl|pubchem_confirmatory,0.3,623.758,46.0,enzymatic,False,,none,False,True,True
LBJJCHZJQSVZHS-DNQXCXABSA-N,COc1cc(C(=O)N2C[C@H](N)C[C@@H](F)C2)cc2nc(-c3cc4ccc(N5CCC6(CC5)CNC(=O)O6)cc4n3CC3CC3)n(C)c12,7.207608310501745,7.207608310501746,7.207608310501746,3,bindingdb|chembl|pubchem_confirmatory,0.3,629.737,46.0,enzymatic,False,,none,False,True,True
SJNJIWRLDFKVHT-DHIUTWEWSA-N,COc1cc(C(=O)N2C[C@H](N)C[C@@H](F)C2)cc2nc(-c3cc4ccc(N5CCC6(CC5)CNC(=O)O6)nc4n3CC3CC3)n(C)c12,7.4685210829577455,7.468521082957745,7.468521082957745,3,bindingdb|chembl|pubchem_confirmatory,0.3,630.725,46.0,enzymatic,False,,none,False,True,True
PMZFYJOLEOULGB-JWJBQAENSA-N,COc1cc(C(=O)N2CC3CCC2[C@@H]3N)cc2nc(-c3cc4ccc(N5CCC6(CC5)CNC6=O)cc4n3CC3CC3)n(C)c12,7.0655015487564325,7.0655015487564325,7.0655015487564325,3,bindingdb|chembl|pubchem_confirmatory,0.3,607.759,45.0,enzymatic,False,,none,False,True,True
NBSHFYGASSIHER-DNQXCXABSA-N,COc1cc(C(=O)N2C[C@H](N)C[C@@H](F)C2)cc2nc(-c3cc4ccc(N5CCC6(CC5)CNC6=O)cc4n3CC3CC3)n(C)c12,6.85078088734462,6.85078088734462,6.85078088734462,3,bindingdb|chembl|pubchem_confirmatory,0.3,613.738,45.0,enzymatic,False,,none,False,True,True
YLYDYTKVPINYDN-DHIUTWEWSA-N,COc1cc(C(=O)N2C[C@H](N)C[C@@H](F)C2)cc2nc(-c3cc4ccc(N5CCC6(CC5)CNC6=O)nc4n3CC3CC3)n(C)c12,7.0655015487564325,7.0655015487564325,7.0655015487564325,3,bindingdb|chembl|pubchem_confirmatory,0.3,614.726,45.0,enzymatic,False,,none,False,True,True
TVEUWOYRXFLNTK-DNQXCXABSA-N,COc1cc(C(=O)N2C[C@H](N)C[C@@H](F)C2)cc2nc(-c3cc4ccc(-c5cc(C(N)=O)ccc5C)nc4n3CC3CC3)n(C)c12,7.180456064458131,7.180456064458131,7.180456064458131,3,bindingdb|chembl|pubchem_confirmatory,0.3,609.706,45.0,enzymatic,False,,none,False,True,True
QMFHNSWDESLYCB-JWQCQUIFSA-N,CCc1cc(C(N)=O)ccc1-c1ccc2cc(-c3nc4cc(C(=O)N5C[C@H](N)C[C@@H](F)C5)cc(OC)c4n3C)n(CC3CC3)c2n1,7.508638306165726,7.508638306165727,7.508638306165727,3,bindingdb|chembl|pubchem_confirmatory,0.3,623.733,46.0,enzymatic,False,,none,False,True,True
GCTSYWMLOVHIIS-STHVYQTBSA-N,COc1cc(C(=O)N2CC3CCC2[C@@H]3N)cc2nc(-c3cc4ccc(-c5cc(C(N)=O)ccc5C)nc4n3CC3CC3)n(C)c12,7.455931955649724,7.455931955649724,7.455931955649724,3,bindingdb|chembl|pubchem_confirmatory,0.3,603.727,45.0,enzymatic,False,,none,False,True,True
ORALVNWJRJMLLQ-SGAJGPLNSA-N,CCc1cc(C(N)=O)ccc1-c1ccc2cc(-c3nc4cc(C(=O)N5CC6CCC5[C@@H]6N)cc(OC)c4n3C)n(CC3CC3)c2n1,6.8297382846050425,6.8297382846050425,6.8297382846050425,3,bindingdb|chembl|pubchem_confirmatory,0.3,617.754,46.0,enzymatic,False,,none,False,True,True
PTRZXOJBZYBLDT-FGZHOGPDSA-N,COc1cc(C(=O)N2C[C@H](N)C[C@@H](F)C2)cc2nc(-c3cc4ccc(-c5ccc(C(N)=O)c(Cl)c5)nc4n3CC3CC3)n(C)c12,7.187086643357144,7.187086643357144,7.187086643357144,3,bindingdb|chembl|pubchem_confirmatory,0.3,630.124,45.0,enzymatic,False,,none,False,True,True
MMJPTLDCRUEJNC-FGZHOGPDSA-N,COc1cc(C(=O)N2C[C@H](N)C[C@@H](F)C2)cc2nc(-c3cc4ccc(-c5ccc(C(N)=O)cc5C(F)(F)F)nc4n3CC3CC3)n(C)c12,7.346787486224656,7.346787486224656,7.346787486224656,3,bindingdb|chembl|pubchem_confirmatory,0.3,663.676,48.0,enzymatic,False,,none,False,True,True
ADZYNVDREBAWEO-DHIUTWEWSA-N,COc1cc(C(=O)N2C[C@H](N)C[C@@H](F)C2)cc2nc(-c3cc4ccc(-c5cc(F)c(CS(C)(=O)=O)cc5F)nc4n3CC3CC3)n(C)c12,6.684029654543082,6.684029654543082,6.684029654543082,3,bindingdb|chembl|pubchem_confirmatory,0.3,680.753,48.0,enzymatic,False,,none,False,True,True
RRQZTZQKKRPDLS-DNQXCXABSA-N,COC(=O)Nc1cccc(-c2ccc3cc(-c4nc5cc(C(=O)N6C[C@H](N)C[C@@H](F)C6)cc(OC)c5n4C)n(CC4CC4)c3n2)c1C,7.119186407719209,7.119186407719209,7.119186407719209,3,bindingdb|chembl|pubchem_confirmatory,0.3,639.732,47.0,enzymatic,False,,none,False,True,True
XCUPIKUMZRTKAU-DHIUTWEWSA-N,COC(=O)Nc1cccc(-c2ccc3cc(-c4nc5cc(C(=O)N6C[C@H](N)C[C@@H](F)C6)cc(OC)c5n4C)n(CC4CC4)c3n2)c1OC,6.962573502059375,6.962573502059376,6.962573502059376,3,bindingdb|chembl|pubchem_confirmatory,0.3,655.731,48.0,enzymatic,False,,none,False,True,True
QEFYHTWMHLVBQJ-CCWBKVMBSA-N,COc1cc(C(=O)N2CC3CCC2[C@@H]3N)cc2nc(-c3cc4ccc(-c5ccc(C(N)=O)c(C(F)(F)F)c5)nc4n3CC3CC3)n(C)c12,6.8696662315049934,6.8696662315049934,6.8696662315049934,3,bindingdb|chembl|pubchem_confirmatory,0.3,657.697,48.0,enzymatic,False,,none,False,True,True
MCHBIBJDLRPAQW-CCWBKVMBSA-N,COc1cc(C(=O)N2CC3CCC2[C@@H]3N)cc2nc(-c3cc4ccc(-c5ccc(C(N)=O)cc5C(F)(F)F)nc4n3CC3CC3)n(C)c12,7.42021640338319,7.42021640338319,7.42021640338319,3,bindingdb|chembl|pubchem_confirmatory,0.3,657.697,48.0,enzymatic,False,,none,False,True,True
BXTBDGFIEACTGW-CRLCSLCLSA-N,COc1cc(C(=O)N2CC3CCC2[C@@H]3N)cc2nc(-c3cc4ccc(-c5cccc(C(=O)O)c5C)nc4n3CC3CC3)n(C)c12,6.991399828238083,6.991399828238082,6.991399828238082,3,bindingdb|chembl|pubchem_confirmatory,0.3,604.711,45.0,enzymatic,False,,none,False,True,True
DUFHJZMKUIJMTQ-IZXGGDEESA-N,COc1cc(C(=O)N2CC3CCC2[C@@H]3N)cc2nc(-c3cc4ccc(-c5cc(F)c(CS(C)(=O)=O)cc5F)nc4n3CC3CC3)n(C)c12,6.958607314841775,6.958607314841775,6.958607314841775,3,bindingdb|chembl|pubchem_confirmatory,0.3,674.774,48.0,enzymatic,False,,none,False,True,True
FSHZDKTYBWMJJC-WZVKSPBRSA-N,COc1cc(C(=O)N2CC3CCC2[C@@H]3N)cc2nc(-c3cc4ccc(-c5ccc(CS(C)(=O)=O)c(C)c5)nc4n3CC3CC3)n(C)c12,6.954677021213342,6.954677021213342,6.954677021213342,3,bindingdb|chembl|pubchem_confirmatory,0.3,652.821,47.0,enzymatic,False,,none,False,True,True
JIOWVQAQYIYCRV-RXEARMEOSA-N,COC(=O)Nc1cccc(-c2ccc3cc(-c4nc5cc(C(=O)N6CC7CCC6[C@@H]7N)cc(OC)c5n4C)n(CC4CC4)c3n2)c1C,7.366531544420414,7.366531544420413,7.366531544420413,3,bindingdb|chembl|pubchem_confirmatory,0.3,633.753,47.0,enzymatic,False,,none,False,True,True
AWXFZSUZAAFDQV-CRLCSLCLSA-N,COC(=O)Nc1cccc(-c2ccc3cc(-c4nc5cc(C(=O)N6CC7CCC6[C@@H]7N)cc(OC)c5n4C)n(CC4CC4)c3n2)c1OC,7.031517051446065,7.031517051446065,7.031517051446065,3,bindingdb|chembl|pubchem_confirmatory,0.3,649.752,48.0,enzymatic,False,,none,False,True,True
PTTBALOBVLKFGM-NHCUHLMSSA-N,COc1cc(C(=O)N2C[C@H](N)C[C@@H](F)C2)cc2nc(-c3cc4ccc(-c5cccc(F)c5C(=O)O)nc4n3CC3CC3)n(C)c12,6.931814138253838,6.931814138253838,6.931814138253838,3,bindingdb|chembl|pubchem_confirmatory,0.3,614.653,45.0,enzymatic,False,,none,False,True,True
YLPZCTJSKXPNMN-FGZHOGPDSA-N,COc1cc(C(=O)N2C[C@H](N)C[C@@H](F)C2)cc2nc(-c3cc4ccc(-c5ccc(S(C)(=O)=O)cn5)nc4n3CC3CC3)n(C)c12,7.154901959985743,7.154901959985743,7.154901959985743,3,bindingdb|chembl|pubchem_confirmatory,0.3,631.734,45.0,enzymatic,False,,none,False,True,True
ZCTYWCIHHNRBOL-DNQXCXABSA-N,COc1cc(C(=O)N2C[C@H](N)C[C@@H](F)C2)cc2nc(-c3cc4ccc(-c5ccn6c(C)nnc6c5)nc4n3CC3CC3)n(C)c12,7.42021640338319,7.42021640338319,7.42021640338319,3,bindingdb|chembl|pubchem_confirmatory,0.3,607.694,45.0,enzymatic,False,,none,False,True,True
LPNYEVWDKZNWTL-LDZQUKMZSA-N,COc1cc(C(=O)N2CC3CCC2[C@@H]3N)cc2nc(-c3cc4ccc(-c5cccc(F)c5C(=O)O)nc4n3CC3CC3)n(C)c12,6.876148359032914,6.876148359032914,6.876148359032914,3,bindingdb|chembl|pubchem_confirmatory,0.3,608.674,45.0,enzymatic,False,,none,False,True,True
KVAKJWBKNMJJCK-JWJBQAENSA-N,COc1cc(C(=O)N2CC3CCC2[C@@H]3N)cc2nc(-c3cc4ccc(-c5ccn6c(C)nnc6c5)nc4n3CC3CC3)n(C)c12,7.327902142064282,7.327902142064282,7.327902142064282,3,bindingdb|chembl|pubchem_confirmatory,0.3,601.715,45.0,enzymatic,False,,none,False,True,True
FSICPAQBNLGLOQ-XBPDSQQVSA-N,COc1cc(C(=O)N2CC3CCC2[C@@H]3N)cc2nc(-c3cc4ccc(N5CCC6(CC5)CN(C)C(=O)O6)cc4n3CC3CC3)n(C)c12,7.167491087293764,7.167491087293763,7.167491087293763,3,bindingdb|chembl|pubchem_confirmatory,0.3,637.785,47.0,enzymatic,False,,none,False,True,True
IMAVTPSWMXQTMH-HIGDUGLOSA-N,COc1cc(C(=O)N2CC3CCC2[C@@H]3N)cc2nc(-c3cc4ccc(N5CCC6(CC5)CN(C)C(=O)O6)nc4n3CC3CC3)n(C)c12,7.229147988357855,7.229147988357855,7.229147988357855,3,bindingdb|chembl|pubchem_confirmatory,0.3,638.773,47.0,enzymatic,False,,none,False,True,True
FVXJVSVQTBIMLP-JWQCQUIFSA-N,COc1cc(C(=O)N2C[C@H](N)C[C@@H](F)C2)cc2nc(-c3cc4ccc(N5CCC6(CC5)CN(C)C(=O)O6)cc4n3CC3CC3)n(C)c12,6.9065783148377635,6.906578314837764,6.906578314837764,3,bindingdb|chembl|pubchem_confirmatory,0.3,643.764,47.0,enzymatic,False,,none,False,True,True
QRGOMSVAPGKEHW-BTDDGAACSA-N,COc1cc(C(=O)N2CC3CCC2[C@@H]3N)cc2nc(-c3cc4ccc(N5CC(C(C)(C)O)C5)cc4n3CC3CC3)n(C)c12,6.269217724333611,6.269217724333611,6.269217724333611,3,bindingdb|chembl|pubchem_confirmatory,0.3,582.749,43.0,enzymatic,False,,none,False,True,True
CGDLOECKRZVYBI-XBPDSQQVSA-N,COc1cc(C(=O)N2CC3CCC2[C@@H]3N)cc2nc(-c3cc4ccc(N5CCC6(CCNC6=O)CC5)cc4n3CC3CC3)n(C)c12,7.113509274827518,7.113509274827518,7.113509274827518,3,bindingdb|chembl|pubchem_confirmatory,0.3,621.786,46.0,enzymatic,False,,none,False,True,True
JVNSTEXLLALCGX-TWDLTGNASA-N,COc1cc(C(=O)N2CC3CCC2[C@@H]3N)cc2nc(-c3cc4ccc(N5CCC(S(C)(=O)=O)CC5)cc4n3CC3CC3)n(C)c12,7.346787486224656,7.346787486224656,7.346787486224656,3,bindingdb|chembl|pubchem_confirmatory,0.3,630.815,45.0,enzymatic,False,,none,False,True,True
OGGLSYYSKZNXTN-XBPDSQQVSA-N,COc1cc(C(=O)N2CC3CCC2[C@@H]3N)cc2nc(-c3cc4ccc(N5CCC(C#N)CC5)cc4n3CC3CC3)n(C)c12,7.823908740944319,7.823908740944319,7.823908740944319,3,bindingdb|chembl|pubchem_confirmatory,0.3,577.733,43.0,enzymatic,False,,none,False,True,True
JOKABYJRIUOVAW-BYICHJTDSA-N,COc1cc(C(=O)N2CC3CCC2[C@@H]3N)cc2nc(-c3cc4ccc(N5CCC(C(C)(C)O)CC5)cc4n3CC3CC3)n(C)c12,7.236572006437062,7.236572006437063,7.236572006437063,3,bindingdb|chembl|pubchem_confirmatory,0.3,610.803,45.0,enzymatic,False,,none,False,True,True
JUUZXDDQCFPIHG-TWDLTGNASA-N,COc1cc(C(=O)N2CC3CCC2[C@@H]3N)cc2nc(-c3cc4ccc(N5CCC(OC)CC5)cc4n3CC3CC3)n(C)c12,7.292429823902064,7.292429823902063,7.292429823902063,3,bindingdb|chembl|pubchem_confirmatory,0.3,582.749,43.0,enzymatic,False,,none,False,True,True
WOTRIHMCPYFAAL-IKXBFRDRSA-N,COc1cc(C(=O)N2CC3CCC2[C@@H]3N)cc2nc(-c3cc4ccc(N5CCC6(CC5)CNC(=O)C6)cc4n3CC3CC3)n(C)c12,7.031517051446065,7.031517051446065,7.031517051446065,3,bindingdb|chembl|pubchem_confirmatory,0.3,621.786,46.0,enzymatic,False,,none,False,True,True
UXUIFFMVADUAON-CXBZOWBPSA-N,COc1cc(C(=O)N2CC3CCC2[C@@H]3N)cc2nc(-c3cc4ccc(N5CC6(CCS6(=O)=O)C5)cc4n3CC3CC3)n(C)c12,8.221848749616356,8.221848749616356,8.221848749616356,3,bindingdb|chembl|pubchem_confirmatory,0.3,614.772,44.0,enzymatic,False,,none,False,True,True
BKOVJKDVTRSWCK-JWQCQUIFSA-N,CCc1cc(NC(C)=O)ncc1-c1ccc2cc(-c3nc4cc(C(=O)N5C[C@H](N)C[C@@H](F)C5)cc(OC)c4n3C)n(CC3CC3)c2n1,7.142667503568731,7.142667503568731,7.142667503568731,3,bindingdb|chembl|pubchem_confirmatory,0.3,638.748,47.0,enzymatic,False,,none,False,True,True
RFCNPNNBRUVFRT-DHIUTWEWSA-N,COc1cc(C(=O)N2C[C@H](N)C[C@@H](F)C2)cc2nc(-c3cc4ccc(-c5cnc(C(N)=O)c(C)c5)nc4n3CC3CC3)n(C)c12,6.790484985457369,6.790484985457369,6.790484985457369,3,bindingdb|chembl|pubchem_confirmatory,0.3,610.694,45.0,enzymatic,False,,none,False,True,True
ILQYXKNEIWZBKP-DHIUTWEWSA-N,COc1cc(C(=O)N2C[C@H](N)C[C@@H](F)C2)cc2nc(-c3cc4ccc(-c5ccc(CC(N)=O)nc5)nc4n3CC3CC3)n(C)c12,6.892790030352131,6.892790030352131,6.892790030352131,3,bindingdb|chembl|pubchem_confirmatory,0.3,610.694,45.0,enzymatic,False,,none,False,True,True
JXTWDBJEXUUNOT-FGZHOGPDSA-N,COC(=O)Nc1cccc(-c2ccc3cc(-c4nc5cc(C(=O)N6C[C@H](N)C[C@@H](F)C6)cc(OC)c5n4C)n(CC4CC4)c3n2)c1Cl,7.136677139879544,7.136677139879544,7.136677139879544,3,bindingdb|chembl|pubchem_confirmatory,0.3,660.15,47.0,enzymatic,False,,none,False,True,True
QUKPDDIZVPFOBT-FGZHOGPDSA-N,COc1cc(C(=O)N2C[C@H](N)C[C@@H](F)C2)cc2nc(-c3cc4ccc(-c5cc(C)c(C(N)=O)cc5F)nc4n3CC3CC3)n(C)c12,7.2839966563652006,7.2839966563652006,7.2839966563652006,3,bindingdb|chembl|pubchem_confirmatory,0.3,627.696,46.0,enzymatic,False,,none,False,True,True
DQJSVRBIHUAFPF-BYICHJTDSA-N,CCc1cc(NC(C)=O)ncc1-c1ccc2cc(-c3nc4cc(C(=O)N5CC6CCC5[C@@H]6N)cc(OC)c4n3C)n(CC3CC3)c2n1,7.366531544420414,7.366531544420413,7.366531544420413,3,bindingdb|chembl|pubchem_confirmatory,0.3,632.769,47.0,enzymatic,False,,none,False,True,True
PJDDNYCBFRRFLF-QZPZUKOXSA-N,COc1cc(C(=O)N2CC3CCC2[C@@H]3N)cc2nc(-c3cc4ccc(-c5cnc(C(N)=O)c(C)c5)nc4n3CC3CC3)n(C)c12,7.2839966563652006,7.2839966563652006,7.2839966563652006,3,bindingdb|chembl|pubchem_confirmatory,0.3,604.715,45.0,enzymatic,False,,none,False,True,True
CFOVVWJRGMLRSG-BTDDGAACSA-N,COc1cc(C(=O)N2CC3CCC2[C@@H]3N)cc2nc(-c3cc4ccc(-c5ccc(CC(N)=O)nc5)nc4n3CC3CC3)n(C)c12,6.835647144215563,6.835647144215563,6.835647144215563,3,bindingdb|chembl|pubchem_confirmatory,0.3,604.715,45.0,enzymatic,False,,none,False,True,True
WOZJNFIZDLFQEO-NYESITDKSA-N,COC(=O)Nc1cccc(-c2ccc3cc(-c4nc5cc(C(=O)N6CC7CCC6[C@@H]7N)cc(OC)c5n4C)n(CC4CC4)c3n2)c1Cl,7.236572006437062,7.236572006437063,7.236572006437063,3,bindingdb|chembl|pubchem_confirmatory,0.3,654.171,47.0,enzymatic,False,,none,False,True,True
LHCGWKJDICUCEG-KTBVXVCESA-N,COc1cc(C(=O)N2CC3CCC2[C@@H]3N)cc2nc(-c3cc4ccc(-c5cc(C)c(C(N)=O)cc5F)nc4n3CC3CC3)n(C)c12,7.6777807052660805,7.6777807052660805,7.6777807052660805,3,bindingdb|chembl|pubchem_confirmatory,0.3,621.717,46.0,enzymatic,False,,none,False,True,True
ZSPUZGFFEIPWHL-NHCUHLMSSA-N,COC(=O)c1cc(-c2ccc3cc(-c4nc5cc(C(=O)N6C[C@H](N)C[C@@H](F)C6)cc(OC)c5n4C)n(CC4CC4)c3n2)n(C)n1,6.991399828238083,6.991399828238082,6.991399828238082,3,bindingdb|chembl|pubchem_confirmatory,0.3,614.682,45.0,enzymatic,False,,none,False,True,True
AYPZIDFAQSNVAH-QZPZUKOXSA-N,COc1cc(C(=O)N2CC3CCC2[C@@H]3N)cc2nc(-c3cc4ccc(-c5ccc(C(N)=O)cn5)nc4n3CC3CC3)n(C)c12,6.982966660701219,6.982966660701219,6.982966660701219,3,bindingdb|chembl|pubchem_confirmatory,0.3,590.688,44.0,enzymatic,False,,none,False,True,True
MSGJHQXKXPYRIU-CDNDPLPTSA-N,COc1cc(C(=O)N2CC3CCC2[C@@H]3N)cc2nc(-c3cc4ccc(-c5cccc(CS(N)(=O)=O)c5)nc4n3CC3CC3)n(C)c12,6.946921556516581,6.94692155651658,6.94692155651658,3,bindingdb|chembl|pubchem_confirmatory,0.3,639.782,46.0,enzymatic,False,,none,False,True,True
DXYLRDMXMRDFTH-WFNCXJDMSA-N,COc1cc(C(=O)N2CC3CCC2[C@@H]3N)cc2nc(-c3cc4ccc(-c5cc(Cl)c(C(N)=O)cn5)nc4n3CC3CC3)n(C)c12,6.701146923590294,6.701146923590294,6.701146923590294,3,bindingdb|chembl|pubchem_confirmatory,0.3,625.133,45.0,enzymatic,False,,none,False,True,True
NOESNEOACOJOOV-LCRYKWFRSA-N,COC(=O)c1cc(-c2ccc3cc(-c4nc5cc(C(=O)N6CC7CCC6[C@@H]7N)cc(OC)c5n4C)n(CC4CC4)c3n2)n(C)n1,7.1938200260161125,7.1938200260161125,7.1938200260161125,3,bindingdb|chembl|pubchem_confirmatory,0.3,608.703,45.0,enzymatic,False,,none,False,True,True
RONTWMXREPPAIL-DNQXCXABSA-N,COc1cc(C(=O)N2C[C@H](N)C[C@@H](F)C2)cc2nc(-c3cc4ccc(-c5ccn6nc(C)c(F)c6c5)nc4n3CC3CC3)n(C)c12,7.366531544420414,7.366531544420413,7.366531544420413,3,bindingdb|chembl|pubchem_confirmatory,0.3,624.696,46.0,enzymatic,False,,none,False,True,True
ATTNJTRUWLVMCT-DHIUTWEWSA-N,COc1cc(C(=O)N2C[C@H](N)C[C@@H](F)C2)cc2nc(-c3cc4ccc(-c5ccn6nc(C)cc6n5)nc4n3CC3CC3)n(C)c12,6.991399828238083,6.991399828238082,6.991399828238082,3,bindingdb|chembl|pubchem_confirmatory,0.3,607.694,45.0,enzymatic,False,,none,False,True,True
LTVGBCODLSLBIO-XKHRETHESA-N,COc1cc(C(=O)N2CC3CCC2[C@@H]3N)cc2nc(-c3cc4ccc(-c5ccn6nc(C)c(F)c6c5)nc4n3CC3CC3)n(C)c12,7.214670164989233,7.214670164989233,7.214670164989233,3,bindingdb|chembl|pubchem_confirmatory,0.3,618.717,46.0,enzymatic,False,,none,False,True,True
UACQDUPHYCPIOX-SGAJGPLNSA-N,COc1cc(C(=O)N2CC3CCC2[C@@H]3N)cc2nc(-c3cc4ccc(-c5cccc(NC(=O)N(C)C)c5)nc4n3CC3CC3)n(C)c12,6.821023052706831,6.821023052706831,6.821023052706831,3,bindingdb|chembl|pubchem_confirmatory,0.3,632.769,47.0,enzymatic,False,,none,False,True,True
QGEJKJSQWLJMOB-FUHTXCSMSA-N,COc1cc(C(=O)N2C[C@H](N)C[C@@H](F)C2)cc2nc(-c3cc4ccc(C(O)C(F)F)cc4n3CC3CC3)n(C)c12,7.2441251443275085,7.2441251443275085,7.2441251443275085,3,bindingdb|chembl|pubchem_confirmatory,0.3,555.601,40.0,enzymatic,False,,none,False,True,True
BRSGVFMESYIADP-FGZHOGPDSA-N,COC(=O)N1CC(c2ccc3cc(-c4nc5cc(C(=O)N6C[C@H](N)C[C@@H](F)C6)cc(OC)c5n4C)n(CC4CC4)c3n2)C1,7.494850021680094,7.494850021680094,7.494850021680094,3,bindingdb|chembl|pubchem_confirmatory,0.3,589.672,43.0,enzymatic,False,,none,False,True,True
AVZPYGVYGUQCGL-DHIUTWEWSA-N,COc1cc(C(=O)N2C[C@H](N)C[C@@H](F)C2)cc2nc(-c3cc4ccc(C5CN(C(C)=O)C5)nc4n3CC3CC3)n(C)c12,6.866461091629783,6.866461091629782,6.866461091629782,3,bindingdb|chembl|pubchem_confirmatory,0.3,573.673,42.0,enzymatic,False,,none,False,True,True
DVGOWAMZGQLPCM-UHFFFAOYSA-N,COc1cc(C(=O)N2CC3CCC2C3)cc2nc(-c3cc4ccc(N(C)C)cc4n3CC3CC3)n(C)c12,6.709965388637482,6.709965388637482,6.709965388637482,3,bindingdb|chembl|pubchem_confirmatory,0.3,497.643,37.0,enzymatic,False,,none,False,True,True
XWEWXJUACSQEKN-LDZQUKMZSA-N,COc1cc(C(=O)N2CC3CCC2[C@@H]3N)cc2nc(-c3cc4ccc(-c5cccc(C(F)F)c5F)nc4n3CC3CC3)n(C)c12,6.8297382846050425,6.8297382846050425,6.8297382846050425,3,bindingdb|chembl|pubchem_confirmatory,0.3,614.672,45.0,enzymatic,False,,none,False,True,True
CDWNYDNUJBESIQ-XXLUKPGQSA-N,Cn1c(-c2cc3ccc(C(C)(F)F)nc3n2CC2CC2)nc2cc(C(=O)N3CC4CCC3[C@@H]4N)cc(F)c21,7.619788758288394,7.619788758288394,7.619788758288394,3,bindingdb|chembl|pubchem_confirmatory,0.3,522.575,38.0,enzymatic,False,,none,False,True,True
LEUMWJTXRVOXTD-QZTJIDSGSA-N,Cn1c(-c2cc3ccc(C(C)(F)F)nc3n2CC2CC2)nc2cc(C(=O)N3C[C@H](N)C[C@@H](F)C3)cc(F)c21,7.180456064458131,7.180456064458131,7.180456064458131,3,bindingdb|chembl|pubchem_confirmatory,0.3,528.554,38.0,enzymatic,False,,none,False,True,True
CHIULSXBIMEZGO-RGSZASNESA-N,COc1cc(C(=O)N2C[C@H](N)C[C@@H](F)C2)cc2nc(-c3cc4ccc(-c5ccc(N6C[C@H](CO)OC6=O)cc5)nc4n3CC3CC3)n(C)c12,7.698970004336019,7.698970004336019,7.698970004336019,3,bindingdb|chembl|pubchem_confirmatory,0.3,667.742,49.0,enzymatic,False,,none,False,True,True
WXZASPIUZKBXFY-HXUWFJFHSA-N,COc1cc(C(=O)N2CCC[C@@H](N)C2)cc2nc(-c3cc4ccc(NS(C)(=O)=O)cc4n3CC3CC3)n(C)c12,5.801342913045577,5.801342913045577,5.801342913045577,2,bindingdb|pubchem_confirmatory,0.5,550.685,39.0,enzymatic,False,,none,False,True,True
UKAJPEGOTXQUMD-OAQYLSRUSA-N,COc1cc(C(=O)N2CCC[C@@H](N)C2)cc2nc(-c3cc4ccc(N(C)S(C)(=O)=O)cc4n3CC3CC3)n(C)c12,6.6777807052660805,6.6777807052660805,6.6777807052660805,2,bindingdb|pubchem_confirmatory,0.5,564.712,40.0,enzymatic,False,,none,False,True,True
XMLNOTFMOBYSBU-HXUWFJFHSA-N,COc1cc(C(=O)N2CCC[C@@H](N)C2)cc2nc(-c3cc4ccc(N(C)S(C)(=O)=O)nc4n3CC3CC3)n(C)c12,6.913640169325252,6.913640169325252,6.913640169325252,2,bindingdb|pubchem_confirmatory,0.5,565.7,40.0,enzymatic,False,,none,False,True,True
KXYKSZAVMJHLBE-DYESRHJHSA-N,COc1cc(C(=O)N2CCC[C@@H](N)[C@H]2C)cc2nc(-c3cc4ccc(N(C)S(C)(=O)=O)nc4n3CC3CC3)n(C)c12,6.826813731587726,6.826813731587726,6.826813731587726,2,bindingdb|pubchem_confirmatory,0.5,579.727,41.0,enzymatic,False,,none,False,True,True
KVTKINWILIQXMO-OAQYLSRUSA-N,CCN(c1ccc2cc(-c3nc4cc(C(=O)N5CCC[C@@H](N)C5)cc(OC)c4n3C)n(CC3CC3)c2n1)S(C)(=O)=O,7.104577453960593,7.104577453960593,7.104577453960593,2,bindingdb|pubchem_confirmatory,0.5,579.727,41.0,enzymatic,False,,none,False,True,True
VCWHGOPUEXSIAX-JOCHJYFZSA-N,COc1cc(C(=O)N2CCC[C@@H](N)C2)cc2nc(-c3cc4ccc(N(C(C)C)S(C)(=O)=O)nc4n3CC3CC3)n(C)c12,7.22548303427145,7.22548303427145,7.22548303427145,2,bindingdb|pubchem_confirmatory,0.5,593.754,42.0,enzymatic,False,,none,False,True,True
BVUMJIRBLWLPNT-OAQYLSRUSA-N,CCS(=O)(=O)N(C)c1ccc2cc(-c3nc4cc(C(=O)N5CCC[C@@H](N)C5)cc(OC)c4n3C)n(CC3CC3)c2n1,6.785156151952302,6.785156151952302,6.785156151952302,2,bindingdb|pubchem_confirmatory,0.5,579.727,41.0,enzymatic,False,,none,False,True,True
IQBWRGJGZDFIDQ-OAQYLSRUSA-N,COc1cc(C(=O)N2CCC[C@@H](N)C2)cc2nc(-c3cc4ccc(N(C)S(=O)(=O)C5CC5)nc4n3CC3CC3)n(C)c12,6.721246399047171,6.721246399047171,6.721246399047171,2,bindingdb|pubchem_confirmatory,0.5,591.738,42.0,enzymatic,False,,none,False,True,True
VUADQKAZPHOEIS-JOCHJYFZSA-N,COc1cc(C(=O)N2CCC[C@@H](N)C2)cc2nc(-c3cc4ccc(N(C)S(=O)(=O)C(C)C)nc4n3CC3CC3)n(C)c12,6.623423042943488,6.623423042943488,6.623423042943488,2,bindingdb|pubchem_confirmatory,0.5,593.754,42.0,enzymatic,False,,none,False,True,True
KKEPYHNMZDFGFZ-JOCHJYFZSA-N,CCCN(c1ccc2cc(-c3nc4cc(C(=O)N5CCC[C@@H](N)C5)cc(OC)c4n3C)n(CC3CC3)c2n1)S(C)(=O)=O,6.481486060122112,6.481486060122112,6.481486060122112,2,bindingdb|pubchem_confirmatory,0.5,593.754,42.0,enzymatic,False,,none,False,True,True
SCMQIRWIRWDRLV-AREMUKBSSA-N,COc1cc(C(=O)N2CCC[C@@H](N)C2)cc2nc(-c3cc4ccc(N(Cc5ccccc5)S(C)(=O)=O)nc4n3CC3CC3)n(C)c12,6.71669877129645,6.71669877129645,6.71669877129645,2,bindingdb|pubchem_confirmatory,0.5,641.798,46.0,enzymatic,False,,none,False,True,True
XGNMHSATZQNFOR-XMMPIXPASA-N,COc1cc(C(=O)N2CCC[C@@H](N)C2)cc2nc(-c3cc4ccc(N(C)S(=O)(=O)c5ccccc5)nc4n3CC3CC3)n(C)c12,6.647817481888637,6.647817481888637,6.647817481888637,2,bindingdb|pubchem_confirmatory,0.5,627.771,45.0,enzymatic,False,,none,False,True,True
OZIZGEWHMPKHEO-XMMPIXPASA-N,COc1cc(C(=O)N2CCC[C@@H](N)C2)cc2nc(-c3cc4ccc(N(c5ccccc5)S(C)(=O)=O)nc4n3CC3CC3)n(C)c12,5.447331783887806,5.447331783887806,5.447331783887806,2,bindingdb|pubchem_confirmatory,0.5,627.771,45.0,enzymatic,False,,none,False,True,True
DILDYIXYDVXMCG-HSZRJFAPSA-N,CCCCS(=O)(=O)N(C)c1ccc2cc(-c3nc4cc(C(=O)N5CCC[C@@H](N)C5)cc(OC)c4n3C)n(CC3CC3)c2n1,6.603800652904264,6.603800652904264,6.603800652904264,2,bindingdb|pubchem_confirmatory,0.5,607.781,43.0,enzymatic,False,,none,False,True,True
KYBHPHAXGGSZPB-JOCHJYFZSA-N,COc1cc(C(=O)N2CCC[C@@H](N)C2)cc2nc(-c3cc4ccc(N(C5CCC5)S(C)(=O)=O)nc4n3CC3CC3)n(C)c12,6.866461091629782,6.866461091629782,6.866461091629782,2,bindingdb|pubchem_confirmatory,0.5,605.765,43.0,enzymatic,False,,none,False,True,True
BGBBWIFRUCEWMS-HXUWFJFHSA-N,COc1cc(C(=O)N2CCC[C@@H](N)C2)cc2nc(-c3cc4ccc(N(CC(F)(F)F)S(C)(=O)=O)nc4n3CC3CC3)n(C)c12,6.500312917381596,6.500312917381596,6.500312917381596,2,bindingdb|pubchem_confirmatory,0.5,633.697,44.0,enzymatic,False,,none,False,True,True
CQWFGKDJGWSGSK-OAQYLSRUSA-N,COc1cc(C(=O)N2CCC[C@@H](N)C2)cc2nc(-c3cc4ccc(N(C5CC5)S(C)(=O)=O)nc4n3CC3CC3)n(C)c12,7.053056729302175,7.053056729302175,7.053056729302175,2,bindingdb|pubchem_confirmatory,0.5,591.738,42.0,enzymatic,False,,none,False,True,True
JHCOCDUNEWCPDJ-LJQANCHMSA-N,COc1cc(C(=O)N2CCC[C@@H](N)C2)cc2nc(-c3cc4ccc(N(C(F)F)S(C)(=O)=O)nc4n3CC3CC3)n(C)c12,7.0197646112328504,7.0197646112328504,7.0197646112328504,2,bindingdb|pubchem_confirmatory,0.5,601.68,42.0,enzymatic,False,,none,False,True,True
IQBSSKFAACESCW-HXUWFJFHSA-N,COc1cc(C(=O)N2CCC[C@@H](N)C2)cc2nc(-c3cc4ccc(N(CC(F)F)S(C)(=O)=O)nc4n3CC3CC3)n(C)c12,6.7423214251308154,6.7423214251308154,6.7423214251308154,2,bindingdb|pubchem_confirmatory,0.5,615.707,43.0,enzymatic,False,,none,False,True,True
UDCDEKJNAMHBFH-HSZRJFAPSA-N,COc1cc(C(=O)N2CCC[C@@H](N)C2)cc2nc(-c3cc4ccc(N(CC5CC5)S(C)(=O)=O)nc4n3CC3CC3)n(C)c12,4.301029995663981,4.301029995663981,4.301029995663981,2,bindingdb|pubchem_confirmatory,0.5,605.765,43.0,enzymatic,False,,B,False,True,True
DVCKJOQIVOGXEI-XMMPIXPASA-N,COc1cc(C(=O)N2CCC[C@@H](N)C2)cc2nc(-c3cc4ccc(N(CC5CCC5)S(C)(=O)=O)nc4n3CC3CC3)n(C)c12,4.301029995663981,4.301029995663981,4.301029995663981,2,bindingdb|pubchem_confirmatory,0.5,619.792,44.0,enzymatic,False,,B,False,True,True
OMDDANPBPXYYSJ-HSZRJFAPSA-N,COc1cc(C(=O)N2CCC[C@@H](N)C2)cc2nc(-c3cc4ccc(N(C)S(C)(=O)=O)nc4n3CC3CC3)n(CC3CC3)c12,6.903089986991944,6.903089986991944,6.903089986991944,2,bindingdb|pubchem_confirmatory,0.5,605.765,43.0,enzymatic,False,,none,False,True,True
PUQPMLLLYPHHGG-NTKDMRAZSA-N,COc1cc(C(=O)N2CCC[C@@H](N)[C@H]2C)cc2nc(-c3cc4ccc(N(C)S(C)(=O)=O)nc4n3CC3CC3)n(CC3CC3)c12,6.906578314837764,6.906578314837764,6.906578314837764,2,bindingdb|pubchem_confirmatory,0.5,619.792,44.0,enzymatic,False,,none,False,True,True
QYUCTVIPCCLAIZ-JOCHJYFZSA-N,CCN(c1ccc2cc(-c3nc4cc(C(=O)N5CCC[C@@H](N)C5)cc(OC)c4n3C)n(CC3CC3)c2n1)S(=O)(=O)C1CC1,7.086186147616283,7.086186147616283,7.086186147616283,2,bindingdb|pubchem_confirmatory,0.5,605.765,43.0,enzymatic,False,,none,False,True,True
QVHYBOQAYXUVMT-JOCHJYFZSA-N,COc1cc(C(=O)N2CCC[C@@H](N)C2)cc2nc(-c3cc4ccc(N(C5CC5)S(=O)(=O)C5CC5)nc4n3CC3CC3)n(C)c12,6.97469413473523,6.97469413473523,6.97469413473523,2,bindingdb|pubchem_confirmatory,0.5,617.776,44.0,enzymatic,False,,none,False,True,True
XFNHWGBLXODYMR-HXUWFJFHSA-N,COc1cc(C(=O)N2CCC[C@@H](N)C2)cc2nc(-c3cc4ccc(N(C(F)F)S(=O)(=O)C5CC5)nc4n3CC3CC3)n(C)c12,7.032920265855503,7.032920265855503,7.032920265855503,2,bindingdb|pubchem_confirmatory,0.5,627.718,44.0,enzymatic,False,,none,False,True,True
WZXCLQBSBKAVJH-XMSQKQJNSA-N,CCN(c1ccc2cc(-c3nc4cc(C(=O)N5CCC[C@@H](N)[C@H]5C)cc(OC)c4n3C)n(CC3CC3)c2n1)S(C)(=O)=O,7.006123085058789,7.006123085058789,7.006123085058789,2,bindingdb|pubchem_confirmatory,0.5,593.754,42.0,enzymatic,False,,none,False,True,True
JHNFSYDCBYICLT-UHFFFAOYSA-N,CCN(c1ccc2cc(-c3nc4cc(C(=O)N5CC(N)CCC5C)cc(OC)c4n3C)n(CC3CC3)c2n1)S(C)(=O)=O,6.761953896871205,6.761953896871205,6.761953896871205,2,bindingdb|pubchem_confirmatory,0.5,593.754,42.0,enzymatic,False,,none,False,True,True
JHNFSYDCBYICLT-PGRDOPGGSA-N,CCN(c1ccc2cc(-c3nc4cc(C(=O)N5C[C@H](N)CC[C@@H]5C)cc(OC)c4n3C)n(CC3CC3)c2n1)S(C)(=O)=O,7.05453141486818,7.05453141486818,7.05453141486818,2,bindingdb|pubchem_confirmatory,0.5,593.754,42.0,enzymatic,False,,none,False,True,True
MHRGGGXSZCMMTG-WZONZLPQSA-N,COc1cc(C(=O)N2CCC[C@@H](N)[C@H]2C)cc2nc(-c3cc4ccc(N(C5CC5)S(C)(=O)=O)nc4n3CC3CC3)n(C)c12,6.958607314841775,6.958607314841775,6.958607314841775,2,bindingdb|pubchem_confirmatory,0.5,605.765,43.0,enzymatic,False,,none,False,True,True
XXHAPXSCIBBBPR-PGRDOPGGSA-N,COc1cc(C(=O)N2C[C@H](N)CC[C@@H]2C)cc2nc(-c3cc4ccc(N(C5CC5)S(C)(=O)=O)nc4n3CC3CC3)n(C)c12,7.033389013318065,7.033389013318065,7.033389013318065,2,bindingdb|pubchem_confirmatory,0.5,605.765,43.0,enzymatic,False,,none,False,True,True
LWSHCQCRPRKUAU-OXQOHEQNSA-N,COc1cc(C(=O)N2CCC[C@@H](N)[C@H]2C)cc2nc(-c3cc4ccc(N(C(F)F)S(C)(=O)=O)nc4n3CC3CC3)n(C)c12,7.111820506081675,7.111820506081675,7.111820506081675,2,bindingdb|pubchem_confirmatory,0.5,615.707,43.0,enzymatic,False,,none,False,True,True
KRLRWYRMFNQFKF-JPYJTQIMSA-N,COc1cc(C(=O)N2CC[C@@H](C)[C@@H](N)C2)cc2nc(-c3cc4ccc(N(C5CC5)S(C)(=O)=O)nc4n3CC3CC3)n(C)c12,6.522878745280337,6.522878745280337,6.522878745280337,2,bindingdb|pubchem_confirmatory,0.5,605.765,43.0,enzymatic,False,,none,False,True,True
MGFULCHIVWSAFC-NTKDMRAZSA-N,CCN(c1ccc2cc(-c3nc4cc(C(=O)N5CCC[C@@H](N)[C@H]5C)cc(OC)c4n3C3CC3)n(CC3CC3)c2n1)S(C)(=O)=O,6.85078088734462,6.85078088734462,6.85078088734462,2,bindingdb|pubchem_confirmatory,0.5,619.792,44.0,enzymatic,False,,none,False,True,True
MZSMHDUPQNNXTK-FQEVSTJZSA-N,COc1cc(C(=O)N2COC[C@@H](N)C2)cc2nc(-c3cc4ccc(N(C5CC5)S(C)(=O)=O)nc4n3CC3CC3)n(C)c12,4.94692155651658,4.94692155651658,4.94692155651658,2,bindingdb|pubchem_confirmatory,0.5,593.71,42.0,enzymatic,False,,none,False,True,True
LWKDTIUSCBBPCG-CJFMBICVSA-N,CCN(c1ccc2cc(-c3nc4cc(C(=O)N5CCC[C@@H](N)[C@H]5C)cc(OC)c4n3CC3COC3)n(CC3CC3)c2n1)S(C)(=O)=O,6.628932137728263,6.628932137728263,6.628932137728263,2,bindingdb|pubchem_confirmatory,0.5,649.818,46.0,enzymatic,False,,none,False,True,True
CQJUFPGIBDGKLI-OXJNMPFZSA-N,COc1cc(C(=O)N2C[C@H](N)CC[C@@H]2C)cc2nc(-c3cc4ccc(N(C(F)F)S(C)(=O)=O)nc4n3CC3CC3)n(C)c12,7.029653123769907,7.029653123769907,7.029653123769907,2,bindingdb|pubchem_confirmatory,0.5,615.707,43.0,enzymatic,False,,none,False,True,True
SWHLJBDSUPWBAV-KCZVDYSFSA-N,COc1cc(C(=O)N2[C@@H]3CC[C@@H](N)[C@H]2CC3)cc2nc(-c3cc4ccc(N(C(F)F)S(C)(=O)=O)nc4n3CC3CC3)n(C)c12,6.912545815698198,6.912545815698198,6.912545815698198,2,bindingdb|pubchem_confirmatory,0.5,627.718,44.0,enzymatic,False,,none,False,True,True
JGOGHWHZWSGYBV-PXDATVDWSA-N,CCN(c1ccc2cc(-c3nc4cc(C(=O)N5CCC[C@@H](N)[C@H]5C)cc(OC)c4n3CC3(C)CC3)n(CC3CC3)c2n1)S(C)(=O)=O,6.482804102050025,6.482804102050025,6.482804102050025,2,bindingdb|pubchem_confirmatory,0.5,647.846,46.0,enzymatic,False,,none,False,True,True
SFQQMZRSUPNMBQ-HYBUGGRVSA-N,CCN(c1ccc2cc(-c3nc4cc(C(=O)N5CCC[C@@H](N)[C@H]5C)cc(OC)c4n3CCOC)n(CC3CC3)c2n1)S(C)(=O)=O,6.6401645176601125,6.6401645176601125,6.6401645176601125,2,bindingdb|pubchem_confirmatory,0.5,637.807,45.0,enzymatic,False,,none,False,True,True
BCGMTOIOJNVTKW-LAUBAEHRSA-N,COc1cc(C(=O)N2C[C@H](N)CC[C@@H]2C)cc2nc(-c3cc4ccc(N(C(F)F)S(C)(=O)=O)nc4n3CC3CC3)n(C3CC3)c12,6.655607726314889,6.655607726314889,6.655607726314889,2,bindingdb|pubchem_confirmatory,0.5,641.745,45.0,enzymatic,False,,none,False,True,True
SWHLJBDSUPWBAV-ONTIZHBOSA-N,COc1cc(C(=O)N2[C@H]3CC[C@H](N)[C@@H]2CC3)cc2nc(-c3cc4ccc(N(C(F)F)S(C)(=O)=O)nc4n3CC3CC3)n(C)c12,5.3788237182249645,5.3788237182249645,5.3788237182249645,2,bindingdb|pubchem_confirmatory,0.5,627.718,44.0,enzymatic,False,,none,False,True,True
JHCOCDUNEWCPDJ-IBGZPJMESA-N,COc1cc(C(=O)N2CCC[C@H](N)C2)cc2nc(-c3cc4ccc(N(C(F)F)S(C)(=O)=O)nc4n3CC3CC3)n(C)c12,5.935542010773082,5.935542010773082,5.935542010773082,2,bindingdb|pubchem_confirmatory,0.5,601.68,42.0,enzymatic,False,,none,False,True,True
ZJPGSOZQDZHNQR-OXQOHEQNSA-N,COc1cc(C(=O)N2CCC[C@@H](N)[C@H]2C)cc2nc(-c3cc4ccc(N(C)S(C)(=O)=O)nc4n3C3CC3)n(C)c12,5.761953896871205,5.761953896871205,5.761953896871205,2,bindingdb|pubchem_confirmatory,0.5,565.7,40.0,enzymatic,False,,none,False,True,True
PPRCCLDOIXBDTO-IHJBUBKUSA-N,COc1cc(C(=O)N2C[C@H](N)CC[C@@H]2C)cc2nc(-c3cc4ccc(N(C(F)F)S(C)(=O)=O)nc4n3CC3CC3)n(C34CC(C3)C4)c12,5.671620396561263,5.671620396561263,5.671620396561263,2,bindingdb|pubchem_confirmatory,0.5,667.783,47.0,enzymatic,False,,none,False,True,True
IPDOWOAIYVONGQ-WZONZLPQSA-N,COc1cc(C(=O)N2CCC[C@@H](N)[C@H]2C)cc2nc(-c3cc4ccc(N(C)S(C)(=O)=O)nc4n3C3CC3)n(CC3CC3)c12,6.3124710387853655,6.3124710387853655,6.3124710387853655,2,bindingdb|pubchem_confirmatory,0.5,605.765,43.0,enzymatic,False,,none,False,True,True
JYBMCOIJXAIWHL-KIFXHHALSA-N,COc1cc(C(=O)N2[C@@H]3CC[C@@H](N)[C@H]2CC3)cc2nc(-c3cc4ccc(N(C(F)F)S(C)(=O)=O)nc4n3CC3CC3)n(C3CC3)c12,6.838631997765026,6.838631997765026,6.838631997765026,2,bindingdb|pubchem_confirmatory,0.5,653.756,46.0,enzymatic,False,,none,False,True,True
XPTFYASDLNCNGG-GHTZIAJQSA-N,COc1cc(C(=O)N2CC[C@@H](O)[C@@H](N)C2)cc2nc(-c3cc4ccc(N(C(F)F)S(C)(=O)=O)nc4n3CC3CC3)n(C)c12,6.85078088734462,6.85078088734462,6.85078088734462,2,bindingdb|pubchem_confirmatory,0.5,617.679,43.0,enzymatic,False,,none,False,True,True
YAHQJIWNFQVWGH-UHFFFAOYSA-N,COc1cc(C(=O)N2CCCC(C)(N)C2)cc2nc(-c3cc4ccc(N(C(F)F)S(C)(=O)=O)nc4n3CC3CC3)n(C)c12,4.896196279044043,4.896196279044043,4.896196279044043,2,bindingdb|pubchem_confirmatory,0.5,615.707,43.0,enzymatic,False,,none,False,True,True
SWQNQGAIXPALEI-WSCWJOSJSA-N,COc1cc(C(=O)N2C[C@H]3CC[C@@H]2[C@@H]3N)cc2nc(-c3cc4ccc(N(C(F)F)S(C)(=O)=O)nc4n3CC3CC3)n(C)c12,6.669586226650809,6.669586226650809,6.669586226650809,2,bindingdb|pubchem_confirmatory,0.5,613.691,43.0,enzymatic,False,,none,False,True,True
TZYIHBPMTYBZIG-HXUWFJFHSA-N,CS(=O)(=O)N(c1ccc2cc(-c3nc4cc(C(=O)N5CCC[C@@H](N)C5)ccc4n3C3CC3)n(CC3CC3)c2n1)C(F)F,7.42712839779952,7.42712839779952,7.42712839779952,2,bindingdb|pubchem_confirmatory,0.5,597.692,42.0,enzymatic,False,,none,False,True,True
KPMPCLPZOHGVGR-GVCORALISA-N,CS(=O)(=O)N(c1ccc2cc(-c3nc4cc(C(=O)N5C[C@H]6CC[C@@H]5[C@@H]6N)ccc4n3C3CC3)n(CC3CC3)c2n1)C(F)F,7.047691990337874,7.047691990337874,7.047691990337874,2,bindingdb|pubchem_confirmatory,0.5,609.703,43.0,enzymatic,False,,none,False,True,True
IZWSKLKZFQXMPX-CQOQZXRMSA-N,CS(=O)(=O)N(c1ccc2cc(-c3nc4cc(C(=O)N5[C@@H]6CC[C@@H](N)[C@H]5CC6)ccc4n3C3CC3)n(CC3CC3)c2n1)C(F)F,7.441291429466834,7.441291429466834,7.441291429466834,2,bindingdb|pubchem_confirmatory,0.5,623.73,44.0,enzymatic,False,,none,False,True,True
XBYPOVVZOAPQHJ-IOZGHAEBSA-N,Cc1cc2c(cc1C(=O)N1C[C@H]3CC[C@@H]1[C@@H]3N)nc(-c1cc3ccc(N(C(F)F)S(C)(=O)=O)nc3n1CC1CC1)n2C,4.950781977329818,4.950781977329818,4.950781977329818,2,bindingdb|pubchem_confirmatory,0.5,597.692,42.0,enzymatic,False,,none,False,True,True
XAOKFYSOUKWMDB-LJQANCHMSA-N,Cc1cc2c(cc1C(=O)N1CCC[C@@H](N)C1)nc(-c1cc3ccc(N(C(F)F)S(C)(=O)=O)nc3n1CC1CC1)n2C,5.362510270487489,5.362510270487489,5.362510270487489,2,bindingdb|pubchem_confirmatory,0.5,585.681,41.0,enzymatic,False,,none,False,True,True
ACDAFJAJTHFIQA-AUZMWRNASA-N,Cc1cc2c(cc1C(=O)N1C[C@H]3CC[C@@H]1[C@@H]3N)nc(-c1cc3ccc(N(C(F)F)S(C)(=O)=O)nc3n1CC1CC1)n2C1CC1,5.026410376572743,5.026410376572743,5.026410376572743,2,bindingdb|pubchem_confirmatory,0.5,623.73,44.0,enzymatic,False,,none,False,True,True
MWKCHBXTNCWCMF-HXUWFJFHSA-N,Cc1cc2c(cc1C(=O)N1CCC[C@@H](N)C1)nc(-c1cc3ccc(N(C(F)F)S(C)(=O)=O)nc3n1CC1CC1)n2C1CC1,5.655607726314889,5.655607726314889,5.655607726314889,2,bindingdb|pubchem_confirmatory,0.5,611.719,43.0,enzymatic,False,,none,False,True,True
UZXIPWPIVVMIFE-VPTFNQTCSA-N,COc1cc(C(=O)N2C[C@@H]3CC[C@@](N)(C3)C2)cc2nc(-c3cc4ccc(N(C(F)F)S(C)(=O)=O)nc4n3CC3CC3)n(C)c12,4.434152181326482,4.434152181326482,4.434152181326482,2,bindingdb|pubchem_confirmatory,0.5,627.718,44.0,enzymatic,False,,none,False,True,True
LIWXHHMEQAPAGZ-DYXWJJEUSA-N,COc1cc(C(=O)N2[C@@H]3CC[C@H]2[C@@H](N)C3)cc2nc(-c3cc4ccc(N(C(F)F)S(C)(=O)=O)nc4n3CC3CC3)n(C)c12,5.8124792791635365,5.8124792791635365,5.8124792791635365,2,bindingdb|pubchem_confirmatory,0.5,613.691,43.0,enzymatic,False,,none,False,True,True
LIWXHHMEQAPAGZ-QKNQBKEWSA-N,COc1cc(C(=O)N2[C@H]3CC[C@@H]2[C@H](N)C3)cc2nc(-c3cc4ccc(N(C(F)F)S(C)(=O)=O)nc4n3CC3CC3)n(C)c12,7.345823458122039,7.345823458122039,7.345823458122039,2,bindingdb|pubchem_confirmatory,0.5,613.691,43.0,enzymatic,False,,none,False,True,True
VLGNXBXRHYXIPH-QZNHQXDQSA-N,COc1cc(C(=O)N2[C@H]3CC[C@@H]2[C@H](N)C3)cc2nc(-c3cc4ccc(N(C(F)F)S(C)(=O)=O)nc4n3CC3CC3)n(C3CC3)c12,6.892790030352131,6.892790030352131,6.892790030352131,2,bindingdb|pubchem_confirmatory,0.5,639.729,45.0,enzymatic,False,,none,False,True,True
HYXGXRFLUCYXGK-QZNHQXDQSA-N,CS(=O)(=O)N(c1ccc2cc(-c3nc4cc(C(=O)N5[C@H]6CC[C@@H]5[C@H](N)C6)ccc4n3C3CC3)n(CC3CC3)c2n1)C(F)F,7.327902142064282,7.327902142064282,7.327902142064282,2,bindingdb|pubchem_confirmatory,0.5,609.703,43.0,enzymatic,False,,none,False,True,True
MXYIVEQDQCAYBV-UHFFFAOYSA-N,COc1cc(C(=O)N2CCC3(CCC3N)C2)cc2nc(-c3cc4ccc(N(C(F)F)S(C)(=O)=O)nc4n3CC3CC3)n(C)c12,4.663540266151471,4.663540266151471,4.663540266151471,2,bindingdb|pubchem_confirmatory,0.5,627.718,44.0,enzymatic,False,,none,False,True,True
YNEYFMOMVYWYKX-UHFFFAOYSA-N,COc1cc(C(=O)N2CC3(CCNC3)C2)cc2nc(-c3cc4ccc(N(C(F)F)S(C)(=O)=O)nc4n3CC3CC3)n(C)c12,5.29413628771608,5.29413628771608,5.29413628771608,2,bindingdb|pubchem_confirmatory,0.5,613.691,43.0,enzymatic,False,,none,False,True,True
FQMQPBXDDVYXTE-UHFFFAOYSA-N,COc1cc(C(=O)N2CCCC3(CCCCN3)C2)cc2nc(-c3cc4ccc(N(C(F)F)S(C)(=O)=O)nc4n3CC3CC3)n(C)c12,4.301029995663981,4.301029995663981,4.301029995663981,2,bindingdb|pubchem_confirmatory,0.5,655.772,46.0,enzymatic,False,,none,False,True,True
JNLPXNRIBTUKRO-NOZRDPDXSA-N,COc1cc(C(=O)N2CC[C@@H]3OCCN[C@@H]3C2)cc2nc(-c3cc4ccc(N(C(F)F)S(C)(=O)=O)nc4n3CC3CC3)n(C3CC3)c12,4.301029995663981,4.301029995663981,4.301029995663981,2,bindingdb|pubchem_confirmatory,0.5,669.755,47.0,enzymatic,False,,none,False,True,True
BCHLSCBZCOCRKN-SFTDATJTSA-N,COc1cc(C(=O)N[C@H]2CNC[C@@H]2NC(C)=O)cc2nc(-c3cc4ccc(N(C(F)F)S(C)(=O)=O)nc4n3CC3CC3)n(C)c12,4.404503778174426,4.404503778174426,4.404503778174426,2,bindingdb|pubchem_confirmatory,0.5,644.705,45.0,enzymatic,False,,none,False,True,True
ZOAONFSVARXNNV-KXLZNQPTSA-N,COc1cc(C(=O)N[C@H]2CNC[C@@H]2NC(=O)/C=C/CN(C)C)cc2nc(-c3cc4ccc(N(C(F)F)S(C)(=O)=O)nc4n3CC3CC3)n(C)c12,6.309803919971486,6.309803919971486,6.309803919971486,2,bindingdb|pubchem_confirmatory,0.5,713.812,50.0,enzymatic,False,,none,False,True,True
ZCUJOVREJPYFKX-UHFFFAOYSA-N,COc1cc(C(=O)NC2CCNC2)cc2nc(-c3cc4ccc(N(C(F)F)S(C)(=O)=O)nc4n3CC3CC3)n(C)c12,4.679853713888946,4.679853713888946,4.679853713888946,2,bindingdb|pubchem_confirmatory,0.5,587.653,41.0,enzymatic,False,,none,False,True,True
VVEYDPSKPPDJTE-UHFFFAOYSA-N,COc1cc(C(=O)N2CC3CCCC3(N)C2)cc2nc(-c3cc4ccc(N(C(F)F)S(C)(=O)=O)nc4n3CC3CC3)n(C)c12,5.142667503568731,5.142667503568731,5.142667503568731,2,bindingdb|pubchem_confirmatory,0.5,627.718,44.0,enzymatic,False,,none,False,True,True
AWXRQJFFUVYUSC-UHFFFAOYSA-N,COc1cc(C(=O)N2CCCC3(CCCN3)C2)cc2nc(-c3cc4ccc(N(C(F)F)S(C)(=O)=O)nc4n3CC3CC3)n(C)c12,4.301029995663981,4.301029995663981,4.301029995663981,2,bindingdb|pubchem_confirmatory,0.5,641.745,45.0,enzymatic,False,,none,False,True,True
BGZXCMGMVWBNGH-UHFFFAOYSA-N,COc1cc(C(=O)N2CCCC3(CCN3)C2)cc2nc(-c3cc4ccc(N(C(F)F)S(C)(=O)=O)nc4n3CC3CC3)n(C)c12,4.301029995663981,4.301029995663981,4.301029995663981,2,bindingdb|pubchem_confirmatory,0.5,627.718,44.0,enzymatic,False,,none,False,True,True
LVKDWQCZWDRYAJ-UHFFFAOYSA-N,COc1cc(C(=O)N2CC3(CCCCN3)C2)cc2nc(-c3cc4ccc(N(C(F)F)S(C)(=O)=O)nc4n3CC3CC3)n(C)c12,4.301029995663981,4.301029995663981,4.301029995663981,2,bindingdb|pubchem_confirmatory,0.5,627.718,44.0,enzymatic,False,,none,False,True,True
DUTIAKDUQLBQLF-UHFFFAOYSA-N,COc1cc(C(=O)N2CC3(CCCN3)C2)cc2nc(-c3cc4ccc(N(C(F)F)S(C)(=O)=O)nc4n3CC3CC3)n(C)c12,4.301029995663981,4.301029995663981,4.301029995663981,2,bindingdb|pubchem_confirmatory,0.5,613.691,43.0,enzymatic,False,,none,False,True,True
UBNGGOVNFSJIJG-UHFFFAOYSA-N,COc1cc(C(=O)N2CC3CCC3(N)C2)cc2nc(-c3cc4ccc(N(C(F)F)S(C)(=O)=O)nc4n3CC3CC3)n(C)c12,6.183758700008217,6.183758700008217,6.183758700008217,2,bindingdb|pubchem_confirmatory,0.5,613.691,43.0,enzymatic,False,,none,False,True,True
MCKVPEJPNNLEAP-TUNNFDKTSA-N,COc1cc(C(=O)N2[C@H]3CC[C@@H]2[C@H](N)C3)cc2nc(-c3cc4ccc(N(C)S(C)(=O)=O)nc4n3CC3CC3)n(C)c12,7.4736607226101555,7.4736607226101555,7.4736607226101555,2,bindingdb|pubchem_confirmatory,0.5,577.711,41.0,enzymatic,False,,none,False,True,True
NFPBHTVGQPXGFY-NHCUHLMSSA-N,C=CC(=O)N[C@@H]1CNC[C@H]1NC(=O)c1cc(OC)c2c(c1)nc(-c1cc3ccc(N(C(F)F)S(C)(=O)=O)nc3n1CC1CC1)n2C,6.619788758288394,6.619788758288394,6.619788758288394,2,bindingdb|pubchem_confirmatory,0.5,656.716,46.0,enzymatic,False,,none,False,True,True
GNVYARQRIWPRMP-NHCUHLMSSA-N,C#CC(=O)N[C@@H]1CNC[C@H]1NC(=O)c1cc(OC)c2c(c1)nc(-c1cc3ccc(N(C(F)F)S(C)(=O)=O)nc3n1CC1CC1)n2C,5.334419008982047,5.334419008982047,5.334419008982047,2,bindingdb|pubchem_confirmatory,0.5,654.7,46.0,enzymatic,False,,none,False,True,True
MRMUPMQQCMGCSR-XBBZPSQXSA-N,COc1cc(C(=O)C2C[C@@H]3C[C@@H](N)[C@H]2C3)cc2nc(-c3cc4ccc(N(C(F)F)S(C)(=O)=O)nc4n3CC3CC3)n(C)c12,4.3223930472795065,4.3223930472795065,4.3223930472795065,2,bindingdb|pubchem_confirmatory,0.5,612.703,43.0,enzymatic,False,,none,False,True,True
IUVPDHXLQQUGMB-DNQXCXABSA-N,COc1cc(C(=O)N[C@@H]2CNC[C@H]2NC(=O)CCCN(C)C)cc2nc(-c3cc4ccc(N(C(F)F)S(C)(=O)=O)nc4n3CC3CC3)n(C)c12,4.301029995663981,4.301029995663981,4.301029995663981,2,bindingdb|pubchem_confirmatory,0.5,715.828,50.0,enzymatic,False,,none,False,True,True
AYSXEZROMVFOGW-WMTXJRDZSA-N,COc1cc(C(=O)N2[C@H]3CC[C@@H]2[C@H](N)C3)cc2nc(-c3cc4ccc(N(C(C)C)S(C)(=O)=O)nc4n3CC3CC3)n(C)c12,7.234331445240986,7.234331445240986,7.234331445240986,2,bindingdb|pubchem_confirmatory,0.5,605.765,43.0,enzymatic,False,,none,False,True,True
FHAWJIIIQAXOSV-VDKIKQQVSA-N,COc1cc(C(=O)N2[C@@H]3CC[C@@H](N)[C@H]2CC3)cc2nc(-c3cc4ccc(N(C(C)C)S(C)(=O)=O)nc4n3CC3CC3)n(C)c12,7.156144577376839,7.156144577376839,7.156144577376839,2,bindingdb|pubchem_confirmatory,0.5,619.792,44.0,enzymatic,False,,none,False,True,True
QGGNDXGZJHUSSA-GOSISDBHSA-N,COc1cc(C(=O)N2CC[C@@H](N)C2)cc2nc(-c3cc4ccc(N(C(F)F)S(C)(=O)=O)nc4n3CC3CC3)n(C)c12,4.991399828238082,4.991399828238082,4.991399828238082,2,bindingdb|pubchem_confirmatory,0.5,587.653,41.0,enzymatic,False,,none,False,True,True
QGGNDXGZJHUSSA-SFHVURJKSA-N,COc1cc(C(=O)N2CC[C@H](N)C2)cc2nc(-c3cc4ccc(N(C(F)F)S(C)(=O)=O)nc4n3CC3CC3)n(C)c12,5.935542010773082,5.935542010773082,5.935542010773082,2,bindingdb|pubchem_confirmatory,0.5,587.653,41.0,enzymatic,False,,none,False,True,True
ZCUJOVREJPYFKX-SFHVURJKSA-N,COc1cc(C(=O)N[C@H]2CCNC2)cc2nc(-c3cc4ccc(N(C(F)F)S(C)(=O)=O)nc4n3CC3CC3)n(C)c12,4.301029995663981,4.301029995663981,4.301029995663981,2,bindingdb|pubchem_confirmatory,0.5,587.653,41.0,enzymatic,False,,none,False,True,True
ZQEQAXMFNATMTP-HXUWFJFHSA-N,CN(c1ccc2cc(-c3nc4cc(C(=O)N5CCC[C@@H](N)C5)cc5c4n3CCO5)n(CC3CC3)c2n1)S(C)(=O)=O,6.090443970758825,6.090443970758825,6.090443970758825,2,bindingdb|pubchem_confirmatory,0.5,563.684,40.0,enzymatic,False,,none,False,True,True
DUAFSQPXILOOTI-TUNNFDKTSA-N,CN(c1ccc2cc(-c3nc4cc(C(=O)N5[C@H]6CC[C@@H]5[C@H](N)C6)cc5c4n3CCO5)n(CC3CC3)c2n1)S(C)(=O)=O,6.669586226650809,6.669586226650809,6.669586226650809,2,bindingdb|pubchem_confirmatory,0.5,575.695,41.0,enzymatic,False,,none,False,True,True
WDRJLORLDTWTEV-QZNHQXDQSA-N,CCOC(=O)N[C@@H]1C[C@@H]2CC[C@H]1N2C(=O)c1cc(OC)c2c(c1)nc(-c1cc3ccc(N(C(F)F)S(C)(=O)=O)nc3n1CC1CC1)n2C,4.301029995663981,4.301029995663981,4.301029995663981,2,bindingdb|pubchem_confirmatory,0.5,685.754,48.0,enzymatic,False,,none,False,True,True
MYDCGVFZHVUGIW-NRFANRHFSA-N,Cn1c(-c2cc3ccc(N(C(F)F)S(C)(=O)=O)nc3n2CC2CC2)nc2cc(C(=O)N[C@H]3CNCCC3(F)F)c(F)cc21,6.209714835966759,6.209714835966759,6.209714835966759,2,bindingdb|pubchem_confirmatory,0.5,625.624,43.0,enzymatic,False,,none,False,True,True
ILYJIRVCBDCULR-PXNSSMCTSA-N,Cn1c(-c2cc3ccc(N(C(F)F)S(C)(=O)=O)nc3n2CC2CC2)nc2cc(C(=O)N[C@H]3CNCC[C@@H]3F)c(F)cc21,6.835647144215563,6.835647144215563,6.835647144215563,2,bindingdb|pubchem_confirmatory,0.5,607.634,42.0,enzymatic,False,,none,False,True,True
NUEAAZSTJBGEHQ-CYBMUJFWSA-N,C[C@H](CN)NC(=O)c1cc2nc(-c3cc4ccc(N(C(F)F)S(C)(=O)=O)nc4n3CC3CC3)n(C)c2cc1F,4.578396073130169,4.578396073130169,4.578396073130169,2,bindingdb|pubchem_confirmatory,0.5,563.606,39.0,enzymatic,False,,none,False,True,True
IPWSRMNHUQXFCC-DYESRHJHSA-N,COc1cc(C(=O)N2CCC[C@@H](N)[C@H]2C)cc2nc(-c3cc4ccc(N=S(C)(C)=O)nc4n3CC3CC3)n(C)c12,5.804100347590767,5.804100347590767,5.804100347590767,2,bindingdb|pubchem_confirmatory,0.5,563.728,40.0,enzymatic,False,,none,False,True,True
SDVJGUMHFXSVBM-OAQYLSRUSA-N,COc1cc(C(=O)N2CCC[C@@H](N)C2)cc2nc(-c3cc4ccc(N5CCCS5(=O)=O)nc4n3CC3CC3)n(C)c12,5.978810700930062,5.978810700930062,5.978810700930062,2,bindingdb|pubchem_confirmatory,0.5,577.711,41.0,enzymatic,False,,none,False,True,True
JJUCEYRRPZMKHB-JOCHJYFZSA-N,COc1cc(C(=O)N2CCC[C@@H](N)C2)cc2nc(-c3cc4ccc(N5CCCCS5(=O)=O)nc4n3CC3CC3)n(C)c12,6.798602875679549,6.798602875679549,6.798602875679549,2,bindingdb|pubchem_confirmatory,0.5,591.738,42.0,enzymatic,False,,none,False,True,True
YWOMIFATQIXZPV-QEHFTRCTSA-N,C[C@H]1CCCS(=O)(=O)N1c1ccc2cc(-c3nc4cc(C(=O)N5[C@H]6CC[C@@H]5[C@H](N)C6)ccc4n3C3CC3)n(CC3CC3)c2n1,7.723538195826756,7.723538195826756,7.723538195826756,2,bindingdb|pubchem_confirmatory,0.5,613.788,44.0,enzymatic,False,,none,False,True,True
CACDCDCFPDBQNS-GBXCKJPGSA-N,C[C@H]1CCCS(=O)(=O)N1c1ccc2cc(-c3nc4cc(C(=O)N5CCC[C@@H](N)C5)ccc4n3C3CC3)n(CC3CC3)c2n1,7.546681659952962,7.546681659952962,7.546681659952962,2,bindingdb|pubchem_confirmatory,0.5,601.777,43.0,enzymatic,False,,none,False,True,True
NWNUHUZHFUVQFH-BLVBGGGKSA-N,C[C@H]1CCCS(=O)(=O)N1c1ccc2cc(-c3nc4cc(C(=O)N5C[C@H]6CC[C@@H]5[C@@H]6N)ccc4n3C3CC3)n(CC3CC3)c2n1,7.255707016877324,7.255707016877324,7.255707016877324,2,bindingdb|pubchem_confirmatory,0.5,613.788,44.0,enzymatic,False,,none,False,True,True
FYEFLJIQYXTNSF-GBXCKJPGSA-N,COc1cc(C(=O)N2CCC[C@@H](N)C2)cc2nc(-c3cc4ccc(N5[C@@H](C)CCCS5(=O)=O)nc4n3CC3CC3)n(C3CC3)c12,7.36251027048749,7.36251027048749,7.36251027048749,2,bindingdb|pubchem_confirmatory,0.5,631.803,45.0,enzymatic,False,,none,False,True,True
BYPWRWZVKSAHNM-IOPFROOUSA-N,COc1cc(C(=O)N2[C@H]3CC[C@@H]2[C@H](N)C3)cc2nc(-c3cc4ccc(N5[C@@H](C)CCCS5(=O)=O)cc4n3CC3CC3)n(C3CC3)c12,7.376750709602099,7.376750709602099,7.376750709602099,2,bindingdb|pubchem_confirmatory,0.5,642.826,46.0,enzymatic,False,,none,False,True,True
ZESHTVJKVRSQDC-KWQRXZIBSA-N,COc1cc(C(=O)N2[C@H]3CC[C@@H]2[C@H](N)C3)cc2nc(-c3cc4ccc(N5[C@@H](C)CCCS5(=O)=O)nc4n3CC3CC3)n(C)c12,7.651695136951839,7.651695136951839,7.651695136951839,2,bindingdb|pubchem_confirmatory,0.5,617.776,44.0,enzymatic,False,,none,False,True,True
YCMAPGLZISSYQG-AUPBHPDMSA-N,COc1cc(C(=O)N2C[C@H]3CC[C@@H]2[C@@H]3N)cc2nc(-c3cc4ccc(N5[C@@H](C)CCCS5(=O)=O)nc4n3CC3CC3)n(C)c12,7.100726812682396,7.100726812682396,7.100726812682396,2,bindingdb|pubchem_confirmatory,0.5,617.776,44.0,enzymatic,False,,none,False,True,True
IWDGVJRCXFWFAP-WMZHIEFXSA-N,COc1cc(C(=O)N2CCC[C@@H](N)C2)cc2nc(-c3cc4ccc(N5[C@@H](C)CCCS5(=O)=O)nc4n3CC3CC3)n(C)c12,7.528708288941061,7.528708288941061,7.528708288941061,2,bindingdb|pubchem_confirmatory,0.5,605.765,43.0,enzymatic,False,,none,False,True,True
OBMPVGBNKKRXFD-JOCHJYFZSA-N,COc1cc(C(=O)N2CCC[C@@H](N)C2)cc2nc(-c3cc4ccc(N5CCCN(C)S5(=O)=O)nc4n3CC3CC3)n(C)c12,6.362510270487489,6.362510270487489,6.362510270487489,2,bindingdb|pubchem_confirmatory,0.5,606.753,43.0,enzymatic,False,,none,False,True,True
SUACTQDQPDZYNH-OAQYLSRUSA-N,COc1cc(C(=O)N2CCC[C@@H](N)C2)cc2nc(-c3cc4ccc(N5CCCNS5(=O)=O)nc4n3CC3CC3)n(C)c12,6.269217724333611,6.269217724333611,6.269217724333611,2,bindingdb|pubchem_confirmatory,0.5,592.726,42.0,enzymatic,False,,none,False,True,True
VLAXNKASDDXGFU-LJQANCHMSA-N,COC(=O)Nc1ccc2cc(-c3nc4cc(C(=O)N5CCC[C@@H](N)C5)cc(OC)c4n3C)n(CC3CC3)c2n1,5.239577516576788,5.239577516576788,5.239577516576788,2,bindingdb|pubchem_confirmatory,0.5,531.617,39.0,enzymatic,False,,none,False,True,True
JHPILXZFCTXTJO-HXUWFJFHSA-N,COC(=O)N(C)c1ccc2cc(-c3nc4cc(C(=O)N5CCC[C@@H](N)C5)cc(OC)c4n3C)n(CC3CC3)c2n1,6.396855627379818,6.396855627379818,6.396855627379818,2,bindingdb|pubchem_confirmatory,0.5,545.644,40.0,enzymatic,False,,none,False,True,True
DSXRVVRSVRAOIL-JOCHJYFZSA-N,COC(=O)N(c1ccc2cc(-c3nc4cc(C(=O)N5CCC[C@@H](N)C5)cc(OC)c4n3C)n(CC3CC3)c2n1)C1CCC1,6.293282217663242,6.293282217663242,6.293282217663242,2,bindingdb|pubchem_confirmatory,0.5,585.709,43.0,enzymatic,False,,none,False,True,True
ORHNQFJPYYXDJR-OAQYLSRUSA-N,CCN(C(=O)OC)c1ccc2cc(-c3nc4cc(C(=O)N5CCC[C@@H](N)C5)cc(OC)c4n3C)n(CC3CC3)c2n1,6.630784142589857,6.630784142589857,6.630784142589857,2,bindingdb|pubchem_confirmatory,0.5,559.671,41.0,enzymatic,False,,none,False,True,True
KCUCBRVBSOMZGW-JOCHJYFZSA-N,CCN(C(=O)OC)c1ccc2cc(-c3nc4cc(C(=O)N5CCC[C@@H](N)C5)ccc4n3C3CC3)n(CC3CC3)c2n1,5.997968349801166,5.997968349801166,5.997968349801166,2,bindingdb|pubchem_confirmatory,0.5,555.683,41.0,enzymatic,False,,none,False,True,True
QUKNMHICHUGWKM-WMTXJRDZSA-N,COC(=O)N(C)c1ccc2cc(-c3nc4cc(C(=O)N5[C@H]6CC[C@@H]5[C@H](N)C6)cc(OC)c4n3C)n(CC3CC3)c2c1,7.462180904926726,7.462180904926726,7.462180904926726,2,bindingdb|pubchem_confirmatory,0.5,556.667,41.0,enzymatic,False,,none,False,True,True
IKLUFHSVEHWRIL-JOCHJYFZSA-N,CCN(C(C)=O)c1ccc2cc(-c3nc4cc(C(=O)N5CCC[C@@H](N)C5)cc(OC)c4n3C)n(CC3CC3)c2n1,6.421360790031928,6.421360790031928,6.421360790031928,2,bindingdb|pubchem_confirmatory,0.5,543.672,40.0,enzymatic,False,,none,False,True,True
JANIOWYFFJOKKJ-HXUWFJFHSA-N,CNC(=O)N(C)c1ccc2cc(-c3nc4cc(C(=O)N5CCC[C@@H](N)C5)cc(OC)c4n3C)n(CC3CC3)c2n1,6.304518323509802,6.304518323509802,6.304518323509802,2,bindingdb|pubchem_confirmatory,0.5,544.66,40.0,enzymatic,False,,none,False,True,True
OOXOOQYWDGLOFI-OAQYLSRUSA-N,COc1cc(C(=O)N2CCC[C@@H](N)C2)cc2nc(-c3cc4ccc(N(C)C(=O)N(C)C)nc4n3CC3CC3)n(C)c12,5.950781977329818,5.950781977329818,5.950781977329818,2,bindingdb|pubchem_confirmatory,0.5,558.687,41.0,enzymatic,False,,none,False,True,True
MVNOPNOWBICIBM-UYBRWVLZSA-N,COc1cc(C(=O)N2[C@H]3CC[C@@H]2[C@H](N)C3)cc2nc(-c3cc4ccc([C@@H](C)NC(C)=O)nc4n3CC3CC3)n(C)c12,7.341035157335565,7.341035157335565,7.341035157335565,2,bindingdb|pubchem_confirmatory,0.5,555.683,41.0,enzymatic,False,,none,False,True,True
JNZMSEMMCJLQJE-AUSIDOKSSA-N,COc1cc(C(=O)N2CCC[C@@H](N)C2)cc2nc(-c3cc4ccc([C@@H](C)NC(=O)C(C)(C)C)nc4n3CC3CC3)n(C)c12,7.105683937315561,7.105683937315561,7.105683937315561,2,bindingdb|pubchem_confirmatory,0.5,585.753,43.0,enzymatic,False,,none,False,True,True
CUZVZVKMZZYDDJ-MXKZQLQBSA-N,COc1cc(C(=O)N2[C@H]3CC[C@@H]2[C@H](N)C3)cc2nc(-c3cc4ccc([C@@H](C)NC(=O)C(C)(C)C)nc4n3CC3CC3)n(C)c12,7.217527375833714,7.217527375833714,7.217527375833714,2,bindingdb|pubchem_confirmatory,0.5,597.764,44.0,enzymatic,False,,none,False,True,True
HTKKYXSIBWISIC-NOLMGDQDSA-N,COc1cc(C(=O)N2[C@H]3CC[C@@H]2[C@H](N)C3)cc2nc(-c3cc4ccc([C@@H](C)NC(=O)C56CC(F)(C5)C6)nc4n3CC3CC3)n(C)c12,7.413281568643108,7.413281568643108,7.413281568643108,2,bindingdb|pubchem_confirmatory,0.5,625.749,46.0,enzymatic,False,,none,False,True,True
VHVSINLEPVKCGE-RJBATXRKSA-N,COc1cc(C(=O)N2CCC[C@@H](N)C2)cc2nc(-c3cc4ccc([C@@H](C)NC(=O)C56CC(F)(C5)C6)nc4n3CC3CC3)n(C)c12,7.027334407733889,7.027334407733889,7.027334407733889,2,bindingdb|pubchem_confirmatory,0.5,613.738,45.0,enzymatic,False,,none,False,True,True
NYLPSOPWSNEQRS-NLAJUNGTSA-N,COc1cc(C(=O)N2[C@H]3CC[C@@H]2[C@H](N)C3)cc2nc(-c3cc4ccc([C@@H](C)NC(=O)c5ccccc5)nc4n3CC3CC3)n(C)c12,7.546854033243182,7.546854033243182,7.546854033243182,2,bindingdb|pubchem_confirmatory,0.5,617.754,46.0,enzymatic,False,,none,False,True,True
HLHLGTJUNPLXBO-QFQXNSOFSA-N,COc1cc(C(=O)N2CCC[C@@H](N)C2)cc2nc(-c3cc4ccc([C@@H](C)NC(=O)c5ccccc5)nc4n3CC3CC3)n(C)c12,7.346132208706683,7.346132208706683,7.346132208706683,2,bindingdb|pubchem_confirmatory,0.5,605.743,45.0,enzymatic,False,,none,False,True,True
RTGZWMNHBFBIGZ-IJUOOPNOSA-N,COc1cc(C(=O)N2CCC[C@@H](N)C2)cc2nc(-c3cc4ccc([C@@H](C)NC(=O)C56CC(F)(C5)C6)nc4n3CC3CC3)n(C3CC3)c12,7.146910470148135,7.146910470148135,7.146910470148135,2,bindingdb|pubchem_confirmatory,0.5,639.776,47.0,enzymatic,False,,none,False,True,True
NKFUTBODMKTLKM-AJTFRIOCSA-N,COc1cc(C(=O)N2CCC[C@@H](N)C2)cc2nc(-c3cc4ccc([C@@H](C)NC(=O)c5ccccc5)nc4n3CC3CC3)n(C3CC3)c12,7.041914151478915,7.041914151478915,7.041914151478915,2,bindingdb|pubchem_confirmatory,0.5,631.781,47.0,enzymatic,False,,none,False,True,True
YOMLBHKZWSBROS-GKUAJQTLSA-N,COc1cc(C(=O)N2[C@H]3CC[C@@H]2[C@H](N)C3)cc2nc(-c3cc4ccc([C@@H](C)NC(=O)C(C)(C)C)nc4n3CC3CC3)n(C3CC3)c12,7.195860567664649,7.195860567664649,7.195860567664649,2,bindingdb|pubchem_confirmatory,0.5,623.802,46.0,enzymatic,False,,none,False,True,True
UPSRXDDEICTCOK-HYBUGGRVSA-N,COc1cc(C(=O)N2CCC[C@@H](N)C2)cc2nc(-c3cc4ccc([C@@H](C)NC(=O)C(C)(C)C)nc4n3CC3CC3)n(C3CC3)c12,7.211124884224583,7.211124884224583,7.211124884224583,2,bindingdb|pubchem_confirmatory,0.5,611.791,45.0,enzymatic,False,,none,False,True,True
AHUBKUAPGXMBLM-JNWAGDLKSA-N,COc1cc(C(=O)N2[C@H]3CC[C@@H]2[C@H](N)C3)cc2nc(-c3cc4ccc([C@@H](C)NC(=O)c5ccccc5)nc4n3CC3CC3)n(C3CC3)c12,7.0655015487564325,7.0655015487564325,7.0655015487564325,2,bindingdb|pubchem_confirmatory,0.5,643.792,48.0,enzymatic,False,,none,False,True,True
ZYEFVWXVSGVGEZ-INVGSZFYSA-N,COc1cc(C(=O)N2[C@H]3CC[C@@H]2[C@H](N)C3)cc2nc(-c3cc4ccc([C@@H](C)NC(=O)C56CC(F)(C5)C6)nc4n3CC3CC3)n(C3CC3)c12,7.345823458122039,7.345823458122039,7.345823458122039,2,bindingdb|pubchem_confirmatory,0.5,651.787,48.0,enzymatic,False,,none,False,True,True
YOGOHMLNLARTQV-LZVBSIPISA-N,COc1cc(C(=O)N2[C@H]3CC[C@@H]2[C@H](N)C3)cc2nc(-c3cc4ccc([C@@H](C)NC(C)=O)nc4n3CC3CC3)n(C3CC3)c12,7.586700235918748,7.586700235918748,7.586700235918748,2,bindingdb|pubchem_confirmatory,0.5,581.721,43.0,enzymatic,False,,none,False,True,True
UVIHPOPDIHNXCA-WZONZLPQSA-N,COc1cc(C(=O)N2CCC[C@@H](N)C2)cc2nc(-c3cc4ccc([C@@H](C)NC(C)=O)nc4n3CC3CC3)n(C3CC3)c12,7.150580586203101,7.150580586203101,7.150580586203101,2,bindingdb|pubchem_confirmatory,0.5,569.71,42.0,enzymatic,False,,none,False,True,True
IXNVLOICARTBBV-RDKWVBGNSA-N,COc1cc(C(=O)N2[C@H]3CC[C@@H]2[C@H](N)C3)cc2nc(-c3cc4ccc([C@@H](C)NC(=O)C56CC(C#N)(C5)C6)nc4n3CC3CC3)n(C)c12,7.739928612014925,7.739928612014925,7.739928612014925,2,bindingdb|pubchem_confirmatory,0.5,632.769,47.0,enzymatic,False,,none,False,True,True
GWXJCNMAFKNIFU-JSZNEXRFSA-N,COc1cc(C(=O)N2[C@H]3CC[C@@H]2[C@H](N)C3)cc2nc(-c3cc4ccc([C@@H](C)NC(=O)c5cnn(C)c5)nc4n3CC3CC3)n(C)c12,7.614022625518025,7.614022625518025,7.614022625518025,2,bindingdb|pubchem_confirmatory,0.5,621.746,46.0,enzymatic,False,,none,False,True,True
CUIZCXOHKFWNCA-RSYUDSDASA-N,COc1cc(C(=O)N2[C@H]3CC[C@@H]2[C@H](N)C3)cc2nc(-c3cc4ccc([C@@H](C)NC(=O)c5cnc(C)o5)cc4n3CC3CC3)n(C)c12,7.559090917934782,7.559090917934782,7.559090917934782,2,bindingdb|pubchem_confirmatory,0.5,621.742,46.0,enzymatic,False,,none,False,True,True
PNCXOMKSILFJND-RSYUDSDASA-N,COc1cc(C(=O)N2[C@H]3CC[C@@H]2[C@H](N)C3)cc2nc(-c3cc4ccc([C@@H](C)NC(=O)c5cnn(C(F)F)c5)cc4n3CC3CC3)n(C)c12,7.539102157243452,7.539102157243452,7.539102157243452,2,bindingdb|pubchem_confirmatory,0.5,656.738,48.0,enzymatic,False,,none,False,True,True
ULESTUCRNZLJGI-RWCYZESJSA-N,COc1cc(C(=O)N2[C@H]3CC[C@@H]2[C@H](N)C3)cc2nc(-c3cc4ccc([C@@H](C)NC(=O)C(C)(C)OC)cc4n3CC3CC3)n(C)c12,7.583359492661719,7.583359492661719,7.583359492661719,2,bindingdb|pubchem_confirmatory,0.5,612.775,45.0,enzymatic,False,,none,False,True,True
YCYZGTHDJXCADQ-KGNQOXMFSA-N,COc1cc(C(=O)N2[C@H]3CC[C@@H]2[C@H](N)C3)cc2nc(-c3cc4ccc([C@@H](C)NC(=O)C5(OC)CCC5)cc4n3CC3CC3)n(C)c12,7.198596289982645,7.198596289982645,7.198596289982645,2,bindingdb|pubchem_confirmatory,0.5,624.786,46.0,enzymatic,False,,none,False,True,True
VLPXAZNANZCPPI-RWCYZESJSA-N,COc1cc(C(=O)N2[C@H]3CC[C@@H]2[C@H](N)C3)cc2nc(-c3cc4ccc([C@@H](C)NC(=O)C5(OC)CC5)cc4n3CC3CC3)n(C)c12,7.351639989019068,7.351639989019068,7.351639989019068,2,bindingdb|pubchem_confirmatory,0.5,610.759,45.0,enzymatic,False,,none,False,True,True
PKSDJNHNASRKAS-FPNSGZSPSA-N,COc1cc(C(=O)N2CCC[C@@H](N)C2)cc2nc(-c3cc4ccc([C@@H](C)NC(=O)C56CC(F)(C5)C6)c(F)c4n3CC3CC3)n(C)c12,6.29929628285498,6.29929628285498,6.29929628285498,2,bindingdb|pubchem_confirmatory,0.5,630.74,46.0,enzymatic,False,,none,False,True,True
WIDLJFICMXWJPW-CXGGQIANSA-N,COc1cc(C(=O)N2[C@H]3CC[C@@H]2[C@H](N)C3)cc2nc(-c3cc4ccc([C@@H](C)NC(=O)C56CC(F)(C5)C6)c(F)c4n3CC3CC3)n(C)c12,6.6401645176601125,6.6401645176601125,6.6401645176601125,2,bindingdb|pubchem_confirmatory,0.5,642.751,47.0,enzymatic,False,,none,False,True,True
VYPGWMOYHNRYEM-ABQQVPPMSA-N,COc1cc(C(=O)N2CCC[C@@H](N)C2)cc2nc(-c3cc4cc(F)c([C@@H](C)NC(=O)C56CC(F)(C5)C6)nc4n3CC3CC3)n(C)c12,7.202040356262804,7.202040356262804,7.202040356262804,2,bindingdb|pubchem_confirmatory,0.5,631.728,46.0,enzymatic,False,,none,False,True,True
RPVMTDOKBAOUGE-XDWAHJFPSA-N,COc1cc(C(=O)N2[C@H]3CC[C@@H]2[C@H](N)C3)cc2nc(-c3cc4cc(F)c([C@@H](C)NC(=O)C56CC(F)(C5)C6)cc4n3CC3CC3)n(C3CC3)c12,7.339134521996131,7.339134521996131,7.339134521996131,2,bindingdb|pubchem_confirmatory,0.5,668.789,49.0,enzymatic,False,,none,False,True,True
HFNXGMZLICIMHV-LEFDFYFUSA-N,COc1cc(C(=O)N2[C@H]3CC[C@@H]2[C@H](N)C3)cc2nc(-c3cc4ccc([C@@H](C)NC(=O)C5(OC)CC5)cc4n3CC3CC3)n(C3CC3)c12,7.102922996790579,7.102922996790579,7.102922996790579,2,bindingdb|pubchem_confirmatory,0.5,636.797,47.0,enzymatic,False,,none,False,True,True
RYAUBGLWFDMUCK-FLDZJMNKSA-N,COc1cc(C(=O)N2[C@H]3CC[C@@H]2[C@H](N)C3)cc2nc(-c3cc4ccc([C@@H](C)NC(=O)c5c(F)cccc5F)cc4n3CC3CC3)n(C3CC3)c12,6.910094888560602,6.910094888560602,6.910094888560602,2,bindingdb|pubchem_confirmatory,0.5,678.784,50.0,enzymatic,False,,none,False,True,True
RMVCLEHKZIRGDV-MHYOBEBPSA-N,COc1cccc(F)c1C(=O)N[C@H](C)c1ccc2cc(-c3nc4cc(C(=O)N5[C@H]6CC[C@@H]5[C@H](N)C6)cc(OC)c4n3C3CC3)n(CC3CC3)c2c1,7.020451625295905,7.020451625295905,7.020451625295905,2,bindingdb|pubchem_confirmatory,0.5,690.82,51.0,enzymatic,False,,none,False,True,True
GVFUXXYOKBXJOV-NTKDMRAZSA-N,COc1cc(C(=O)N2CCC[C@@H](N)C2)cc2nc(-c3cc4cc(F)c([C@@H](C)NC(=O)c5cnn(C)c5)cc4n3CC3CC3)n(C)c12,6.935542010773082,6.935542010773082,6.935542010773082,2,bindingdb|pubchem_confirmatory,0.5,626.737,46.0,enzymatic,False,,none,False,True,True
DDBBFEDMZTYISF-WZONZLPQSA-N,COc1cc(C(=O)N2CCC[C@@H](N)C2)cc2nc(-c3cc4cc(F)c([C@@H](C)NC(=O)c5cnn(C(F)F)c5)cc4n3CC3CC3)n(C)c12,6.991399828238082,6.991399828238082,6.991399828238082,2,bindingdb|pubchem_confirmatory,0.5,662.717,48.0,enzymatic,False,,none,False,True,True
HSMAWHUKLLSXEE-YHALAERNSA-N,COc1cc(C(=O)N2[C@H]3CC[C@@H]2[C@H](N)C3)cc2nc(-c3cc4ccc([C@@H](C)NC(=O)C5CC5(F)F)cc4n3CC3CC3)n(C3CC3)c12,7.200659450546418,7.200659450546418,7.200659450546418,2,bindingdb|pubchem_confirmatory,0.5,642.751,47.0,enzymatic,False,,none,False,True,True
VUVRDSCGILYJOW-ZVNOTNKZSA-N,COc1cc(C(=O)N2CCC[C@@H](N)C2)cc2nc(-c3cc4ccc([C@@H](C)NC(=O)C5CC5(F)F)cc4n3CC3CC3)n(C3CC3)c12,6.991399828238082,6.991399828238082,6.991399828238082,2,bindingdb|pubchem_confirmatory,0.5,630.74,46.0,enzymatic,False,,none,False,True,True
XNVYSBUZBSRWKG-QFQXNSOFSA-N,COc1cc(C(=O)N2C[C@H](N)CCN2C)cc2nc(-c3cc4ccc([C@@H](C)NC(=O)c5ccccc5)nc4n3CC3CC3)n(C)c12,7.047207556955907,7.047207556955907,7.047207556955907,2,bindingdb|pubchem_confirmatory,0.5,620.758,46.0,enzymatic,False,,none,False,True,True
HGBSRVBKBKEIKB-FQRUVTKNSA-N,COc1cc(C(=O)N2C[C@H](N)CCN2C)cc2nc(-c3cc4ccc([C@@H](C)NC(=O)c5ccc(F)cc5)nc4n3CC3CC3)n(C)c12,6.782516055786093,6.782516055786093,6.782516055786093,2,bindingdb|pubchem_confirmatory,0.5,638.748,47.0,enzymatic,False,,none,False,True,True
RTBCGEZTCOEMPZ-NIYFSFCBSA-N,COc1cc(C(=O)N2C[C@H](N)CCN2C)cc2nc(-c3cc4ccc([C@@H](C)NC(=O)c5cc(F)cc(F)c5)nc4n3CC3CC3)n(C)c12,6.779891911959945,6.779891911959945,6.779891911959945,2,bindingdb|pubchem_confirmatory,0.5,656.738,48.0,enzymatic,False,,none,False,True,True
CJNSBDCTRLIGJH-WZONZLPQSA-N,COc1cc(C(=O)N2C[C@H](N)CCN2C)cc2nc(-c3cc4ccc([C@@H](C)NC(=O)c5c(F)cc(F)cc5F)nc4n3CC3CC3)n(C)c12,7.058488567365597,7.058488567365597,7.058488567365597,2,bindingdb|pubchem_confirmatory,0.5,674.728,49.0,enzymatic,False,,none,False,True,True
FLFBRFVTKHTNQT-AJTFRIOCSA-N,COc1cc(C(=O)N2C[C@H](N)CCN2C)cc2nc(-c3cc4ccc([C@@H](C)NC(=O)Cc5ccccc5)nc4n3CC3CC3)n(C)c12,7.1180450286604,7.1180450286604,7.1180450286604,2,bindingdb|pubchem_confirmatory,0.5,634.785,47.0,enzymatic,False,,none,False,True,True
SHGSQOIZPJMMIE-QDPGVEIFSA-N,COc1cc(C(=O)N2C[C@H](N)CCN2C)cc2nc(-c3cc4ccc([C@@H](C)NC(=O)C(C)(C)c5ccccc5)nc4n3CC3CC3)n(C)c12,6.6401645176601125,6.6401645176601125,6.6401645176601125,2,bindingdb|pubchem_confirmatory,0.5,662.839,49.0,enzymatic,False,,none,False,True,True
RJKYIVXCJVPMQQ-QDPGVEIFSA-N,COc1cc(C(=O)N2C[C@H](N)CCN2C)cc2nc(-c3cc4ccc([C@@H](C)NC(=O)C5(c6ccccc6)CC5)nc4n3CC3CC3)n(C)c12,6.317854923626168,6.317854923626168,6.317854923626168,2,bindingdb|pubchem_confirmatory,0.5,660.823,49.0,enzymatic,False,,none,False,True,True
PUWYYEAXBBATRI-AUSIDOKSSA-N,COc1cc(C(=O)N2C[C@H](N)CCN2C)cc2nc(-c3cc4ccc([C@@H](C)NC(=O)C(C)(C)C)nc4n3CC3CC3)n(C)c12,7.0880653908259195,7.0880653908259195,7.0880653908259195,2,bindingdb|pubchem_confirmatory,0.5,600.768,44.0,enzymatic,False,,none,False,True,True
BKXGAGMFHKMOCJ-WZONZLPQSA-N,COc1cc(C(=O)N2C[C@H](N)CCN2C)cc2nc(-c3cc4ccc([C@@H](C)NC(=O)C5CC(F)(F)C5)nc4n3CC3CC3)n(C)c12,7.035740369803151,7.035740369803151,7.035740369803151,2,bindingdb|pubchem_confirmatory,0.5,634.732,46.0,enzymatic,False,,none,False,True,True
AIMATAXPIKUIRQ-SKCUWOTOSA-N,COc1cc(C(=O)N2C[C@H](N)CCN2C)cc2nc(-c3cc4ccc([C@@H](C)NC(=O)C5(c6ccc(C(F)(F)F)cc6)CC5)nc4n3CC3CC3)n(C)c12,5.392544976785332,5.392544976785332,5.392544976785332,2,bindingdb|pubchem_confirmatory,0.5,728.82,53.0,enzymatic,False,,none,False,True,True
GPLHNPXWICABTG-MVOZIGHISA-N,COc1cc(C(=O)N2C[C@H](N)CCN2C)cc2nc(-c3cc4ccc([C@@H](C)NC(=O)[C@H](C)c5ccccc5)nc4n3CC3CC3)n(C)c12,6.8297382846050425,6.8297382846050425,6.8297382846050425,2,bindingdb|pubchem_confirmatory,0.5,648.812,48.0,enzymatic,False,,none,False,True,True
GPLHNPXWICABTG-SXDGJLEOSA-N,COc1cc(C(=O)N2C[C@H](N)CCN2C)cc2nc(-c3cc4ccc([C@@H](C)NC(=O)[C@@H](C)c5ccccc5)nc4n3CC3CC3)n(C)c12,7.039053804266168,7.039053804266168,7.039053804266168,2,bindingdb|pubchem_confirmatory,0.5,648.812,48.0,enzymatic,False,,none,False,True,True
GUMTUBAOBUKIJB-HYBUGGRVSA-N,COc1cc(C(=O)N2C[C@H](N)CCN2C)cc2nc(-c3cc4ccc([C@@H](C)NC(=O)c5ccccc5C(F)F)nc4n3CC3CC3)n(C)c12,6.7447274948966935,6.7447274948966935,6.7447274948966935,2,bindingdb|pubchem_confirmatory,0.5,670.765,49.0,enzymatic,False,,none,False,True,True
OQFQRKDGTZBKFT-QFQXNSOFSA-N,COc1cc(C(=O)N2C[C@H](N)CCN2C)cc2nc(-c3cc4ccc([C@@H](C)NC(=O)C(F)(F)c5ccccc5)nc4n3CC3CC3)n(C)c12,6.411168274405792,6.411168274405792,6.411168274405792,2,bindingdb|pubchem_confirmatory,0.5,670.765,49.0,enzymatic,True,haloacetyl,none,False,True,True
KLWIETMUBYNZFC-YHYVQYDKSA-N,COc1cc(C(=O)N2C[C@H](N)CCN2C)cc2nc(-c3cc4ccc([C@@H](C)NC(=O)[C@@H]5CC5(F)F)nc4n3CC3CC3)n(C)c12,6.991399828238082,6.991399828238082,6.991399828238082,2,bindingdb|pubchem_confirmatory,0.5,620.705,45.0,enzymatic,False,,none,False,True,True
WWCAAAUUHLBUSP-NTKDMRAZSA-N,COc1cc(C(=O)N2C[C@H](N)CCN2C)cc2nc(-c3cc4ccc([C@@H](C)NC(=O)c5cnn(C)c5)nc4n3CC3CC3)n(C)c12,7.320572103387882,7.320572103387882,7.320572103387882,2,bindingdb|pubchem_confirmatory,0.5,624.75,46.0,enzymatic,False,,none,False,True,True
UDEDBTNUDNFHJX-WZONZLPQSA-N,COc1cc(C(=O)N2C[C@H](N)CCN2C)cc2nc(-c3cc4ccc([C@@H](C)NC(=O)c5cnn(C(F)F)c5)nc4n3CC3CC3)n(C)c12,7.1732774798310075,7.1732774798310075,7.1732774798310075,2,bindingdb|pubchem_confirmatory,0.5,660.73,48.0,enzymatic,False,,none,False,True,True
BLBCJTGPVZKNCG-RJBATXRKSA-N,COc1cc(C(=O)N2C[C@H](N)CCN2C)cc2nc(-c3cc4ccc([C@@H](C)NC(=O)C56CC(F)(C5)C6)nc4n3CC3CC3)n(C)c12,7.044793462458058,7.044793462458058,7.044793462458058,2,bindingdb|pubchem_confirmatory,0.5,628.753,46.0,enzymatic,False,,none,False,True,True
LRKMWULUBAKXMP-YIXXDRMTSA-N,COc1cc(C(=O)N2C[C@H](N)CCN2C)cc2nc(-c3cc4ccc([C@@H](C)NC(=O)c5c(C)cccc5C)nc4n3CC3CC3)n(C)c12,6.8326826652518236,6.8326826652518236,6.8326826652518236,2,bindingdb|pubchem_confirmatory,0.5,648.812,48.0,enzymatic,False,,none,False,True,True
IYALDIOOYMNARK-NQLBUQGNSA-N,COc1cc(C(=O)N2[C@H]3CC[C@@H]2[C@H](N)C3)cc2nc(-c3cc4ccc([C@@H](C)NC(=O)C5(n6cccn6)CC5)nc4n3CC3CC3)n(C)c12,7.014573525916998,7.014573525916998,7.014573525916998,2,bindingdb|pubchem_confirmatory,0.5,647.784,48.0,enzymatic,False,,none,False,True,True
YKTLSAWNSNAXIN-LZCPXLSCSA-N,COc1cc(C(=O)N2[C@H]3CC[C@@H]2[C@H](N)C3)cc2nc(-c3cc4ccc([C@@H](C)NC(=O)Cn5cccn5)nc4n3CC3CC3)n(C)c12,7.345823458122039,7.345823458122039,7.345823458122039,2,bindingdb|pubchem_confirmatory,0.5,621.746,46.0,enzymatic,False,,none,False,True,True
YAIONNFNAIKNMQ-PXDATVDWSA-N,COc1cc(C(=O)N2C[C@H](N)CCN2C)cc2nc(-c3cc4ccc([C@@H](C)NC(=O)c5ncccc5C)nc4n3CC3CC3)n(C)c12,6.856985199745905,6.856985199745905,6.856985199745905,2,bindingdb|pubchem_confirmatory,0.5,635.773,47.0,enzymatic,False,,none,False,True,True
YDKHCKJZIFMKAK-ATIYNZHBSA-N,COc1cc(C(=O)N2C[C@H](N)CCN2C)cc2nc(-c3cc4ccc([C@@H](C)NC(=O)c5nc(C)ccc5C)nc4n3CC3CC3)n(C)c12,6.636388020107855,6.636388020107855,6.636388020107855,2,bindingdb|pubchem_confirmatory,0.5,649.8,48.0,enzymatic,False,,none,False,True,True
CZGLIGMHMQUAJO-PXDATVDWSA-N,COc1cc(C(=O)N2C[C@H](N)CCN2C)cc2nc(-c3cc4ccc([C@@H](C)NC(=O)c5cccnc5C)nc4n3CC3CC3)n(C)c12,7.041914151478915,7.041914151478915,7.041914151478915,2,bindingdb|pubchem_confirmatory,0.5,635.773,47.0,enzymatic,False,,none,False,True,True
LMQZBLYWPKMDRY-QFQXNSOFSA-N,COc1cc(C(=O)N2C[C@H](N)CCN2C)cc2nc(-c3cc4ccc([C@@H](C)NC(=O)c5c(C)ccnc5C)nc4n3CC3CC3)n(C)c12,7.094743951251549,7.094743951251549,7.094743951251549,2,bindingdb|pubchem_confirmatory,0.5,649.8,48.0,enzymatic,False,,none,False,True,True
YJIWDXJHVNGHOS-AJTFRIOCSA-N,COc1cc(C(=O)N2C[C@H](N)CCN2C)cc2nc(-c3cc4ccc([C@@H](C)NC(=O)c5cc(C)nc(C)c5)nc4n3CC3CC3)n(C)c12,7.110698297493689,7.110698297493689,7.110698297493689,2,bindingdb|pubchem_confirmatory,0.5,649.8,48.0,enzymatic,False,,none,False,True,True
ZEWXIOPXHDYVHT-AUSIDOKSSA-N,COc1cc(C(=O)N2C[C@H](N)CCN2C)cc2nc(-c3cc4ccc([C@@H](C)NC(=O)c5ncccn5)nc4n3CC3CC3)n(C)c12,7.540607512240769,7.540607512240769,7.540607512240769,2,bindingdb|pubchem_confirmatory,0.5,622.734,46.0,enzymatic,False,,none,False,True,True
UMIKFEDMZBIKHH-HYBUGGRVSA-N,COc1cc(C(=O)N2C[C@H](N)CCN2C)cc2nc(-c3cc4ccc([C@@H](C)NC(=O)c5nccc(C)n5)nc4n3CC3CC3)n(C)c12,7.125518182300533,7.125518182300533,7.125518182300533,2,bindingdb|pubchem_confirmatory,0.5,636.761,47.0,enzymatic,False,,none,False,True,True
OQNRGJIEYNSFGA-XMSQKQJNSA-N,COc1cc(C(=O)N2C[C@H](N)CCN2C)cc2nc(-c3cc4ccc([C@@H](C)NC(=O)c5nccc(C(F)(F)F)n5)nc4n3CC3CC3)n(C)c12,6.982966660701219,6.982966660701219,6.982966660701219,2,bindingdb|pubchem_confirmatory,0.5,690.731,50.0,enzymatic,False,,none,False,True,True
OTZZTSFTLCCKNX-AUSIDOKSSA-N,COc1cc(C(=O)N2C[C@H](N)CCN2C)cc2nc(-c3cc4ccc([C@@H](C)NC(=O)c5nc(C)cc(C(F)(F)F)n5)nc4n3CC3CC3)n(C)c12,6.703334809738469,6.703334809738469,6.703334809738469,2,bindingdb|pubchem_confirmatory,0.5,704.758,51.0,enzymatic,False,,none,False,True,True
LVWNRRLZLNCNJP-PXDATVDWSA-N,COc1cc(C(=O)N2C[C@H](N)CCN2C)cc2nc(-c3cc4ccc([C@@H](C)NC(=O)c5c(C)cccc5C(F)(F)F)nc4n3CC3CC3)n(C)c12,6.690369832574101,6.690369832574101,6.690369832574101,2,bindingdb|pubchem_confirmatory,0.5,702.782,51.0,enzymatic,False,,none,False,True,True
RWOPAJCYXBRYKS-IWIJADAVSA-N,COc1cc(C(=O)N2C[C@H](N)CCN2C)cc2nc(-c3cc4ccc([C@@H](C)NC(=O)C56CC(C5)C6)nc4n3CC3CC3)n(C)c12,7.085656842880559,7.085656842880559,7.085656842880559,2,bindingdb|pubchem_confirmatory,0.5,610.763,45.0,enzymatic,False,,none,False,True,True
UXHLLJKPDUTWLE-RJBATXRKSA-N,COc1cc(C(=O)N2C[C@H](N)CCN2C)cc2nc(-c3cc4ccc([C@@H](C)NC(=O)C56CC(Cl)(C5)C6)nc4n3CC3CC3)n(C)c12,6.978810700930062,6.978810700930062,6.978810700930062,2,bindingdb|pubchem_confirmatory,0.5,645.208,46.0,enzymatic,False,,none,False,True,True
BEQPNHJGQLQGIM-OPZHNOORSA-N,COc1cc(C(=O)N2C[C@H](N)CCN2C)cc2nc(-c3cc4ccc([C@@H](C)NC(=O)C56CC(C)(C5)C6)nc4n3CC3CC3)n(C)c12,7.013676222949234,7.013676222949234,7.013676222949234,2,bindingdb|pubchem_confirmatory,0.5,624.79,46.0,enzymatic,False,,none,False,True,True
TVDNAWCKMLGALC-RJBATXRKSA-N,COc1cc(C(=O)N2C[C@H](N)CCN2C)cc2nc(-c3cc4ccc([C@@H](C)NC(=O)C56CC(C(F)(F)F)(C5)C6)nc4n3CC3CC3)n(C)c12,6.826813731587726,6.826813731587726,6.826813731587726,2,bindingdb|pubchem_confirmatory,0.5,678.76,49.0,enzymatic,False,,none,False,True,True
UYLYSLVZEWXGHZ-AUSIDOKSSA-N,COc1cc(C(=O)N2C[C@H](N)CCN2C)cc2nc(-c3cc4ccc([C@@H](C)NC(=O)C5(CF)CC5)nc4n3CC3CC3)n(C)c12,7.047207556955907,7.047207556955907,7.047207556955907,2,bindingdb|pubchem_confirmatory,0.5,616.742,45.0,enzymatic,False,,none,False,True,True
XLZYNLWRYAEHGT-XMSQKQJNSA-N,COc1cc(C(=O)N2C[C@H](N)CCN2C)cc2nc(-c3cc4ccc([C@@H](C)NC(=O)C5(C(F)F)CC5)nc4n3CC3CC3)n(C)c12,7.084072788302884,7.084072788302884,7.084072788302884,2,bindingdb|pubchem_confirmatory,0.5,634.732,46.0,enzymatic,False,,none,False,True,True
JTLQZTSYOZZFAM-XMSQKQJNSA-N,COc1cc(C(=O)N2C[C@H](N)CCN2C)cc2nc(-c3cc4ccc([C@@H](C)NC(=O)C5(C(F)(F)F)CC5)nc4n3CC3CC3)n(C)c12,6.7594507517174005,6.7594507517174005,6.7594507517174005,2,bindingdb|pubchem_confirmatory,0.5,652.722,47.0,enzymatic,False,,none,False,True,True
DGRZKYMMXZZAAS-AUSIDOKSSA-N,COc1cc(C(=O)N2C[C@H](N)CCN2C)cc2nc(-c3cc4ccc([C@@H](C)NC(=O)C5(CC(F)F)CC5)nc4n3CC3CC3)n(C)c12,6.847711655616944,6.847711655616944,6.847711655616944,2,bindingdb|pubchem_confirmatory,0.5,648.759,47.0,enzymatic,False,,none,False,True,True
CKMDBVJBBNLRCY-ATIYNZHBSA-N,COc1cc(C(=O)N2C[C@H](N)CCN2C)cc2nc(-c3cc4ccc([C@@H](C)NC(=O)c5ccccc5C)nc4n3CC3CC3)n(C)c12,6.910094888560602,6.910094888560602,6.910094888560602,2,bindingdb|pubchem_confirmatory,0.5,634.785,47.0,enzymatic,False,,none,False,True,True
ZRNPYLPPRSFZTM-QFQXNSOFSA-N,COc1cc(C(=O)N2C[C@H](N)CCN2C)cc2nc(-c3cc4ccc([C@@H](C)NC(=O)c5ccc(F)cc5C)nc4n3CC3CC3)n(C)c12,6.991399828238082,6.991399828238082,6.991399828238082,2,bindingdb|pubchem_confirmatory,0.5,652.775,48.0,enzymatic,False,,none,False,True,True
UGUDGWMATJJOAS-HYBUGGRVSA-N,COc1cc(C(=O)N2C[C@H](N)CCN2C)cc2nc(-c3cc4ccc([C@@H](C)NC(=O)c5ccccc5C(F)(F)F)nc4n3CC3CC3)n(C)c12,6.889410289700751,6.889410289700751,6.889410289700751,2,bindingdb|pubchem_confirmatory,0.5,688.755,50.0,enzymatic,False,,none,False,True,True
VUWYLTPEIYKWHV-QFQXNSOFSA-N,COc1cc(C(=O)N2C[C@H](N)CCN2C)cc2nc(-c3cc4ccc([C@@H](C)NC(=O)c5cc(F)ccc5C)nc4n3CC3CC3)n(C)c12,6.935542010773082,6.935542010773082,6.935542010773082,2,bindingdb|pubchem_confirmatory,0.5,652.775,48.0,enzymatic,False,,none,False,True,True
XTPNOPJEVIPPHH-AUSIDOKSSA-N,COc1cc(C(=O)N2C[C@H](N)CCN2C)cc2nc(-c3cc4ccc([C@@H](C)NC(=O)c5c(F)cccc5C(F)(F)F)nc4n3CC3CC3)n(C)c12,6.779891911959945,6.779891911959945,6.779891911959945,2,bindingdb|pubchem_confirmatory,0.5,706.745,51.0,enzymatic,False,,none,False,True,True
LHTWCMAYFMQWNL-SKCUWOTOSA-N,COc1cc(C(=O)N2C[C@H](N)CCN2C)cc2nc(-c3cc4ccc([C@@H](C)NC(=O)C5(c6ccc(F)cc6)CC5)nc4n3CC3CC3)n(C)c12,6.468521082957745,6.468521082957745,6.468521082957745,2,bindingdb|pubchem_confirmatory,0.5,678.813,50.0,enzymatic,False,,none,False,True,True
DQJPAEFVADJSBH-AUSIDOKSSA-N,COc1cc(C(=O)N2C[C@H](N)CCN2C)cc2nc(-c3cc4ccc([C@@H](C)NC(=O)C5(C)CC5)nc4n3CC3CC3)n(C)c12,7.192464971931146,7.192464971931146,7.192464971931146,2,bindingdb|pubchem_confirmatory,0.5,598.752,44.0,enzymatic,False,,none,False,True,True
LYRQDAZBZYZFIZ-CJFMBICVSA-N,COc1cc(C(=O)N2C[C@H](N)CCN2C)cc2nc(-c3cc4ccc([C@@H](C)NC(=O)c5cccnc5)nc4n3CC3CC3)n(C)c12,7.169411331314856,7.169411331314856,7.169411331314856,2,bindingdb|pubchem_confirmatory,0.5,621.746,46.0,enzymatic,False,,none,False,True,True
IWHJWKQBKKOVCE-DNRIFNMESA-N,COc1cc(C(=O)N2[C@H]3CC[C@@H]2[C@H](N)C3)cc2nc(-c3cc4ccc([C@@H](C)NC(=O)[C@@H]5CC5(F)F)nc4n3CC3CC3)n(C)c12,7.231361898752386,7.231361898752386,7.231361898752386,2,bindingdb|pubchem_confirmatory,0.5,617.701,45.0,enzymatic,False,,none,False,True,True
ASQGFANEDMYUKK-PQQPKJSBSA-N,COc1cc(C(=O)N2[C@H]3CC[C@@H]2[C@H](N)C3)cc2nc(-c3cc4ccc([C@@H](C)NC(=O)c5ccccc5C(F)F)nc4n3CC3CC3)n(C)c12,6.809668301829708,6.809668301829708,6.809668301829708,2,bindingdb|pubchem_confirmatory,0.5,667.761,49.0,enzymatic,False,,none,False,True,True
OMGHTRFPCBLHOD-GIBDUUHHSA-N,COc1cc(C(=O)N2[C@H]3CC[C@@H]2[C@H](N)C3)cc2nc(-c3cc4ccc([C@@H](C)NC(=O)C5CC(F)(F)C5)nc4n3CC3CC3)n(C)c12,7.324221658325915,7.324221658325915,7.324221658325915,2,bindingdb|pubchem_confirmatory,0.5,631.728,46.0,enzymatic,False,,none,False,True,True
SXQOCSPCUUBGKD-GIBDUUHHSA-N,COc1cc(C(=O)N2[C@H]3CC[C@@H]2[C@H](N)C3)cc2nc(-c3cc4ccc([C@@H](C)NC(=O)c5cnn(C(F)F)c5)nc4n3CC3CC3)n(C)c12,7.098541678603888,7.098541678603888,7.098541678603888,2,bindingdb|pubchem_confirmatory,0.5,657.726,48.0,enzymatic,False,,none,False,True,True
SISXVMXWDWVACZ-UFFXRUGOSA-N,COc1cc(C(=O)N2[C@H]3CC[C@@H]2[C@H](N)C3)cc2nc(-c3cc4ccc([C@@H](C)NC(=O)C5(C(F)(F)F)CC5)nc4n3CC3CC3)n(C)c12,6.619788758288394,6.619788758288394,6.619788758288394,2,bindingdb|pubchem_confirmatory,0.5,649.718,47.0,enzymatic,False,,none,False,True,True
NPBOFSBLSNTZLR-JTBFMICSSA-N,COc1cc(C(=O)N2[C@H]3CC[C@@H]2[C@H](N)C3)cc2nc(-c3cc4ccc([C@@H](C)NC(=O)c5ccc(F)cc5)nc4n3CC3CC3)n(C)c12,6.860120913598763,6.860120913598763,6.860120913598763,2,bindingdb|pubchem_confirmatory,0.5,635.744,47.0,enzymatic,False,,none,False,True,True
WXJVIANQSTXYQW-AREMUKBSSA-N,COc1cc(C(=O)N2C[C@H](N)CCN2C)cc2nc(-c3cc4ccc(C(C)(C)NC(=O)c5ccccc5)nc4n3CC3CC3)n(C)c12,6.701146923590294,6.701146923590294,6.701146923590294,2,bindingdb|pubchem_confirmatory,0.5,634.785,47.0,enzymatic,False,,none,False,True,True
UVMDCPZEHDKBPP-AUSIDOKSSA-N,COc1cc(C(=O)N2C[C@H](N)CCN2C)cc2nc(-c3cc4ccc([C@@H](C)NC(=O)c5c(F)cccc5F)nc4n3CC3CC3)n(C)c12,6.889410289700751,6.889410289700751,6.889410289700751,2,bindingdb|pubchem_confirmatory,0.5,656.738,48.0,enzymatic,False,,none,False,True,True
ZWYQAHLPBBUUMC-DISSZYSNSA-N,COc1cc(C(=O)N2[C@H]3CC[C@@H]2[C@H](N)C3)cc2nc(-c3cc4ccc([C@@H](C)NC(=O)C(C)n5cccn5)nc4n3CC3CC3)n(C)c12,7.036212172654444,7.036212172654444,7.036212172654444,2,bindingdb|pubchem_confirmatory,0.5,635.773,47.0,enzymatic,False,,none,False,True,True
MTCYUZPXAXHFEU-PXDATVDWSA-N,COc1cc(C(=O)N2C[C@H](N)CCN2C)cc2nc(-c3cc4ccc([C@@H](C)NC(=O)c5cccc(F)c5C)nc4n3CC3CC3)n(C)c12,6.769551078621726,6.769551078621726,6.769551078621726,2,bindingdb|pubchem_confirmatory,0.5,652.775,48.0,enzymatic,False,,none,False,True,True
SDWUZBXDMJTQLM-CJFMBICVSA-N,COc1cc(C(=O)N2C[C@H](N)CCN2C)cc2nc(-c3cc4ccc([C@@H](C)NC(=O)c5cc(F)cc(F)c5C)nc4n3CC3CC3)n(C)c12,6.872895201635192,6.872895201635192,6.872895201635192,2,bindingdb|pubchem_confirmatory,0.5,670.765,49.0,enzymatic,False,,none,False,True,True
LIXPNEXQVIKJHS-ATIYNZHBSA-N,COc1cc(C(=O)N2C[C@H](N)CCN2C)cc2nc(-c3cc4ccc([C@@H](C)NC(=O)c5ccc(C)nc5C)nc4n3CC3CC3)n(C)c12,7.0,7.0,7.0,2,bindingdb|pubchem_confirmatory,0.5,649.8,48.0,enzymatic,False,,none,False,True,True
WRENGWABZKPEIU-HYBUGGRVSA-N,COc1cc(C(=O)N2C[C@H](N)CCN2C)cc2nc(-c3cc4ccc([C@@H](C)NC(=O)C5(CCF)CC5)nc4n3CC3CC3)n(C)c12,6.954677021213342,6.954677021213342,6.954677021213342,2,bindingdb|pubchem_confirmatory,0.5,630.769,46.0,enzymatic,False,,none,False,True,True
BDRQEGWZTVLHPI-SAQVGAHLSA-N,C[C@@H](NC(=O)C(C)(C)C)c1ccc2cc(-c3nc4cc(C(=O)N[C@H]5CNCC[C@@H]5F)c(F)cc4n3C)n(CC3CC3)c2n1,6.801342913045577,6.801342913045577,6.801342913045577,2,bindingdb|pubchem_confirmatory,0.5,591.707,43.0,enzymatic,False,,none,False,True,True
YIUTYFHWNVNFKV-GMNDGQHTSA-N,COc1cc(C(=O)N2C[C@H](N)[C@H]3CC[C@@H]2C3)cc2nc(-c3cc4ccc([C@@H](C)NC(=O)C5CC5(F)F)nc4n3CC3CC3)n(C)c12,7.260427655549908,7.260427655549908,7.260427655549908,1,pubchem_confirmatory,1.0,631.728,46.0,fp_ic50,False,,none,False,False,False
PUDNJEPLLSZMLH-UCRBNFBUSA-N,COc1cc(C(=O)N2C[C@H](N)[C@H]3CC[C@@H]2C3)cc2nc(-c3cc4ccc([C@@H](C)NC(=O)C(C)(C)C)nc4n3CC3CC3)n(C)c12,7.214670164989233,7.214670164989233,7.214670164989233,1,pubchem_confirmatory,1.0,611.791,45.0,fp_ic50,False,,none,False,False,False
BBUWOTVOSWGBEU-YJNPJNMISA-N,COc1cc(C(=O)N2C[C@H](N)[C@H]3CC[C@@H]2C3)cc2nc(-c3cc4ccc([C@@H](C)NC(=O)c5ccccc5)nc4n3CC3CC3)n(C)c12,7.2716462179787715,7.2716462179787715,7.2716462179787715,1,pubchem_confirmatory,1.0,631.781,47.0,fp_ic50,False,,none,False,False,False
XDQHXYJSQGISGP-WBYYKFCASA-N,COc1cc(C(=O)N2C[C@H](N)[C@H]3CC[C@@H]2C3)cc2nc(-c3cc4ccc([C@@H](C)NC(=O)C56CC(F)(C5)C6)nc4n3CC3CC3)n(C)c12,7.242603971206975,7.242603971206975,7.242603971206975,1,pubchem_confirmatory,1.0,639.776,47.0,fp_ic50,False,,none,False,False,False
AUADQYHLGGWAST-WQTPVJRFSA-N,COc1cc(C(=O)N2C[C@H](N)[C@H]3CC[C@@H]2C3)cc2nc(-c3cc4ccc([C@@H](C)NC(=O)c5cnn(C(F)F)c5)nc4n3CC3CC3)n(C)c12,7.317854923626168,7.317854923626168,7.317854923626168,1,pubchem_confirmatory,1.0,671.753,49.0,fp_ic50,False,,none,False,False,False
JLMXHLBHJXINQD-CZOQGKOKSA-N,COc1cc(C(=O)N2C[C@H](N)[C@H]3CC[C@@H]2C3)cc2nc(-c3cc4ccc([C@@H](C)NC(=O)c5ccc(Cl)nc5)nc4n3CC3CC3)n(C)c12,7.317854923626168,7.317854923626168,7.317854923626168,1,pubchem_confirmatory,1.0,667.214,48.0,fp_ic50,False,,none,False,False,False
YYQNLADCXBBSSY-WWYWXPHQSA-N,C[C@@H](NC(=O)[C@@H]1CC1(F)F)c1ccc2cc(-c3nc4cc(C(=O)N5C[C@H](N)[C@H]6CC[C@@H]5C6)cc(F)c4n3C3CC3)n(CC3CC3)c2n1,7.274088367704952,7.274088367704952,7.274088367704952,1,pubchem_confirmatory,1.0,645.73,47.0,fp_ic50,False,,none,False,False,False
YYQNLADCXBBSSY-JOLLGGGOSA-N,C[C@@H](NC(=O)[C@H]1CC1(F)F)c1ccc2cc(-c3nc4cc(C(=O)N5C[C@H](N)[C@H]6CC[C@@H]5C6)cc(F)c4n3C3CC3)n(CC3CC3)c2n1,7.329754146925876,7.329754146925876,7.329754146925876,1,pubchem_confirmatory,1.0,645.73,47.0,fp_ic50,False,,none,False,False,False
BJMCGQQKWVBYPV-WQTPVJRFSA-N,COc1cc(C(=O)N2C[C@H](N)[C@H]3CC[C@@H]2C3)cc2nc(-c3cc4ccc([C@@H](C)NC(=O)C5CC(F)(F)C5)nc4n3CC3CC3)n(C)c12,7.08460016478773,7.08460016478773,7.08460016478773,1,pubchem_confirmatory,1.0,645.755,47.0,fp_ic50,False,,none,False,False,False
NJFALQNPHLBHBZ-WBYYKFCASA-N,COc1cc(C(=O)N2C[C@H](N)[C@H]3CC[C@@H]2C3)cc2nc(-c3cc4ccc([C@@H](C)NC(=O)C56CC(Cl)(C5)C6)nc4n3CC3CC3)n(C)c12,7.079354998593212,7.079354998593212,7.079354998593212,1,pubchem_confirmatory,1.0,656.231,47.0,fp_ic50,False,,none,False,False,False
ZZJYFNPBUMYMDN-WBYYKFCASA-N,COc1cc(C(=O)N2C[C@H](N)[C@H]3CC[C@@H]2C3)cc2nc(-c3cc4ccc([C@@H](C)NC(=O)C56CC(C(F)(F)F)(C5)C6)nc4n3CC3CC3)n(C)c12,6.896196279044043,6.896196279044043,6.896196279044043,1,pubchem_confirmatory,1.0,689.783,50.0,fp_ic50,False,,none,False,False,False
YVUWCXWUBGODRK-LZCPXLSCSA-N,COc1cc(C(=O)N2[C@H]3CC[C@@H]2[C@H](N)C3)cc2nc(-c3cc4ccc([C@@H](C)NC(=O)N5CCCC5)nc4n3CC3CC3)n(C)c12,7.464705879957229,7.464705879957229,7.464705879957229,2,bindingdb|pubchem_confirmatory,0.5,610.763,45.0,enzymatic,False,,none,False,True,True
LLQUEEICLSLTDZ-UFFXRUGOSA-N,COc1cc(C(=O)N2[C@H]3CC[C@@H]2[C@H](N)C3)cc2nc(-c3cc4ccc([C@@H](C)NC(=O)N(C)C)nc4n3CC3CC3)n(C)c12,7.39577394691553,7.39577394691553,7.39577394691553,2,bindingdb|pubchem_confirmatory,0.5,584.725,43.0,enzymatic,False,,none,False,True,True
ZPJHWDOGUYYOCW-ZJSHBSNOSA-N,COc1cc(C(=O)N2[C@H]3CC[C@@H]2[C@H](N)C3)cc2nc(-c3cc4ccc([C@@H](C)NC(=O)N5CC(O)C5)nc4n3CC3CC3)n(C)c12,7.289882634888183,7.289882634888183,7.289882634888183,2,bindingdb|pubchem_confirmatory,0.5,612.735,45.0,enzymatic,False,,none,False,True,True
YKDVHHVZWVNBMQ-MYBGGXRSSA-N,COc1cc(C(=O)N2[C@H]3CC[C@@H]2[C@H](N)C3)cc2nc(-c3cc4ccc([C@@H](C)NC(=O)N5CC[C@@H](F)C5)nc4n3CC3CC3)n(C)c12,7.732828271596986,7.732828271596986,7.732828271596986,2,bindingdb|pubchem_confirmatory,0.5,628.753,46.0,enzymatic,False,,none,False,True,True
XCOIIECIWYWQAT-UFFXRUGOSA-N,COc1cc(C(=O)N2[C@H]3CC[C@@H]2[C@H](N)C3)cc2nc(-c3cc4ccc([C@@H](C)NC(=O)N5CC(F)(F)C5)nc4n3CC3CC3)n(C)c12,7.542118103266008,7.542118103266008,7.542118103266008,2,bindingdb|pubchem_confirmatory,0.5,632.716,46.0,enzymatic,False,,none,False,True,True
MLVILFCGROUFSL-NKNQFRNOSA-N,C[C@@H](NC(=O)N(C)C)c1ccc2cc(-c3nc4cc(C(=O)N[C@H]5CNCC[C@@H]5F)c(F)cc4n3C)n(CC3CC3)c2n1,6.779891911959945,6.779891911959945,6.779891911959945,2,bindingdb|pubchem_confirmatory,0.5,578.668,42.0,enzymatic,False,,none,False,True,True
ASYGZGREHXXPJY-MXKZQLQBSA-N,CCCS(=O)(=O)N[C@H](C)c1ccc2cc(-c3nc4cc(C(=O)N5[C@H]6CC[C@@H]5[C@H](N)C6)cc(OC)c4n3C)n(CC3CC3)c2n1,7.1830961606243395,7.1830961606243395,7.1830961606243395,2,bindingdb|pubchem_confirmatory,0.5,619.792,44.0,enzymatic,False,,none,False,True,True
GAFPZRLDBQWLEY-NHFMZCEXSA-N,COc1cc(C(=O)N2[C@H]3CC[C@@H]2[C@H](N)C3)cc2nc(-c3cc4ccc([C@@H](C)NS(=O)(=O)c5cnn(C)c5)nc4n3CC3CC3)n(C)c12,7.115204636051019,7.115204636051019,7.115204636051019,2,bindingdb|pubchem_confirmatory,0.5,657.801,47.0,enzymatic,False,,none,False,True,True
WYKOTJAOGYGVPG-AWIVUPEPSA-N,COc1cc(C(=O)N2[C@H]3CC[C@@H]2[C@H](N)C3)cc2nc(-c3cc4ccc([C@@H](C)NS(=O)(=O)c5ccc(F)cc5)nc4n3CC3CC3)n(C)c12,6.97061622231479,6.97061622231479,6.97061622231479,2,bindingdb|pubchem_confirmatory,0.5,671.799,48.0,enzymatic,False,,none,False,True,True
QIRQPEPPENUMPF-HJNVTSSZSA-N,COc1cc(C(=O)N2[C@H]3CC[C@@H]2[C@H](N)C3)cc2nc(-c3cc4ccc([C@@H](C)NS(C)(=O)=O)nc4n3CC3CC3)n(C)c12,7.277366077466188,7.277366077466188,7.277366077466188,2,bindingdb|pubchem_confirmatory,0.5,591.738,42.0,enzymatic,False,,none,False,True,True
PSFVCEGUQKWBNX-HYBUGGRVSA-N,COc1cc(C(=O)N2CCC[C@@H](N)C2)cc2nc(-c3cc4ccc([C@@H](C)N5CCCC5=O)nc4n3CC3CC3)n(C3CC3)c12,7.30715308072277,7.30715308072277,7.30715308072277,2,bindingdb|pubchem_confirmatory,0.5,595.748,44.0,enzymatic,False,,none,False,True,True
VRONXKKAPPJXLH-GKUAJQTLSA-N,COc1cc(C(=O)N2[C@H]3CC[C@@H]2[C@H](N)C3)cc2nc(-c3cc4ccc([C@@H](C)N5CCCC5=O)nc4n3CC3CC3)n(C3CC3)c12,7.498940737782249,7.498940737782249,7.498940737782249,2,bindingdb|pubchem_confirmatory,0.5,607.759,45.0,enzymatic,False,,none,False,True,True
SLFACOMHIQKHKF-XSRCTALUSA-N,COc1cc(C(=O)N2[C@H]3CC[C@@H]2[C@H](N)C3)cc2nc(-c3cc4ccc([C@H]5CCCN5C(=O)C(C)(C)C)nc4n3CC3CC3)n(C)c12,7.315154638355588,7.315154638355588,7.315154638355588,2,bindingdb|pubchem_confirmatory,0.5,623.802,46.0,enzymatic,False,,none,False,True,True
XTLMEWQOHTZSSQ-UOOXCUFBSA-N,COc1cc(C(=O)N2[C@H]3CC[C@@H]2[C@H](N)C3)cc2nc(-c3cc4ccc([C@H]5CCCN5C(C)=O)nc4n3CC3CC3)n(C)c12,7.435333935747911,7.435333935747911,7.435333935747911,2,bindingdb|pubchem_confirmatory,0.5,581.721,43.0,enzymatic,False,,none,False,True,True
BOECCVMOZRCUCW-FDYRDFEWSA-N,COc1cc(C(=O)N2[C@H]3CC[C@@H]2[C@H](N)C3)cc2nc(-c3cc4ccc([C@H]5CCCN5C(=O)N5CCCC5)nc4n3CC3CC3)n(C)c12,7.392544976785332,7.392544976785332,7.392544976785332,2,bindingdb|pubchem_confirmatory,0.5,636.801,47.0,enzymatic,False,,none,False,True,True
YGHHZZDEXMLAEE-HXUWFJFHSA-N,COc1cc(C(=O)N2C[C@H](N)CCN2C)cc2nc(-c3cc4ccc(C(C)(C)O)nc4n3CC3CC3)n(C)c12,6.6439741428068775,6.6439741428068775,6.6439741428068775,2,bindingdb|pubchem_confirmatory,0.5,531.661,39.0,enzymatic,False,,none,False,True,True
FRGQNTLZTNSXOP-LAUBAEHRSA-N,COc1cc(C(=O)N2C[C@H](N)CC[C@@H]2C)cc2nc(-c3cc4ccc(C(=O)N(C)C)nc4n3CC3CC3)n(C)c12,6.058488567365597,6.058488567365597,6.058488567365597,2,bindingdb|pubchem_confirmatory,0.5,543.672,40.0,enzymatic,False,,none,False,True,True
KPFDEQHOOROSRO-OXJNMPFZSA-N,CNC(=O)c1ccc2cc(-c3nc4cc(C(=O)N5C[C@H](N)CC[C@@H]5C)cc(OC)c4n3C)n(CC3CC3)c2n1,5.764471553092451,5.764471553092451,5.764471553092451,2,bindingdb|pubchem_confirmatory,0.5,529.645,39.0,enzymatic,False,,none,False,True,True
RGPGCPYSKUKPSW-SQJMNOBHSA-N,COc1cc(C(=O)N2C[C@H](N)CC[C@@H]2C)cc2nc(-c3cc4ccc(C(=O)N(C)c5ccccc5)nc4n3CC3CC3)n(C)c12,5.739928612014925,5.739928612014925,5.739928612014925,2,bindingdb|pubchem_confirmatory,0.5,605.743,45.0,enzymatic,False,,none,False,True,True
XURCLAXHXDQSOV-LJQANCHMSA-N,COc1cc(C(=O)N2CCC[C@@H](N)C2)cc2nc(-c3cc4ccc(S(C)(=O)=O)nc4n3CC3CC3)n(C)c12,6.098541678603888,6.098541678603888,6.098541678603888,2,bindingdb|pubchem_confirmatory,0.5,536.658,38.0,enzymatic,False,,none,False,True,True
OMKZFFYFIFAEBF-OAQYLSRUSA-N,COc1cc(C(=O)N2CCC[C@@H](N)C2)cc2nc(-c3cc4ccc(S(=O)(=O)C(C)C)nc4n3CC3CC3)n(C)c12,6.259637310505756,6.259637310505756,6.259637310505756,2,bindingdb|pubchem_confirmatory,0.5,564.712,40.0,enzymatic,False,,none,False,True,True
GXRIYXZIRHWXGH-JBRSBNLGSA-N,COc1cc(C(=O)N2[C@H]3CC[C@@H]2[C@H](N)C3)cc2nc(-c3cc4ccc(-n5c(C)cccc5=O)nc4n3CC3CC3)n(C)c12,7.39577394691553,7.39577394691553,7.39577394691553,2,bindingdb|pubchem_confirmatory,0.5,577.689,43.0,enzymatic,False,,none,False,True,True
HWMDEWXECGCNHJ-NBGIEHNGSA-N,COc1cc(C(=O)N2C[C@H](N)CC[C@@H]2C)cc2nc(-c3cc4ccc(-c5cc6cn[nH]c6cc5C)nc4n3CC3CC3)n(C)c12,5.876148359032914,5.876148359032914,5.876148359032914,2,bindingdb|pubchem_confirmatory,0.5,602.743,45.0,enzymatic,False,,none,False,True,True
YFKLYFKWXWPOMW-YADARESESA-N,COc1cc(C(=O)N2C[C@H](N)CC[C@@H]2C)cc2nc(-c3cc4ccc(-c5ccc6[nH]ncc6c5C)nc4n3CC3CC3)n(C)c12,5.866461091629782,5.866461091629782,5.866461091629782,2,bindingdb|pubchem_confirmatory,0.5,602.743,45.0,enzymatic,False,,none,False,True,True
SYABSNLUCIBNBW-SQJMNOBHSA-N,COc1cc(C(=O)N2C[C@H](N)CC[C@@H]2C)cc2nc(-c3cc4ccc(-c5cccnc5-c5cccnc5Cl)nc4n3CC3CC3)n(C)c12,6.610833915635467,6.610833915635467,6.610833915635467,2,bindingdb|pubchem_confirmatory,0.5,661.21,48.0,enzymatic,False,,none,False,True,True
DOBUFQCURIHFSH-YADARESESA-N,COc1cc(C(=O)N2C[C@H](N)CC[C@@H]2C)cc2nc(-c3cc4ccc(-c5cccc6c5NC(=O)C6)nc4n3CC3CC3)n(C)c12,5.73754891026957,5.73754891026957,5.73754891026957,2,bindingdb|pubchem_confirmatory,0.5,603.727,45.0,enzymatic,False,,none,False,True,True
WPWGXCUDOGIFRB-HFZDXXHNSA-N,COc1cc(C(=O)N2C[C@H](N)CC[C@@H]2C)cc2nc(-c3cc4ccc(-c5ccc(N6CCC6)nc5C)nc4n3CC3CC3)n(C)c12,6.438898616350944,6.438898616350944,6.438898616350944,2,bindingdb|pubchem_confirmatory,0.5,618.786,46.0,enzymatic,False,,none,False,True,True
UFARJIXNXCTHAD-BKMJKUGQSA-N,COc1cc(C(=O)N2C[C@H](N)CC[C@@H]2C)cc2nc(-c3cc4ccc(-c5cccnc5N5CCOCC5)nc4n3CC3CC3)n(C)c12,6.34008379993015,6.34008379993015,6.34008379993015,2,bindingdb|pubchem_confirmatory,0.5,634.785,47.0,enzymatic,False,,none,False,True,True
VWAZCFJVBLNVDM-WMZHIEFXSA-N,COc1cc(C(=O)N2C[C@H](N)CC[C@@H]2C)cc2nc(-c3cc4ccc(-c5cccc6c5CNC6=O)nc4n3CC3CC3)n(C)c12,6.2335871528876,6.2335871528876,6.2335871528876,2,bindingdb|pubchem_confirmatory,0.5,603.727,45.0,enzymatic,False,,none,False,True,True
NHQHPWMDPPUXGR-BKMJKUGQSA-N,COc1cc(C(=O)N2C[C@H](N)CC[C@@H]2C)cc2nc(-c3cc4ccc(-c5cccnc5N5CCCC5)nc4n3CC3CC3)n(C)c12,6.16304326294045,6.16304326294045,6.16304326294045,2,bindingdb|pubchem_confirmatory,0.5,618.786,46.0,enzymatic,False,,none,False,True,True
XHZYDKNWAOJCLJ-BKMJKUGQSA-N,COc1cc(C(=O)N2C[C@H](N)CC[C@@H]2C)cc2nc(-c3cc4ccc(-c5cccnc5N5CCNCC5)nc4n3CC3CC3)n(C)c12,5.7281583934635005,5.7281583934635005,5.7281583934635005,2,bindingdb|pubchem_confirmatory,0.5,633.801,47.0,enzymatic,False,,none,False,True,True
WTDKTNHNVYLXBH-WMZHIEFXSA-N,COc1cc(C(=O)N2C[C@H](N)CC[C@@H]2C)cc2nc(-c3cc4ccc(-c5cccnc5S(C)(=O)=O)nc4n3CC3CC3)n(C)c12,6.570247719997592,6.570247719997592,6.570247719997592,2,bindingdb|pubchem_confirmatory,0.5,627.771,45.0,enzymatic,False,,none,False,True,True
FYZYGYVWWSWTHB-HFZDXXHNSA-N,COc1cc(C(=O)N2C[C@H](N)CC[C@@H]2C)cc2nc(-c3cc4ccc(-c5cccnc5-c5cncnc5)nc4n3CC3CC3)n(C)c12,6.460923901207224,6.460923901207224,6.460923901207224,2,bindingdb|pubchem_confirmatory,0.5,627.753,47.0,enzymatic,False,,none,False,True,True
WRVXFNVAKNRVDN-GBXCKJPGSA-N,COc1cc(C(=O)N2C[C@H](N)CC[C@@H]2C)cc2nc(-c3cc4ccc(-c5cccnc5-c5cncs5)nc4n3CC3CC3)n(C)c12,6.860120913598763,6.860120913598763,6.860120913598763,2,bindingdb|pubchem_confirmatory,0.5,632.794,46.0,enzymatic,False,,none,False,True,True
RDROMQNRZJWKQN-HFZDXXHNSA-N,COc1cc(C(=O)N2C[C@H](N)CC[C@@H]2C)cc2nc(-c3cc4ccc(-c5c(C)ccnc5-c5cnc(C)s5)nc4n3CC3CC3)n(C)c12,6.413412695328245,6.413412695328245,6.413412695328245,2,bindingdb|pubchem_confirmatory,0.5,660.848,48.0,enzymatic,False,,none,False,True,True
IOXWGGAINMMJMQ-KDYSTLNUSA-N,COc1cc(C(=O)N2C[C@H](N)CC[C@@H]2C)cc2nc(-c3cc4ccc(-c5c(C)ccnc5-c5sc(C)nc5C)nc4n3CC3CC3)n(C)c12,6.489454989793388,6.489454989793388,6.489454989793388,2,bindingdb|pubchem_confirmatory,0.5,674.875,49.0,enzymatic,False,,none,False,True,True
WAGXVGPLXAWXFS-HHHXNRCGSA-N,COc1cc(C(=O)N2CCC[C@@H](N)C2)cc2nc(-c3cc4ccc(-c5cccnc5-c5csc(N6CCCCC6)n5)nc4n3CC3CC3)n(C)c12,6.454692883534176,6.454692883534176,6.454692883534176,2,bindingdb|pubchem_confirmatory,0.5,701.901,51.0,enzymatic,False,,none,False,True,True
YONYBCVJKHHLCE-RUZDIDTESA-N,CCc1nc(C)c(-c2ncccc2-c2ccc3cc(-c4nc5cc(C(=O)N6CCC[C@@H](N)C6)cc(OC)c5n4C)n(CC4CC4)c3n2)s1,6.872895201635192,6.872895201635192,6.872895201635192,2,bindingdb|pubchem_confirmatory,0.5,660.848,48.0,enzymatic,False,,none,False,True,True
UEEPPKYMHYAOHR-JOCHJYFZSA-N,COc1cc(C(=O)N2CCC[C@@H](N)C2)cc2nc(-c3cc4ccc(N5CCCCC5=O)nc4n3CC3CC3)n(C)c12,6.105130343254748,6.105130343254748,6.105130343254748,2,bindingdb|pubchem_confirmatory,0.5,555.683,41.0,enzymatic,False,,none,False,True,True
YOMNOCWFBOYSHV-GBXCKJPGSA-N,COc1cc(C(=O)N2C[C@H](N)CC[C@@H]2C)cc2nc(-c3cc4ccc(-c5c(C)ccc6[nH]ncc56)nc4n3CC3CC3)n(C)c12,5.632644078973981,5.632644078973981,5.632644078973981,2,bindingdb|pubchem_confirmatory,0.5,602.743,45.0,enzymatic,False,,none,False,True,True
SMHKVAPMJPJEPY-YADARESESA-N,COc1cc(C(=O)N2C[C@H](N)CC[C@@H]2C)cc2nc(-c3cc4ccc(-c5sc(C(C)C)nc5C)nc4n3CC3CC3)n(C)c12,5.308918507877031,5.308918507877031,5.308918507877031,2,bindingdb|pubchem_confirmatory,0.5,611.816,44.0,enzymatic,False,,none,False,True,True
GWOPCFYINOITJP-FDDCHVKYSA-N,COc1cc(C(=O)N2C[C@H](N)CC[C@@H]2C)cc2nc(-c3cc4ccc(C5=C(C)N6NNN=C6C=C5)nc4n3CC3CC3)n(C)c12,6.181774106386044,6.181774106386044,6.181774106386044,2,bindingdb|pubchem_confirmatory,0.5,606.735,45.0,enzymatic,False,,none,False,True,True
PNMUBHIWHVSZSK-PWUYWRBVSA-N,COc1cc(C(=O)N2C[C@H](N)CC[C@@H]2C)cc2nc(-c3cc4ccc(-c5c(C)ccnc5-c5ccccc5)nc4n3CC3CC3)n(C)c12,6.373659632624958,6.373659632624958,6.373659632624958,2,bindingdb|pubchem_confirmatory,0.5,639.804,48.0,enzymatic,False,,none,False,True,True
LWJUNPDCWFHHPY-NEKDWFFYSA-N,COc1nccc(-c2ccccc2)c1-c1ccc2cc(-c3nc4cc(C(=O)N5C[C@H](N)CC[C@@H]5C)cc(OC)c4n3C)n(CC3CC3)c2n1,5.464705879957229,5.464705879957229,5.464705879957229,2,bindingdb|pubchem_confirmatory,0.5,655.803,49.0,enzymatic,False,,none,False,True,True
DCWONHKPZRUFJT-OAQYLSRUSA-N,COc1cc(C(=O)N2CCC[C@@H](N)C2)cc2nc(-c3cc4ccc(NC(C)(C)C)nc4n3CC3CC3)n(C)c12,5.029653123769906,5.029653123769906,5.029653123769906,2,bindingdb|pubchem_confirmatory,0.5,529.689,39.0,enzymatic,False,,none,False,True,True
LWLPQADPOLAOQJ-PGRDOPGGSA-N,COc1cc(C(=O)N2C[C@H](N)CC[C@@H]2C)cc2nc(-c3cc4ccc(N5CCCC5=O)nc4n3CC3CC3)n(C)c12,5.928117992693874,5.928117992693874,5.928117992693874,2,bindingdb|pubchem_confirmatory,0.5,555.683,41.0,enzymatic,False,,none,False,True,True
QXHIHKBJYDTUMQ-IZUFOGEXSA-N,COc1cc(C(=O)N2C[C@H](N)CC[C@@H]2C)cc2nc(-c3cc4ccc(N5C(=O)CCC5C)nc4n3CC3CC3)n(C)c12,6.274905478918531,6.274905478918531,6.274905478918531,2,bindingdb|pubchem_confirmatory,0.5,569.71,42.0,enzymatic,False,,none,False,True,True
HBQVPYKLHYLQKU-XIJGOZNCSA-N,COc1cc(C(=O)N2C[C@H](N)CC[C@@H]2C)cc2nc(-c3cc4ccc(N5C(=O)CCCC5C)nc4n3CC3CC3)n(C)c12,6.191789027075778,6.191789027075778,6.191789027075778,2,bindingdb|pubchem_confirmatory,0.5,583.737,43.0,enzymatic,False,,none,False,True,True
HDERIXMXKGKROA-YADARESESA-N,COc1cc(C(=O)N2C[C@H](N)CC[C@@H]2C)cc2nc(-c3cc4ccc(-n5c(C)cccc5=O)nc4n3CC3CC3)n(C)c12,6.835647144215563,6.835647144215563,6.835647144215563,2,bindingdb|pubchem_confirmatory,0.5,579.705,43.0,enzymatic,False,,none,False,True,True
WAEIQEBYXCECOM-NEKDWFFYSA-N,COc1cc(C(=O)N2C[C@H](N)CC[C@@H]2C)cc2nc(-c3cc4ccc(-c5cccnc5-c5ccccc5)nc4n3CC3CC3)n(C)c12,6.494850021680094,6.494850021680094,6.494850021680094,2,bindingdb|pubchem_confirmatory,0.5,625.777,47.0,enzymatic,False,,none,False,True,True
QXHIHKBJYDTUMQ-YCRNBWNJSA-N,COc1cc(C(=O)N2C[C@H](N)CC[C@@H]2C)cc2nc(-c3cc4ccc(N5C(=O)CC[C@H]5C)nc4n3CC3CC3)n(C)c12,5.906578314837764,5.906578314837764,5.906578314837764,2,bindingdb|pubchem_confirmatory,0.5,569.71,42.0,enzymatic,False,,none,False,True,True
QXHIHKBJYDTUMQ-SFYKDHMMSA-N,COc1cc(C(=O)N2C[C@H](N)CC[C@@H]2C)cc2nc(-c3cc4ccc(N5C(=O)CC[C@@H]5C)nc4n3CC3CC3)n(C)c12,6.492144128304169,6.492144128304169,6.492144128304169,2,bindingdb|pubchem_confirmatory,0.5,569.71,42.0,enzymatic,False,,none,False,True,True
PFNDSALLWCTSCH-ZECRLDNTSA-N,C[C@@H](NC(=O)C12CC(F)(C1)C2)c1ccc2cc(-c3nc4cc(C(=O)N5C[C@H](N)[C@H]6CC[C@@H]5C6)cc(F)c4n3C3CC3)n(CC3CC3)c2n1,7.104577453960593,7.104577453960593,7.104577453960593,1,pubchem_confirmatory,1.0,653.778,48.0,fp_ic50,False,,none,False,False,False
MGBWCRRBQWOHAP-WZSCFAGYSA-N,C[C@@H](NC(=O)c1cnn(C2CC2)c1)c1ccc2cc(-c3nc4cc(C(=O)N5C[C@H](N)[C@H]6CC[C@@H]5C6)cc(F)c4n3C3CC3)n(CC3CC3)c2n1,7.252588192113577,7.252588192113577,7.252588192113577,1,pubchem_confirmatory,1.0,675.813,50.0,fp_ic50,False,,none,False,False,False
LCFQAKXCEXEDDU-QMRFNYJTSA-N,C[C@@H](NS(=O)(=O)C1CC1)c1ccc2cc(-c3nc4cc(C(=O)N5C[C@H](N)[C@H]6CC[C@@H]5C6)cc(F)c4n3C3CC3)n(CC3CC3)c2n1,7.0467236633326955,7.0467236633326955,7.0467236633326955,1,pubchem_confirmatory,1.0,645.805,46.0,fp_ic50,False,,none,False,False,False
YOSVQIPVTZEQFN-RRJIUTJNSA-N,C[C@@H](NC(=O)C12CC(C#N)(C1)C2)c1ccc2cc(-c3nc4cc(C(=O)N5C[C@H](N)[C@H]6CC[C@@H]5C6)cc(F)c4n3C3CC3)n(CC3CC3)c2n1,7.106793246940152,7.106793246940152,7.106793246940152,1,pubchem_confirmatory,1.0,660.798,49.0,fp_ic50,False,,none,False,False,False
PQYPVYLLCZIAAE-BWAGFHJFSA-N,COC(=O)N(C)c1ccc2cc(-c3nc4cc(C(=O)N5C[C@H](N)[C@H]6CC[C@@H]5C6)cc(OC)c4n3C)n(CC3CC3)c2n1,6.97469413473523,6.97469413473523,6.97469413473523,1,pubchem_confirmatory,1.0,571.682,42.0,fp_ic50,False,,none,False,False,False
IJGLEGHJYSFYEE-ZOYVCNMZSA-N,COc1cc(C(=O)N2C[C@H](N)[C@H]3CC[C@@H]2C3)cc2nc(-c3cc4ccc([C@@H](C)NC(=O)C5C[C@H]5F)nc4n3CC3CC3)n(C)c12,7.149966742310231,7.149966742310231,7.149966742310231,1,pubchem_confirmatory,1.0,613.738,45.0,fp_ic50,False,,none,False,False,False
VIBUIXOZYVNCIW-ZOGBDMNLSA-N,COc1cc(C(=O)N2C[C@H](N)[C@H]3CC[C@@H]2C3)cc2nc(-c3cc4ccc([C@@H](C)NC(=O)C5(C(F)(F)F)CC5)nc4n3CC3CC3)n(C)c12,6.7594507517174005,6.7594507517174005,6.7594507517174005,1,pubchem_confirmatory,1.0,663.745,48.0,fp_ic50,False,,none,False,False,False
PILJMVSCVPOULO-UNCXHPMXSA-N,COc1cc(C(=O)N2C[C@H](N)[C@H]3CC[C@@H]2C3)cc2nc(-c3cc4ccc([C@@H](C)NC(=O)C56CC(C5)C6)nc4n3CC3CC3)n(C)c12,7.101274818410507,7.101274818410507,7.101274818410507,1,pubchem_confirmatory,1.0,621.786,46.0,fp_ic50,False,,none,False,False,False
ONLYCFUHPIFRGJ-IMVKUFQJSA-N,COc1cc(C(=O)N2C[C@H](N)[C@H]3CC[C@@H]2C3)cc2nc(-c3cc4ccc([C@@H](C)NC(=O)C56CC(F)(C5)C6)nc4n3CC3(F)CC3)n(C)c12,7.036684488613888,7.036684488613888,7.036684488613888,1,pubchem_confirmatory,1.0,657.766,48.0,fp_ic50,False,,none,False,False,False
YVXORZZJQQADSN-SKFUIJEOSA-N,COc1cc(C(=O)N2C[C@H](N)[C@H]3CC[C@@H]2C3)cc2nc(-c3cc4ccc([C@@H](C)NC(=O)c5ccccc5C(F)(F)F)nc4n3CC3CC3)n(C)c12,6.892790030352131,6.892790030352131,6.892790030352131,1,pubchem_confirmatory,1.0,699.778,51.0,fp_ic50,False,,none,False,False,False
MEBUSOSHQDLZTO-SKFUIJEOSA-N,COc1cc(C(=O)N2C[C@H](N)[C@H]3CC[C@@H]2C3)cc2nc(-c3cc4ccc([C@@H](C)NC(=O)c5ccccc5Cl)nc4n3CC3CC3)n(C)c12,7.09312646527793,7.09312646527793,7.09312646527793,1,pubchem_confirmatory,1.0,666.226,48.0,fp_ic50,False,,none,False,False,False
YMBFYRFMFJMXJB-YQLJFJGKSA-N,COc1cc(C(=O)N2C[C@H](N)[C@H]3CC[C@@H]2C3)cc2nc(-c3cc4ccc([C@@H](C)NC(=O)c5ccccc5OC(F)(F)F)nc4n3CC3CC3)n(C)c12,6.557520230935552,6.557520230935552,6.557520230935552,1,pubchem_confirmatory,1.0,715.777,52.0,fp_ic50,False,,none,False,False,False
DCYQDTVUELGXCW-XLUUBMHYSA-N,COc1cc(C(=O)N2C[C@H](N)[C@H]3CC[C@@H]2C3)cc2nc(-c3cc4ccc([C@@H](C)NC(=O)c5c(F)cccc5F)nc4n3CC3CC3)n(C)c12,7.183758700008217,7.183758700008217,7.183758700008217,1,pubchem_confirmatory,1.0,667.761,49.0,fp_ic50,False,,none,False,False,False
LFHDZNKHUOLINQ-CZOQGKOKSA-N,COc1cc(C(=O)N2C[C@H](N)[C@H]3CC[C@@H]2C3)cc2nc(-c3cc4ccc([C@@H](C)NC(=O)c5ccnc(C(F)F)c5)nc4n3CC3CC3)n(C)c12,7.130181792020672,7.130181792020672,7.130181792020672,1,pubchem_confirmatory,1.0,682.776,50.0,fp_ic50,False,,none,False,False,False
XXBQBQBNLBPNJU-CZOQGKOKSA-N,COc1cc(C(=O)N2C[C@H](N)[C@H]3CC[C@@H]2C3)cc2nc(-c3cc4ccc([C@@H](C)NC(=O)c5ccc(C(F)F)nc5)nc4n3CC3CC3)n(C)c12,7.18111458540599,7.18111458540599,7.18111458540599,1,pubchem_confirmatory,1.0,682.776,50.0,fp_ic50,False,,none,False,False,False
PJOKJMKPZXQSHS-CZOQGKOKSA-N,COc1cc(C(=O)N2C[C@H](N)[C@H]3CC[C@@H]2C3)cc2nc(-c3cc4ccc([C@@H](C)NC(=O)c5ccnc(Cl)c5)nc4n3CC3CC3)n(C)c12,7.063486257521107,7.063486257521107,7.063486257521107,1,pubchem_confirmatory,1.0,667.214,48.0,fp_ic50,False,,none,False,False,False
GWQXCHAEZGADIJ-AKSQRFLHSA-N,COc1cc(C(=O)N2C[C@H](N)[C@H]3CC[C@@H]2C3)cc2nc(-c3cc4ccc([C@@H](C)NC(=O)C56C7C8C9C7C5C9C86)nc4n3CC3CC3)n(C)c12,7.129011186239425,7.129011186239425,7.129011186239425,1,pubchem_confirmatory,1.0,657.819,49.0,fp_ic50,False,,none,False,False,False
KIXKMXVZIOFSGT-LICYEUHVSA-N,COc1cc(C(=O)N2C[C@H](N)[C@H]3CC[C@@H]2C3)cc2nc(-c3cc4ccc([C@@H](C)NC(=O)c5ccc(C(C)(C)O)nc5)nc4n3CC3CC3)n(C)c12,7.142667503568731,7.142667503568731,7.142667503568731,1,pubchem_confirmatory,1.0,690.849,51.0,fp_ic50,False,,none,False,False,False
XDQHXYJSQGISGP-MQUVIWKCSA-N,COc1cc(C(=O)N2C[C@H](N)[C@H]3CC[C@@H]2C3)cc2nc(-c3cc4ccc(C(C)NC(=O)C56CC(F)(C5)C6)nc4n3CC3CC3)n(C)c12,7.181774106386045,7.181774106386045,7.181774106386045,1,pubchem_confirmatory,1.0,639.776,47.0,fp_ic50,False,,none,False,False,False
IFLXSINNDKWWKI-PLNFTNRRSA-N,COc1cc(C(=O)N2C[C@H](N)[C@H]3CC[C@@H]2C3)cc2nc(-c3cc4ccc([C@@H](C)NC(=O)c5cccnc5Cl)nc4n3CC3CC3)n(C)c12,7.164943898279883,7.164943898279883,7.164943898279883,1,pubchem_confirmatory,1.0,667.214,48.0,fp_ic50,False,,none,False,False,False
HWVVOFUEJCARRO-HQNFRFEVSA-N,C[C@@H](NC(=O)C1(C#N)CC1)c1ccc2cc(-c3nc4cc(C(=O)N5C[C@H](N)[C@H]6CC[C@@H]5C6)cc(F)c4n3C3CC3)n(CC3CC3)c2n1,7.075204004202088,7.075204004202088,7.075204004202088,1,pubchem_confirmatory,1.0,634.76,47.0,fp_ic50,False,,none,False,False,False
LTYNIYBRTYGLBC-IOTFABBMSA-N,C[C@@H](NC(=O)C1CCOCC1)c1ccc2cc(-c3nc4cc(C(=O)N5C[C@H](N)[C@H]6CC[C@@H]5C6)cc(F)c4n3C3CC3)n(CC3CC3)c2n1,7.313363730737707,7.313363730737707,7.313363730737707,1,pubchem_confirmatory,1.0,653.803,48.0,fp_ic50,False,,none,False,False,False
FYBNYGJFTMMBRN-PLNFTNRRSA-N,COc1cc(C(=O)N2C[C@H](N)[C@H]3CC[C@@H]2C3)cc2nc(-c3cc4ccc([C@@H](C)NC(=O)c5cccnc5C(F)F)nc4n3CC3CC3)n(C)c12,7.138465589140962,7.138465589140962,7.138465589140962,1,pubchem_confirmatory,1.0,682.776,50.0,fp_ic50,False,,none,False,False,False
KPLUGYHUPKNQPI-PLNFTNRRSA-N,COc1cc(C(=O)N2C[C@H](N)[C@H]3CC[C@@H]2C3)cc2nc(-c3cc4ccc([C@@H](C)NC(=O)c5cccnc5C(F)(F)F)nc4n3CC3CC3)n(C)c12,7.032452023781138,7.032452023781138,7.032452023781138,1,pubchem_confirmatory,1.0,700.766,51.0,fp_ic50,False,,none,False,False,False
MGPFUBIXJDMGPE-UCRBNFBUSA-N,COc1cc(C(=O)N2C[C@H](N)[C@H]3CC[C@@H]2C3)cc2nc(-c3cc4ccc([C@@H](C)NC(=O)c5cccc(C(F)F)n5)nc4n3CC3CC3)n(C)c12,6.417936637088291,6.417936637088291,6.417936637088291,1,pubchem_confirmatory,1.0,682.776,50.0,fp_ic50,False,,none,False,False,False
RWSAIPTUGLXTQK-LKRYVOINSA-N,COc1cc(C(=O)N2C[C@H](N)[C@H]3CC[C@@H]2C3)cc2nc(-c3cc4ccc([C@@H](C)NC(=O)c5ccc(C#CC(C)(C)S(C)(=O)=O)nc5)nc4n3CC3CC3)n(C)c12,7.1791420105603,7.1791420105603,7.1791420105603,1,pubchem_confirmatory,1.0,776.964,56.0,fp_ic50,False,,none,False,False,False
CKINKBLJYCITJY-SQSVJPPKSA-N,COc1cc(C(=O)N2C[C@H](N)[C@H]3CC[C@@H]2C3)cc2nc(-c3cc4ccc([C@@H](C)NC(=O)c5ccc(C(F)F)nc5)nc4n3CC3CC3)n(C3CC3)c12,6.954677021213342,6.954677021213342,6.954677021213342,1,pubchem_confirmatory,1.0,708.814,52.0,fp_ic50,False,,none,False,False,False
NNMHFHZOXZPGKW-FHULUBRZSA-N,C[C@@H](NC(=O)c1ccc(C(F)F)nc1)c1ccc2cc(-c3nc4cc(C(=O)N5C[C@H](N)[C@H]6CC[C@@H]5C6)cc(F)c4n3C3CC3)n(CC3CC3)c2n1,7.047207556955907,7.047207556955907,7.047207556955907,1,pubchem_confirmatory,1.0,696.778,51.0,fp_ic50,False,,none,False,False,False
YIUTYFHWNVNFKV-OTBWLPETSA-N,COc1cc(C(=O)N2C[C@H](N)[C@H]3CC[C@@H]2C3)cc2nc(-c3cc4ccc([C@@H](C)NC(=O)[C@@H]5CC5(F)F)nc4n3CC3CC3)n(C)c12,7.170053304058364,7.170053304058364,7.170053304058364,1,pubchem_confirmatory,1.0,631.728,46.0,fp_ic50,False,,none,False,False,False
YIUTYFHWNVNFKV-MOIZKARTSA-N,COc1cc(C(=O)N2C[C@H](N)[C@H]3CC[C@@H]2C3)cc2nc(-c3cc4ccc([C@@H](C)NC(=O)[C@H]5CC5(F)F)nc4n3CC3CC3)n(C)c12,7.252588192113577,7.252588192113577,7.252588192113577,1,pubchem_confirmatory,1.0,631.728,46.0,fp_ic50,False,,none,False,False,False
FYJWAOBLQMZHSM-CZOQGKOKSA-N,COc1cc(C(=O)N2C[C@H](N)[C@H]3CC[C@@H]2C3)cc2nc(-c3cc4ccc([C@@H](C)NC(=O)c5ccc(C(F)(F)F)nc5)nc4n3CC3CC3)n(C)c12,6.94692155651658,6.94692155651658,6.94692155651658,1,pubchem_confirmatory,1.0,700.766,51.0,fp_ic50,False,,none,False,False,False
JDBRPXYNNLFJMS-WQTPVJRFSA-N,COc1cc(C(=O)N2C[C@H](N)[C@H]3CC[C@@H]2C3)cc2nc(-c3cc4ccc([C@@H](C)NC(=O)c5cnc(C(F)(F)F)nc5)nc4n3CC3CC3)n(C)c12,6.853871964321762,6.853871964321762,6.853871964321762,1,pubchem_confirmatory,1.0,701.754,51.0,fp_ic50,False,,none,False,False,False
PNNOIETUGBXYFF-WQTPVJRFSA-N,COc1cc(C(=O)N2C[C@H](N)[C@H]3CC[C@@H]2C3)cc2nc(-c3cc4ccc([C@@H](C)NC(=O)c5cnc(C(F)F)nc5)nc4n3CC3CC3)n(C)c12,7.089909454405932,7.089909454405932,7.089909454405932,1,pubchem_confirmatory,1.0,683.764,50.0,fp_ic50,False,,none,False,False,False
VSNXLJCINCZNGS-ZOGBDMNLSA-N,COc1cc(C(=O)N2C[C@H](N)[C@H]3CC[C@@H]2C3)cc2nc(-c3cc4ccc([C@@H](C)NC(=O)c5ccnc(C(F)(F)F)n5)nc4n3CC3CC3)n(C)c12,6.2441251443275085,6.2441251443275085,6.2441251443275085,1,pubchem_confirmatory,1.0,701.754,51.0,fp_ic50,False,,none,False,False,False
OGFMCHMUTBVKKY-XOUWMQEHSA-N,COc1cc(C(=O)N2C[C@H](N)[C@H]3CC[C@@H]2C3)cc2nc(-c3cc4ccc([C@@H](C)NC(=O)C56CC(F)(C5)C6)nc4n3CC3CC3)n(C3CC3)c12,6.906578314837764,6.906578314837764,6.906578314837764,1,pubchem_confirmatory,1.0,665.814,49.0,fp_ic50,False,,none,False,False,False
AMVPDYRLVKUNIT-ZOGBDMNLSA-N,COc1cc(C(=O)N2C[C@H](N)[C@H]3CC[C@@H]2C3)cc2nc(-c3cc4ccc([C@@H](C)NC(=O)c5cnc(C(F)(F)F)cn5)nc4n3CC3CC3)n(C)c12,6.598599459218455,6.598599459218455,6.598599459218455,1,pubchem_confirmatory,1.0,701.754,51.0,fp_ic50,False,,none,False,False,False
LLUXEAVZZKSWRK-SQSVJPPKSA-N,COc1cc(C(=O)N2C[C@H](N)[C@H]3CC[C@@H]2C3)cc2nc(-c3cc4ccc([C@@H](C)NC(=O)c5cnn(C6CC6)c5)nc4n3CC3CC3)n(C)c12,7.236572006437063,7.236572006437063,7.236572006437063,1,pubchem_confirmatory,1.0,661.811,49.0,fp_ic50,False,,none,False,False,False
SSDLYMGCSCTEQF-WQTPVJRFSA-N,COc1cc(C(=O)N2C[C@H](N)[C@H]3CC[C@@H]2C3)cc2nc(-c3cc4ccc([C@@H](C)NC(=O)c5cnn(C(F)(F)F)c5)nc4n3CC3CC3)n(C)c12,7.083019952679618,7.083019952679618,7.083019952679618,1,pubchem_confirmatory,1.0,689.743,50.0,fp_ic50,False,,none,False,False,False
DLCRTWBWVRWAOW-UCRBNFBUSA-N,COc1cc(C(=O)N2C[C@H](N)[C@H]3CC[C@@H]2C3)cc2nc(-c3cc4ccc([C@@H](C)NC(=O)C(C)(C)OC)nc4n3CC3CC3)n(C)c12,7.142667503568731,7.142667503568731,7.142667503568731,1,pubchem_confirmatory,1.0,627.79,46.0,fp_ic50,False,,none,False,False,False
HDXXLIVEWODPMN-UCRBNFBUSA-N,COc1cc(C(=O)N2C[C@H](N)[C@H]3CC[C@@H]2C3)cc2nc(-c3cc4ccc([C@@H](C)NC(=O)C5(OC)CC5)nc4n3CC3CC3)n(C)c12,7.207608310501746,7.207608310501746,7.207608310501746,1,pubchem_confirmatory,1.0,625.774,46.0,fp_ic50,False,,none,False,False,False
DQNLFFPZCRXJPI-ZOGBDMNLSA-N,COc1cc(C(=O)N2C[C@H](N)[C@H]3CC[C@@H]2C3)cc2nc(-c3cc4ccc([C@@H](C)NC(=O)C(C)(C)C(F)F)nc4n3CC3CC3)n(C)c12,7.0726296369609765,7.0726296369609765,7.0726296369609765,1,pubchem_confirmatory,1.0,647.771,47.0,fp_ic50,False,,none,False,False,False
RTPCRZFGAPFECK-ZOGBDMNLSA-N,COc1cc(C(=O)N2C[C@H](N)[C@H]3CC[C@@H]2C3)cc2nc(-c3cc4ccc([C@@H](C)NC(=O)C5(C(F)F)CC5)nc4n3CC3CC3)n(C)c12,7.090979145788844,7.090979145788844,7.090979145788844,1,pubchem_confirmatory,1.0,645.755,47.0,fp_ic50,False,,none,False,False,False
ZFRQMRCSPOQMDY-ZOGBDMNLSA-N,COc1cc(C(=O)N2C[C@H](N)[C@H]3CC[C@@H]2C3)cc2nc(-c3cc4ccc([C@@H](C)NC(=O)C(C)(C)F)nc4n3CC3CC3)n(C)c12,7.037157318798758,7.037157318798758,7.037157318798758,1,pubchem_confirmatory,1.0,615.754,45.0,fp_ic50,True,haloacetyl,none,False,False,False
JDVRZNXNUWXDCL-ZOGBDMNLSA-N,COc1cc(C(=O)N2C[C@H](N)[C@H]3CC[C@@H]2C3)cc2nc(-c3cc4ccc([C@@H](C)NC(=O)C5(F)CC5)nc4n3CC3CC3)n(C)c12,6.987162775294828,6.987162775294828,6.987162775294828,1,pubchem_confirmatory,1.0,613.738,45.0,fp_ic50,True,haloacetyl,none,False,False,False
DWTAOGUQVXJQHS-UCRBNFBUSA-N,COc1cc(C(=O)N2C[C@H](N)[C@H]3CC[C@@H]2C3)cc2nc(-c3cc4ccc([C@@H](C)NC(=O)C5(F)CCC5)nc4n3CC3CC3)n(C)c12,7.053547734986926,7.053547734986926,7.053547734986926,1,pubchem_confirmatory,1.0,627.765,46.0,fp_ic50,True,haloacetyl,none,False,False,False
OHQGFBZPOUJKCA-UCRBNFBUSA-N,COc1cc(C(=O)N2C[C@H](N)[C@H]3CC[C@@H]2C3)cc2nc(-c3cc4ccc([C@@H](C)NC(=O)C5(C)CC(F)(F)C5)nc4n3CC3CC3)n(C)c12,6.995678626217357,6.995678626217357,6.995678626217357,1,pubchem_confirmatory,1.0,659.782,48.0,fp_ic50,False,,none,False,False,False
QMLMJLSUYUDGTB-UCRBNFBUSA-N,COc1cc(C(=O)N2C[C@H](N)[C@H]3CC[C@@H]2C3)cc2nc(-c3cc4ccc([C@@H](C)NC(=O)C(C)(C)CC(F)(F)F)nc4n3CC3CC3)n(C)c12,6.889410289700751,6.889410289700751,6.889410289700751,1,pubchem_confirmatory,1.0,679.788,49.0,fp_ic50,False,,none,False,False,False
XODQWSDULGEXER-JDBUVZGPSA-N,COc1cc(C(=O)N2C[C@H](N)[C@H]3CC[C@@H]2C3)cc2nc(-c3cc4ccc([C@@H](C)NC(=O)C(C)(C)C)nc4n3CC(C)(C)O)n(C)c12,6.596879478824182,6.596879478824182,6.596879478824182,1,pubchem_confirmatory,1.0,629.806,46.0,fp_ic50,False,,none,False,False,False
RHPSIPFSVPURJS-FOTNASDISA-N,COc1cc(C(=O)N2C[C@H](N)[C@H]3CC[C@@H]2C3)cc2nc(-c3cc4ccc([C@@H](C)NC(=O)[C@]5(C)CC5(F)F)nc4n3CC3CC3)n(C)c12,7.1487416512809245,7.1487416512809245,7.1487416512809245,1,pubchem_confirmatory,1.0,645.755,47.0,fp_ic50,False,,none,False,False,False
RHPSIPFSVPURJS-CYKVULKJSA-N,COc1cc(C(=O)N2C[C@H](N)[C@H]3CC[C@@H]2C3)cc2nc(-c3cc4ccc([C@@H](C)NC(=O)[C@@]5(C)CC5(F)F)nc4n3CC3CC3)n(C)c12,7.0746879085003505,7.0746879085003505,7.0746879085003505,1,pubchem_confirmatory,1.0,645.755,47.0,fp_ic50,False,,none,False,False,False
UJTQYQLYPNEBMM-JPEVHGAISA-N,COc1cc(C(=O)N2C[C@H]3CC[C@@H]2[C@@H]3N)cc2nc(-c3cc4scc(Br)c4n3CC3CC3)n(C)c12,7.455931955649724,7.455931955649724,7.455931955649724,2,bindingdb|pubchem_confirmatory,0.5,554.514,35.0,enzymatic,False,,none,False,True,True
UCGGMFLLXAXMSA-HKGBXIQFSA-N,COc1cc(C(=O)N2C[C@H]3CC[C@@H]2[C@@H]3N)cc2nc(-c3cc4scc(C5COC5)c4n3CC3CC3)n(C)c12,7.200659450546418,7.200659450546418,7.200659450546418,2,bindingdb|pubchem_confirmatory,0.5,531.682,38.0,enzymatic,False,,none,False,True,True
HJVYIMFLDZZYRV-AUZMWRNASA-N,COc1cc(C(=O)N2C[C@H]3CC[C@@H]2[C@@H]3N)cc2nc(-c3cc4scc(C5CCNCC5)c4n3CC3CC3)n(C)c12,7.920818753952375,7.920818753952375,7.920818753952375,2,bindingdb|pubchem_confirmatory,0.5,558.752,40.0,enzymatic,False,,none,False,True,True
VODPLDTWMZSPNB-PRNYMFJNSA-N,COc1cc(C(=O)N2C[C@H]3CC[C@@H]2[C@@H]3N)cc2nc(-c3cc4scc(C5CCN(C(C)=O)CC5)c4n3CC3CC3)n(C)c12,7.853871964321762,7.853871964321762,7.853871964321762,2,bindingdb|pubchem_confirmatory,0.5,600.789,43.0,enzymatic,False,,none,False,True,True
DFRXDCSOZQHYAU-YIOSSIBISA-N,COc1cc(C(=O)N2C[C@H]3CC[C@@H]2[C@@H]3N)cc2nc(-c3cc4scc(C5CC(NC(C)=O)C5)c4n3CC3CC3)n(C)c12,7.721246399047171,7.721246399047171,7.721246399047171,2,bindingdb|pubchem_confirmatory,0.5,586.762,42.0,enzymatic,False,,none,False,True,True
ZWIAESBSGAIVDW-NDKUEENFSA-N,COc1cc(C(=O)N2C[C@H]3CC[C@@H]2[C@@H]3N)cc2nc(-c3cc4scc(CCC(C)(C)O)c4n3CC3CC3)n(C)c12,7.494850021680094,7.494850021680094,7.494850021680094,2,bindingdb|pubchem_confirmatory,0.5,561.752,40.0,enzymatic,False,,none,False,True,True
FAKZLEOJTWMVSN-JZIKNROVSA-N,COc1cc(C(=O)N2C[C@H]3CC[C@@H]2[C@@H]3N)cc2nc(-c3cc4scc(C5CC(O)C5)c4n3CC3CC3)n(C)c12,7.396747813805075,7.324974544652406,7.468521082957745,2,bindingdb|pubchem_confirmatory,0.5,545.709,39.0,enzymatic,False,,none,False,True,True
CMQWSBAXXALMTC-AUZMWRNASA-N,COc1cc(C(=O)N2C[C@H]3CC[C@@H]2[C@@H]3N)cc2nc(-c3cc4scc(C5CCOCC5)c4n3CC3CC3)n(C)c12,7.3979400086720375,7.3979400086720375,7.3979400086720375,2,bindingdb|pubchem_confirmatory,0.5,559.736,40.0,enzymatic,False,,none,False,True,True
KIBZKMCXHPYPHZ-IGISAERJSA-N,COc1cc(C(=O)N2C[C@H]3CC[C@@H]2[C@@H]3N)cc2nc(-c3cc4scc(C5CCCNC5)c4n3CC3CC3)n(C)c12,7.250156458690798,7.250156458690798,7.250156458690798,2,bindingdb|pubchem_confirmatory,0.5,558.752,40.0,enzymatic,False,,none,False,True,True
UWUVVCHTUJBFLE-TYJKYYPBSA-N,COc1cc(C(=O)N2C[C@H]3CC[C@@H]2[C@@H]3N)cc2nc(-c3cc4scc(C5CCC(O)CC5)c4n3CC3CC3)n(C)c12,7.337242168318426,7.337242168318426,7.337242168318426,2,bindingdb|pubchem_confirmatory,0.5,573.763,41.0,enzymatic,False,,none,False,True,True
UTUSLQBFYBDOMT-KQUPGTECSA-N,COc1cc(C(=O)N2C[C@H]3CC[C@@H]2[C@@H]3N)cc2nc(-c3cc4scc(CCC(N)=O)c4n3CC3CC3)n(C)c12,7.327902142064282,7.327902142064282,7.327902142064282,2,bindingdb|pubchem_confirmatory,0.5,546.697,39.0,enzymatic,False,,none,False,True,True
IVASBRWHQYHLPL-WYSLSVGLSA-N,COc1cc(C(=O)N2C[C@H]3CC[C@@H]2[C@@H]3N)cc2nc(-c3cc4scc(C5CCOC5)c4n3CC3CC3)n(C)c12,7.309803919971486,7.309803919971486,7.309803919971486,2,bindingdb|pubchem_confirmatory,0.5,545.709,39.0,enzymatic,False,,none,False,True,True
SISHJFJFVJDMHT-NDKUEENFSA-N,COc1cc(C(=O)N2C[C@H]3CC[C@@H]2[C@@H]3N)cc2nc(-c3cc4scc(CCN5CCOC5=O)c4n3CC3CC3)n(C)c12,7.267606240177031,7.267606240177031,7.267606240177031,2,bindingdb|pubchem_confirmatory,0.5,588.734,42.0,enzymatic,False,,none,False,True,True
LDSVNPSREJHGDG-IUBQTAPSSA-N,COc1cc(C(=O)N2C[C@H]3CC[C@@H]2[C@@H]3N)cc2nc(-c3cc4scc(CCCO)c4n3CC3CC3)n(C)c12,7.251811972993799,7.251811972993799,7.251811972993799,2,bindingdb|pubchem_confirmatory,0.5,533.698,38.0,enzymatic,False,,none,False,True,True
UXMXWUNQSRXWGJ-IUBQTAPSSA-N,COc1cc(C(=O)N2C[C@H]3CC[C@@H]2[C@@H]3N)cc2nc(-c3cc4scc(CCC#N)c4n3CC3CC3)n(C)c12,7.229147988357855,7.229147988357855,7.229147988357855,2,bindingdb|pubchem_confirmatory,0.5,528.682,38.0,enzymatic,False,,none,False,True,True
AKJRMUHBZISHMO-HKGBXIQFSA-N,COc1cc(C(=O)N2C[C@H]3CC[C@@H]2[C@@H]3N)cc2nc(-c3cc4scc(C5CNC5)c4n3CC3CC3)n(C)c12,6.896196279044043,6.896196279044043,6.896196279044043,2,bindingdb|pubchem_confirmatory,0.5,530.698,38.0,enzymatic,False,,none,False,True,True
WUMXZMJDSNUNQV-NDKUEENFSA-N,COc1cc(C(=O)N2C[C@H]3CC[C@@H]2[C@@H]3N)cc2nc(-c3cc4scc(CC5CNC5)c4n3CC3CC3)n(C)c12,6.782516055786093,6.782516055786093,6.782516055786093,2,bindingdb|pubchem_confirmatory,0.5,544.725,39.0,enzymatic,False,,none,False,True,True
OBSQPMBXCPWFHA-GTTZXYGSSA-N,COc1cc(C(=O)N2C[C@H]3CC[C@@H]2[C@@H]3N)cc2nc(-c3cc4scc(CC(CN)CCl)c4n3CC3CC3)n(C)c12,7.154901959985743,7.154901959985743,7.154901959985743,2,bindingdb|pubchem_confirmatory,0.5,581.186,40.0,enzymatic,False,,none,False,True,True
BGCRNIJCOVTIBD-KLNWILNISA-N,COc1cc(C(=O)N2C[C@H]3CC[C@@H]2[C@@H]3N)cc2nc(-c3cc4scc(C5CC6(CNC6)C5)c4n3CC3CC3)n(C)c12,7.443697499232712,7.443697499232712,7.443697499232712,2,bindingdb|pubchem_confirmatory,0.5,570.763,41.0,enzymatic,False,,none,False,True,True
OQSKHEIMHLTVNN-KLNWILNISA-N,COc1cc(C(=O)N2C[C@H]3CC[C@@H]2[C@@H]3N)cc2nc(-c3cc4scc(C5CN(C(C)=O)C5)c4n3CC3CC3)n(C)c12,7.259637310505756,7.259637310505756,7.259637310505756,2,bindingdb|pubchem_confirmatory,0.5,572.735,41.0,enzymatic,False,,none,False,True,True
FPGYTBLIQLDNFK-KFOHMRLHSA-N,COc1cc(C(=O)N2C[C@H]3CC[C@@H]2[C@@H]3N)cc2nc(-c3cc4sc(Br)cc4n3CC3CC3)n(C)c12,7.3872161432802645,7.3872161432802645,7.3872161432802645,2,bindingdb|pubchem_confirmatory,0.5,554.514,35.0,enzymatic,False,,none,False,True,True
XKSGTYRCTXASKW-RPAZBDDQSA-N,COc1cc(C(=O)N2C[C@H]3CC[C@@H]2[C@@H]3N)cc2nc(-c3cc4sc(-c5ccncc5)cc4n3CC3CC3)n(C)c12,6.747146969020107,6.747146969020107,6.747146969020107,2,bindingdb|pubchem_confirmatory,0.5,552.704,40.0,enzymatic,False,,none,False,True,True
XNQHVJOLKSRRLY-KVYOAWSJSA-N,COc1cc(C(=O)N2C[C@H]3CC[C@@H]2[C@@H]3N)cc2nc(-c3cc4sc(-c5cn[nH]c5)cc4n3CC3CC3)n(C)c12,6.97061622231479,6.97061622231479,6.97061622231479,2,bindingdb|pubchem_confirmatory,0.5,541.681,39.0,enzymatic,False,,none,False,True,True
AMMUITPQFDEUJP-SWWFSWNPSA-N,COc1cc(C(=O)N2C[C@H]3CC[C@@H]2[C@@H]3N)cc2nc(-c3cc4sc(C)cc4n3CC3CC3)n(C)c12,7.207608310501746,7.207608310501746,7.207608310501746,2,bindingdb|pubchem_confirmatory,0.5,489.645,35.0,enzymatic,False,,none,False,True,True
ZAKAHILPOZRHQU-QZTJIDSGSA-N,COc1cc(C(=O)N2C[C@H](N)C[C@@H](F)C2)cc2nc(-c3cc4sc(C)cc4n3CC3CC3)n(C)c12,7.173925197299173,7.173925197299173,7.173925197299173,2,bindingdb|pubchem_confirmatory,0.5,495.624,35.0,enzymatic,False,,none,False,True,True
NEHYHWNSTMHJTE-NFHUAXAMSA-N,COc1cc(C(=O)N2C[C@H]3CC[C@@H]2[C@@H]3N)cc2nc(-c3cc4sccc4n3CC3CC3)n(C)c12,7.075720713938118,7.075720713938118,7.075720713938118,2,bindingdb|pubchem_confirmatory,0.5,475.618,34.0,enzymatic,False,,none,False,True,True
YPXBNWXLJSPJQX-IAGOWNOFSA-N,COc1cc(C(=O)N2C[C@H](N)C[C@@H](F)C2)cc2nc(-c3cc4sccc4n3CC3CC3)n(C)c12,7.0655015487564325,7.0655015487564325,7.0655015487564325,2,bindingdb|pubchem_confirmatory,0.5,481.597,34.0,enzymatic,False,,none,False,True,True
KDTKBJICSDWMAL-HZPDHXFCSA-N,COc1cc(C(=O)N2C[C@H](N)C[C@@H](F)C2)cc2nc(-c3cc4scc(Br)c4n3CC3CC3)n(C)c12,7.221848749616356,7.221848749616356,7.221848749616356,2,bindingdb|pubchem_confirmatory,0.5,560.493,35.0,enzymatic,False,,none,False,True,True
PCUSAHFKZUSQDL-VJBLKOIQSA-N,COc1cc(C(=O)N2C[C@H]3CC[C@@H]2[C@@H]3N)cc2nc(-c3cc4scc(-c5cnn(C)c5)c4n3CC3CC3)n(C)c12,7.769551078621726,7.769551078621726,7.769551078621726,2,bindingdb|pubchem_confirmatory,0.5,555.708,40.0,enzymatic,False,,none,False,True,True
WSESUCNWWBAUIH-WOJBJXKFSA-N,COc1cc(C(=O)N2C[C@H](N)C[C@@H](F)C2)cc2nc(-c3cc4scc(-c5cnn(C)c5)c4n3CC3CC3)n(C)c12,7.301029995663981,7.301029995663981,7.301029995663981,2,bindingdb|pubchem_confirmatory,0.5,561.687,40.0,enzymatic,False,,none,False,True,True
OSIUANACYCCNCV-WJPVBLRZSA-N,COc1cc(C(=O)N2C[C@H]3CC[C@@H]2[C@@H]3N)cc2nc(-c3cc4scc(-c5ccn(C(C)C)n5)c4n3CC3CC3)n(C)c12,7.318758762624412,7.318758762624412,7.318758762624412,2,bindingdb|pubchem_confirmatory,0.5,583.762,42.0,enzymatic,False,,none,False,True,True
JZFTYGONYNFMAD-GSDGAUQMSA-N,COc1cc(C(=O)N2C[C@H]3CC[C@@H]2[C@@H]3N)cc2nc(-c3cc4scc(-c5ccc(O)c(Cl)c5)c4n3CC3CC3)n(C)c12,6.823908740944319,6.823908740944319,6.823908740944319,2,bindingdb|pubchem_confirmatory,0.5,602.16,42.0,enzymatic,False,,none,False,True,True
DQGUPMKNSOTKRJ-GSDGAUQMSA-N,COc1cc(C(=O)N2C[C@H]3CC[C@@H]2[C@@H]3N)cc2nc(-c3cc4scc(-c5ccc(O)c(F)c5)c4n3CC3CC3)n(C)c12,7.229147988357855,7.229147988357855,7.229147988357855,2,bindingdb|pubchem_confirmatory,0.5,585.705,42.0,enzymatic,False,,none,False,True,True
IIAMTGMLHSLYFN-VJBLKOIQSA-N,COc1cc(C(=O)N2C[C@H]3CC[C@@H]2[C@@H]3N)cc2nc(-c3cc4scc(-c5ccn(C)n5)c4n3CC3CC3)n(C)c12,7.267606240177031,7.267606240177031,7.267606240177031,2,bindingdb|pubchem_confirmatory,0.5,555.708,40.0,enzymatic,False,,none,False,True,True
BJABAWQMYVBWRL-HIIGZGGBSA-N,COc1cc(C(=O)N2C[C@H]3CC[C@@H]2[C@@H]3N)cc2nc(-c3cc4scc(-c5cccs5)c4n3CC3CC3)n(C)c12,7.0,7.0,7.0,2,bindingdb|pubchem_confirmatory,0.5,557.745,39.0,enzymatic,False,,none,False,True,True
GRKUPZPOSQTAPO-HKGBXIQFSA-N,COc1cc(C(=O)N2C[C@H]3CC[C@@H]2[C@@H]3N)cc2nc(-c3cc4scc(-c5cn[nH]c5)c4n3CC3CC3)n(C)c12,7.455931955649724,7.455931955649724,7.455931955649724,2,bindingdb|pubchem_confirmatory,0.5,541.681,39.0,enzymatic,False,,none,False,True,True
SWODMSMUSYWLHH-HKGBXIQFSA-N,COc1cc(C(=O)N2C[C@H]3CC[C@@H]2[C@@H]3N)cc2nc(-c3cc4scc(-c5ccn[nH]5)c4n3CC3CC3)n(C)c12,7.619788758288394,7.619788758288394,7.619788758288394,2,bindingdb|pubchem_confirmatory,0.5,541.681,39.0,enzymatic,False,,none,False,True,True
WEKOBRIJDZLNEF-UKPISFLSSA-N,COc1cc(C(=O)N2C[C@H]3CC[C@@H]2[C@@H]3N)cc2nc(-c3cc4scc(-c5cnc(C#N)nc5)c4n3CC3CC3)n(C)c12,6.853871964321762,6.853871964321762,6.853871964321762,2,bindingdb|pubchem_confirmatory,0.5,578.702,42.0,enzymatic,False,,none,False,True,True
IAPOQLPGVURKKZ-VJBLKOIQSA-N,COc1cc(C(=O)N2C[C@H]3CC[C@@H]2[C@@H]3N)cc2nc(-c3cc4scc(-c5cnn(CC(F)(F)F)c5)c4n3CC3CC3)n(C)c12,7.229147988357855,7.229147988357855,7.229147988357855,2,bindingdb|pubchem_confirmatory,0.5,623.705,44.0,enzymatic,False,,none,False,True,True
RIYZVRYTRRAPNZ-UKPISFLSSA-N,COc1cc(C(=O)N2C[C@H]3CC[C@@H]2[C@@H]3N)cc2nc(-c3cc4scc(-c5cnn(CC(F)F)c5)c4n3CC3CC3)n(C)c12,7.292429823902063,7.292429823902063,7.292429823902063,2,bindingdb|pubchem_confirmatory,0.5,605.715,43.0,enzymatic,False,,none,False,True,True
FCKWKMBZSBEFAZ-KLNWILNISA-N,COc1cc(C(=O)N2C[C@H]3CC[C@@H]2[C@@H]3N)cc2nc(-c3cc4scc(-c5cccn5C)c4n3CC3CC3)n(C)c12,6.94692155651658,6.94692155651658,6.94692155651658,2,bindingdb|pubchem_confirmatory,0.5,554.72,40.0,enzymatic,False,,none,False,True,True
MOALSGPXFLABGC-VJBLKOIQSA-N,COc1cc(C(=O)N2C[C@H]3CC[C@@H]2[C@@H]3N)cc2nc(-c3cc4scc(-c5ccnn5C)c4n3CC3CC3)n(C)c12,7.275724130399211,7.275724130399211,7.275724130399211,2,bindingdb|pubchem_confirmatory,0.5,555.708,40.0,enzymatic,False,,none,False,True,True
ONPLNGUGKDPXMF-VJBLKOIQSA-N,COc1cc(C(=O)N2C[C@H]3CC[C@@H]2[C@@H]3N)cc2nc(-c3cc4scc(-c5ccc[nH]5)c4n3CC3CC3)n(C)c12,6.761953896871205,6.761953896871205,6.761953896871205,2,bindingdb|pubchem_confirmatory,0.5,540.693,39.0,enzymatic,False,,none,False,True,True
CWEJGFLIVNSSFI-AUZMWRNASA-N,COc1cc(C(=O)N2C[C@H]3CC[C@@H]2[C@@H]3N)cc2nc(-c3cc4scc(-c5ccncc5)c4n3CC3CC3)n(C)c12,6.8326826652518236,6.8326826652518236,6.8326826652518236,2,bindingdb|pubchem_confirmatory,0.5,552.704,40.0,enzymatic,False,,none,False,True,True
PHMVINYOFRRKFR-XPHRQAEKSA-N,COc1cc(C(=O)N2C[C@H]3CC[C@@H]2[C@@H]3N)cc2nc(-c3cc4scc(-c5cnn(C6CCOCC6)c5)c4n3CC3CC3)n(C)c12,7.537602002101044,7.537602002101044,7.537602002101044,2,bindingdb|pubchem_confirmatory,0.5,625.799,45.0,enzymatic,False,,none,False,True,True
QCRLHXAAIIEUMT-KLNWILNISA-N,COc1cc(C(=O)N2C[C@H]3CC[C@@H]2[C@@H]3N)cc2nc(-c3cc4scc(Nc5ccncc5)c4n3CC3CC3)n(C)c12,7.207608310501746,7.207608310501746,7.207608310501746,2,bindingdb|pubchem_confirmatory,0.5,567.719,41.0,enzymatic,False,,none,False,True,True
SDLGZAGDBPBEEF-RUZDIDTESA-N,Cc1cc(N2CCCS2(=O)=O)ccc1-c1ccc2cc(-c3nc4cc5c(cc4n3C)CCN(C[C@H](N)CF)C5=O)n(CC3CC3)c2n1,7.259637310505756,7.259637310505756,7.259637310505756,2,bindingdb|pubchem_confirmatory,0.5,655.8,47.0,enzymatic_confirmed,False,,none,False,True,True
GQIGCAZCFDCIMF-RUZDIDTESA-N,Cc1cc(N2CC(C)(C)OC2=O)ccc1-c1ccc2cc(-c3nc4cc5c(cc4n3C)CCN(C[C@H](N)CF)C5=O)n(CC3CC3)c2n1,7.259637310505756,7.259637310505756,7.259637310505756,2,bindingdb|pubchem_confirmatory,0.5,649.771,48.0,enzymatic_confirmed,False,,none,False,True,True
GLWBCBFCDMHPMP-HSZRJFAPSA-N,CCc1nc(N2CCOC2=O)ccc1-c1ccc2cc(-c3nc4cc5c(cc4n3C)CCN(C[C@H](N)CF)C5=O)n(CC3CC3)c2n1,7.259637310505756,7.259637310505756,7.259637310505756,2,bindingdb|pubchem_confirmatory,0.5,636.732,47.0,enzymatic_confirmed,False,,none,False,True,True
UDCZJAWDUZQVMO-QGZVFWFLSA-N,COc1cccc2cc(-c3nc4cc5c(cc4n3C)CCN(C[C@H](N)CF)C5=O)n(CCOC(F)F)c12,7.259637310505756,7.259637310505756,7.259637310505756,2,bindingdb|pubchem_confirmatory,0.5,515.536,37.0,enzymatic_confirmed,False,,none,False,True,True
DFTRMYDFWWJHOS-AUSIDOKSSA-N,C[C@H](COc1cccc2cc(-c3nc4cc5c(cc4n3C)CCN(C[C@H](N)CF)C5=O)n(CC3CC3)c12)n1cnc(F)c1,8.0,8.0,8.0,2,bindingdb|pubchem_confirmatory,0.5,587.675,43.0,enzymatic_confirmed,False,,none,False,True,True
HWAGLZNJGHSMPN-SKCUWOTOSA-N,Cn1c(-c2cc3cccc(O[C@@H](F)Cn4ccnc4)c3n2CC2CC2)nc2cc3c(cc21)CCN(C[C@H](N)CF)C3=O,8.0,8.0,8.0,2,bindingdb|pubchem_confirmatory,0.5,573.648,42.0,enzymatic_confirmed,False,,none,False,True,True
HWAGLZNJGHSMPN-DFHRPNOPSA-N,Cn1c(-c2cc3cccc(O[C@H](F)Cn4ccnc4)c3n2CC2CC2)nc2cc3c(cc21)CCN(C[C@H](N)CF)C3=O,8.0,8.0,8.0,2,bindingdb|pubchem_confirmatory,0.5,573.648,42.0,enzymatic_confirmed,False,,none,False,True,True
JLNUELQXAWUXPA-WOJBJXKFSA-N,C[C@H](COc1cccc2cc(-c3nc4cc5c(cc4n3C)CCN(C[C@@H](C)N)C5=O)n(CC3CC3)c12)n1cnc(F)c1,8.0,8.0,8.0,2,bindingdb|pubchem_confirmatory,0.5,569.685,42.0,enzymatic_confirmed,False,,none,False,True,True
OFGLSBNKSQHREF-IBGZPJMESA-N,COc1cccc2cc(-c3nc4cc5c(cc4n3C)CCN(C[C@H]3COCCN3)C5=O)n(CCOC(F)F)c12,6.522878745280337,6.522878745280337,6.522878745280337,2,bindingdb|pubchem_confirmatory,0.5,539.583,39.0,enzymatic_confirmed,False,,none,False,True,True
DMMISAFXPXAAAV-BWKNWUBXSA-N,C[C@H](COc1cccc2cc(-c3nc4cc5c(cc4n3C)CCN(C[C@H]3COCCN3)C5=O)n(CC3CC3)c12)n1cnc(F)c1,8.0,8.0,8.0,2,bindingdb|pubchem_confirmatory,0.5,611.722,45.0,enzymatic_confirmed,False,,none,False,True,True
DXCIAASWXPENNK-IBGZPJMESA-N,COc1cccc2cc(-c3nc4cc5c(c(F)c4n3C)CCN(C[C@H]3COCCN3)C5=O)n(CC3CC3)c12,6.522878745280337,6.522878745280337,6.522878745280337,2,bindingdb|pubchem_confirmatory,0.5,517.605,38.0,enzymatic_confirmed,False,,none,False,True,True
UVFFNQDTNYNSOW-WIYYLYMNSA-N,C[C@H](COc1cccc2cc(-c3nc4cc5c(c(F)c4n3C)CCN(C[C@H](N)CF)C5=O)n(CC3CC3)c12)n1cnc(F)c1,8.0,8.0,8.0,2,bindingdb|pubchem_confirmatory,0.5,605.665,44.0,enzymatic_confirmed,False,,none,False,True,True
SQMIBZLRDFMZFZ-OFNKIYASSA-N,C[C@H](COc1cccc2cc(-c3nc4cc5c(c(F)c4n3C)CCN(C[C@H]3COCCN3)C5=O)n(CC3CC3)c12)n1cnc(F)c1,8.0,8.0,8.0,2,bindingdb|pubchem_confirmatory,0.5,629.712,46.0,enzymatic_confirmed,False,,none,False,True,True
CDBXAUGXTYEGOC-MHZLTWQESA-N,CC(=O)N1CCC(c2cccc3cc(-c4nc5cc6c(cc5n4C)CCN(C[C@H]4COCCN4)C6=O)n(CC4CC4)c23)CC1,7.259637310505756,7.259637310505756,7.259637310505756,2,bindingdb|pubchem_confirmatory,0.5,594.76,44.0,enzymatic_confirmed,False,,none,False,True,True
KWIAQQUVDLIMIE-MHZLTWQESA-N,COCC(=O)N1CCC(c2cccc3cc(-c4nc5cc6c(cc5n4C)CCN(C[C@H]4COCCN4)C6=O)n(CC4CC4)c23)CC1,7.259637310505756,7.259637310505756,7.259637310505756,2,bindingdb|pubchem_confirmatory,0.5,624.786,46.0,enzymatic_confirmed,False,,none,False,True,True
UGUKWMXQVBWOLY-QHCPKHFHSA-N,Cc1cc(C(N)=O)c(F)cc1-c1ccc2cc(-c3nc4cc5c(cc4n3C)CCN(C[C@H]3COCCN3)C5=O)n(CC3CC3)c2n1,6.522878745280337,6.522878745280337,6.522878745280337,2,bindingdb|pubchem_confirmatory,0.5,621.717,46.0,enzymatic_confirmed,False,,none,False,True,True
WBCCJNJWNJVUJD-MHZLTWQESA-N,Cc1cc(N2CCCS2(=O)=O)ccc1-c1ccc2cc(-c3nc4cc5c(cc4n3C)CCN(C[C@H]3COCCN3)C5=O)n(CC3CC3)c2n1,7.259637310505756,7.259637310505756,7.259637310505756,2,bindingdb|pubchem_confirmatory,0.5,679.847,49.0,enzymatic_confirmed,False,,none,False,True,True
WPRRSSXPBRMXNU-MHZLTWQESA-N,Cc1cc(N2CC(C)(C)OC2=O)ccc1-c1ccc2cc(-c3nc4cc5c(cc4n3C)CCN(C[C@H]3COCCN3)C5=O)n(CC3CC3)c2n1,7.259637310505756,7.259637310505756,7.259637310505756,2,bindingdb|pubchem_confirmatory,0.5,673.818,50.0,enzymatic_confirmed,False,,none,False,True,True
KEBFCTNHFQLWPI-QFIPXVFZSA-N,Cn1c(-c2cc3ccc(-c4cccc(O)c4F)nc3n2CC2CC2)nc2cc3c(cc21)CCN(C[C@H]1COCCN1)C3=O,6.1249387366083,6.1249387366083,6.1249387366083,2,bindingdb|pubchem_confirmatory,0.5,580.664,43.0,enzymatic_confirmed,False,,none,False,True,True
XXYDJADHSZBACI-VWLOTQADSA-N,COC1CCN(c2ccc3cc(-c4nc5cc6c(cc5n4C)CCN(C[C@H]4COCCN4)C6=O)n(CC4CC4)c3c2)CC1,6.1249387366083,6.1249387366083,6.1249387366083,2,bindingdb|pubchem_confirmatory,0.5,582.749,43.0,enzymatic_confirmed,False,,none,False,True,True
FEVIMWKHIZOJKP-YFUNYDNQSA-N,CN[C@H](C)CN1CCC2C=C3C(CC2C1=O)N=C(c1cc2ccccc2n1CC1CC1)N3C,6.423393743112328,6.323908740944319,6.522878745280337,2,bindingdb|pubchem_confirmatory,0.5,445.611,33.0,enzymatic_confirmed,False,,none,False,True,True
IHICPRITNHGJMK-GOSISDBHSA-N,CCN[C@H](C)CN1CCc2cc3c(cc2C1=O)nc(-c1cc2ccccc2n1CC1CC1)n3C,6.1249387366083,6.1249387366083,6.1249387366083,2,bindingdb|pubchem_confirmatory,0.5,455.606,34.0,enzymatic_confirmed,False,,none,False,True,True
FKIUJYUNZVNKKC-GOSISDBHSA-N,C[C@H](CN1CCc2cc3c(cc2C1=O)nc(-c1cc2ccccc2n1CC1CC1)n3C)NCCF,6.0,6.0,6.0,2,bindingdb|pubchem_confirmatory,0.5,473.596,35.0,enzymatic_confirmed,False,,none,False,True,True
PJMIIVNQZITCIM-LJQANCHMSA-N,CCCN[C@H](C)CN1CCc2cc3c(cc2C1=O)nc(-c1cc2ccccc2n1CC1CC1)n3C,6.0,6.0,6.0,2,bindingdb|pubchem_confirmatory,0.5,469.633,35.0,enzymatic_confirmed,False,,none,False,True,True
NAHUEHDPAYKUFC-MRXNPFEDSA-N,C[C@@H](N)CN1CCc2cc3c(cc2C1=O)nc(-c1cc2ccccc2n1CC1CC1)n3C,6.30501260141353,6.261439372640169,6.348585830186892,2,bindingdb|pubchem_confirmatory,0.5,427.552,32.0,enzymatic_confirmed,False,,none,False,True,True
CKJLSDOHPGMDTO-UHFFFAOYSA-N,Cn1c(-c2cc3ccccc3n2CC2CC2)nc2cc3c(cc21)CCN(CC(C)(C)N)C3=O,6.0,6.0,6.0,2,bindingdb|pubchem_confirmatory,0.5,441.579,33.0,enzymatic_confirmed,False,,none,False,True,True
POGULWWRDBSAKD-UHFFFAOYSA-N,Cn1c(-c2cc3ccccc3n2CC2CC2)nc2cc3c(cc21)CCN(CC(N)CC(F)(F)F)C3=O,6.0,6.0,6.0,2,bindingdb|pubchem_confirmatory,0.5,495.549,36.0,enzymatic_confirmed,False,,none,False,True,True
OCIHVOPEKGPLTO-UHFFFAOYSA-N,Cn1c(-c2cc3ccccc3n2CC2CC2)nc2cc3c(cc21)CCN(CC1CNCCN1)C3=O,6.0,6.0,6.0,2,bindingdb|pubchem_confirmatory,0.5,468.605,35.0,enzymatic_confirmed,False,,none,False,True,True
BTJKEACCHIGMPB-HXUWFJFHSA-N,CC[C@@H](N)CN1CCc2cc3c(cc2C1=O)nc(-c1cc2ccccc2n1CC1CC1)n3C,6.423393743112328,6.323908740944319,6.522878745280337,2,bindingdb|pubchem_confirmatory,0.5,441.579,33.0,enzymatic_confirmed,False,,none,False,True,True
ZBWXTEXNMKRCOJ-QFIPXVFZSA-N,Cn1c(-c2cc3ccccc3n2CC2CC2)nc2cc3c(cc21)CCN(C[C@H](N)C1CC1)C3=O,6.522878745280337,6.522878745280337,6.522878745280337,2,bindingdb|pubchem_confirmatory,0.5,453.59,34.0,enzymatic_confirmed,False,,none,False,True,True
GIULMMSEEDMYFG-QFIPXVFZSA-N,CC(C)[C@@H](N)CN1CCc2cc3c(cc2C1=O)nc(-c1cc2ccccc2n1CC1CC1)n3C,6.0,6.0,6.0,2,bindingdb|pubchem_confirmatory,0.5,455.606,34.0,enzymatic_confirmed,False,,none,False,True,True
LARDFWXNOVHHCR-GOSISDBHSA-N,Cn1c(-c2cc3cccnc3n2CC2CC2)nc2cc3c(cc21)CCN(C[C@H](N)CF)C3=O,6.30501260141353,6.261439372640169,6.348585830186892,2,bindingdb|pubchem_confirmatory,0.5,446.53,33.0,enzymatic_confirmed,False,,none,False,True,True
JKCGAUGQZHYWTE-NRFANRHFSA-N,Cn1c(-c2cc3ccccc3n2CC2CC2)nc2cc3c(cc21)CCN(C[C@H]1COCCN1)C3=O,6.224423738776309,6.1249387366083,6.323908740944319,2,bindingdb|pubchem_confirmatory,0.5,469.589,35.0,enzymatic_confirmed,False,,none,False,True,True
BTZLRGSIKDYAEP-PERKSNPHSA-N,Cn1c(C2Cc3ccccc3N2CC2CC2)nc2c1=CC1CCN(C[C@H](N)C(F)F)C(=O)C1C=2,6.031234684152075,6.0,6.06246936830415,2,bindingdb|pubchem_confirmatory,0.5,467.564,34.0,enzymatic_confirmed,False,,none,False,True,True
CIQGBHJMJPWVDZ-ZDFQTVLFSA-N,COc1cccc2c1N(CC1CC1)[C@@H](c1nc3c(n1C)=CC1CCN(C[C@H](N)[C@@H](C)F)C(=O)C1C=3)C2,6.522878745280337,6.522878745280337,6.522878745280337,2,bindingdb|pubchem_confirmatory,0.5,493.627,36.0,enzymatic_confirmed,False,,none,False,True,True
CIQGBHJMJPWVDZ-KUKJJJIBSA-N,COc1cccc2c1N(CC1CC1)[C@H](c1nc3c(n1C)=CC1CCN(C[C@H](N)[C@@H](C)F)C(=O)C1C=3)C2,6.224423738776309,6.1249387366083,6.323908740944319,2,bindingdb|pubchem_confirmatory,0.5,493.627,36.0,enzymatic_confirmed,False,,none,False,True,True
GJGMACGPUUPGEY-QGZVFWFLSA-N,Cc1ccc2cc(-c3nc4cc5c(cc4n3C)CCN(C[C@@H](C)N)C5=O)n(CC3CC3)c2c1C,6.522878745280337,6.522878745280337,6.522878745280337,2,bindingdb|pubchem_confirmatory,0.5,455.606,34.0,enzymatic_confirmed,False,,none,False,True,True
JMOWCAAJIURAIX-QGZVFWFLSA-N,Cc1cccc2cc(-c3nc4cc5c(cc4n3C)CCN(C[C@@H](C)N)C5=O)n(CC3CC3)c12,6.522878745280337,6.522878745280337,6.522878745280337,2,bindingdb|pubchem_confirmatory,0.5,441.579,33.0,enzymatic_confirmed,False,,none,False,True,True
KXORAWBBRZHLGF-MRXNPFEDSA-N,COc1ccc2cc(-c3nc4cc5c(cc4n3C)CCN(C[C@@H](C)N)C5=O)n(CC3CC3)c2c1,6.522878745280337,6.522878745280337,6.522878745280337,2,bindingdb|pubchem_confirmatory,0.5,457.578,34.0,enzymatic_confirmed,False,,none,False,True,True
NGNVROYRKLFSFO-GOSISDBHSA-N,CC(C)c1cccc2cc(-c3nc4cc5c(cc4n3C)CCN(C[C@@H](C)N)C5=O)n(CC3CC3)c12,6.522878745280337,6.522878745280337,6.522878745280337,2,bindingdb|pubchem_confirmatory,0.5,469.633,35.0,enzymatic_confirmed,False,,none,False,True,True
RWSNXAKJOOUGIW-OAHLLOKOSA-N,C[C@@H](N)CN1CCc2cc3c(cc2C1=O)nc(-c1cc2ccc(C(F)(F)F)cc2n1CC1CC1)n3C,6.522878745280337,6.522878745280337,6.522878745280337,2,bindingdb|pubchem_confirmatory,0.5,495.549,36.0,enzymatic_confirmed,False,,none,False,True,True
HSVYIINOGNXBAF-CQSZACIVSA-N,C[C@@H](N)CN1CCc2cc3c(cc2C1=O)nc(-c1cc2ccc(F)nc2n1CC1CC1)n3C,6.522878745280337,6.522878745280337,6.522878745280337,2,bindingdb|pubchem_confirmatory,0.5,446.53,33.0,enzymatic_confirmed,False,,none,False,True,True
IKJMEODKPRDSEU-CQSZACIVSA-N,C[C@@H](N)CN1CCc2cc3c(cc2C1=O)nc(-c1cc2ccnc(Cl)c2n1CC1CC1)n3C,6.0,6.0,6.0,2,bindingdb|pubchem_confirmatory,0.5,462.985,33.0,enzymatic_confirmed,False,,none,False,True,True
ZNDOTDMSMGQIRY-MRXNPFEDSA-N,Cc1c(-c2nc3cc4c(cc3n2C)CCN(C[C@@H](C)N)C4=O)n(CC2CC2)c2ccccc12,6.0,6.0,6.0,2,bindingdb|pubchem_confirmatory,0.5,441.579,33.0,enzymatic_confirmed,False,,none,False,True,True
VIWAVTJCEMXXSD-OAHLLOKOSA-N,C[C@@H](N)CN1CCc2cc3c(cc2C1=O)nc(-c1cc2ccncc2n1CC1CC1)n3C,6.0,6.0,6.0,2,bindingdb|pubchem_confirmatory,0.5,428.54,32.0,enzymatic_confirmed,False,,none,False,True,True
VSUOJBFGFSPGJH-OAHLLOKOSA-N,C[C@@H](N)CN1CCc2cc3c(cc2C1=O)nc(-c1cc2ccc(Cl)cc2n1CC1CC1)n3C,6.522878745280337,6.522878745280337,6.522878745280337,2,bindingdb|pubchem_confirmatory,0.5,461.997,33.0,enzymatic_confirmed,False,,none,False,True,True
RVYQMCQZUJTWCF-QGZVFWFLSA-N,Cc1ccc2c(c1)cc(-c1nc3cc4c(cc3n1C)CCN(C[C@@H](C)N)C4=O)n2CC1CC1,6.0,6.0,6.0,2,bindingdb|pubchem_confirmatory,0.5,441.579,33.0,enzymatic_confirmed,False,,none,False,True,True
LCSFKIYKFZUCMW-MRXNPFEDSA-N,C[C@@H](N)CN1CCc2cc3c(cc2C1=O)nc(-c1cc2cccc(C#N)c2n1CC1CC1)n3C,6.1249387366083,6.1249387366083,6.1249387366083,2,bindingdb|pubchem_confirmatory,0.5,452.562,34.0,enzymatic_confirmed,False,,none,False,True,True
PHHFLBJXWBASPA-QGZVFWFLSA-N,CCc1cccc2cc(-c3nc4cc5c(cc4n3C)CCN(C[C@@H](C)N)C5=O)n(CC3CC3)c12,6.522878745280337,6.522878745280337,6.522878745280337,2,bindingdb|pubchem_confirmatory,0.5,455.606,34.0,enzymatic_confirmed,False,,none,False,True,True
SFORXOHEZOCFPF-QGZVFWFLSA-N,Cc1ccc2cc(-c3nc4cc5c(cc4n3C)CCN(C[C@@H](C)N)C5=O)n(CC3CC3)c2c1,6.522878745280337,6.522878745280337,6.522878745280337,2,bindingdb|pubchem_confirmatory,0.5,441.579,33.0,enzymatic_confirmed,False,,none,False,True,True
CPZTVTNQAONWIY-OAHLLOKOSA-N,C[C@@H](N)CN1CCc2cc3c(cc2C1=O)nc(-c1cc2cccc(F)c2n1CC1CC1)n3C,6.522878745280337,6.522878745280337,6.522878745280337,2,bindingdb|pubchem_confirmatory,0.5,445.542,33.0,enzymatic_confirmed,False,,none,False,True,True
FSWKGPVEKSBSQV-OAHLLOKOSA-N,COc1nccc2cc(-c3nc4cc5c(cc4n3C)CCN(C[C@@H](C)N)C5=O)n(CC3CC3)c12,6.1249387366083,6.1249387366083,6.1249387366083,2,bindingdb|pubchem_confirmatory,0.5,458.566,34.0,enzymatic_confirmed,False,,none,False,True,True
GGPLLNWSKTVFGI-MRXNPFEDSA-N,C[C@@H](N)CN1CCc2cc3c(cc2C1=O)nc(-c1cc2ccc(C#N)cc2n1CC1CC1)n3C,6.522878745280337,6.522878745280337,6.522878745280337,2,bindingdb|pubchem_confirmatory,0.5,452.562,34.0,enzymatic_confirmed,False,,none,False,True,True
DNKNBSGHBNHBTP-OAHLLOKOSA-N,C[C@@H](N)CN1CCc2cc3c(cc2C1=O)nc(-c1cc2cccc(Cl)c2n1CC1CC1)n3C,6.522878745280337,6.522878745280337,6.522878745280337,2,bindingdb|pubchem_confirmatory,0.5,461.997,33.0,enzymatic_confirmed,False,,none,False,True,True
OXIIVXYCZIOIQU-OAHLLOKOSA-N,C[C@@H](N)CN1CCc2cc3c(cc2C1=O)nc(-c1cc2cc(Cl)ccc2n1CC1CC1)n3C,6.1249387366083,6.1249387366083,6.1249387366083,2,bindingdb|pubchem_confirmatory,0.5,461.997,33.0,enzymatic_confirmed,False,,none,False,True,True
PODBEFGDRZBSHE-MRXNPFEDSA-N,COc1cccc2cc(-c3nc4cc5c(cc4n3C)CCN(C[C@@H](C)N)C5=O)n(CC3CC3)c12,7.259637310505756,7.259637310505756,7.259637310505756,2,bindingdb|pubchem_confirmatory,0.5,457.578,34.0,enzymatic_confirmed,False,,none,False,True,True
BPTRUIORDPDNFI-OAHLLOKOSA-N,C[C@@H](N)CN1CCc2cc3c(cc2C1=O)nc(-c1cc2cccc(C(F)(F)F)c2n1CC1CC1)n3C,6.1249387366083,6.1249387366083,6.1249387366083,2,bindingdb|pubchem_confirmatory,0.5,495.549,36.0,enzymatic_confirmed,False,,none,False,True,True
BOAQIJHPSWEUJK-QGZVFWFLSA-N,CN[C@H](C)CN1CCc2cc3c(cc2C1=O)nc(-c1cc2cccc(OC)c2n1CC1CC1)n3C,6.522878745280337,6.522878745280337,6.522878745280337,2,bindingdb|pubchem_confirmatory,0.5,471.605,35.0,enzymatic_confirmed,False,,none,False,True,True
GWWKYBLGMYDNIH-GOSISDBHSA-N,CC(C)c1ccc2cc(-c3nc4cc5c(cc4n3C)CCN(C[C@@H](C)N)C5=O)n(CC3CC3)c2c1,6.522878745280337,6.522878745280337,6.522878745280337,2,bindingdb|pubchem_confirmatory,0.5,469.633,35.0,enzymatic_confirmed,False,,none,False,True,True
OAAKCMIJQBHMRE-QGZVFWFLSA-N,CCc1ccc2cc(-c3nc4cc5c(cc4n3C)CCN(C[C@@H](C)N)C5=O)n(CC3CC3)c2c1,6.522878745280337,6.522878745280337,6.522878745280337,2,bindingdb|pubchem_confirmatory,0.5,455.606,34.0,enzymatic_confirmed,False,,none,False,True,True
RJZCGXUDBPUTBA-MUMRKEEXSA-N,COCC(C)c1ccc2cc(-c3nc4cc5c(cc4n3C)CCN(C[C@@H](C)N)C5=O)n(CC3CC3)c2c1,6.261439372640169,6.261439372640169,6.261439372640169,2,bindingdb|pubchem_confirmatory,0.5,499.659,37.0,enzymatic_confirmed,False,,none,False,True,True
GNQUHEGPEMQHLJ-QGZVFWFLSA-N,C[C@@H](N)CN1CCc2cc3c(cc2C1=O)nc(-c1cc2ccc(C4COC4)cc2n1CC1CC1)n3C,6.1249387366083,6.1249387366083,6.1249387366083,2,bindingdb|pubchem_confirmatory,0.5,483.616,36.0,enzymatic_confirmed,False,,none,False,True,True
FSOAGAKJFRZJAZ-CQSZACIVSA-N,C[C@@H](N)CN1CCc2cc3c(cc2C1=O)nc(-c1cc2ccc(Cl)nc2n1CC1CC1)n3C,6.522878745280337,6.522878745280337,6.522878745280337,2,bindingdb|pubchem_confirmatory,0.5,462.985,33.0,enzymatic_confirmed,False,,none,False,True,True
FLDNYEMVCVLQMI-OAHLLOKOSA-N,COc1ccc2cc(-c3nc4cc5c(cc4n3C)CCN(C[C@@H](C)N)C5=O)n(CC3CC3)c2n1,6.522878745280337,6.522878745280337,6.522878745280337,2,bindingdb|pubchem_confirmatory,0.5,458.566,34.0,enzymatic_confirmed,False,,none,False,True,True
SVOAWTLDSVLLES-JZYQJFMBSA-N,C[C@@H](N)CN1CCc2cc3c(cc2C1=O)nc(C1=CC2C=CC(=O)NC2N1CC1CC1)n3C,6.0,6.0,6.0,2,bindingdb|pubchem_confirmatory,0.5,446.555,33.0,enzymatic_confirmed,False,,none,False,True,True
IOYVIHRTLNFWRZ-OAHLLOKOSA-N,C[C@@H](N)CN1CCc2cc3c(cc2C1=O)nc(-c1c(F)c2ccccc2n1CC1CC1)n3C,6.1249387366083,6.1249387366083,6.1249387366083,2,bindingdb|pubchem_confirmatory,0.5,445.542,33.0,enzymatic_confirmed,False,,none,False,True,True
QTYSSIWSJMUYTB-HXUWFJFHSA-N,Cc1ccc2cc(-c3nc4cc5c(cc4n3C)CCN(C[C@H](N)CF)C5=O)n(CC3CC3)c2c1,6.522878745280337,6.522878745280337,6.522878745280337,2,bindingdb|pubchem_confirmatory,0.5,459.569,34.0,enzymatic_confirmed,False,,none,False,True,True
AUBUZFRPOSSOJN-HXUWFJFHSA-N,Cc1cccc2cc(-c3nc4cc5c(cc4n3C)CCN(C[C@H](N)CF)C5=O)n(CC3CC3)c12,6.522878745280337,6.522878745280337,6.522878745280337,2,bindingdb|pubchem_confirmatory,0.5,459.569,34.0,enzymatic_confirmed,False,,none,False,True,True
GECMYQBXUITEJG-LJQANCHMSA-N,COc1ccc2cc(-c3nc4cc5c(cc4n3C)CCN(C[C@H](N)CF)C5=O)n(CC3CC3)c2c1,6.522878745280337,6.522878745280337,6.522878745280337,2,bindingdb|pubchem_confirmatory,0.5,475.568,35.0,enzymatic_confirmed,False,,none,False,True,True
JESBOMLDJCKBAM-JOCHJYFZSA-N,CC(C)c1ccc2cc(-c3nc4cc5c(cc4n3C)CCN(C[C@H](N)CF)C5=O)n(CC3CC3)c2c1,6.522878745280337,6.522878745280337,6.522878745280337,2,bindingdb|pubchem_confirmatory,0.5,487.623,36.0,enzymatic_confirmed,False,,none,False,True,True
QUWVVBWVBDQFLL-GOSISDBHSA-N,Cn1c(-c2cc3ccncc3n2CC2CC2)nc2cc3c(cc21)CCN(C[C@H](N)CF)C3=O,6.0,6.0,6.0,2,bindingdb|pubchem_confirmatory,0.5,446.53,33.0,enzymatic_confirmed,False,,none,False,True,True
KEQXCTWCDHSYTC-LJQANCHMSA-N,COc1cccc2cc(-c3nc4cc5c(cc4n3C)CCN(C[C@H](N)CF)C5=O)n(CC3CC3)c12,6.707068386586692,6.522878745280337,6.891258027893047,2,bindingdb|pubchem_confirmatory,0.5,475.568,35.0,enzymatic_confirmed,False,,none,False,True,True
OJZATKVQZOFAOF-GOSISDBHSA-N,COc1nccc2cc(-c3nc4cc5c(cc4n3C)CCN(C[C@H](N)CF)C5=O)n(CC3CC3)c12,6.1249387366083,6.1249387366083,6.1249387366083,2,bindingdb|pubchem_confirmatory,0.5,476.556,35.0,enzymatic_confirmed,False,,none,False,True,True
KNFAUNLMPSYLQT-JOCHJYFZSA-N,Cn1c(-c2cc3ccc(C(C)(C)C)cc3n2CC2CC2)nc2cc3c(cc21)CCN(C[C@H](N)CF)C3=O,6.1249387366083,6.1249387366083,6.1249387366083,2,bindingdb|pubchem_confirmatory,0.5,501.65,37.0,enzymatic_confirmed,False,,none,False,True,True
IIEOBHNRPQUNSW-QGZVFWFLSA-N,Cn1c(-c2cc3ccc(Cl)nc3n2CC2CC2)nc2cc3c(cc21)CCN(C[C@H](N)CF)C3=O,6.522878745280337,6.522878745280337,6.522878745280337,2,bindingdb|pubchem_confirmatory,0.5,480.975,34.0,enzymatic_confirmed,False,,none,False,True,True
CGJWCWPGBRGADX-HXUWFJFHSA-N,Cn1c(-c2cc3ccc(C4CC4)nc3n2CC2CC2)nc2cc3c(cc21)CCN(C[C@H](N)CF)C3=O,6.522878745280337,6.522878745280337,6.522878745280337,2,bindingdb|pubchem_confirmatory,0.5,486.595,36.0,enzymatic_confirmed,False,,none,False,True,True
GCIZMHPSWKVAFG-OAQYLSRUSA-N,Cc1cc(C(N)=O)c(F)cc1-c1ccc2cc(-c3nc4cc5c(cc4n3C)CCN(C[C@H](N)CF)C5=O)n(CC3CC3)c2n1,6.707068386586692,6.522878745280337,6.891258027893047,2,bindingdb|pubchem_confirmatory,0.5,597.67,44.0,enzymatic_confirmed,False,,none,False,True,True
VDOAEAGRPJXRIU-GOSISDBHSA-N,COc1ccc2cc(-c3nc4cc5c(cc4n3C)CCN(C[C@H](N)CF)C5=O)n(CC3CC3)c2n1,6.522878745280337,6.522878745280337,6.522878745280337,2,bindingdb|pubchem_confirmatory,0.5,476.556,35.0,enzymatic_confirmed,False,,none,False,True,True
WZEHFNJEMMJSSE-GOSISDBHSA-N,CNC(=O)c1ccc2cc(-c3nc4cc5c(cc4n3C)CCN(C[C@H](N)CF)C5=O)n(CC3CC3)c2n1,6.1249387366083,6.1249387366083,6.1249387366083,2,bindingdb|pubchem_confirmatory,0.5,503.582,37.0,enzymatic_confirmed,False,,none,False,True,True
CQNJKNBQUUFKBJ-LJQANCHMSA-N,CN(C)C(=O)c1ccc2cc(-c3nc4cc5c(cc4n3C)CCN(C[C@H](N)CF)C5=O)n(CC3CC3)c2n1,6.1249387366083,6.1249387366083,6.1249387366083,2,bindingdb|pubchem_confirmatory,0.5,517.609,38.0,enzymatic_confirmed,False,,none,False,True,True
RJBDHCVBZYSUQY-NLLIIVPZSA-N,COc1cc(F)cc2c1N(CC1CC1)C(c1nc3c(n1C)=CC1CCN(C[C@H](N)CF)C(=O)C1C=3)C2,6.707068386586692,6.522878745280337,6.891258027893047,2,bindingdb|pubchem_confirmatory,0.5,497.59,36.0,enzymatic_confirmed,False,,none,False,True,True
ORSRFFTULICJJU-GOSISDBHSA-N,COc1c(F)ccc2cc(-c3nc4cc5c(cc4n3C)CCN(C[C@H](N)CF)C5=O)n(CC3CC3)c12,6.522878745280337,6.522878745280337,6.522878745280337,2,bindingdb|pubchem_confirmatory,0.5,493.558,36.0,enzymatic_confirmed,False,,none,False,True,True
DDGRIECZDDCVQO-DAMGRWPNSA-N,Cn1c(C2Cc3ccc(C(=O)O)cc3N2CC2CC2)nc2c1=CC1CCN(C[C@H](N)CF)C(=O)C1C=2,6.0,6.0,6.0,2,bindingdb|pubchem_confirmatory,0.5,493.583,36.0,enzymatic_confirmed,False,,none,False,True,True
OSOROGQEJBFLSS-WLIZHVBXSA-N,COC1CCN(c2ccc3c(c2)N(CC2CC2)C(c2nc4c(n2C)=CC2CCN(C[C@H](N)CF)C(=O)C2C=4)C3)CC1,6.314909327626439,6.0,6.629818655252878,2,bindingdb|pubchem_confirmatory,0.5,562.734,41.0,enzymatic_confirmed,False,,none,False,False,True
NRUFHLHDDOYRLX-HIACHEIYSA-N,CN(C)c1cccc2c1N(CC1CC1)C(c1nc3c(n1C)=CC1CCN(C[C@H](N)CF)C(=O)C1C=3)C2,6.0,6.0,6.0,2,bindingdb|pubchem_confirmatory,0.5,492.643,36.0,enzymatic_confirmed,False,,none,False,True,True
RNDPOYAQBJXSJL-JOCHJYFZSA-N,Cn1c(-c2cc3cccc(N4CCOCC4)c3n2CC2CC2)nc2cc3c(cc21)CCN(C[C@H](N)CF)C3=O,6.0,6.0,6.0,2,bindingdb|pubchem_confirmatory,0.5,530.648,39.0,enzymatic_confirmed,False,,none,False,True,True
KJZQSRGUDLWLNB-QGZVFWFLSA-N,C[C@@H](N)CN1CCc2cc3c(cc2C1=O)nc(-c1cc2ccccc2n1CC1CCC1)n3C,6.522878745280337,6.522878745280337,6.522878745280337,2,bindingdb|pubchem_confirmatory,0.5,441.579,33.0,enzymatic_confirmed,False,,none,False,True,True
WXVWOIZPYCCNRK-GOSISDBHSA-N,C[C@@H](N)CN1CCc2cc3c(cc2C1=O)nc(-c1cc2ccccc2n1CC1CCCC1)n3C,6.522878745280337,6.522878745280337,6.522878745280337,2,bindingdb|pubchem_confirmatory,0.5,455.606,34.0,enzymatic_confirmed,False,,none,False,True,True
MXMZWFGCQDKJIW-JKTWZELDSA-N,C[C@@H](N)CN1CCc2cc3c(cc2C1=O)nc(-c1cc2ccccc2n1CC12CC(C1)C2)n3C,6.0,6.0,6.0,2,bindingdb|pubchem_confirmatory,0.5,453.59,34.0,enzymatic_confirmed,False,,none,False,True,True
DIRTWDZFIVPXJS-QGZVFWFLSA-N,CC(C)Cn1c(-c2nc3cc4c(cc3n2C)CCN(C[C@@H](C)N)C4=O)cc2ccccc21,6.1249387366083,6.1249387366083,6.1249387366083,2,bindingdb|pubchem_confirmatory,0.5,429.568,32.0,enzymatic_confirmed,False,,none,False,True,True
RJYQREWMFXLJJB-MPQSDHOMSA-N,COC1CC(Cn2c(-c3nc4cc5c(cc4n3C)CCN(C[C@@H](C)N)C5=O)cc3ccccc32)C1,6.1249387366083,6.1249387366083,6.1249387366083,2,bindingdb|pubchem_confirmatory,0.5,471.605,35.0,enzymatic_confirmed,False,,none,False,True,True
XNHQXEXKYNNWFL-MRXNPFEDSA-N,COCCn1c(-c2nc3cc4c(cc3n2C)CCN(C[C@@H](C)N)C4=O)cc2ccccc21,6.0,6.0,6.0,2,bindingdb|pubchem_confirmatory,0.5,431.54,32.0,enzymatic_confirmed,False,,none,False,True,True
WJJCJRZALPLFSH-QGZVFWFLSA-N,C[C@@H](N)CN1CCc2cc3c(cc2C1=O)nc(-c1cc2ccccc2n1CCC1CC1)n3C,6.522878745280337,6.522878745280337,6.522878745280337,2,bindingdb|pubchem_confirmatory,0.5,441.579,33.0,enzymatic_confirmed,False,,none,False,True,True
IOJFFBDSKDENQE-LJQANCHMSA-N,C[C@@H](N)CN1CCc2cc3c(cc2C1=O)nc(-c1cc2ccccc2n1Cc1ccccc1)n3C,6.522878745280337,6.522878745280337,6.522878745280337,2,bindingdb|pubchem_confirmatory,0.5,463.585,35.0,enzymatic_confirmed,False,,none,False,True,True
ZMWUXGNOPCLVDN-OAHLLOKOSA-N,CCn1c(-c2nc3cc4c(cc3n2C)CCN(C[C@@H](C)N)C4=O)cc2ccccc21,6.0,6.0,6.0,2,bindingdb|pubchem_confirmatory,0.5,401.514,30.0,enzymatic_confirmed,False,,none,False,True,True
SOOPZWBFFBTCCV-GOSISDBHSA-N,C[C@@H](N)CN1CCc2cc3c(cc2C1=O)nc(-c1cc2ccccc2n1Cc1cccnc1)n3C,6.522878745280337,6.522878745280337,6.522878745280337,2,bindingdb|pubchem_confirmatory,0.5,464.573,35.0,enzymatic_confirmed,False,,none,False,True,True
QPNNMLYXONASME-GOSISDBHSA-N,C[C@@H](N)CN1CCc2cc3c(cc2C1=O)nc(-c1cc2ccccc2n1Cc1ccncc1)n3C,6.0,6.0,6.0,2,bindingdb|pubchem_confirmatory,0.5,464.573,35.0,enzymatic_confirmed,False,,none,False,True,True
TZRCGFQKPUEATO-MRXNPFEDSA-N,C=CCn1c(-c2nc3cc4c(cc3n2C)CCN(C[C@@H](C)N)C4=O)cc2ccccc21,6.1249387366083,6.1249387366083,6.1249387366083,2,bindingdb|pubchem_confirmatory,0.5,413.525,31.0,enzymatic_confirmed,False,,none,False,True,True
FGJMZPCGYDLECH-GOSISDBHSA-N,Cc1ccc2cc(-c3nc4cc5c(cc4n3C)CCN(C[C@@H](C)N)C5=O)n(CC3CCC3)c2c1,6.522878745280337,6.522878745280337,6.522878745280337,2,bindingdb|pubchem_confirmatory,0.5,455.606,34.0,enzymatic_confirmed,False,,none,False,True,True
HMVIRNHBLWCPGV-GOSISDBHSA-N,C[C@@H](N)CN1CCc2cc3c(cc2C1=O)nc(-c1cc2ccccc2n1Cc1ccccn1)n3C,6.522878745280337,6.522878745280337,6.522878745280337,2,bindingdb|pubchem_confirmatory,0.5,464.573,35.0,enzymatic_confirmed,False,,none,False,True,True
DDHWZXHKMXHEBG-QGZVFWFLSA-N,COCCn1c(-c2nc3cc4c(cc3n2C)CCN(C[C@@H](C)N)C4=O)cc2cccc(C)c21,6.1249387366083,6.1249387366083,6.1249387366083,2,bindingdb|pubchem_confirmatory,0.5,445.567,33.0,enzymatic_confirmed,False,,none,False,True,True
JOVVAHYETADWLX-MRXNPFEDSA-N,COCCn1c(-c2nc3cc4c(cc3n2C)CCN(C[C@@H](C)N)C4=O)cc2cccc(OC)c21,6.522878745280337,6.522878745280337,6.522878745280337,2,bindingdb|pubchem_confirmatory,0.5,461.566,34.0,enzymatic_confirmed,False,,none,False,True,True
GKFBYTOASSBINH-GOSISDBHSA-N,Cc1cccc2cc(-c3nc4cc5c(cc4n3C)CCN(C[C@@H](C)N)C5=O)n(CC3CCC3)c12,6.522878745280337,6.522878745280337,6.522878745280337,2,bindingdb|pubchem_confirmatory,0.5,455.606,34.0,enzymatic_confirmed,False,,none,False,True,True
ZJLNOWCVQPHYEV-OAHLLOKOSA-N,CCn1c(-c2nc3cc4c(cc3n2C)CCN(C[C@@H](C)N)C4=O)cc2cccc(OC)c21,6.522878745280337,6.522878745280337,6.522878745280337,2,bindingdb|pubchem_confirmatory,0.5,431.54,32.0,enzymatic_confirmed,False,,none,False,True,True
NCDXFMQNWMFCAP-QGZVFWFLSA-N,COc1cccc2cc(-c3nc4cc5c(cc4n3C)CCN(C[C@@H](C)N)C5=O)n(CCOC3CC3)c12,6.522878745280337,6.522878745280337,6.522878745280337,2,bindingdb|pubchem_confirmatory,0.5,487.604,36.0,enzymatic_confirmed,False,,none,False,True,True
ZJSSAJMLRPXZGW-MRXNPFEDSA-N,C[C@@H](N)CN1CCc2cc3c(cc2C1=O)nc(-c1cc2ccccc2n1CC(C)(C)O)n3C,6.0,6.0,6.0,2,bindingdb|pubchem_confirmatory,0.5,445.567,33.0,enzymatic_confirmed,False,,none,False,True,True
SPEHRWXOLQGCHR-GOSISDBHSA-N,Cn1c(-c2cc3ccccc3n2Cc2ccno2)nc2cc3c(cc21)CCN(C[C@H](N)CF)C3=O,6.522878745280337,6.522878745280337,6.522878745280337,2,bindingdb|pubchem_confirmatory,0.5,472.524,35.0,enzymatic_confirmed,False,,none,False,True,True
GEKPOXBFRFCPPU-GOSISDBHSA-N,COCCn1c(-c2nc3cc4c(cc3n2C)CCN(C[C@H](N)CF)C4=O)cc2ccccc21,6.1249387366083,6.1249387366083,6.1249387366083,2,bindingdb|pubchem_confirmatory,0.5,449.53,33.0,enzymatic_confirmed,False,,none,False,True,True
YYHHMFCTUCISEE-HXUWFJFHSA-N,Cn1cc(Cn2c(-c3nc4cc5c(cc4n3C)CCN(C[C@H](N)CF)C5=O)cc3ccccc32)cn1,6.1249387366083,6.1249387366083,6.1249387366083,2,bindingdb|pubchem_confirmatory,0.5,485.567,36.0,enzymatic_confirmed,False,,none,False,True,True
UZVIKTGGJSCASL-LJQANCHMSA-N,Cn1nccc1Cn1c(-c2nc3cc4c(cc3n2C)CCN(C[C@H](N)CF)C4=O)cc2ccccc21,6.0,6.0,6.0,2,bindingdb|pubchem_confirmatory,0.5,485.567,36.0,enzymatic_confirmed,False,,none,False,True,True
NEXMIDGMSQXXEN-LJQANCHMSA-N,Cc1cc(Cn2c(-c3nc4cc5c(cc4n3C)CCN(C[C@H](N)CF)C5=O)cc3ccccc32)on1,6.522878745280337,6.522878745280337,6.522878745280337,2,bindingdb|pubchem_confirmatory,0.5,486.551,36.0,enzymatic_confirmed,False,,none,False,True,True
BEDVMULOVZHESD-GOSISDBHSA-N,Cn1c(-c2cc3ccccc3n2Cc2ccon2)nc2cc3c(cc21)CCN(C[C@H](N)CF)C3=O,6.0,6.0,6.0,2,bindingdb|pubchem_confirmatory,0.5,472.524,35.0,enzymatic_confirmed,False,,none,False,True,True
ZPDCABYAKMMGFC-GOSISDBHSA-N,Cc1nnc(Cn2c(-c3nc4cc5c(cc4n3C)CCN(C[C@H](N)CF)C5=O)cc3ccccc32)o1,6.0,6.0,6.0,2,bindingdb|pubchem_confirmatory,0.5,487.539,36.0,enzymatic_confirmed,False,,none,False,True,True
BAZBKTMXDBPVGR-LJQANCHMSA-N,Cc1cc(Cn2c(-c3nc4cc5c(cc4n3C)CCN(C[C@H](N)CF)C5=O)cc3ccccc32)no1,6.0,6.0,6.0,2,bindingdb|pubchem_confirmatory,0.5,486.551,36.0,enzymatic_confirmed,False,,none,False,True,True
MPTIETMPLYQEGT-HXUWFJFHSA-N,Cn1c(-c2cc3ccccc3n2CC2CCC2)nc2cc3c(cc21)CCN(C[C@H](N)CF)C3=O,6.522878745280337,6.522878745280337,6.522878745280337,2,bindingdb|pubchem_confirmatory,0.5,459.569,34.0,enzymatic_confirmed,False,,none,False,True,True
JMBGSAUQXKEKNL-SMTUWPOXSA-N,COCCN1c2c(cccc2OC)CC1c1nc2c(n1C)=CC1CCN(C[C@H](N)CF)C(=O)C1C=2,6.522878745280337,6.522878745280337,6.522878745280337,2,bindingdb|pubchem_confirmatory,0.5,483.588,35.0,enzymatic_confirmed,False,,none,False,True,True
MUTWJPUTDIAKTJ-GOSISDBHSA-N,COCCn1c(-c2nc3cc4c(cc3n2C)CCN(C[C@H](N)CF)C4=O)cc2ccc(OC)cc21,6.1249387366083,6.1249387366083,6.1249387366083,2,bindingdb|pubchem_confirmatory,0.5,479.556,35.0,enzymatic_confirmed,False,,none,False,True,True
IIBJQHDPQUFOEH-MRXNPFEDSA-N,COCCn1c(-c2nc3cc4c(cc3n2C)CCN(C[C@H](N)CF)C4=O)cc2ccc(Cl)nc21,6.1249387366083,6.1249387366083,6.1249387366083,2,bindingdb|pubchem_confirmatory,0.5,484.963,34.0,enzymatic_confirmed,False,,none,False,True,True
UTVJVEBHGXPQJB-QGZVFWFLSA-N,COCCn1c(-c2nc3cc4c(cc3n2C)CCN(C[C@H](N)CF)C4=O)cc2ccc(OC)nc21,6.0,6.0,6.0,2,bindingdb|pubchem_confirmatory,0.5,480.544,35.0,enzymatic_confirmed,False,,none,False,True,True
CLONDOGOQPBJCJ-QGZVFWFLSA-N,COCCn1c(-c2nc3cc4c(cc3n2C)CCN(C[C@H](N)CF)C4=O)cc2cccnc21,6.0,6.0,6.0,2,bindingdb|pubchem_confirmatory,0.5,450.518,33.0,enzymatic_confirmed,False,,none,False,True,True
MIPJPTHVKYWLQC-QGZVFWFLSA-N,CCn1c(-c2nc3cc4c(cc3n2C)CCN(C[C@H](N)CF)C4=O)cc2cccc(OC)c21,6.1249387366083,6.1249387366083,6.1249387366083,2,bindingdb|pubchem_confirmatory,0.5,449.53,33.0,enzymatic_confirmed,False,,none,False,True,True
KBLXVLLTAYOALH-MRXNPFEDSA-N,CCn1c(-c2nc3cc4c(cc3n2C)CCN(C[C@H](N)CF)C4=O)cc2ccc(OC)nc21,6.1249387366083,6.1249387366083,6.1249387366083,2,bindingdb|pubchem_confirmatory,0.5,450.518,33.0,enzymatic_confirmed,False,,none,False,True,True
SJNCUSFRUFPKGF-GOSISDBHSA-N,COc1cccc2cc(-c3nc4cc5c(cc4n3C)CCN(C[C@H](N)CF)C5=O)n(C(C)C)c12,6.0,6.0,6.0,2,bindingdb|pubchem_confirmatory,0.5,463.557,34.0,enzymatic_confirmed,False,,none,False,True,True
BBRFLYZZWMDXPZ-QGZVFWFLSA-N,COCCn1c(-c2nc3cc4c(cc3n2C)CCN(C[C@H](N)CF)C4=O)cc2ccnc(OC)c21,6.0,6.0,6.0,2,bindingdb|pubchem_confirmatory,0.5,480.544,35.0,enzymatic_confirmed,False,,none,False,True,True
NCVBQIBENRCKIJ-GOSISDBHSA-N,COc1cccc2cc(-c3nc4cc5c(cc4n3C)CCN(C[C@H](N)CF)C5=O)n(Cc3ccno3)c12,7.259637310505756,7.259637310505756,7.259637310505756,2,bindingdb|pubchem_confirmatory,0.5,502.55,37.0,enzymatic_confirmed,False,,none,False,True,True
WSYXOJRTFFNJOR-GOSISDBHSA-N,COc1ccc2cc(-c3nc4cc5c(cc4n3C)CCN(C[C@H](N)CF)C5=O)n(Cc3ccno3)c2c1,6.522878745280337,6.522878745280337,6.522878745280337,2,bindingdb|pubchem_confirmatory,0.5,502.55,37.0,enzymatic_confirmed,False,,none,False,True,True
BVBWQMDEBGMLOC-LJQANCHMSA-N,COc1cccc2cc(-c3nc4cc5c(cc4n3C)CCN(C[C@H](N)CF)C5=O)n(Cc3cc(C)no3)c12,6.707068386586692,6.522878745280337,6.891258027893047,2,bindingdb|pubchem_confirmatory,0.5,516.577,38.0,enzymatic_confirmed,False,,none,False,True,True
HCQNCHOHTPMYQO-LJQANCHMSA-N,COc1cccc2cc(-c3nc4cc5c(cc4n3C)CCN(C[C@H](N)CF)C5=O)n(Cc3cn(C)cn3)c12,6.1249387366083,6.1249387366083,6.1249387366083,2,bindingdb|pubchem_confirmatory,0.5,515.593,38.0,enzymatic_confirmed,False,,none,False,True,True
OLMXZVTZPNXUST-GOSISDBHSA-N,COc1cccc2cc(-c3nc4cc5c(cc4n3C)CCN(C[C@H](N)CF)C5=O)n(Cc3ccn[nH]3)c12,6.522878745280337,6.522878745280337,6.522878745280337,2,bindingdb|pubchem_confirmatory,0.5,501.566,37.0,enzymatic_confirmed,False,,none,False,True,True
MLVVMCBWFCPYLY-QGZVFWFLSA-N,COc1cccc2cc(-c3nc4cc5c(cc4n3C)CCN(C[C@H](N)CF)C5=O)n(Cc3nnco3)c12,6.522878745280337,6.522878745280337,6.522878745280337,2,bindingdb|pubchem_confirmatory,0.5,503.538,37.0,enzymatic_confirmed,False,,none,False,True,True
XACFYWHOXIXHRE-GOSISDBHSA-N,COc1cccc2cc(-c3nc4cc5c(cc4n3C)CCN(C[C@H](N)CF)C5=O)n(Cc3cnco3)c12,6.522878745280337,6.522878745280337,6.522878745280337,2,bindingdb|pubchem_confirmatory,0.5,502.55,37.0,enzymatic_confirmed,False,,none,False,True,True
LSWDSSONMOVGRD-GOSISDBHSA-N,COc1cccc2cc(-c3nc4cc5c(cc4n3C)CCN(C[C@H](N)CF)C5=O)n(Cc3ccns3)c12,7.259637310505756,7.259637310505756,7.259637310505756,2,bindingdb|pubchem_confirmatory,0.5,518.618,37.0,enzymatic_confirmed,False,,none,False,True,True
SXZCDSJDYCHXBZ-GOSISDBHSA-N,COc1cccc2cc(-c3nc4cc5c(cc4n3C)CCN(C[C@H](N)CF)C5=O)n(Cc3ncco3)c12,6.707068386586692,6.522878745280337,6.891258027893047,2,bindingdb|pubchem_confirmatory,0.5,502.55,37.0,enzymatic_confirmed,False,,none,False,True,True
NIXQUSWOFRGKHQ-QGZVFWFLSA-N,COc1cccc2cc(-c3nc4cc5c(cc4n3C)CCN(C[C@H](N)CF)C5=O)n(Cc3ncno3)c12,6.522878745280337,6.522878745280337,6.522878745280337,2,bindingdb|pubchem_confirmatory,0.5,503.538,37.0,enzymatic_confirmed,False,,none,False,True,True
KEJJFRXLZMFEOR-QGZVFWFLSA-N,Cn1c(-c2cc3cccnc3n2Cc2ccno2)nc2cc3c(cc21)CCN(C[C@H](N)CF)C3=O,6.0,6.0,6.0,2,bindingdb|pubchem_confirmatory,0.5,473.512,35.0,enzymatic_confirmed,False,,none,False,True,True
XMUQREWUNMZQON-GOSISDBHSA-N,COc1cccc2cc(-c3nc4cc5c(cc4n3C)CCN(C[C@H](N)CF)C5=O)n(CC(=O)N(C)C)c12,6.0,6.0,6.0,2,bindingdb|pubchem_confirmatory,0.5,506.582,37.0,enzymatic_confirmed,False,,none,False,True,True
NYDSVPCCQDMXIQ-QFBILLFUSA-N,COC[C@H](C)n1c(-c2nc3cc4c(cc3n2C)CCN(C[C@H](N)CF)C4=O)cc2cccc(OC)c21,6.0,6.0,6.0,2,bindingdb|pubchem_confirmatory,0.5,493.583,36.0,enzymatic_confirmed,False,,none,False,True,True
NYDSVPCCQDMXIQ-VQIMIIECSA-N,COC[C@@H](C)n1c(-c2nc3cc4c(cc3n2C)CCN(C[C@H](N)CF)C4=O)cc2cccc(OC)c21,6.0,6.0,6.0,2,bindingdb|pubchem_confirmatory,0.5,493.583,36.0,enzymatic_confirmed,False,,none,False,True,True
RSVAZLUMKVWQRE-LJQANCHMSA-N,COc1cccc2cc(-c3nc4cc5c(cc4n3C)CCN(C[C@H](N)CF)C5=O)n(Cc3nc(C)co3)c12,6.707068386586692,6.522878745280337,6.891258027893047,2,bindingdb|pubchem_confirmatory,0.5,516.577,38.0,enzymatic_confirmed,False,,none,False,True,True
WOXMUSQRZRONES-LJQANCHMSA-N,COc1cccc2cc(-c3nc4cc5c(cc4n3C)CCN(C[C@H](N)CF)C5=O)n(Cc3ncc(C)o3)c12,6.522878745280337,6.522878745280337,6.522878745280337,2,bindingdb|pubchem_confirmatory,0.5,516.577,38.0,enzymatic_confirmed,False,,none,False,True,True
SUZZTHVZHLCUHR-LJQANCHMSA-N,COc1cccc2cc(-c3nc4cc5c(cc4n3C)CCN(C[C@H](N)CF)C5=O)n(Cc3cccnn3)c12,6.522878745280337,6.522878745280337,6.522878745280337,2,bindingdb|pubchem_confirmatory,0.5,513.577,38.0,enzymatic_confirmed,False,,none,False,True,True
PXSNJFXUFTUJNH-GOSISDBHSA-N,COc1cccc2cc(-c3nc4cc5c(cc4n3C)CCN(C[C@H](N)CF)C5=O)n(Cc3nccs3)c12,6.522878745280337,6.522878745280337,6.522878745280337,2,bindingdb|pubchem_confirmatory,0.5,518.618,37.0,enzymatic_confirmed,False,,none,False,True,True
HGZJDOZHMXLBHT-LJQANCHMSA-N,COc1cccc2cc(-c3nc4cc5c(cc4n3C)CCN(C[C@H](N)CF)C5=O)n(Cc3cnccn3)c12,6.522878745280337,6.522878745280337,6.522878745280337,2,bindingdb|pubchem_confirmatory,0.5,513.577,38.0,enzymatic_confirmed,False,,none,False,True,True
XDZGDYUJHNICCK-GOSISDBHSA-N,COc1cccc2cc(-c3nc4cc5c(cc4n3C)CCN(C[C@H](N)CF)C5=O)n(Cc3nc(C)no3)c12,6.522878745280337,6.522878745280337,6.522878745280337,2,bindingdb|pubchem_confirmatory,0.5,517.565,38.0,enzymatic_confirmed,False,,none,False,True,True
SZDAORLNIXLOAG-VQIMIIECSA-N,COc1cccc2cc(-c3nc4cc5c(cc4n3C)CCN(C[C@H](N)CF)C5=O)n(C[C@@H](C)OC)c12,6.522878745280337,6.522878745280337,6.522878745280337,2,bindingdb|pubchem_confirmatory,0.5,493.583,36.0,enzymatic_confirmed,False,,none,False,True,True
SZDAORLNIXLOAG-QFBILLFUSA-N,COc1cccc2cc(-c3nc4cc5c(cc4n3C)CCN(C[C@H](N)CF)C5=O)n(C[C@H](C)OC)c12,6.1249387366083,6.1249387366083,6.1249387366083,2,bindingdb|pubchem_confirmatory,0.5,493.583,36.0,enzymatic_confirmed,False,,none,False,True,True
SWZUDNMFFNSZDW-WOJBJXKFSA-N,COc1cccc2cc(-c3nc4cc5c(cc4n3C)CCN(C[C@H](N)CF)C5=O)n(C[C@H]3CCCO3)c12,6.522878745280337,6.522878745280337,6.522878745280337,2,bindingdb|pubchem_confirmatory,0.5,505.594,37.0,enzymatic_confirmed,False,,none,False,True,True
SWZUDNMFFNSZDW-UXHICEINSA-N,COc1cccc2cc(-c3nc4cc5c(cc4n3C)CCN(C[C@H](N)CF)C5=O)n(C[C@@H]3CCCO3)c12,6.522878745280337,6.522878745280337,6.522878745280337,2,bindingdb|pubchem_confirmatory,0.5,505.594,37.0,enzymatic_confirmed,False,,none,False,True,True
CEXZQALPARZBQD-QGZVFWFLSA-N,CCn1c(-c2nc3cc4c(cc3n2C)CCN(C[C@H](N)CF)C4=O)cc2ccccc21,6.0,6.0,6.0,2,bindingdb|pubchem_confirmatory,0.5,419.504,31.0,enzymatic_confirmed,False,,none,False,True,True
STZUKWVXSZOYBA-QGZVFWFLSA-N,COc1cccc2cc(-c3nc4cc5c(cc4n3C)CCN(C[C@H](N)CF)C5=O)n(Cc3cc(Cl)no3)c12,6.522878745280337,6.522878745280337,6.522878745280337,2,bindingdb|pubchem_confirmatory,0.5,536.995,38.0,enzymatic_confirmed,False,,none,False,True,True
FFVPIMCRNBXAHR-GOSISDBHSA-N,COc1cccc2cc(-c3nc4cc5c(cc4n3C)CCN(C[C@H](N)CF)C5=O)n(Cc3cc(C#N)no3)c12,6.522878745280337,6.522878745280337,6.522878745280337,2,bindingdb|pubchem_confirmatory,0.5,527.56,39.0,enzymatic_confirmed,False,,none,False,True,True
HRQDRDHLDJDNKO-HXUWFJFHSA-N,COc1cccc2cc(-c3nc4cc5c(cc4n3C)CCN(C[C@H](N)CF)C5=O)n(Cc3ccoc3)c12,6.522878745280337,6.522878745280337,6.522878745280337,2,bindingdb|pubchem_confirmatory,0.5,501.562,37.0,enzymatic_confirmed,False,,none,False,True,True
WVNJPTIQOLNXNH-LJQANCHMSA-N,COc1cccc2cc(-c3nc4cc5c(cc4n3C)CCN(C[C@H](N)CF)C5=O)n(Cc3oncc3C)c12,6.522878745280337,6.522878745280337,6.522878745280337,2,bindingdb|pubchem_confirmatory,0.5,516.577,38.0,enzymatic_confirmed,False,,none,False,True,True
ZPNVBZHDDVXTFI-LJQANCHMSA-N,COc1cccc2cc(-c3nc4cc5c(cc4n3C)CCN(C[C@H](N)CF)C5=O)n(Cc3ccc(C#N)o3)c12,7.259637310505756,7.259637310505756,7.259637310505756,2,bindingdb|pubchem_confirmatory,0.5,526.572,39.0,enzymatic_confirmed,False,,none,False,True,True
FHRVEEPTTXBEHP-LJQANCHMSA-N,COc1cccc2cc(-c3nc4cc5c(cc4n3C)CCN(C[C@H](N)CF)C5=O)n(Cc3ccco3)c12,6.522878745280337,6.522878745280337,6.522878745280337,2,bindingdb|pubchem_confirmatory,0.5,501.562,37.0,enzymatic_confirmed,False,,none,False,True,True
ICLOYRCVKQTLPW-LJQANCHMSA-N,COc1cccc2cc(-c3nc4cc5c(cc4n3C)CCN(C[C@H](N)CF)C5=O)n(Cc3ocnc3C)c12,6.522878745280337,6.522878745280337,6.522878745280337,2,bindingdb|pubchem_confirmatory,0.5,516.577,38.0,enzymatic_confirmed,False,,none,False,True,True
BKQLXFMMBQDQDC-HXUWFJFHSA-N,COc1cccc2cc(-c3nc4cc5c(cc4n3C)CCN(C[C@H](N)CF)C5=O)n(Cc3ccc(C)o3)c12,6.522878745280337,6.522878745280337,6.522878745280337,2,bindingdb|pubchem_confirmatory,0.5,515.589,38.0,enzymatic_confirmed,False,,none,False,True,True
NMGXZRBNZDRZPW-HXUWFJFHSA-N,COc1cccc2cc(-c3nc4cc5c(cc4n3C)CCN(C[C@H](N)CF)C5=O)n(Cc3ccnnc3)c12,6.522878745280337,6.522878745280337,6.522878745280337,2,bindingdb|pubchem_confirmatory,0.5,513.577,38.0,enzymatic_confirmed,False,,none,False,True,True
IJNIMFQDZTXPHZ-LJQANCHMSA-N,COc1cccc2cc(-c3nc4cc5c(cc4n3C)CCN(C[C@H](N)CF)C5=O)n(Cc3coc(C)n3)c12,6.522878745280337,6.522878745280337,6.522878745280337,2,bindingdb|pubchem_confirmatory,0.5,516.577,38.0,enzymatic_confirmed,False,,none,False,True,True
AERHSFWGDRCOAX-QGZVFWFLSA-N,COc1cccc2cc(-c3nc4cc5c(cc4n3C)CCN(C[C@H](N)CF)C5=O)n(Cc3cc(N)no3)c12,6.707068386586692,6.522878745280337,6.891258027893047,2,bindingdb|pubchem_confirmatory,0.5,517.565,38.0,enzymatic_confirmed,False,,none,False,True,True
SSZWXODMDKFLIW-LJQANCHMSA-N,COc1cccc2cc(-c3nc4cc5c(cc4n3C)CCN(C[C@H](N)CF)C5=O)n(CC3(OC)CC3)c12,6.0,6.0,6.0,2,bindingdb|pubchem_confirmatory,0.5,505.594,37.0,enzymatic_confirmed,False,,none,False,True,True
WGSKZOUOTNFXEM-LJQANCHMSA-N,Cn1c(-c2cc3cccc(C#N)c3n2Cc2ccno2)nc2cc3c(cc21)CCN(C[C@H](N)CF)C3=O,6.1249387366083,6.1249387366083,6.1249387366083,2,bindingdb|pubchem_confirmatory,0.5,497.534,37.0,enzymatic_confirmed,False,,none,False,True,True
MUDGTUROEURMOJ-JOCHJYFZSA-N,Cn1c(-c2cc3cccc(OCC4COC4)c3n2CC2CC2)nc2cc3c(cc21)CCN(C[C@H](N)CF)C3=O,6.522878745280337,6.522878745280337,6.522878745280337,2,bindingdb|pubchem_confirmatory,0.5,531.632,39.0,enzymatic_confirmed,False,,none,False,True,True
QGRRZABEPJXVLV-JOCHJYFZSA-N,Cn1c(-c2cc3cccc(OCCn4cncn4)c3n2CC2CC2)nc2cc3c(cc21)CCN(C[C@H](N)CF)C3=O,6.892159058960253,6.522878745280337,7.261439372640169,2,bindingdb|pubchem_confirmatory,0.5,556.646,41.0,enzymatic_confirmed,False,,none,False,False,True
YNOWBYGNBXAJIG-AVKWCDSFSA-N,Cn1c(-c2cc3cccc(OCC4CNC(=O)C4)c3n2CC2CC2)nc2cc3c(cc21)CCN(C[C@H](N)CF)C3=O,6.763538146012255,6.635818264131464,6.891258027893047,2,bindingdb|pubchem_confirmatory,0.5,558.658,41.0,enzymatic_confirmed,False,,none,False,True,True
OAHYAAPNEKAMOY-JOCHJYFZSA-N,Cn1c(-c2cc3cccc(OCC4CNC4)c3n2CC2CC2)nc2cc3c(cc21)CCN(C[C@H](N)CF)C3=O,6.522878745280337,6.522878745280337,6.522878745280337,2,bindingdb|pubchem_confirmatory,0.5,530.648,39.0,enzymatic_confirmed,False,,none,False,True,True
IKQMSWKUJZSFPH-OAQYLSRUSA-N,COCCOc1cccc2cc(-c3nc4cc5c(cc4n3C)CCN(C[C@H](N)CF)C5=O)n(CC3CC3)c12,6.522878745280337,6.522878745280337,6.522878745280337,2,bindingdb|pubchem_confirmatory,0.5,519.621,38.0,enzymatic_confirmed,False,,none,False,True,True
VBPFHLZFZVJNHB-JOCHJYFZSA-N,CN(C)CCOc1cccc2cc(-c3nc4cc5c(cc4n3C)CCN(C[C@H](N)CF)C5=O)n(CC3CC3)c12,6.0,6.0,6.0,2,bindingdb|pubchem_confirmatory,0.5,532.664,39.0,enzymatic_confirmed,False,,none,False,True,True
WHTVMZKRXKNTRN-HSZRJFAPSA-N,Cn1c(-c2cc3cccc(OCCn4cccn4)c3n2CC2CC2)nc2cc3c(cc21)CCN(C[C@H](N)CF)C3=O,7.259637310505756,7.259637310505756,7.259637310505756,2,bindingdb|pubchem_confirmatory,0.5,555.658,41.0,enzymatic_confirmed,False,,none,False,True,True
ZYWAIWFONVDGEM-YADHBBJMSA-N,Cn1c(-c2cc3cccc(OC[C@@H]4CCC(=O)N4)c3n2CC2CC2)nc2cc3c(cc21)CCN(C[C@H](N)CF)C3=O,6.522878745280337,6.522878745280337,6.522878745280337,2,bindingdb|pubchem_confirmatory,0.5,558.658,41.0,enzymatic_confirmed,False,,none,False,True,True
ZYWAIWFONVDGEM-FGZHOGPDSA-N,Cn1c(-c2cc3cccc(OC[C@H]4CCC(=O)N4)c3n2CC2CC2)nc2cc3c(cc21)CCN(C[C@H](N)CF)C3=O,6.522878745280337,6.522878745280337,6.522878745280337,2,bindingdb|pubchem_confirmatory,0.5,558.658,41.0,enzymatic_confirmed,False,,none,False,True,True
NBBKROISAFEEPG-XMMPIXPASA-N,Cn1c(-c2cc3cccc(OCCN4CCOCC4)c3n2CC2CC2)nc2cc3c(cc21)CCN(C[C@H](N)CF)C3=O,6.1249387366083,6.1249387366083,6.1249387366083,2,bindingdb|pubchem_confirmatory,0.5,574.701,42.0,enzymatic_confirmed,False,,none,False,True,True
SHCUBGGUWYLEGD-PKTZIBPZSA-N,Cn1c(-c2cc3cccc(OC[C@@H]4CNCCO4)c3n2CC2CC2)nc2cc3c(cc21)CCN(C[C@H](N)CF)C3=O,6.1249387366083,6.1249387366083,6.1249387366083,2,bindingdb|pubchem_confirmatory,0.5,560.674,41.0,enzymatic_confirmed,False,,none,False,True,True
SHCUBGGUWYLEGD-DHIUTWEWSA-N,Cn1c(-c2cc3cccc(OC[C@H]4CNCCO4)c3n2CC2CC2)nc2cc3c(cc21)CCN(C[C@H](N)CF)C3=O,6.1249387366083,6.1249387366083,6.1249387366083,2,bindingdb|pubchem_confirmatory,0.5,560.674,41.0,enzymatic_confirmed,False,,none,False,True,True
FIEGYNHFNCRQQU-XMMPIXPASA-N,Cn1c(-c2cc3cccc(OCC4CCOCC4)c3n2CC2CC2)nc2cc3c(cc21)CCN(C[C@H](N)CF)C3=O,6.1249387366083,6.1249387366083,6.1249387366083,2,bindingdb|pubchem_confirmatory,0.5,559.686,41.0,enzymatic_confirmed,False,,none,False,True,True
QGTREPKHLMSJOK-XMMPIXPASA-N,Cc1nc(C)n(CCOc2cccc3cc(-c4nc5cc6c(cc5n4C)CCN(C[C@H](N)CF)C6=O)n(CC4CC4)c23)n1,6.522878745280337,6.522878745280337,6.522878745280337,2,bindingdb|pubchem_confirmatory,0.5,584.7,43.0,enzymatic_confirmed,False,,none,False,True,True
ODTHJEAOHKNACY-HSZRJFAPSA-N,Cc1ncnn1CCOc1cccc2cc(-c3nc4cc5c(cc4n3C)CCN(C[C@H](N)CF)C5=O)n(CC3CC3)c12,6.522878745280337,6.522878745280337,6.522878745280337,2,bindingdb|pubchem_confirmatory,0.5,570.673,42.0,enzymatic_confirmed,False,,none,False,True,True
BSFBGCOXMUHXIJ-HSZRJFAPSA-N,Cc1ncn(CCOc2cccc3cc(-c4nc5cc6c(cc5n4C)CCN(C[C@H](N)CF)C6=O)n(CC4CC4)c23)n1,7.259637310505756,7.259637310505756,7.259637310505756,2,bindingdb|pubchem_confirmatory,0.5,570.673,42.0,enzymatic_confirmed,False,,none,False,True,True
MGVCGZLOUWBFCZ-XMMPIXPASA-N,Cc1nccn1CCOc1cccc2cc(-c3nc4cc5c(cc4n3C)CCN(C[C@H](N)CF)C5=O)n(CC3CC3)c12,6.707068386586692,6.522878745280337,6.891258027893047,2,bindingdb|pubchem_confirmatory,0.5,569.685,42.0,enzymatic_confirmed,False,,none,False,True,True
BROLCAPXBHVBJI-OAQYLSRUSA-N,Cn1c(-c2cc3cccc(OCc4cnco4)c3n2CC2CC2)nc2cc3c(cc21)CCN(C[C@H](N)CF)C3=O,6.522878745280337,6.522878745280337,6.522878745280337,2,bindingdb|pubchem_confirmatory,0.5,542.615,40.0,enzymatic_confirmed,False,,none,False,True,True
VEUVAKCDFZYTFE-OAQYLSRUSA-N,Cn1c(-c2cc3cccc(OCc4ccon4)c3n2CC2CC2)nc2cc3c(cc21)CCN(C[C@H](N)CF)C3=O,6.522878745280337,6.522878745280337,6.522878745280337,2,bindingdb|pubchem_confirmatory,0.5,542.615,40.0,enzymatic_confirmed,False,,none,False,True,True
FMFNHGMJLLUKKO-NHCUHLMSSA-N,Cn1c(-c2cc3cccc(OC[C@H]4CNC(=O)O4)c3n2CC2CC2)nc2cc3c(cc21)CCN(C[C@H](N)CF)C3=O,7.259637310505756,7.259637310505756,7.259637310505756,2,bindingdb|pubchem_confirmatory,0.5,560.63,41.0,enzymatic_confirmed,False,,none,False,True,True
UNIPONPXXDBNDE-HSZRJFAPSA-N,Cn1cncc1CCOc1cccc2cc(-c3nc4cc5c(cc4n3C)CCN(C[C@H](N)CF)C5=O)n(CC3CC3)c12,6.707068386586692,6.522878745280337,6.891258027893047,2,bindingdb|pubchem_confirmatory,0.5,569.685,42.0,enzymatic_confirmed,False,,none,False,True,True
AVUAFCTYGNPVJP-JOCHJYFZSA-N,Cn1c(-c2cc3cccc(OCCc4ccon4)c3n2CC2CC2)nc2cc3c(cc21)CCN(C[C@H](N)CF)C3=O,6.522878745280337,6.522878745280337,6.522878745280337,2,bindingdb|pubchem_confirmatory,0.5,556.642,41.0,enzymatic_confirmed,False,,none,False,True,True
RSRTZGDEPIBMBX-HSZRJFAPSA-N,Cn1c(-c2cc3cccc(OCc4ccnnc4)c3n2CC2CC2)nc2cc3c(cc21)CCN(C[C@H](N)CF)C3=O,6.522878745280337,6.522878745280337,6.522878745280337,2,bindingdb|pubchem_confirmatory,0.5,553.642,41.0,enzymatic_confirmed,False,,none,False,True,True
STLGSAAYAOEUKP-VQCQRNETSA-N,Cn1c(-c2cc3cccc(OCC4COC(=O)N4)c3n2CC2CC2)nc2cc3c(cc21)CCN(C[C@H](N)CF)C3=O,7.259637310505756,7.259637310505756,7.259637310505756,2,bindingdb|pubchem_confirmatory,0.5,560.63,41.0,enzymatic_confirmed,False,,none,False,True,True
BGFMKYKLKSBVEF-JOCHJYFZSA-N,Cn1c(-c2cc3cccc(OCCc4ccn[nH]4)c3n2CC2CC2)nc2cc3c(cc21)CCN(C[C@H](N)CF)C3=O,7.259637310505756,7.259637310505756,7.259637310505756,2,bindingdb|pubchem_confirmatory,0.5,555.658,41.0,enzymatic_confirmed,False,,none,False,True,True
SQYFPVANJLVEPE-OAQYLSRUSA-N,Cn1c(-c2cc3cccc(OCc4ccn[nH]4)c3n2CC2CC2)nc2cc3c(cc21)CCN(C[C@H](N)CF)C3=O,7.259637310505756,7.259637310505756,7.259637310505756,2,bindingdb|pubchem_confirmatory,0.5,541.631,40.0,enzymatic_confirmed,False,,none,False,True,True
DRGRGHVNSRGNIH-OAQYLSRUSA-N,Cn1c(-c2cc3cccc(OCc4ccno4)c3n2CC2CC2)nc2cc3c(cc21)CCN(C[C@H](N)CF)C3=O,6.522878745280337,6.522878745280337,6.522878745280337,2,bindingdb|pubchem_confirmatory,0.5,542.615,40.0,enzymatic_confirmed,False,,none,False,True,True
RZIRBCCLBUXXFF-HXUWFJFHSA-N,Cn1c(-c2cc3cccc(OCc4nnco4)c3n2CC2CC2)nc2cc3c(cc21)CCN(C[C@H](N)CF)C3=O,6.522878745280337,6.522878745280337,6.522878745280337,2,bindingdb|pubchem_confirmatory,0.5,543.603,40.0,enzymatic_confirmed,False,,none,False,True,True
PAFUNVRYJZIYIR-OAQYLSRUSA-N,Cc1nnc(COc2cccc3cc(-c4nc5cc6c(cc5n4C)CCN(C[C@H](N)CF)C6=O)n(CC4CC4)c23)o1,6.522878745280337,6.522878745280337,6.522878745280337,2,bindingdb|pubchem_confirmatory,0.5,557.63,41.0,enzymatic_confirmed,False,,none,False,True,True
KSUOFXAJRPMBTD-GWQXNCQPSA-N,Cn1c(-c2cc3cccc(OCCC4CNC(=O)C4)c3n2CC2CC2)nc2cc3c(cc21)CCN(C[C@H](N)CF)C3=O,6.522878745280337,6.522878745280337,6.522878745280337,2,bindingdb|pubchem_confirmatory,0.5,572.685,42.0,enzymatic_confirmed,False,,none,False,True,True
WQJZPMMZGDKLGN-XMMPIXPASA-N,Cn1c(-c2cc3cccc(OCCn4cccc4)c3n2CC2CC2)nc2cc3c(cc21)CCN(C[C@H](N)CF)C3=O,6.522878745280337,6.522878745280337,6.522878745280337,2,bindingdb|pubchem_confirmatory,0.5,554.67,41.0,enzymatic_confirmed,False,,none,False,True,True
GGGGFNAYXFXEFY-JOCHJYFZSA-N,Cn1c(-c2cc3cccc(OCCn4ccnn4)c3n2CC2CC2)nc2cc3c(cc21)CCN(C[C@H](N)CF)C3=O,7.444727982879317,7.259637310505756,7.629818655252878,2,bindingdb|pubchem_confirmatory,0.5,556.646,41.0,enzymatic_confirmed,False,,none,False,True,True
CEHASYMLIFUBBA-HSZRJFAPSA-N,Cc1nncn1CCOc1cccc2cc(-c3nc4cc5c(cc4n3C)CCN(C[C@H](N)CF)C5=O)n(CC3CC3)c12,6.522878745280337,6.522878745280337,6.522878745280337,2,bindingdb|pubchem_confirmatory,0.5,570.673,42.0,enzymatic_confirmed,False,,none,False,True,True
IMVXOABHCURZBU-JOCHJYFZSA-N,Cn1c(-c2cc3cccc(OCc4cccnn4)c3n2CC2CC2)nc2cc3c(cc21)CCN(C[C@H](N)CF)C3=O,6.522878745280337,6.522878745280337,6.522878745280337,2,bindingdb|pubchem_confirmatory,0.5,553.642,41.0,enzymatic_confirmed,False,,none,False,True,True
OBAXZLKVTJAQQK-GWQXNCQPSA-N,CN1CC(COc2cccc3cc(-c4nc5cc6c(cc5n4C)CCN(C[C@H](N)CF)C6=O)n(CC4CC4)c23)CC1=O,6.707068386586692,6.522878745280337,6.891258027893047,2,bindingdb|pubchem_confirmatory,0.5,572.685,42.0,enzymatic_confirmed,False,,none,False,True,True
GYQNCJGUXJYFBR-VQCQRNETSA-N,Cn1c(-c2cc3cccc(OCC4CC(F)(F)C(=O)N4)c3n2CC2CC2)nc2cc3c(cc21)CCN(C[C@H](N)CF)C3=O,6.522878745280337,6.522878745280337,6.522878745280337,2,bindingdb|pubchem_confirmatory,0.5,594.638,43.0,enzymatic_confirmed,True,haloacetyl,none,False,True,True
RFFRJSYCHSXGKZ-OAQYLSRUSA-N,Cn1c(-c2cc3cccc(OCCn4cnnn4)c3n2CC2CC2)nc2cc3c(cc21)CCN(C[C@H](N)CF)C3=O,7.444727982879317,7.259637310505756,7.629818655252878,2,bindingdb|pubchem_confirmatory,0.5,557.634,41.0,enzymatic_confirmed,False,,none,False,True,True
FEATWRKTLFIYKF-PKTZIBPZSA-N,Cn1c(-c2cc3cccc(OC[C@@H]4COCCN4)c3n2CC2CC2)nc2cc3c(cc21)CCN(C[C@H](N)CF)C3=O,6.06246936830415,6.06246936830415,6.06246936830415,2,bindingdb|pubchem_confirmatory,0.5,560.674,41.0,enzymatic_confirmed,False,,none,False,True,True
VSJKBHQEDSMKMV-OAQYLSRUSA-N,Cn1c(-c2cc3cccc(OCc4cocn4)c3n2CC2CC2)nc2cc3c(cc21)CCN(C[C@H](N)CF)C3=O,6.522878745280337,6.522878745280337,6.522878745280337,2,bindingdb|pubchem_confirmatory,0.5,542.615,40.0,enzymatic_confirmed,False,,none,False,True,True
YNOWBYGNBXAJIG-SIKLNZKXSA-N,Cn1c(-c2cc3cccc(OC[C@@H]4CNC(=O)C4)c3n2CC2CC2)nc2cc3c(cc21)CCN(C[C@H](N)CF)C3=O,7.444727982879317,7.259637310505756,7.629818655252878,2,bindingdb|pubchem_confirmatory,0.5,558.658,41.0,enzymatic_confirmed,False,,none,False,True,True
BXPCGZRREZQYDR-LMNIDFBRSA-N,CC(CCO)Oc1cccc2cc(-c3nc4cc5c(cc4n3C)CCN(C[C@H](N)CF)C5=O)n(CC3CC3)c12,6.522878745280337,6.522878745280337,6.522878745280337,2,bindingdb|pubchem_confirmatory,0.5,533.648,39.0,enzymatic_confirmed,False,,none,False,True,True
BXPCGZRREZQYDR-XMSQKQJNSA-N,C[C@H](CCO)Oc1cccc2cc(-c3nc4cc5c(cc4n3C)CCN(C[C@H](N)CF)C5=O)n(CC3CC3)c12,6.522878745280337,6.522878745280337,6.522878745280337,2,bindingdb|pubchem_confirmatory,0.5,533.648,39.0,enzymatic_confirmed,False,,none,False,True,True
MWUZLOAMYXNNJA-JOCHJYFZSA-N,Cn1c(-c2cc3cccc(OCc4cn[nH]c4)c3n2CC2CC2)nc2cc3c(cc21)CCN(C[C@H](N)CF)C3=O,7.259637310505756,7.259637310505756,7.259637310505756,2,bindingdb|pubchem_confirmatory,0.5,541.631,40.0,enzymatic_confirmed,False,,none,False,True,True
FKPVTDCPXBSTCG-JOCHJYFZSA-N,Cn1c(-c2cc3cccc(OCCc4cnco4)c3n2CC2CC2)nc2cc3c(cc21)CCN(C[C@H](N)CF)C3=O,7.259637310505756,7.259637310505756,7.259637310505756,2,bindingdb|pubchem_confirmatory,0.5,556.642,41.0,enzymatic_confirmed,False,,none,False,True,True
DJTCKAPEJKCPAA-JOCHJYFZSA-N,Cn1c(-c2cc3cccc(OCCc4ccno4)c3n2CC2CC2)nc2cc3c(cc21)CCN(C[C@H](N)CF)C3=O,7.444727982879317,7.259637310505756,7.629818655252878,2,bindingdb|pubchem_confirmatory,0.5,556.642,41.0,enzymatic_confirmed,False,,none,False,True,True
FLDHRRMGLNRDGE-JOCHJYFZSA-N,Cn1c(-c2cc3cccc(OCCc4cocn4)c3n2CC2CC2)nc2cc3c(cc21)CCN(C[C@H](N)CF)C3=O,6.522878745280337,6.522878745280337,6.522878745280337,2,bindingdb|pubchem_confirmatory,0.5,556.642,41.0,enzymatic_confirmed,False,,none,False,True,True
JLHJOGHJVIWZAT-LMNIDFBRSA-N,CC(Oc1cccc2cc(-c3nc4cc5c(cc4n3C)CCN(C[C@H](N)CF)C5=O)n(CC3CC3)c12)c1ccno1,6.522878745280337,6.522878745280337,6.522878745280337,2,bindingdb|pubchem_confirmatory,0.5,556.642,41.0,enzymatic_confirmed,False,,none,False,True,True
GAMAYSHPSMERTI-HSZRJFAPSA-N,Cn1c(-c2cc3cccc(OCCN4C=NCC4)c3n2CC2CC2)nc2cc3c(cc21)CCN(C[C@H](N)CF)C3=O,7.444727982879317,7.259637310505756,7.629818655252878,2,bindingdb|pubchem_confirmatory,0.5,557.674,41.0,enzymatic_confirmed,False,,none,False,True,True
DODAJOSRNVKMCM-OAQYLSRUSA-N,Cn1c(-c2cc3cccc(OCCc4cn[nH]n4)c3n2CC2CC2)nc2cc3c(cc21)CCN(C[C@H](N)CF)C3=O,7.444727982879317,7.259637310505756,7.629818655252878,2,bindingdb|pubchem_confirmatory,0.5,556.646,41.0,enzymatic_confirmed,False,,none,False,True,True
MITUXPORPLIBTC-XMSQKQJNSA-N,COC(=O)NC[C@@H](C)Oc1cccc2cc(-c3nc4cc5c(cc4n3C)CCN(C[C@H](N)CF)C5=O)n(CC3CC3)c12,6.522878745280337,6.522878745280337,6.522878745280337,2,bindingdb|pubchem_confirmatory,0.5,576.673,42.0,enzymatic_confirmed,False,,none,False,True,True
DQYBRNLGMWOIAD-JOCHJYFZSA-N,COC(=O)N(C)CCOc1cccc2cc(-c3nc4cc5c(cc4n3C)CCN(C[C@H](N)CF)C5=O)n(CC3CC3)c12,6.892159058960253,6.522878745280337,7.261439372640169,2,bindingdb|pubchem_confirmatory,0.5,576.673,42.0,enzymatic_confirmed,False,,none,False,False,True
MITUXPORPLIBTC-PGRDOPGGSA-N,COC(=O)NC[C@H](C)Oc1cccc2cc(-c3nc4cc5c(cc4n3C)CCN(C[C@H](N)CF)C5=O)n(CC3CC3)c12,6.522878745280337,6.522878745280337,6.522878745280337,2,bindingdb|pubchem_confirmatory,0.5,576.673,42.0,enzymatic_confirmed,False,,none,False,True,True
NNBHDSSLDXDOEY-XMMPIXPASA-N,Cn1c(-c2cc3cccc(OCCc4cc[nH]c4)c3n2CC2CC2)nc2cc3c(cc21)CCN(C[C@H](N)CF)C3=O,6.522878745280337,6.522878745280337,6.522878745280337,2,bindingdb|pubchem_confirmatory,0.5,554.67,41.0,enzymatic_confirmed,False,,none,False,True,True
PSSQKPFLUZJLND-HSZRJFAPSA-N,Cn1c(-c2cc3cccc(OCCc4cnoc4)c3n2CC2CC2)nc2cc3c(cc21)CCN(C[C@H](N)CF)C3=O,7.444727982879317,7.259637310505756,7.629818655252878,2,bindingdb|pubchem_confirmatory,0.5,556.642,41.0,enzymatic_confirmed,False,,none,False,True,True
LLDKYQMTBGPVTC-HXUWFJFHSA-N,Cn1c(-c2cc3cccc(OCCO)c3n2CC2CC2)nc2cc3c(cc21)CCN(C[C@H](N)CF)C3=O,6.707068386586692,6.522878745280337,6.891258027893047,2,bindingdb|pubchem_confirmatory,0.5,505.594,37.0,enzymatic_confirmed,False,,none,False,True,True
FMFNHGMJLLUKKO-RTWAWAEBSA-N,Cn1c(-c2cc3cccc(OC[C@@H]4CNC(=O)O4)c3n2CC2CC2)nc2cc3c(cc21)CCN(C[C@H](N)CF)C3=O,7.444727982879317,7.259637310505756,7.629818655252878,2,bindingdb|pubchem_confirmatory,0.5,560.63,41.0,enzymatic_confirmed,False,,none,False,True,True
KDKQOFDZFUPZKX-OAQYLSRUSA-N,COC(=O)NCCOc1cccc2cc(-c3nc4cc5c(cc4n3C)CCN(C[C@H](N)CF)C5=O)n(CC3CC3)c12,6.707068386586692,6.522878745280337,6.891258027893047,2,bindingdb|pubchem_confirmatory,0.5,562.646,41.0,enzymatic_confirmed,False,,none,False,True,True
MRAZZAVLMJGGTL-PGRDOPGGSA-N,COC(=O)N[C@@H](C)COc1cccc2cc(-c3nc4cc5c(cc4n3C)CCN(C[C@H](N)CF)C5=O)n(CC3CC3)c12,6.707068386586692,6.522878745280337,6.891258027893047,2,bindingdb|pubchem_confirmatory,0.5,576.673,42.0,enzymatic_confirmed,False,,none,False,True,True
MRAZZAVLMJGGTL-XMSQKQJNSA-N,COC(=O)N[C@H](C)COc1cccc2cc(-c3nc4cc5c(cc4n3C)CCN(C[C@H](N)CF)C5=O)n(CC3CC3)c12,6.1249387366083,6.1249387366083,6.1249387366083,2,bindingdb|pubchem_confirmatory,0.5,576.673,42.0,enzymatic_confirmed,False,,none,False,True,True
FRVOCAPBOGPYLW-JOCHJYFZSA-N,Cn1c(-c2cc3cccc(OCCn4cnnc4)c3n2CC2CC2)nc2cc3c(cc21)CCN(C[C@H](N)CF)C3=O,7.259637310505756,7.259637310505756,7.259637310505756,2,bindingdb|pubchem_confirmatory,0.5,556.646,41.0,enzymatic_confirmed,False,,none,False,True,True
VBQAISSBZHOEII-OAQYLSRUSA-N,CNC(=O)OCCOc1cccc2cc(-c3nc4cc5c(cc4n3C)CCN(C[C@H](N)CF)C5=O)n(CC3CC3)c12,6.522878745280337,6.522878745280337,6.522878745280337,2,bindingdb|pubchem_confirmatory,0.5,562.646,41.0,enzymatic_confirmed,False,,none,False,True,True
BCTQQJKXJQMLOA-GBXCKJPGSA-N,C[C@@H](COc1cccc2cc(-c3nc4cc5c(cc4n3C)CCN(C[C@H](N)CF)C5=O)n(CC3CC3)c12)n1ccnc1,7.444727982879317,7.259637310505756,7.629818655252878,2,bindingdb|pubchem_confirmatory,0.5,569.685,42.0,enzymatic_confirmed,False,,none,False,True,True
BCTQQJKXJQMLOA-HYBUGGRVSA-N,C[C@H](COc1cccc2cc(-c3nc4cc5c(cc4n3C)CCN(C[C@H](N)CF)C5=O)n(CC3CC3)c12)n1ccnc1,6.892159058960253,6.522878745280337,7.261439372640169,2,bindingdb|pubchem_confirmatory,0.5,569.685,42.0,enzymatic_confirmed,False,,none,False,False,True
PBJKYPZBIVADDX-OAQYLSRUSA-N,Cn1c(-c2cc3cccc(OCC(C)(C)O)c3n2CC2CC2)nc2cc3c(cc21)CCN(C[C@H](N)CF)C3=O,6.1249387366083,6.1249387366083,6.1249387366083,2,bindingdb|pubchem_confirmatory,0.5,533.648,39.0,enzymatic_confirmed,False,,none,False,True,True
HBTGTXFYEACWRB-KBMIEXCESA-N,Cn1c(-c2cc3cccc(OC[C@@H](O)C(F)(F)F)c3n2CC2CC2)nc2cc3c(cc21)CCN(C[C@H](N)CF)C3=O,6.522878745280337,6.522878745280337,6.522878745280337,2,bindingdb|pubchem_confirmatory,0.5,573.591,41.0,enzymatic_confirmed,False,,none,False,True,True
HBTGTXFYEACWRB-CLOONOSVSA-N,Cn1c(-c2cc3cccc(OC[C@H](O)C(F)(F)F)c3n2CC2CC2)nc2cc3c(cc21)CCN(C[C@H](N)CF)C3=O,6.522878745280337,6.522878745280337,6.522878745280337,2,bindingdb|pubchem_confirmatory,0.5,573.591,41.0,enzymatic_confirmed,False,,none,False,True,True
LCYBTQCRXPQMPS-LJQANCHMSA-N,Cn1c(-c2cc3cccc(OCCO)c3n2Cc2ccno2)nc2cc3c(cc21)CCN(C[C@H](N)CF)C3=O,6.522878745280337,6.522878745280337,6.522878745280337,2,bindingdb|pubchem_confirmatory,0.5,532.576,39.0,enzymatic_confirmed,False,,none,False,True,True
MOSOJTAQCZYCIN-FOIFJWKZSA-N,Cn1c(-c2cc3cccc(OCC4CCNC4=O)c3n2CC2CC2)nc2cc3c(cc21)CCN(C[C@H](N)CF)C3=O,6.522878745280337,6.522878745280337,6.522878745280337,2,bindingdb|pubchem_confirmatory,0.5,558.658,41.0,enzymatic_confirmed,False,,none,False,True,True
GTVDDPZDFWYOIP-GFTAOQHMSA-N,Cn1c(-c2cc3cccc(OCC4(C)CNC(=O)C4)c3n2CC2CC2)nc2cc3c(cc21)CCN(C[C@H](N)CF)C3=O,6.323908740944319,6.323908740944319,6.323908740944319,2,bindingdb|pubchem_confirmatory,0.5,572.685,42.0,enzymatic_confirmed,False,,none,False,True,True
VUBFKCALBZMMKC-GBXCKJPGSA-N,C[C@@H](Cn1ccnc1)Oc1cccc2cc(-c3nc4cc5c(cc4n3C)CCN(C[C@H](N)CF)C5=O)n(CC3CC3)c12,6.707068386586692,6.522878745280337,6.891258027893047,2,bindingdb|pubchem_confirmatory,0.5,569.685,42.0,enzymatic_confirmed,False,,none,False,True,True
VUBFKCALBZMMKC-HYBUGGRVSA-N,C[C@H](Cn1ccnc1)Oc1cccc2cc(-c3nc4cc5c(cc4n3C)CCN(C[C@H](N)CF)C5=O)n(CC3CC3)c12,6.892159058960253,6.522878745280337,7.261439372640169,2,bindingdb|pubchem_confirmatory,0.5,569.685,42.0,enzymatic_confirmed,False,,none,False,False,True
URHFZXAEHCNLKG-JOCHJYFZSA-N,Cn1c(-c2cc3cccc(OCCn4cnc(C#N)n4)c3n2CC2CC2)nc2cc3c(cc21)CCN(C[C@H](N)CF)C3=O,6.522878745280337,6.522878745280337,6.522878745280337,2,bindingdb|pubchem_confirmatory,0.5,581.656,43.0,enzymatic_confirmed,False,,none,False,True,True
JDHPMTXXGYSQJC-JOCHJYFZSA-N,Cn1c(-c2cc3cccc(OCCn4ncnc4C#N)c3n2CC2CC2)nc2cc3c(cc21)CCN(C[C@H](N)CF)C3=O,6.0,6.0,6.0,2,bindingdb|pubchem_confirmatory,0.5,581.656,43.0,enzymatic_confirmed,False,,none,False,True,True
SRGWEQKWOPQIRN-JARBLVMWSA-N,Cn1c(-c2cc3cccc(/C=C/Cn4ccnc4)c3n2CC2CC2)nc2cc3c(cc21)CCN(C[C@H](N)CF)C3=O,7.444727982879317,7.259637310505756,7.629818655252878,2,bindingdb|pubchem_confirmatory,0.5,551.67,41.0,enzymatic_confirmed,False,,none,False,True,True
KTWBTLAWWIAAFF-RUZDIDTESA-N,Cn1c(-c2cc3cccc(CCCn4ccnc4)c3n2CC2CC2)nc2cc3c(cc21)CCN(C[C@H](N)CF)C3=O,6.892159058960253,6.522878745280337,7.261439372640169,2,bindingdb|pubchem_confirmatory,0.5,553.686,41.0,enzymatic_confirmed,False,,none,False,False,True
IMUXWEVGVNKJNS-NRFANRHFSA-N,COc1cccc2cc(-c3nc4cc5c(cc4n3C)CCN(C[C@H]3COCCN3)C5=O)n(CC3CC3)c12,6.224423738776309,6.1249387366083,6.323908740944319,2,bindingdb|pubchem_confirmatory,0.5,499.615,37.0,enzymatic_confirmed,False,,none,False,True,True
XIMMRDMYGGWLQH-FQEVSTJZSA-N,COc1cccc2cc(-c3nc4cc5c(cc4n3C)CCN(C[C@H]3COCCN3)C5=O)n(Cc3ncco3)c12,6.522878745280337,6.522878745280337,6.522878745280337,2,bindingdb|pubchem_confirmatory,0.5,526.597,39.0,enzymatic_confirmed,False,,none,False,True,True
GZBBBAVDCOKBOC-DEOSSOPVSA-N,Cn1c(-c2cc3cccc(OCCn4cnnc4)c3n2CC2CC2)nc2cc3c(cc21)CCN(C[C@H]1COCCN1)C3=O,6.408613380082664,6.1249387366083,6.692288023557028,2,bindingdb|pubchem_confirmatory,0.5,580.693,43.0,enzymatic_confirmed,False,,none,False,False,True
ZKEUXGUFPRBSCQ-QGZVFWFLSA-N,Cn1c(-c2cc3ccccc3n2CC2CC2)nc2cc3c(c(F)c21)CCN(C[C@H](N)CF)C3=O,6.224423738776309,6.1249387366083,6.323908740944319,2,bindingdb|pubchem_confirmatory,0.5,463.532,34.0,enzymatic_confirmed,False,,none,False,True,True
RCQTVOHSCQSVHI-OAHLLOKOSA-N,C[C@@H](N)CN1CCc2c(cc3nc(-c4cc5ccccc5n4CC4CC4)n(C)c3c2F)C1=O,6.522878745280337,6.522878745280337,6.522878745280337,2,bindingdb|pubchem_confirmatory,0.5,445.542,33.0,enzymatic_confirmed,False,,none,False,True,True
ZOVYEOSSOOJZNB-QGZVFWFLSA-N,COc1cccc2cc(-c3nc4cc5c(c(F)c4n3C)CCN(C[C@H](N)CF)C5=O)n(CC3CC3)c12,6.707068386586692,6.522878745280337,6.891258027893047,2,bindingdb|pubchem_confirmatory,0.5,493.558,36.0,enzymatic_confirmed,False,,none,False,True,True
UBXLZWVQUZRFHW-QGZVFWFLSA-N,COc1ccc2cc(-c3nc4cc5c(c(F)c4n3C)CCN(C[C@H](N)CF)C5=O)n(CC3CC3)c2c1,6.1249387366083,6.1249387366083,6.1249387366083,2,bindingdb|pubchem_confirmatory,0.5,493.558,36.0,enzymatic_confirmed,False,,none,False,True,True
YDNSEHFBYZIAMT-HHHXNRCGSA-N,CC(=O)N1CCC(c2cccc3cc(-c4nn5cc(C(=O)N6CCC[C@@H](N)C6)ccc5c4C)n(CC4CC4)c23)CC1,6.4089353929735005,6.4089353929735005,6.4089353929735005,2,bindingdb|pubchem_confirmatory,0.5,552.723,41.0,enzymatic_confirmed,False,,none,False,True,True
CPDMYPFTNFIVHW-HHHXNRCGSA-N,COCC(=O)N1CCC(c2cc(F)cc3cc(-c4nn5cc(C(=O)N6CCC[C@@H](N)C6)cc(OC)c5c4C)n(CC4CC4)c23)CC1,6.853871964321762,6.853871964321762,6.853871964321762,2,bindingdb|pubchem_confirmatory,0.5,630.765,46.0,enzymatic_confirmed,False,,none,False,True,True
BUQQHRSSCZOTJC-KAYWLYCHSA-N,COCC(=O)N1CCC(c2cc(F)cc3cc(-c4nn5cc(C(=O)N6C[C@H](N)C[C@@H](F)C6)cc(OC)c5c4C)n(CC4CC4)c23)CC1,6.920818753952375,6.920818753952375,6.920818753952375,2,bindingdb|pubchem_confirmatory,0.5,648.755,47.0,enzymatic_confirmed,False,,none,False,True,True
DRFOLETWURAROG-KAYWLYCHSA-N,COc1cc(C(=O)N2C[C@H](N)C[C@@H](F)C2)cn2nc(-c3cc4cc(F)cc(C5CCN(C(C)=O)CC5)c4n3CC3CC3)c(C)c12,7.221848749616356,7.221848749616356,7.221848749616356,2,bindingdb|pubchem_confirmatory,0.5,618.729,45.0,enzymatic_confirmed,False,,none,False,True,True
HCTLKVZDSKMWPI-HHHXNRCGSA-N,COc1cc(C(=O)N2CCC[C@@H](N)C2)cn2nc(-c3cc4cc(F)cc(C5CCN(C(C)=O)CC5)c4n3CC3CC3)c(C)c12,6.823908740944319,6.823908740944319,6.823908740944319,2,bindingdb|pubchem_confirmatory,0.5,600.739,44.0,enzymatic_confirmed,False,,none,False,True,True
MHKZTFMUCWXJJM-XYHWDMEOSA-N,Cc1c(-c2cc3cc(F)cc(C4CCN(C(=O)C5CCC(O)CC5)CC4)c3n2CC2CC2)nn2cc(C(=O)N3CCC[C@@H](N)C3)ccc12,6.823908740944319,6.823908740944319,6.823908740944319,1,pubchem_confirmatory,1.0,654.831,48.0,enzymatic_confirmed,False,,none,False,False,False
GMXRDAAVNXOYRT-USNDMVSTSA-N,Cc1c(-c2cc3cc(F)cc(C4CCN(C(=O)C5CCC(O)CC5)CC4)c3n2CC2CC2)nn2cc(C(=O)N3C[C@H](N)C[C@@H](F)C3)ccc12,6.926935982160881,6.926935982160881,6.926935982160881,1,pubchem_confirmatory,1.0,672.821,49.0,enzymatic_confirmed,False,,none,False,False,False
PXPQFCFYLOEZPV-MOFFZIGISA-N,Cc1c(-c2cc3cc(F)cc(C4CCN(C(=O)C5CCCO5)CC4)c3n2CC2CC2)nn2cc(C(=O)N3CCC[C@@H](N)C3)ccc12,6.878480975656853,6.878480975656853,6.878480975656853,2,bindingdb|pubchem_confirmatory,0.5,626.777,46.0,enzymatic_confirmed,False,,none,False,True,True
OXRAKUTXYUCYMA-OZIXFKSASA-N,Cc1c(-c2cc3cc(F)cc(C4CCN(C(=O)C5CCCO5)CC4)c3n2CC2CC2)nn2cc(C(=O)N3C[C@H](N)C[C@@H](F)C3)ccc12,6.353318722644277,6.353318722644277,6.353318722644277,2,bindingdb|pubchem_confirmatory,0.5,644.767,47.0,enzymatic_confirmed,False,,none,False,True,True
IAFUWMLPVUBCBV-CGCOGMFASA-N,Cc1c(-c2cc3cc(F)cc(C4CCN(C(=O)C5CC(O)C5)CC4)c3n2CC2CC2)nn2cc(C(=O)N3CCC[C@@H](N)C3)ccc12,6.886056647693163,6.886056647693163,6.886056647693163,2,bindingdb|pubchem_confirmatory,0.5,626.777,46.0,enzymatic_confirmed,False,,none,False,True,True
MXBVRVAJZGACRJ-MUUNZHRXSA-N,COC(C)(C)C(=O)N1CCC(c2cc(F)cc3cc(-c4nn5cc(C(=O)N6CCC[C@@H](N)C6)ccc5c4C)n(CC4CC4)c23)CC1,6.958607314841775,6.958607314841775,6.958607314841775,2,bindingdb|pubchem_confirmatory,0.5,628.793,46.0,enzymatic_confirmed,False,,none,False,True,True
AAJRSBOTZBWOPW-GDLZYMKVSA-N,Cc1c(-c2cc3cc(F)cc(C4CCN(C(=O)CC(C)C)CC4)c3n2CC2CC2)nn2cc(C(=O)N3CCC[C@@H](N)C3)ccc12,7.698970004336019,7.698970004336019,7.698970004336019,2,bindingdb|pubchem_confirmatory,0.5,612.794,45.0,enzymatic_confirmed,False,,none,False,True,True
ZMFZTCYELZMIET-FQLXRVMXSA-N,Cc1c(-c2cc3cc(F)cc(C4CCN(C(=O)CC(C)C)CC4)c3n2CC2CC2)nn2cc(C(=O)N3C[C@H](N)C[C@@H](F)C3)ccc12,6.481486060122112,6.481486060122112,6.481486060122112,2,bindingdb|pubchem_confirmatory,0.5,630.784,46.0,enzymatic_confirmed,False,,none,False,True,True
BFPJBBYEFNGGHE-RDVROTLESA-N,Cc1c(-c2cc3cc(F)cc(C4CCN(C(=O)C5CC(O)C5)CC4)c3n2CC2CC2)nn2cc(C(=O)N3C[C@H](N)C[C@@H](F)C3)ccc12,7.698970004336019,7.698970004336019,7.698970004336019,2,bindingdb|pubchem_confirmatory,0.5,644.767,47.0,enzymatic_confirmed,False,,none,False,True,True
SKFSXWQPGUXFOT-SKCUWOTOSA-N,CO[C@H](C)C(=O)N1CCC(c2cc(F)cc3cc(-c4nn5cc(C(=O)N6CCC[C@@H](N)C6)ccc5c4C)n(CC4CC4)c23)CC1,7.3979400086720375,7.3979400086720375,7.3979400086720375,2,bindingdb|pubchem_confirmatory,0.5,614.766,45.0,enzymatic_confirmed,False,,none,False,True,True
PGEGCKMBGITENY-KPGYKUMBSA-N,CO[C@H](C)C(=O)N1CCC(c2cc(F)cc3cc(-c4nn5cc(C(=O)N6C[C@H](N)C[C@@H](F)C6)ccc5c4C)n(CC4CC4)c23)CC1,7.154901959985743,7.154901959985743,7.154901959985743,2,bindingdb|pubchem_confirmatory,0.5,632.756,46.0,enzymatic_confirmed,False,,none,False,True,True
SKFSXWQPGUXFOT-RBISFHTESA-N,CO[C@@H](C)C(=O)N1CCC(c2cc(F)cc3cc(-c4nn5cc(C(=O)N6CCC[C@@H](N)C6)ccc5c4C)n(CC4CC4)c23)CC1,6.823908740944319,6.823908740944319,6.823908740944319,2,bindingdb|pubchem_confirmatory,0.5,614.766,45.0,enzymatic_confirmed,False,,none,False,True,True
PGEGCKMBGITENY-GJJMEYSYSA-N,CO[C@@H](C)C(=O)N1CCC(c2cc(F)cc3cc(-c4nn5cc(C(=O)N6C[C@H](N)C[C@@H](F)C6)ccc5c4C)n(CC4CC4)c23)CC1,6.619788758288394,6.619788758288394,6.619788758288394,2,bindingdb|pubchem_confirmatory,0.5,632.756,46.0,enzymatic_confirmed,False,,none,False,True,True
LVKRFCGQXGOGIO-VSGBNLITSA-N,COC(C)(C)C(=O)N1CCC(c2cc(F)cc3cc(-c4nn5cc(C(=O)N6C[C@H](N)C[C@@H](F)C6)ccc5c4C)n(CC4CC4)c23)CC1,6.886056647693163,6.886056647693163,6.886056647693163,2,bindingdb|pubchem_confirmatory,0.5,646.783,47.0,enzymatic_confirmed,False,,none,False,True,True
BAODMOBRXUEXHT-HHHXNRCGSA-N,COCC(=O)N1CCC(c2cc(F)cc3cc(-c4nn5cc(C(=O)N6CCC[C@@H](N)C6)ccc5c4C)n(CC4CC4)c23)CC1,7.154901959985743,7.154901959985743,7.154901959985743,2,bindingdb|pubchem_confirmatory,0.5,600.739,44.0,enzymatic_confirmed,False,,none,False,True,True
VIOGQAPMDAUXMS-KAYWLYCHSA-N,COCC(=O)N1CCC(c2cc(F)cc3cc(-c4nn5cc(C(=O)N6C[C@H](N)C[C@@H](F)C6)ccc5c4C)n(CC4CC4)c23)CC1,7.221848749616356,7.221848749616356,7.221848749616356,2,bindingdb|pubchem_confirmatory,0.5,618.729,45.0,enzymatic_confirmed,False,,none,False,True,True
XKOQSLVBGIMYKN-QWOIGCLMSA-N,Cc1c(-c2cc3cc(F)cc(C4CCN(C(=O)C5CC(O)(C(F)(F)F)C5)CC4)c3n2CC2CC2)nn2cc(C(=O)N3CCC[C@@H](N)C3)ccc12,6.958607314841775,6.958607314841775,6.958607314841775,2,bindingdb|pubchem_confirmatory,0.5,694.774,50.0,enzymatic_confirmed,False,,none,False,True,True
DADWJMZECNHSRL-CWVCZNRYSA-N,Cc1c(-c2cc3cc(F)cc(C4CCN(C(=O)C5CC(O)(C(F)(F)F)C5)CC4)c3n2CC2CC2)nn2cc(C(=O)N3C[C@H](N)C[C@@H](F)C3)ccc12,7.221848749616356,7.221848749616356,7.221848749616356,2,bindingdb|pubchem_confirmatory,0.5,712.764,51.0,enzymatic_confirmed,False,,none,False,True,True
VMWNIXQHLMWFRW-HHHXNRCGSA-N,CC(=O)N1CCC(c2cc(F)cc3cc(-c4nn5cc(C(=O)N6CCC[C@@H](N)C6)ccc5c4C)n(CC4CC4)c23)CC1,7.154901959985743,7.154901959985743,7.154901959985743,2,bindingdb|pubchem_confirmatory,0.5,570.713,42.0,enzymatic_confirmed,False,,none,False,True,True
ABPLBQSMYAWSDB-KAYWLYCHSA-N,CC(=O)N1CCC(c2cc(F)cc3cc(-c4nn5cc(C(=O)N6C[C@H](N)C[C@@H](F)C6)ccc5c4C)n(CC4CC4)c23)CC1,6.769551078621726,6.769551078621726,6.769551078621726,2,bindingdb|pubchem_confirmatory,0.5,588.703,43.0,enzymatic_confirmed,False,,none,False,True,True
YISYFMRZJHRXII-IIGOATNISA-N,Cc1c(-c2cc3cc(F)cc(C4CCN(C(=O)C5CCCCO5)CC4)c3n2CC2CC2)nn2cc(C(=O)N3CCC[C@@H](N)C3)ccc12,7.3979400086720375,7.3979400086720375,7.3979400086720375,2,bindingdb|pubchem_confirmatory,0.5,640.804,47.0,enzymatic_confirmed,False,,none,False,True,True
WEWLLXCSTPXCAE-GTJYFZDJSA-N,Cc1c(-c2cc3cc(F)cc(C4CCN(C(=O)C5CCCCO5)CC4)c3n2CC2CC2)nn2cc(C(=O)N3C[C@H](N)C[C@@H](F)C3)ccc12,6.455931955649724,6.455931955649724,6.455931955649724,2,bindingdb|pubchem_confirmatory,0.5,658.794,48.0,enzymatic_confirmed,False,,none,False,True,True
VBSWAUQINPNDCI-CLJLJLNGSA-N,COCC(=O)N1CCC(c2nccc3cc(-c4nn5cc(C(=O)N6C[C@H](N)C[C@@H](F)C6)cc(OC)c5c4C)n(CC4CC4)c23)CC1,8.0,8.0,8.0,2,bindingdb|pubchem_confirmatory,0.5,631.753,46.0,enzymatic_confirmed,False,,none,False,True,True
KVMPLKNGFPPJEW-HWVXXCOISA-N,COc1cc(C(=O)N2C[C@H](N)C[C@@H](F)C2)cn2nc(-c3cc4cccc(C5CN(C(=O)C6CCC(O)CC6)C5)c4n3CC3CC3)c(C)c12,7.309894379144197,7.309894379144197,7.309894379144197,1,pubchem_confirmatory,1.0,656.803,48.0,enzymatic_confirmed,False,,none,False,False,False
QJHCQHOSFJHTOT-UHTJZSEESA-N,COc1cc(C(=O)N2CCC[C@@H](N)C2)cn2nc(-c3cc4cccc(C5CN(C(=O)C6CC(O)(C(F)(F)F)C6)C5)c4n3CC3CC3)c(C)c12,7.221848749616356,7.221848749616356,7.221848749616356,2,bindingdb|pubchem_confirmatory,0.5,678.756,49.0,enzymatic_confirmed,False,,none,False,True,True
JJGYWKXZFXQJAK-AREMUKBSSA-N,COc1cc(C(=O)N2CCC[C@@H](N)C2)cn2nc(-c3cc4cccc(C5CN(C(=O)C(C)(C)OC)C5)c4n3CC3CC3)c(C)c12,5.982966660701219,5.982966660701219,5.982966660701219,2,bindingdb|pubchem_confirmatory,0.5,612.775,45.0,enzymatic_confirmed,False,,none,False,True,True
LFNUUCVWQIPJNI-IEPMUOFNSA-N,COc1cc(C(=O)N2CCC[C@@H](N)C2)cn2nc(-c3cc4cccc(C5CN(C(=O)C6CCC(O)CC6)C5)c4n3CC3CC3)c(C)c12,6.939713034397075,6.939713034397075,6.939713034397075,1,pubchem_confirmatory,1.0,638.813,47.0,enzymatic_confirmed,False,,none,False,False,False
YMKYZWLTPNNGGI-CLJLJLNGSA-N,COc1cc(C(=O)N2C[C@H](N)C[C@@H](F)C2)cn2nc(-c3cc4cccc(C5CN(C(=O)C(C)(C)OC)C5)c4n3CC3CC3)c(C)c12,6.585026652029182,6.585026652029182,6.585026652029182,2,bindingdb|pubchem_confirmatory,0.5,630.765,46.0,enzymatic_confirmed,False,,none,False,True,True
SIQFSMORDDWOQU-AREMUKBSSA-N,COc1cc(C(=O)N2CCC[C@@H](N)C2)cn2nc(-c3cc4cccc(C5CN(C(C)=O)C5)c4n3CC3CCC3)c(C)c12,5.2182446253475305,5.2182446253475305,5.2182446253475305,2,bindingdb|pubchem_confirmatory,0.5,568.722,42.0,enzymatic_confirmed,False,,none,False,True,True
DFQZFXZWGBIVAD-CLJLJLNGSA-N,COc1cc(C(=O)N2C[C@H](N)C[C@@H](F)C2)cn2nc(-c3cc4cccc(C5CN(C(C)=O)C5)c4n3CC3CCC3)c(C)c12,4.823908740944319,4.823908740944319,4.823908740944319,2,bindingdb|pubchem_confirmatory,0.5,586.712,43.0,enzymatic_confirmed,False,,none,False,True,True
XSVSYKMHEAURFC-HFZDXXHNSA-N,COc1cc(C(=O)N2CCC[C@@H](N)C2)cn2nc(-c3cc4cccc(C5CN(C(=O)[C@H](C)OC)C5)c4n3CC3CC3)c(C)c12,6.3979400086720375,6.3979400086720375,6.3979400086720375,2,bindingdb|pubchem_confirmatory,0.5,598.748,44.0,enzymatic_confirmed,False,,none,False,True,True
ZEDBQHUFQMXLGU-GKBBYZSKSA-N,COc1cc(C(=O)N2C[C@H](N)C[C@@H](F)C2)cn2nc(-c3cc4cccc(C5CN(C(=O)[C@H](C)OC)C5)c4n3CC3CC3)c(C)c12,6.552841968657781,6.552841968657781,6.552841968657781,2,bindingdb|pubchem_confirmatory,0.5,616.738,45.0,enzymatic_confirmed,False,,none,False,True,True
XSVSYKMHEAURFC-QFQXNSOFSA-N,COc1cc(C(=O)N2CCC[C@@H](N)C2)cn2nc(-c3cc4cccc(C5CN(C(=O)[C@@H](C)OC)C5)c4n3CC3CC3)c(C)c12,7.045757490560675,7.045757490560675,7.045757490560675,2,bindingdb|pubchem_confirmatory,0.5,598.748,44.0,enzymatic_confirmed,False,,none,False,True,True
ZEDBQHUFQMXLGU-LIKDZFNVSA-N,COc1cc(C(=O)N2C[C@H](N)C[C@@H](F)C2)cn2nc(-c3cc4cccc(C5CN(C(=O)[C@@H](C)OC)C5)c4n3CC3CC3)c(C)c12,6.585026652029182,6.585026652029182,6.585026652029182,2,bindingdb|pubchem_confirmatory,0.5,616.738,45.0,enzymatic_confirmed,False,,none,False,True,True
CQGWPDDLIRVUCO-JWQCQUIFSA-N,COCC(=O)N1CC(c2cccc3cc(-c4nn5cc(C(=O)N6C[C@H](N)C[C@@H](F)C6)cc(OC)c5c4C)n(CC4CC4)c23)C1,7.301029995663981,7.301029995663981,7.301029995663981,2,bindingdb|pubchem_confirmatory,0.5,602.711,44.0,enzymatic_confirmed,False,,none,False,True,True
GMZVAQJVBFWSIS-RUZDIDTESA-N,COCC(=O)N1CC(c2cccc3cc(-c4nn5cc(C(=O)N6CCC[C@@H](N)C6)cc(OC)c5c4C)n(CC4CC4)c23)C1,5.31960865506336,5.31960865506336,5.31960865506336,2,bindingdb|pubchem_confirmatory,0.5,584.721,43.0,enzymatic_confirmed,False,,none,False,True,True
TWYDFTDLDAMGKO-IEPMUOFNSA-N,Cc1c(-c2cc3cccc(C4CN(C(=O)C5CCC(O)CC5)C4)c3n2CC2CC2)nn2cc(C(=O)N3CCC[C@@H](N)C3)ccc12,7.20446769648675,7.20446769648675,7.20446769648675,1,pubchem_confirmatory,1.0,608.787,45.0,enzymatic_confirmed,False,,none,False,False,False
YPPQRURPQMXKTK-XDOPXQJJSA-N,Cc1c(-c2cc3cccc(C4CN(C(=O)[C@@H]5CCC[C@H](O)C5)C4)c3n2CC2CC2)nn2cc(C(=O)N3C[C@H](N)C[C@@H](F)C3)ccc12,6.236572006437063,6.236572006437063,6.236572006437063,2,bindingdb|pubchem_confirmatory,0.5,626.777,46.0,enzymatic_confirmed,False,,none,False,True,True
NMYIFZHSXIIJDI-ZJGIAAPESA-N,Cc1c(-c2cc3cccc(C4CN(C(=O)[C@@H]5CCC[C@H](O)C5)C4)c3n2CC2CC2)nn2cc(C(=O)N3CCC[C@@H](N)C3)ccc12,5.995678626217357,5.995678626217357,5.995678626217357,2,bindingdb|pubchem_confirmatory,0.5,608.787,45.0,enzymatic_confirmed,False,,none,False,True,True
YPPQRURPQMXKTK-HOLBEBDISA-N,Cc1c(-c2cc3cccc(C4CN(C(=O)[C@H]5CCC[C@@H](O)C5)C4)c3n2CC2CC2)nn2cc(C(=O)N3C[C@H](N)C[C@@H](F)C3)ccc12,6.2839966563652006,6.2839966563652006,6.2839966563652006,2,bindingdb|pubchem_confirmatory,0.5,626.777,46.0,enzymatic_confirmed,False,,none,False,True,True
NMYIFZHSXIIJDI-RFYMFKDESA-N,Cc1c(-c2cc3cccc(C4CN(C(=O)[C@H]5CCC[C@@H](O)C5)C4)c3n2CC2CC2)nn2cc(C(=O)N3CCC[C@@H](N)C3)ccc12,6.356547323513812,6.356547323513812,6.356547323513812,2,bindingdb|pubchem_confirmatory,0.5,608.787,45.0,enzymatic_confirmed,False,,none,False,True,True
YLJGRIPQHGGABG-MDWDQMQMSA-N,Cc1c(-c2cc3cccc(C4CN(C(=O)C5CC(O)(C(F)(F)F)C5)C4)c3n2CC2CC2)nn2cc(C(=O)N3CCC[C@@H](N)C3)ccc12,7.154901959985743,7.154901959985743,7.154901959985743,2,bindingdb|pubchem_confirmatory,0.5,648.73,47.0,enzymatic_confirmed,False,,none,False,True,True
RDISGKDBXNRXEZ-AREMUKBSSA-N,COC(C)(C)C(=O)N1CC(c2cccc3cc(-c4nn5cc(C(=O)N6CCC[C@@H](N)C6)ccc5c4C)n(CC4CC4)c23)C1,5.598599459218455,5.598599459218455,5.598599459218455,2,bindingdb|pubchem_confirmatory,0.5,582.749,43.0,enzymatic_confirmed,False,,none,False,True,True
ZEFWTEDSWFEURK-HWVXXCOISA-N,Cc1c(-c2cc3cccc(C4CN(C(=O)C5CCC(O)CC5)C4)c3n2CC2CC2)nn2cc(C(=O)N3C[C@H](N)C[C@@H](F)C3)ccc12,7.27642098432889,7.27642098432889,7.27642098432889,1,pubchem_confirmatory,1.0,626.777,46.0,enzymatic_confirmed,False,,none,False,False,False
PLZPLPCERVJEBV-LIKDZFNVSA-N,CO[C@H](C)C(=O)N1CC(c2cccc3cc(-c4nn5cc(C(=O)N6C[C@H](N)C[C@@H](F)C6)ccc5c4C)n(CC4CC4)c23)C1,5.958607314841775,5.958607314841775,5.958607314841775,2,bindingdb|pubchem_confirmatory,0.5,586.712,43.0,enzymatic_confirmed,False,,none,False,True,True
FUBHBWLOTIIEOC-QFQXNSOFSA-N,CO[C@H](C)C(=O)N1CC(c2cccc3cc(-c4nn5cc(C(=O)N6CCC[C@@H](N)C6)ccc5c4C)n(CC4CC4)c23)C1,5.596879478824182,5.596879478824182,5.596879478824182,2,bindingdb|pubchem_confirmatory,0.5,568.722,42.0,enzymatic_confirmed,False,,none,False,True,True
PLZPLPCERVJEBV-GKBBYZSKSA-N,CO[C@@H](C)C(=O)N1CC(c2cccc3cc(-c4nn5cc(C(=O)N6C[C@H](N)C[C@@H](F)C6)ccc5c4C)n(CC4CC4)c23)C1,6.236572006437063,6.236572006437063,6.236572006437063,2,bindingdb|pubchem_confirmatory,0.5,586.712,43.0,enzymatic_confirmed,False,,none,False,True,True
FUBHBWLOTIIEOC-HFZDXXHNSA-N,CO[C@@H](C)C(=O)N1CC(c2cccc3cc(-c4nn5cc(C(=O)N6CCC[C@@H](N)C6)ccc5c4C)n(CC4CC4)c23)C1,6.200659450546418,6.200659450546418,6.200659450546418,2,bindingdb|pubchem_confirmatory,0.5,568.722,42.0,enzymatic_confirmed,False,,none,False,True,True
KDDPWMGTOWJRQX-KRYSULRRSA-N,Cc1c(-c2cc3cccc(C4CN(C(=O)C5CCCCO5)C4)c3n2CC2CC2)nn2cc(C(=O)N3C[C@H](N)C[C@@H](F)C3)ccc12,5.97061622231479,5.97061622231479,5.97061622231479,2,bindingdb|pubchem_confirmatory,0.5,612.75,45.0,enzymatic_confirmed,False,,none,False,True,True
NCLAAPCNBVUGDN-RCEYKGAOSA-N,Cc1c(-c2cc3cccc(C4CN(C(=O)C5CCCCO5)C4)c3n2CC2CC2)nn2cc(C(=O)N3CCC[C@@H](N)C3)ccc12,6.585026652029182,6.585026652029182,6.585026652029182,2,bindingdb|pubchem_confirmatory,0.5,594.76,44.0,enzymatic_confirmed,False,,none,False,True,True
BIEHPBDPBWAUFZ-RUZDIDTESA-N,COCC(=O)N1CC(c2cccc3cc(-c4nn5cc(C(=O)N6CCC[C@@H](N)C6)ccc5c4C)n(CC4CC4)c23)C1,6.251811972993799,6.251811972993799,6.251811972993799,2,bindingdb|pubchem_confirmatory,0.5,554.695,41.0,enzymatic_confirmed,False,,none,False,True,True
WYDCZEIMAZCOQF-JWQCQUIFSA-N,COCC(=O)N1CC(c2cccc3cc(-c4nn5cc(C(=O)N6C[C@H](N)C[C@@H](F)C6)ccc5c4C)n(CC4CC4)c23)C1,6.309803919971486,6.309803919971486,6.309803919971486,2,bindingdb|pubchem_confirmatory,0.5,572.685,42.0,enzymatic_confirmed,False,,none,False,True,True
HXMFREZILWTLNO-JWQCQUIFSA-N,CC(=O)N1CC(c2cccc3cc(-c4nn5cc(C(=O)N6C[C@H](N)C[C@@H](F)C6)ccc5c4C)n(CC4CC4)c23)C1,6.769551078621726,6.769551078621726,6.769551078621726,2,bindingdb|pubchem_confirmatory,0.5,542.659,40.0,enzymatic_confirmed,False,,none,False,True,True
NJIZQLYOSFZOGC-GQVVIVCQSA-N,CC(=O)N1CC(c2cccc3cc(-c4nn5cc(C(=O)N6CC7CCC6[C@@H]7N)ccc5c4C)n(CC4CC4)c23)C1,8.0,8.0,8.0,2,bindingdb|pubchem_confirmatory,0.5,536.68,40.0,enzymatic_confirmed,False,,none,False,True,True
CYFOPJXHNCFKBO-WXFUMESZSA-N,COc1cc(C(=O)N2C[C@H](N)C[C@@H](F)C2)cn2nc(-c3cc4cccc(OC[C@H]5CCC(=O)N5)c4n3CC3CC3)c(C)c12,7.301029995663981,7.301029995663981,7.301029995663981,2,bindingdb|pubchem_confirmatory,0.5,588.684,43.0,enzymatic_confirmed,False,,none,False,True,True
YWVMZSUTMJFQOO-NRWPOFLRSA-N,COc1cc(C(=O)N2CCC[C@@H](N)C2)cn2nc(-c3cc4cccc(OCC5CC(=O)N(C)C5)c4n3CC3CC3)c(C)c12,6.8979400086720375,6.8979400086720375,6.8979400086720375,2,bindingdb|pubchem_confirmatory,0.5,584.721,43.0,enzymatic_confirmed,False,,none,False,True,True
OJADNJGVKBJUIW-LYWQJQBASA-N,COc1cc(C(=O)N2C[C@H](N)C[C@@H](F)C2)cn2nc(-c3cc4cccc(OCC5CC(=O)N(C)C5)c4n3CC3CC3)c(C)c12,7.1338031200885155,7.1338031200885155,7.1338031200885155,2,bindingdb|pubchem_confirmatory,0.5,602.711,44.0,enzymatic_confirmed,False,,none,False,True,True
GNLNNCWVFJCDTI-XMMPIXPASA-N,COc1cc(C(=O)N2CCC[C@@H](N)C2)cn2nc(-c3cc4cccc(OCCn5cncn5)c4n3CC3CC3)c(C)c12,7.522878745280337,7.522878745280337,7.522878745280337,2,bindingdb|pubchem_confirmatory,0.5,568.682,42.0,enzymatic_confirmed,False,,none,False,True,True
CQVIRQXKSDGPOF-DNQXCXABSA-N,COc1cc(C(=O)N2C[C@H](N)C[C@@H](F)C2)cn2nc(-c3cc4cccc(OCCn5cncn5)c4n3CC3CC3)c(C)c12,7.698970004336019,7.698970004336019,7.698970004336019,2,bindingdb|pubchem_confirmatory,0.5,586.672,43.0,enzymatic_confirmed,False,,none,False,True,True
CIIHYWMLMWIWJT-DNQXCXABSA-N,COc1cc(C(=O)N2C[C@H](N)C[C@@H](F)C2)cn2nc(-c3cc4cccc(OCCn5cc(N)cn5)c4n3CC3CC3)c(C)c12,8.0,8.0,8.0,2,bindingdb|pubchem_confirmatory,0.5,600.699,44.0,enzymatic_confirmed,False,,none,False,True,True
QEOHHAPIPGPIKD-XMMPIXPASA-N,COc1cc(C(=O)N2CCC[C@@H](N)C2)cn2nc(-c3cc4cccc(OCCn5cc(N)cn5)c4n3CC3CC3)c(C)c12,7.0,7.0,7.0,2,bindingdb|pubchem_confirmatory,0.5,582.709,43.0,enzymatic_confirmed,False,,none,False,True,True
KAGCILQUYYIHNJ-RPWUZVMVSA-N,COc1cc(C(=O)N2CCC[C@@H](N)C2)cn2nc(-c3cc4cccc(OC[C@@H]5CCC(=O)N5)c4n3CC3CC3)c(C)c12,7.096910013008056,7.096910013008056,7.096910013008056,2,bindingdb|pubchem_confirmatory,0.5,570.694,42.0,enzymatic_confirmed,False,,none,False,True,True
CYFOPJXHNCFKBO-SMIHKQSGSA-N,COc1cc(C(=O)N2C[C@H](N)C[C@@H](F)C2)cn2nc(-c3cc4cccc(OC[C@@H]5CCC(=O)N5)c4n3CC3CC3)c(C)c12,6.795880017344075,6.795880017344075,6.795880017344075,2,bindingdb|pubchem_confirmatory,0.5,588.684,43.0,enzymatic_confirmed,False,,none,False,True,True
KAGCILQUYYIHNJ-DNQXCXABSA-N,COc1cc(C(=O)N2CCC[C@@H](N)C2)cn2nc(-c3cc4cccc(OC[C@H]5CCC(=O)N5)c4n3CC3CC3)c(C)c12,6.1938200260161125,6.1938200260161125,6.1938200260161125,2,bindingdb|pubchem_confirmatory,0.5,570.694,42.0,enzymatic_confirmed,False,,none,False,True,True
RMDZEYGVJXVEHQ-MQNHUJCZSA-N,COc1cc(C(=O)N2CCC[C@@H](N)C2)cn2nc(-c3cc4cccc(OCC5CNC(=O)C5)c4n3CC3CC3)c(C)c12,7.1259059864969,7.1259059864969,7.1259059864969,2,bindingdb|pubchem_confirmatory,0.5,570.694,42.0,enzymatic_confirmed,False,,none,False,True,True
DIJJZENEBLRQKH-BPAKYRGESA-N,COc1cc(C(=O)N2C[C@H](N)C[C@@H](F)C2)cn2nc(-c3cc4cccc(OCC5CNC(=O)C5)c4n3CC3CC3)c(C)c12,7.426935982160881,7.426935982160881,7.426935982160881,2,bindingdb|pubchem_confirmatory,0.5,588.684,43.0,enzymatic_confirmed,False,,none,False,True,True
QBXBCMGLHGMKAG-GWQXNCQPSA-N,Cc1c(-c2cc3cccc(OCC4CNC(=O)C4)c3n2CC2CC2)nn2cc(C(=O)N3CCC[C@@H](N)C3)cc(F)c12,7.761439372640169,7.761439372640169,7.761439372640169,2,bindingdb|pubchem_confirmatory,0.5,558.658,41.0,enzymatic_confirmed,False,,none,False,True,True
QJNIOIAUPWMKOU-QENMJEOYSA-N,Cc1c(-c2cc3cccc(OCC4CNC(=O)C4)c3n2CC2CC2)nn2cc(C(=O)N3C[C@H](N)C[C@@H](F)C3)cc(F)c12,7.3979400086720375,7.3979400086720375,7.3979400086720375,2,bindingdb|pubchem_confirmatory,0.5,576.648,42.0,enzymatic_confirmed,False,,none,False,True,True
DKBLOHHXXWZULV-ZLNRFVROSA-N,Cc1c(-c2cc3cccc(OC[C@@H]4CCC(=O)N4)c3n2CC2CC2)nn2cc(C(=O)N3C[C@H](N)C[C@@H](F)C3)cc(F)c12,7.221848749616356,7.221848749616356,7.221848749616356,2,bindingdb|pubchem_confirmatory,0.5,576.648,42.0,enzymatic_confirmed,False,,none,False,True,True
APFXDZBPJMVCRF-PKTZIBPZSA-N,Cc1c(-c2cc3cccc(OC[C@@H]4CCC(=O)N4)c3n2CC2CC2)nn2cc(C(=O)N3CCC[C@@H](N)C3)cc(F)c12,7.698970004336019,7.698970004336019,7.698970004336019,2,bindingdb|pubchem_confirmatory,0.5,558.658,41.0,enzymatic_confirmed,False,,none,False,True,True
APFXDZBPJMVCRF-DHIUTWEWSA-N,Cc1c(-c2cc3cccc(OC[C@H]4CCC(=O)N4)c3n2CC2CC2)nn2cc(C(=O)N3CCC[C@@H](N)C3)cc(F)c12,6.7447274948966935,6.7447274948966935,6.7447274948966935,2,bindingdb|pubchem_confirmatory,0.5,558.658,41.0,enzymatic_confirmed,False,,none,False,True,True
JNZBVJKZOKYVKZ-BPAKYRGESA-N,Cc1c(-c2cc3cccc(OCC4CNC(=O)C4)c3n2CC2CC2)nn2cc(C(=O)N3C[C@H](N)C[C@@H](F)C3)ccc12,7.240743030061056,7.240743030061056,7.240743030061056,2,bindingdb|pubchem_confirmatory,0.5,558.658,41.0,enzymatic_confirmed,False,,none,False,True,True
ZWMCVIZGYFDPSW-JWQCQUIFSA-N,Cc1c(-c2cc3cccc(OCCn4ccnc4)c3n2CC2CC2)nn2cc(C(=O)N3C[C@H](N)C[C@@H](F)C3)ccc12,7.698970004336019,7.698970004336019,7.698970004336019,2,bindingdb|pubchem_confirmatory,0.5,555.658,41.0,enzymatic_confirmed,False,,none,False,True,True
OKROUWZDMIYAIL-RUZDIDTESA-N,Cc1c(-c2cc3cccc(OCCn4ccnc4)c3n2CC2CC2)nn2cc(C(=O)N3CCC[C@@H](N)C3)ccc12,7.221848749616356,7.221848749616356,7.221848749616356,2,bindingdb|pubchem_confirmatory,0.5,537.668,40.0,enzymatic_confirmed,False,,none,False,True,True
MFIDEXGRKUPUPR-NRWPOFLRSA-N,Cc1c(-c2cc3cccc(OCC4CC(=O)N(C)C4)c3n2CC2CC2)nn2cc(C(=O)N3CCC[C@@H](N)C3)ccc12,6.721246399047171,6.721246399047171,6.721246399047171,2,bindingdb|pubchem_confirmatory,0.5,554.695,41.0,enzymatic_confirmed,False,,none,False,True,True
OULRGCVEKWBPTA-LYWQJQBASA-N,Cc1c(-c2cc3cccc(OCC4CC(=O)N(C)C4)c3n2CC2CC2)nn2cc(C(=O)N3C[C@H](N)C[C@@H](F)C3)ccc12,6.721848749616356,6.721848749616356,6.721848749616356,2,bindingdb|pubchem_confirmatory,0.5,572.685,42.0,enzymatic_confirmed,False,,none,False,True,True
QKLBKJCZKCYZIX-XMMPIXPASA-N,Cc1c(-c2cc3cccc(OCCn4cncn4)c3n2CC2CC2)nn2cc(C(=O)N3CCC[C@@H](N)C3)ccc12,7.221848749616356,7.221848749616356,7.221848749616356,2,bindingdb|pubchem_confirmatory,0.5,538.656,40.0,enzymatic_confirmed,False,,none,False,True,True
YZCLJWRMRRFTHD-DNQXCXABSA-N,Cc1c(-c2cc3cccc(OCCn4cncn4)c3n2CC2CC2)nn2cc(C(=O)N3C[C@H](N)C[C@@H](F)C3)ccc12,7.522878745280337,7.522878745280337,7.522878745280337,2,bindingdb|pubchem_confirmatory,0.5,556.646,41.0,enzymatic_confirmed,False,,none,False,True,True
IKNRDUUFQHLWSP-XMMPIXPASA-N,Cc1c(-c2cc3cccc(OCCn4cc(N)cn4)c3n2CC2CC2)nn2cc(C(=O)N3CCC[C@@H](N)C3)ccc12,6.522878745280337,6.522878745280337,6.522878745280337,2,bindingdb|pubchem_confirmatory,0.5,552.683,41.0,enzymatic_confirmed,False,,none,False,True,True
IIWCKVZWLWDNIR-DNQXCXABSA-N,Cc1c(-c2cc3cccc(OCCn4cc(N)cn4)c3n2CC2CC2)nn2cc(C(=O)N3C[C@H](N)C[C@@H](F)C3)ccc12,5.79317412396815,5.79317412396815,5.79317412396815,2,bindingdb|pubchem_confirmatory,0.5,570.673,42.0,enzymatic_confirmed,False,,none,False,True,True
NQAWFKTVSVIIDK-RPWUZVMVSA-N,Cc1c(-c2cc3cccc(OC[C@@H]4CCC(=O)N4)c3n2CC2CC2)nn2cc(C(=O)N3CCC[C@@H](N)C3)ccc12,7.301029995663981,7.301029995663981,7.301029995663981,2,bindingdb|pubchem_confirmatory,0.5,540.668,40.0,enzymatic_confirmed,False,,none,False,True,True
BCESHBWCHFYXIL-SMIHKQSGSA-N,Cc1c(-c2cc3cccc(OC[C@@H]4CCC(=O)N4)c3n2CC2CC2)nn2cc(C(=O)N3C[C@H](N)C[C@@H](F)C3)ccc12,7.154901959985743,7.154901959985743,7.154901959985743,2,bindingdb|pubchem_confirmatory,0.5,558.658,41.0,enzymatic_confirmed,False,,none,False,True,True
NQAWFKTVSVIIDK-DNQXCXABSA-N,Cc1c(-c2cc3cccc(OC[C@H]4CCC(=O)N4)c3n2CC2CC2)nn2cc(C(=O)N3CCC[C@@H](N)C3)ccc12,6.823908740944319,6.823908740944319,6.823908740944319,2,bindingdb|pubchem_confirmatory,0.5,540.668,40.0,enzymatic_confirmed,False,,none,False,True,True
BCESHBWCHFYXIL-WXFUMESZSA-N,Cc1c(-c2cc3cccc(OC[C@H]4CCC(=O)N4)c3n2CC2CC2)nn2cc(C(=O)N3C[C@H](N)C[C@@H](F)C3)ccc12,5.950781977329818,5.950781977329818,5.950781977329818,2,bindingdb|pubchem_confirmatory,0.5,558.658,41.0,enzymatic_confirmed,False,,none,False,True,True
PRQDIUUVPLUXRG-MQNHUJCZSA-N,Cc1c(-c2cc3cccc(OCC4CNC(=O)C4)c3n2CC2CC2)nn2cc(C(=O)N3CCC[C@@H](N)C3)ccc12,6.9300604567993815,6.9300604567993815,6.9300604567993815,2,bindingdb|pubchem_confirmatory,0.5,540.668,40.0,enzymatic_confirmed,False,,none,False,True,True
IGZIDTNYUHLUDZ-GWQXNCQPSA-N,COc1cc(C(=O)N2CCC[C@@H](N)C2)cn2nc(-c3cc4ccnc(OCC5CNC(=O)C5)c4n3CC3CC3)c(C)c12,7.261439372640169,7.261439372640169,7.261439372640169,2,bindingdb|pubchem_confirmatory,0.5,571.682,42.0,enzymatic_confirmed,False,,none,False,True,True
KLDCGLMAAQKVOZ-DHIUTWEWSA-N,COc1cc(C(=O)N2C[C@H](N)C[C@@H](F)C2)cn2nc(-c3cc4ccnc(OCCn5cncn5)c4n3CC3CC3)c(C)c12,7.522878745280337,7.522878745280337,7.522878745280337,2,bindingdb|pubchem_confirmatory,0.5,587.66,43.0,enzymatic_confirmed,False,,none,False,True,True
YLSQTWLLZHWBRY-HSZRJFAPSA-N,COc1cc(C(=O)N2CCC[C@@H](N)C2)cn2nc(-c3cc4ccnc(OCCn5cncn5)c4n3CC3CC3)c(C)c12,6.958607314841775,6.958607314841775,6.958607314841775,2,bindingdb|pubchem_confirmatory,0.5,569.67,42.0,enzymatic_confirmed,False,,none,False,True,True
MTKIMZIBIRCFSI-JWQCQUIFSA-N,COc1cc(C(=O)N2C[C@H](N)C[C@@H](F)C2)cn2nc(-c3cc4ccnc(OCCn5ccnc5C)c4n3CC3CC3)c(C)c12,6.4089353929735005,6.4089353929735005,6.4089353929735005,2,bindingdb|pubchem_confirmatory,0.5,600.699,44.0,enzymatic_confirmed,False,,none,False,True,True
XHAHHEPCIWJFOZ-RUZDIDTESA-N,COc1cc(C(=O)N2CCC[C@@H](N)C2)cn2nc(-c3cc4ccnc(OCCn5ccnc5C)c4n3CC3CC3)c(C)c12,5.892790030352131,5.892790030352131,5.892790030352131,2,bindingdb|pubchem_confirmatory,0.5,582.709,43.0,enzymatic_confirmed,False,,none,False,True,True
INTIBJQLLPOYKV-HSZRJFAPSA-N,COc1cc(C(=O)N2CCC[C@@H](N)C2)cn2nc(-c3cc4ccnc(OCC5COC5)c4n3CC3CC3)c(C)c12,5.131355561605174,5.131355561605174,5.131355561605174,2,bindingdb|pubchem_confirmatory,0.5,544.656,40.0,enzymatic_confirmed,False,,none,False,True,True
FIDIKNOAPFECFZ-DNQXCXABSA-N,COc1cc(C(=O)N2C[C@H](N)C[C@@H](F)C2)cn2nc(-c3cc4ccnc(OCCn5ccnc5)c4n3CC3CC3)c(C)c12,8.0,8.0,8.0,2,bindingdb|pubchem_confirmatory,0.5,586.672,43.0,enzymatic_confirmed,False,,none,False,True,True
ZWCHQONPPFWELH-XMMPIXPASA-N,COc1cc(C(=O)N2CCC[C@@H](N)C2)cn2nc(-c3cc4ccnc(OCCn5ccnc5)c4n3CC3CC3)c(C)c12,7.698970004336019,7.698970004336019,7.698970004336019,2,bindingdb|pubchem_confirmatory,0.5,568.682,42.0,enzymatic_confirmed,False,,none,False,True,True
VRWQITKRSFXCGO-HSZRJFAPSA-N,COc1cc(C(=O)N2CCC[C@@H](N)C2)cn2nc(-c3cc4ccnc(OCCn5cnnc5)c4n3CC3CC3)c(C)c12,7.698970004336019,7.698970004336019,7.698970004336019,2,bindingdb|pubchem_confirmatory,0.5,569.67,42.0,enzymatic_confirmed,False,,none,False,True,True
GTAJYNPVNWSSOD-DHIUTWEWSA-N,COc1cc(C(=O)N2C[C@H](N)C[C@@H](F)C2)cn2nc(-c3cc4ccnc(OCCn5cnnc5)c4n3CC3CC3)c(C)c12,7.522878745280337,7.522878745280337,7.522878745280337,2,bindingdb|pubchem_confirmatory,0.5,587.66,43.0,enzymatic_confirmed,False,,none,False,True,True
LXCFVANXUHNYJR-QENMJEOYSA-N,COc1cc(C(=O)N2C[C@H](N)C[C@@H](F)C2)cn2nc(-c3cc4ccnc(OCC5CNC(=O)C5)c4n3CC3CC3)c(C)c12,7.522878745280337,7.522878745280337,7.522878745280337,2,bindingdb|pubchem_confirmatory,0.5,589.672,43.0,enzymatic_confirmed,False,,none,False,True,True
QNGJVCCTAMVJFX-YTSZEIANSA-N,COc1cc(C(=O)N2CC3CCC2[C@@H]3N)cn2nc(-c3cc4ccnc(OC[C@H]5CCC(=O)N5)c4n3CC3CC3)c(C)c12,7.522878745280337,7.522878745280337,7.522878745280337,2,bindingdb|pubchem_confirmatory,0.5,583.693,43.0,enzymatic_confirmed,False,,none,False,True,True
RZXRNZDVUACQLP-POVBZKEPSA-N,COc1cc(C(=O)N2CC3CCC2[C@@H]3N)cn2nc(-c3cc4ccnc(OCC5CNC(=O)C5)c4n3CC3CC3)c(C)c12,7.485310651883242,7.485310651883242,7.485310651883242,2,bindingdb|pubchem_confirmatory,0.5,583.693,43.0,enzymatic_confirmed,False,,none,False,True,True
QNGJVCCTAMVJFX-KDSCZNHLSA-N,COc1cc(C(=O)N2CC3CCC2[C@@H]3N)cn2nc(-c3cc4ccnc(OC[C@@H]5CCC(=O)N5)c4n3CC3CC3)c(C)c12,7.301029995663981,7.301029995663981,7.301029995663981,2,bindingdb|pubchem_confirmatory,0.5,583.693,43.0,enzymatic_confirmed,False,,none,False,True,True
GGMCVRJPNGHOEL-HSZRJFAPSA-N,Cc1c(-c2cc3ccnc(OCCn4cnnc4)c3n2CC2CC2)nn2cc(C(=O)N3CCC[C@@H](N)C3)ccc12,7.3979400086720375,7.3979400086720375,7.3979400086720375,2,bindingdb|pubchem_confirmatory,0.5,539.644,40.0,enzymatic_confirmed,False,,none,False,True,True
VMPJJXWAVFAFKU-DHIUTWEWSA-N,Cc1c(-c2cc3ccnc(OCCn4cncn4)c3n2CC2CC2)nn2cc(C(=O)N3C[C@H](N)C[C@@H](F)C3)ccc12,6.366531544420413,6.366531544420413,6.366531544420413,2,bindingdb|pubchem_confirmatory,0.5,557.634,41.0,enzymatic_confirmed,False,,none,False,True,True
FTIUWGQCUFAGIV-JWQCQUIFSA-N,Cc1c(-c2cc3ccnc(OCCn4ccnc4C)c3n2CC2CC2)nn2cc(C(=O)N3C[C@H](N)C[C@@H](F)C3)ccc12,5.806875401645538,5.806875401645538,5.806875401645538,2,bindingdb|pubchem_confirmatory,0.5,570.673,42.0,enzymatic_confirmed,False,,none,False,True,True
IUZXRGLRAITQQP-RUZDIDTESA-N,Cc1c(-c2cc3ccnc(OCCn4ccnc4C)c3n2CC2CC2)nn2cc(C(=O)N3CCC[C@@H](N)C3)ccc12,5.528708288941061,5.528708288941061,5.528708288941061,2,bindingdb|pubchem_confirmatory,0.5,552.683,41.0,enzymatic_confirmed,False,,none,False,True,True
AFTXBSOULIGDQG-DHIUTWEWSA-N,Cc1c(-c2cc3ccnc(OCCn4cnnc4)c3n2CC2CC2)nn2cc(C(=O)N3C[C@H](N)C[C@@H](F)C3)ccc12,6.6020599913279625,6.6020599913279625,6.6020599913279625,2,bindingdb|pubchem_confirmatory,0.5,557.634,41.0,enzymatic_confirmed,False,,none,False,True,True
JWNHQWFHZPTXSC-QENMJEOYSA-N,Cc1c(-c2cc3ccnc(OCC4CNC(=O)C4)c3n2CC2CC2)nn2cc(C(=O)N3C[C@H](N)C[C@@H](F)C3)ccc12,7.18837535480105,7.18837535480105,7.18837535480105,2,bindingdb|pubchem_confirmatory,0.5,559.646,41.0,enzymatic_confirmed,False,,none,False,True,True
XXDNUMUDDCAXNQ-DNQXCXABSA-N,Cc1c(-c2cc3ccnc(OCCn4ccnc4)c3n2CC2CC2)nn2cc(C(=O)N3C[C@H](N)C[C@@H](F)C3)ccc12,7.698970004336019,7.698970004336019,7.698970004336019,2,bindingdb|pubchem_confirmatory,0.5,556.646,41.0,enzymatic_confirmed,False,,none,False,True,True
CZVROBPEHUHFMR-XMMPIXPASA-N,Cc1c(-c2cc3ccnc(OCCn4ccnc4)c3n2CC2CC2)nn2cc(C(=O)N3CCC[C@@H](N)C3)ccc12,8.0,8.0,8.0,2,bindingdb|pubchem_confirmatory,0.5,538.656,40.0,enzymatic_confirmed,False,,none,False,True,True
XOLAWWUOASQDJW-GWQXNCQPSA-N,Cc1c(-c2cc3ccnc(OCC4CNC(=O)C4)c3n2CC2CC2)nn2cc(C(=O)N3CCC[C@@H](N)C3)ccc12,7.349485002168009,7.349485002168009,7.349485002168009,2,bindingdb|pubchem_confirmatory,0.5,541.656,40.0,enzymatic_confirmed,False,,none,False,True,True
GRELTELGHHMRIF-WOJBJXKFSA-N,COc1cc(C(=O)N2C[C@H](N)C[C@@H](F)C2)cn2nc(-c3cc4ccnc(OCCn5cnnc5)c4n3C)c(C)c12,6.346787486224656,6.346787486224656,6.346787486224656,2,bindingdb|pubchem_confirmatory,0.5,547.595,40.0,enzymatic_confirmed,False,,none,False,True,True
FWTBPROGHVFNAI-DHIUTWEWSA-N,COc1cc(C(=O)N2C[C@H](N)C[C@@H](F)C2)cn2nc(-c3sc4cccc(-c5cnn(CCO)c5)c4c3CC3CC3)c(C)c12,6.853871964321762,6.853871964321762,6.853871964321762,2,bindingdb|pubchem_confirmatory,0.5,602.736,43.0,enzymatic_confirmed,False,,none,False,True,True
GIXOIFVRHYOSGB-KXNZUKPASA-N,COc1cc(C(=O)N2CC3CCC2[C@@H]3N)cn2nc(-c3cc4cccnc4n3CC3CC3)c(C)c12,6.552841968657781,6.552841968657781,6.552841968657781,2,bindingdb|pubchem_confirmatory,0.5,470.577,35.0,enzymatic_confirmed,False,,none,False,True,True
GORHVNASFSSFSK-MCSCQSGASA-N,COc1cc(C(=O)N2CC3CCC2[C@@H]3N)cn2nc(-c3cc4ccc(Cl)nc4n3CC3CC3)c(C)c12,6.42021640338319,6.42021640338319,6.42021640338319,2,bindingdb|pubchem_confirmatory,0.5,505.022,36.0,enzymatic_confirmed,False,,none,False,True,True
YOYDPVUNRIUSEI-CDNDPLPTSA-N,COc1cc(C(=O)N2CC3CCC2[C@@H]3N)cn2nc(-c3cc4ccc(-c5ccc6c(c5)C(=O)NC6)nc4n3CC3CC3)c(C)c12,7.221848749616356,7.221848749616356,7.221848749616356,2,bindingdb|pubchem_confirmatory,0.5,601.711,45.0,enzymatic_confirmed,False,,none,False,True,True
RAZVUSORHXVZNY-NFDBJIOVSA-N,COc1cc(C(=O)N2CC3CCC2[C@@H]3N)cn2nc(-c3cc4ccc(C)nc4n3CC3CC3)c(C)c12,7.167491087293763,7.167491087293763,7.167491087293763,2,bindingdb|pubchem_confirmatory,0.5,484.604,36.0,enzymatic_confirmed,False,,none,False,True,True
VTVMQRLFFHMHQN-STHVYQTBSA-N,COc1cc(C(=O)N2CC3CCC2[C@@H]3N)cn2nc(-c3cc4ccc(-c5ccc6c(c5)CNC6=O)nc4n3CC3CC3)c(C)c12,7.568636235841012,7.568636235841012,7.568636235841012,2,bindingdb|pubchem_confirmatory,0.5,601.711,45.0,enzymatic_confirmed,False,,none,False,True,True
SCGLAMJDMAQZFI-UEFMTQSISA-N,COc1cc(C(=O)N2CC3CCC2[C@@H]3N)cn2nc(-c3cc4ccc(C5CC5)nc4n3CC3CC3)c(C)c12,7.494850021680094,7.494850021680094,7.494850021680094,2,bindingdb|pubchem_confirmatory,0.5,510.642,38.0,enzymatic_confirmed,False,,none,False,True,True
RBTZNVIWXIVMMY-JCHVILAISA-N,COc1cc(C(=O)N2CC3CCC2[C@@H]3N)cn2nc(-c3cc4ccc(-c5cnn(C(C)C)c5)nc4n3CC3CC3)c(C)c12,6.3851027839668655,6.3851027839668655,6.3851027839668655,2,bindingdb|pubchem_confirmatory,0.5,578.721,43.0,enzymatic_confirmed,False,,none,False,True,True
ZTPIEMNVEJJKRU-WMXNZVEGSA-N,COc1cc(C(=O)N2CC3CCC2[C@@H]3N)cn2nc(-c3cc4ccc(-c5ccn6c(C)nnc6c5)nc4n3CC3CC3)c(C)c12,7.431798275933005,7.431798275933005,7.431798275933005,2,bindingdb|pubchem_confirmatory,0.5,601.715,45.0,enzymatic_confirmed,False,,none,False,True,True
TXKRUQCELJEQGL-WPKRCUIDSA-N,COc1cc(C(=O)N2CC3CCC2[C@@H]3N)cn2nc(-c3cc4ccc(-c5cccc(O)c5F)nc4n3CC3CC3)c(C)c12,6.920818753952375,6.920818753952375,6.920818753952375,2,bindingdb|pubchem_confirmatory,0.5,580.664,43.0,enzymatic_confirmed,False,,none,False,True,True
ZGYBGKSOBINACM-CXBZOWBPSA-N,COc1cc(C(=O)N2CC3CCC2[C@@H]3N)cn2nc(-c3cc4ccc(-c5ccc(O)c(F)c5)nc4n3CC3CC3)c(C)c12,6.798602875679549,6.798602875679549,6.798602875679549,2,bindingdb|pubchem_confirmatory,0.5,580.664,43.0,enzymatic_confirmed,False,,none,False,True,True
ZQVYYHNNMKSGCO-JCHVILAISA-N,COc1cc(C(=O)N2CC3CCC2[C@@H]3N)cn2nc(-c3cc4ccc(-c5ccc(OC(F)F)cc5)nc4n3CC3CC3)c(C)c12,5.862329462763245,5.862329462763245,5.862329462763245,2,bindingdb|pubchem_confirmatory,0.5,612.681,45.0,enzymatic_confirmed,False,,none,False,True,True
OWIDMWNNDFBKCK-CXBZOWBPSA-N,COc1cc(C(=O)N2CC3CCC2[C@@H]3N)cn2nc(-c3cc4ccc(-c5ccc(OC(F)F)c(F)c5)nc4n3CC3CC3)c(C)c12,5.633763876281707,5.633763876281707,5.633763876281707,2,bindingdb|pubchem_confirmatory,0.5,630.671,46.0,enzymatic_confirmed,False,,none,False,True,True
HRRQSXKYMQQMNF-LTFVAXTNSA-N,COc1cc(C(=O)N2CC3CCC2[C@@H]3N)cn2nc(-c3cc4ccc(N5CC(OC)C5)nc4n3CC3CC3)c(C)c12,6.787812395596042,6.787812395596042,6.787812395596042,2,bindingdb|pubchem_confirmatory,0.5,555.683,41.0,enzymatic_confirmed,False,,none,False,True,True
FGCVPJWMBIQIDW-WOJBJXKFSA-N,COc1cc(C(=O)N2C[C@H](N)C[C@@H](F)C2)cn2nc(-c3cc4cccnc4n3CC3CC3)c(C)c12,6.042871802323187,6.042871802323187,6.042871802323187,2,bindingdb|pubchem_confirmatory,0.5,476.556,35.0,enzymatic_confirmed,False,,none,False,True,True
VXGWSUUVDGKYMR-RTBURBONSA-N,COc1cc(C(=O)N2C[C@H](N)C[C@@H](F)C2)cn2nc(-c3cc4ccc(Cl)nc4n3CC3CC3)c(C)c12,6.279014255846261,6.279014255846261,6.279014255846261,2,bindingdb|pubchem_confirmatory,0.5,511.001,36.0,enzymatic_confirmed,False,,none,False,True,True
CBLFTZBVQORRHU-JWQCQUIFSA-N,COc1cc(C(=O)N2C[C@H](N)C[C@@H](F)C2)cn2nc(-c3cc4ccc(-c5ccc6c(c5)C(=O)NC6)nc4n3CC3CC3)c(C)c12,6.39040559077478,6.39040559077478,6.39040559077478,2,bindingdb|pubchem_confirmatory,0.5,607.69,45.0,enzymatic_confirmed,False,,none,False,True,True
HKKJEORZMCXVRL-NHCUHLMSSA-N,COc1cc(C(=O)N2C[C@H](N)C[C@@H](F)C2)cn2nc(-c3cc4ccc(C)nc4n3CC3CC3)c(C)c12,7.1249387366083,7.1249387366083,7.1249387366083,2,bindingdb|pubchem_confirmatory,0.5,490.583,36.0,enzymatic_confirmed,False,,none,False,True,True
YJWYWNBNOKFJIH-JWQCQUIFSA-N,COc1cc(C(=O)N2C[C@H](N)C[C@@H](F)C2)cn2nc(-c3cc4ccc(-c5cnn(C(C)C)c5)nc4n3CC3CC3)c(C)c12,6.2441251443275085,6.2441251443275085,6.2441251443275085,2,bindingdb|pubchem_confirmatory,0.5,584.7,43.0,enzymatic_confirmed,False,,none,False,True,True
KDMFAUGIKFMSFI-FGZHOGPDSA-N,COc1cc(C(=O)N2C[C@H](N)C[C@@H](F)C2)cn2nc(-c3cc4ccc(C5CC5)nc4n3CC3CC3)c(C)c12,6.774690718274137,6.774690718274137,6.774690718274137,2,bindingdb|pubchem_confirmatory,0.5,516.621,38.0,enzymatic_confirmed,False,,none,False,True,True
DGHLWJSWFXMKAH-JWQCQUIFSA-N,COc1cc(C(=O)N2C[C@H](N)C[C@@H](F)C2)cn2nc(-c3cc4ccc(-c5ccc6c(c5)CNC6=O)nc4n3CC3CC3)c(C)c12,6.935542010773082,6.935542010773082,6.935542010773082,2,bindingdb|pubchem_confirmatory,0.5,607.69,45.0,enzymatic_confirmed,False,,none,False,True,True
ZGIGZTBLIACNHH-JWQCQUIFSA-N,COc1cc(C(=O)N2C[C@H](N)C[C@@H](F)C2)cn2nc(-c3cc4ccc(-c5ccn6c(C)nnc6c5)nc4n3CC3CC3)c(C)c12,7.040958607678906,7.040958607678906,7.040958607678906,2,bindingdb|pubchem_confirmatory,0.5,607.694,45.0,enzymatic_confirmed,False,,none,False,True,True
HFZRSAHIIAPJCK-JNLMOAAUSA-N,COc1cc(C(=O)C2CC3CCC2[C@@H]3N)cn2nc(-c3cc4ccccc4n3CC3CC3)c(C)c12,5.66655272550325,5.66655272550325,5.66655272550325,2,bindingdb|pubchem_confirmatory,0.5,468.601,35.0,enzymatic_confirmed,False,,none,False,True,True
RAUODIQCNRADFS-DVUYKQPWSA-N,COc1cc(C(=O)C2CC3CCC2[C@@H]3N)cn2nc(-c3cc4ccc(-c5ccc6c(c5)C(=O)NC6)cc4n3CC3CC3)c(C)c12,6.96657624451305,6.96657624451305,6.96657624451305,2,bindingdb|pubchem_confirmatory,0.5,599.735,45.0,enzymatic_confirmed,False,,none,False,True,True
RRGUGGBIAUXHHF-PWJCZFGMSA-N,COc1cc(C(=O)N2CC3CCC2[C@@H]3N)cn2nc(-c3cc4ccc(-c5ccc6c(c5)CNC6=O)cc4n3CC3CC3)c(C)c12,7.508638306165727,7.508638306165727,7.508638306165727,2,bindingdb|pubchem_confirmatory,0.5,600.723,45.0,enzymatic_confirmed,False,,none,False,True,True
UYVLYDONXPNIBJ-UOLLPAKTSA-N,COc1cc(C(=O)N2CC3CCC2[C@@H]3N)cn2nc(-c3cc4ccc(-c5ccn6c(C)nnc6c5)cc4n3CC3CC3)c(C)c12,7.769551078621726,7.769551078621726,7.769551078621726,2,bindingdb|pubchem_confirmatory,0.5,600.727,45.0,enzymatic_confirmed,False,,none,False,True,True
FPPWTSCRQIYKIK-MOBAFLLYSA-N,COc1cc(C(=O)N2CC3CCC2[C@@H]3N)cn2nc(-c3cc4ccc(-c5ccc(OC(F)F)cc5)cc4n3CC3CC3)c(C)c12,6.347753658996677,6.347753658996677,6.347753658996677,2,bindingdb|pubchem_confirmatory,0.5,611.693,45.0,enzymatic_confirmed,False,,none,False,True,True
BSJSARGHUZBAQN-YDJYNLAZSA-N,COc1cc(C(=O)N2CC3CCC2[C@@H]3N)cn2nc(-c3cc4ccc(C)cc4n3CC3CC3)c(C)c12,7.657577319177793,7.657577319177793,7.657577319177793,2,bindingdb|pubchem_confirmatory,0.5,483.616,36.0,enzymatic_confirmed,False,,none,False,True,True
BRRKJRBDYXQWFB-PIIWDFAUSA-N,COc1cc(C(=O)N2C[C@H](C)C[C@@H](F)C2)cn2nc(-c3cc4ccc(-c5ccc6c(c5)C(=O)NC6)cc4n3CC3CC3)c(C)c12,5.991399828238082,5.991399828238082,5.991399828238082,2,bindingdb|pubchem_confirmatory,0.5,605.714,45.0,enzymatic_confirmed,False,,none,False,True,True
MEBCNFOTLYYPPP-KAYWLYCHSA-N,COc1cc(C(=O)N2C[C@H](N)C[C@@H](F)C2)cn2nc(-c3cc4ccc(-c5ccc6c(c5)CNC6=O)cc4n3CC3CC3)c(C)c12,7.075720713938118,7.075720713938118,7.075720713938118,2,bindingdb|pubchem_confirmatory,0.5,606.702,45.0,enzymatic_confirmed,False,,none,False,True,True
KZTCOZXARZUPLB-KAYWLYCHSA-N,COc1cc(C(=O)N2C[C@H](N)C[C@@H](F)C2)cn2nc(-c3cc4ccc(-c5ccn6c(C)nnc6c5)cc4n3CC3CC3)c(C)c12,7.187086643357144,7.187086643357144,7.187086643357144,2,bindingdb|pubchem_confirmatory,0.5,606.706,45.0,enzymatic_confirmed,False,,none,False,True,True
HENJFDQZUYYMMH-DNQXCXABSA-N,COc1cc(C(=O)N2C[C@H](N)C[C@@H](F)C2)cn2nc(-c3cc4ccc(-c5cccc(O)c5F)cc4n3CC3CC3)c(C)c12,6.3829996588791005,6.3829996588791005,6.3829996588791005,2,bindingdb|pubchem_confirmatory,0.5,585.655,43.0,enzymatic_confirmed,False,,none,False,True,True
INCGGWJZZCIGFP-JWQCQUIFSA-N,COCC1CN(c2ccc3cc(-c4nn5cc(C(=O)N6C[C@H](N)C[C@@H](F)C6)cc(OC)c5c4C)n(CC4CC4)c3c2)C1,6.272458742971444,6.272458742971444,6.272458742971444,2,bindingdb|pubchem_confirmatory,0.5,574.701,42.0,enzymatic_confirmed,False,,none,False,True,True
UQVKHZQRAXXEEB-ZGFBMJKBSA-N,COc1cc(C(=O)N2C[C@H](N)C[C@@H](F)C2)cn2nc(-c3cc4ccc(N5C[C@H](N)C[C@@H](F)C5)cc4n3CC3CC3)c(C)c12,7.376750709602099,7.376750709602099,7.376750709602099,2,bindingdb|pubchem_confirmatory,0.5,591.707,43.0,enzymatic_confirmed,False,,none,False,True,True
QHDHVSAAMPCLMC-JWQCQUIFSA-N,COc1cc(C(=O)N2C[C@H](N)C[C@@H](F)C2)cn2nc(-c3cc4ccc(N5CCC(OC)CC5)cc4n3CC3CC3)c(C)c12,6.856985199745905,6.856985199745905,6.856985199745905,2,bindingdb|pubchem_confirmatory,0.5,588.728,43.0,enzymatic_confirmed,False,,none,False,True,True
AQVIUKGCJSPUHC-MVOZIGHISA-N,COc1cc(C(=O)N2C[C@H](N)C[C@@H](F)C2)cn2nc(-c3cc4ccc(NC[C@@H](F)C(C)(C)O)cc4n3CC3CC3)c(C)c12,6.106793246940152,6.106793246940152,6.106793246940152,2,bindingdb|pubchem_confirmatory,0.5,594.707,43.0,enzymatic_confirmed,False,,none,False,True,True
GVXRBNZIIZNXOA-DHIUTWEWSA-N,COc1cc(C(=O)N2C[C@H](N)C[C@@H](F)C2)cn2nc(-c3cc4ccc(N5CC(F)(CO)C5)cc4n3CC3CC3)c(C)c12,5.442011851775087,5.442011851775087,5.442011851775087,2,bindingdb|pubchem_confirmatory,0.5,578.664,42.0,enzymatic_confirmed,False,,none,False,True,True
GMYCIZNMVILQMJ-INXVGGANSA-N,Cc1c(-c2cc3cccnc3n2CC2CC2)nn2cc(C(=O)N3CC4CCC3[C@@H]4N)cc(F)c12,6.801342913045577,6.801342913045577,6.801342913045577,2,bindingdb|pubchem_confirmatory,0.5,458.541,34.0,enzymatic_confirmed,False,,none,False,True,True
MXXZCPWFJOMMTG-INYXTNAKSA-N,Cc1c(-c2cc3ccc(Cl)cc3n2CC2CC2)nn2cc(C(=O)N3CC4CCC3[C@@H]4N)cc(F)c12,7.060480747381382,7.060480747381382,7.060480747381382,2,bindingdb|pubchem_confirmatory,0.5,491.998,35.0,enzymatic_confirmed,False,,none,False,True,True
NYHWRDHUVJPSRH-PSGUAHCZSA-N,Cc1ccc2cc(-c3nn4cc(C(=O)N5CC6CCC5[C@@H]6N)cc(F)c4c3C)n(CC3CC3)c2n1,7.6020599913279625,7.6020599913279625,7.6020599913279625,2,bindingdb|pubchem_confirmatory,0.5,472.568,35.0,enzymatic_confirmed,False,,none,False,True,True
SEIQNLLYUUFGMR-WVSXHZKHSA-N,Cc1c(-c2cc3ccc(C4CC4)nc3n2CC2CC2)nn2cc(C(=O)N3CC4CCC3[C@@H]4N)cc(F)c12,7.070581074285707,7.070581074285707,7.070581074285707,2,bindingdb|pubchem_confirmatory,0.5,498.606,37.0,enzymatic_confirmed,False,,none,False,True,True
QWQNRWYTWVVVKW-CDHPUSFOSA-N,Cc1c(-c2cc3ccc(-c4ccc5c(c4)CNC5=O)nc3n2CC2CC2)nn2cc(C(=O)N3CC4CCC3[C@@H]4N)cc(F)c12,8.045757490560675,8.045757490560675,8.045757490560675,2,bindingdb|pubchem_confirmatory,0.5,589.675,44.0,enzymatic_confirmed,False,,none,False,True,True
UTUVYCHDBKIHLW-JCHVILAISA-N,Cc1c(-c2cc3ccc(-c4ccn5c(C)nnc5c4)nc3n2CC2CC2)nn2cc(C(=O)N3CC4CCC3[C@@H]4N)cc(F)c12,6.823908740944319,6.823908740944319,6.823908740944319,2,bindingdb|pubchem_confirmatory,0.5,589.679,44.0,enzymatic_confirmed,False,,none,False,True,True
GDOMBMVTELLZRR-QZPZUKOXSA-N,Cc1c(-c2cc3ccc(-c4ccc(OC(F)F)c(F)c4)nc3n2CC2CC2)nn2cc(C(=O)N3CC4CCC3[C@@H]4N)cc(F)c12,5.828273546346769,5.828273546346769,5.828273546346769,2,bindingdb|pubchem_confirmatory,0.5,618.635,45.0,enzymatic_confirmed,False,,none,False,True,True
NEMICLZENKIVSE-FTNFKZBYSA-N,COc1cc(-c2ccc3cc(-c4nn5cc(C(=O)N6CC7CCC6[C@@H]7N)cc(F)c5c4C)n(CC4CC4)c3n2)c(F)cn1,6.995678626217357,6.995678626217357,6.995678626217357,2,bindingdb|pubchem_confirmatory,0.5,583.643,43.0,enzymatic_confirmed,False,,none,False,True,True
VCRPZYSWYJNSSU-GQVVIVCQSA-N,Cc1c(-c2cc3ccc(-c4ccc5c(c4)C(=O)NC5)nc3n2CC2CC2)nn2cc(C(=O)N3CC4CCC3[C@@H]4N)cc(F)c12,7.3872161432802645,7.3872161432802645,7.3872161432802645,2,bindingdb|pubchem_confirmatory,0.5,589.675,44.0,enzymatic_confirmed,False,,none,False,True,True
YPEXCJTVBGDWIB-LAAJAHEYSA-N,Cc1c(-c2cc3ccc(-c4ccc(OC(F)F)cc4)nc3n2CC2CC2)nn2cc(C(=O)N3CC4CCC3[C@@H]4N)cc(F)c12,5.82915179635669,5.82915179635669,5.82915179635669,2,bindingdb|pubchem_confirmatory,0.5,600.645,44.0,enzymatic_confirmed,False,,none,False,True,True
LYLYPPKAEFAOHQ-QZPZUKOXSA-N,Cc1c(-c2cc3ccc(-c4ccc(O)c(F)c4)nc3n2CC2CC2)nn2cc(C(=O)N3CC4CCC3[C@@H]4N)cc(F)c12,6.486782399932061,6.486782399932061,6.486782399932061,2,bindingdb|pubchem_confirmatory,0.5,568.628,42.0,enzymatic_confirmed,False,,none,False,True,True
PNCUCIKWLLCTEX-LCRYKWFRSA-N,Cc1c(-c2cc3ccc(-c4cccc(O)c4F)nc3n2CC2CC2)nn2cc(C(=O)N3CC4CCC3[C@@H]4N)cc(F)c12,7.443697499232712,7.443697499232712,7.443697499232712,2,bindingdb|pubchem_confirmatory,0.5,568.628,42.0,enzymatic_confirmed,False,,none,False,True,True
JGELPWURMLLOCN-HRQYYILTSA-N,COC1CN(c2ccc3cc(-c4nn5cc(C(=O)N6CC7CCC6[C@@H]7N)cc(F)c5c4C)n(CC4CC4)c3n2)C1,7.130768280269024,7.130768280269024,7.130768280269024,2,bindingdb|pubchem_confirmatory,0.5,543.647,40.0,enzymatic_confirmed,False,,none,False,True,True
ZZUKJEASKMKFEG-HMEZYPPSSA-N,Cc1c(-c2cc3ccc(N4CCC[C@@H](O)C4)nc3n2CC2CC2)nn2cc(C(=O)N3CC4CCC3[C@@H]4N)cc(F)c12,6.960590408450575,6.960590408450575,6.960590408450575,2,bindingdb|pubchem_confirmatory,0.5,557.674,41.0,enzymatic_confirmed,False,,none,False,True,True
VBKFITNZCZJPNP-FNIJTUCQSA-N,CC1C(C2=CC3CC=CN=C3N2CC2CC2)=NN2CC(C(=O)N3C[C@H](N)C[C@@H](F)C3)C=C(F)C12,6.05453141486818,6.05453141486818,6.05453141486818,2,bindingdb|pubchem_confirmatory,0.5,470.568,34.0,enzymatic_confirmed,False,,none,False,True,True
VQPKFVUDFUPNEJ-VTSNEHBMSA-N,CC1C(C2=CC3CC=C(Cl)N=C3N2CC2CC2)=NN2CC(C(=O)N3C[C@H](N)C[C@@H](F)C3)C=C(F)C12,6.350665141287858,6.350665141287858,6.350665141287858,2,bindingdb|pubchem_confirmatory,0.5,505.013,35.0,enzymatic_confirmed,False,,none,False,True,True
GAUOGSGTTRSESB-WOJBJXKFSA-N,Cc1ccc2cc(-c3nn4cc(C(=O)N5C[C@H](N)C[C@@H](F)C5)cc(F)c4c3C)n(CC3CC3)c2n1,6.446116973356125,6.446116973356125,6.446116973356125,2,bindingdb|pubchem_confirmatory,0.5,478.547,35.0,enzymatic_confirmed,False,,none,False,True,True
NUBMIFZXQRYZAL-NHCUHLMSSA-N,Cc1c(-c2cc3ccc(-c4cccc(O)c4F)nc3n2CC2CC2)nn2cc(C(=O)N3C[C@H](N)C[C@@H](F)C3)cc(F)c12,6.265200170411153,6.265200170411153,6.265200170411153,2,bindingdb|pubchem_confirmatory,0.5,574.607,42.0,enzymatic_confirmed,False,,none,False,True,True
BHVGTMSWPMOASV-FGZHOGPDSA-N,Cc1c(-c2cc3ccc(-c4ccc(C(N)=O)c(F)c4)nc3n2CC2CC2)nn2cc(C(=O)N3C[C@H](N)C[C@@H](F)C3)cc(F)c12,6.329754146925875,6.329754146925875,6.329754146925875,2,bindingdb|pubchem_confirmatory,0.5,601.633,44.0,enzymatic_confirmed,False,,none,False,True,True
KLLWOUFWGFKAQU-NHCUHLMSSA-N,Cc1c(-c2cc3ccc(C4CC4)nc3n2CC2CC2)nn2cc(C(=O)N3C[C@H](N)C[C@@H](F)C3)cc(F)c12,6.1073489661227,6.1073489661227,6.1073489661227,2,bindingdb|pubchem_confirmatory,0.5,504.585,37.0,enzymatic_confirmed,False,,none,False,True,True
XJJUFXQFQGAXLI-HYYKEQEVSA-N,CCC1CN(C(=O)c2cc(F)c3c(C)c(-c4cc5ccc(-c6ccc(Cl)c7c(NS(C)(=O)=O)nn(C)c67)cc5n4CC4CC4)nn3c2)C(CC)[C@@H]1N,7.080921907623926,7.080921907623926,7.080921907623926,2,bindingdb|pubchem_confirmatory,0.5,745.325,52.0,enzymatic_confirmed,False,,none,False,True,True
XFUVKFKOJLDGAK-VDOBOPNRSA-N,Cc1c(-c2cc3ccc(-c4cccc(O)c4F)cc3n2CC2CC2)nn2cc(C(=O)N3CC4CCC3[C@@H]4N)cc(F)c12,6.536107011014092,6.536107011014092,6.536107011014092,2,bindingdb|pubchem_confirmatory,0.5,567.64,42.0,enzymatic_confirmed,False,,none,False,True,True
RTKMKXDVHWRHGM-JWJBQAENSA-N,Cc1c(-c2cc3ccc(-c4ccc(O)c(F)c4)cc3n2CC2CC2)nn2cc(C(=O)N3CC4CCC3[C@@H]4N)cc(F)c12,7.080921907623926,7.080921907623926,7.080921907623926,2,bindingdb|pubchem_confirmatory,0.5,567.64,42.0,enzymatic_confirmed,False,,none,False,True,True
YAHDNAGEAQJSJL-MOBAFLLYSA-N,Cc1c(-c2cc3ccc(-c4ccn5c(C)nnc5c4)cc3n2CC2CC2)nn2cc(C(=O)N3CC4CCC3[C@@H]4N)cc(F)c12,7.6259059864969,7.6259059864969,7.6259059864969,2,bindingdb|pubchem_confirmatory,0.5,588.691,44.0,enzymatic_confirmed,False,,none,False,True,True
JYQQGGXDHHQIPX-PSGUAHCZSA-N,Cc1c(-c2cc3cccnc3n2CC2CC2)nn2cc(C(=O)N3CC4CCC3[C@@H]4N)ccc12,6.6439741428068775,6.6439741428068775,6.6439741428068775,2,bindingdb|pubchem_confirmatory,0.5,440.551,33.0,enzymatic_confirmed,False,,none,False,True,True
CMUVUUAULCTUDX-FMCJVZMUSA-N,Cc1c(-c2cc3ccc(-c4ccc5c(c4)CNC5=O)nc3n2CC2CC2)nn2cc(C(=O)N3CC4CCC3[C@@H]4N)ccc12,7.259637310505756,7.259637310505756,7.259637310505756,2,bindingdb|pubchem_confirmatory,0.5,571.685,43.0,enzymatic_confirmed,False,,none,False,True,True
HZZSEESTJFZFAX-FIIBKKJESA-N,Cc1c(-c2cc3ccc(-c4ccc5c(c4)C(=O)NC5)nc3n2CC2CC2)nn2cc(C(=O)N3CC4CCC3[C@@H]4N)ccc12,7.6020599913279625,7.6020599913279625,7.6020599913279625,2,bindingdb|pubchem_confirmatory,0.5,571.685,43.0,enzymatic_confirmed,False,,none,False,True,True
PQLIRCKDXBMLNW-MXJXRJBTSA-N,Cc1ccc2cc(-c3nn4cc(C(=O)N5CC6CCC5[C@@H]6N)ccc4c3C)n(CC3CC3)c2n1,7.229147988357855,7.229147988357855,7.229147988357855,2,bindingdb|pubchem_confirmatory,0.5,454.578,34.0,enzymatic_confirmed,False,,none,False,True,True
BEYKKJIYABIPQW-GNTVVGMTSA-N,Cc1c(-c2cc3ccc(-c4ccc(O)c(F)c4)nc3n2CC2CC2)nn2cc(C(=O)N3CC4CCC3[C@@H]4N)ccc12,7.638272163982407,7.638272163982407,7.638272163982407,2,bindingdb|pubchem_confirmatory,0.5,550.638,41.0,enzymatic_confirmed,False,,none,False,True,True
FQNPQBRWUABDKV-UCDZCMRKSA-N,Cc1c(-c2cc3ccc(-c4cccc(O)c4F)nc3n2CC2CC2)nn2cc(C(=O)N3CC4CCC3[C@@H]4N)ccc12,7.585026652029182,7.585026652029182,7.585026652029182,2,bindingdb|pubchem_confirmatory,0.5,550.638,41.0,enzymatic_confirmed,False,,none,False,True,True
QKTGQAATUHYPAK-CDHPUSFOSA-N,Cc1c(-c2cc3ccc(-c4ccc(C(N)=O)c(F)c4)nc3n2CC2CC2)nn2cc(C(=O)N3CC4CCC3[C@@H]4N)ccc12,7.721246399047171,7.721246399047171,7.721246399047171,2,bindingdb|pubchem_confirmatory,0.5,577.664,43.0,enzymatic_confirmed,False,,none,False,True,True
CBRGFTHCLTUXJH-CDNDPLPTSA-N,Cc1c(-c2cc3ccc(-c4ccn5c(C)nnc5c4)nc3n2CC2CC2)nn2cc(C(=O)N3CC4CCC3[C@@H]4N)ccc12,7.823908740944319,7.823908740944319,7.823908740944319,2,bindingdb|pubchem_confirmatory,0.5,571.689,43.0,enzymatic_confirmed,False,,none,False,True,True
ZBSGVRAFXWQNGP-IREOKEETSA-N,Cc1c(-c2cc3ccc(C4CC4)nc3n2CC2CC2)nn2cc(C(=O)N3CC4CCC3[C@@H]4N)ccc12,7.657577319177793,7.657577319177793,7.657577319177793,2,bindingdb|pubchem_confirmatory,0.5,480.616,36.0,enzymatic_confirmed,False,,none,False,True,True
DTDYGMKTBBBGHM-CCWBKVMBSA-N,COc1cc(-c2ccc3cc(-c4nn5cc(C(=O)N6CC7CCC6[C@@H]7N)ccc5c4C)n(CC4CC4)c3n2)c(F)cn1,7.173925197299173,7.173925197299173,7.173925197299173,2,bindingdb|pubchem_confirmatory,0.5,565.653,42.0,enzymatic_confirmed,False,,none,False,True,True
VJQGMUXNYFGJLZ-GNTVVGMTSA-N,Cc1c(-c2cc3ccc(-c4ccc(OC(F)F)c(F)c4)nc3n2CC2CC2)nn2cc(C(=O)N3CC4CCC3[C@@H]4N)ccc12,6.2182446253475305,6.2182446253475305,6.2182446253475305,2,bindingdb|pubchem_confirmatory,0.5,600.645,44.0,enzymatic_confirmed,False,,none,False,True,True
CCGFHNQQZLPVLB-XUMYZKKMSA-N,Cc1c(-c2cc3ccc(-c4cc(F)c(O)c(F)c4)nc3n2CC2CC2)nn2cc(C(=O)N3CC4CCC3[C@@H]4N)ccc12,6.371611069949688,6.371611069949688,6.371611069949688,2,bindingdb|pubchem_confirmatory,0.5,568.628,42.0,enzymatic_confirmed,False,,none,False,True,True
LGTZDUMESLCDMT-GNTVVGMTSA-N,Cc1c(-c2cc3ccc(-c4ccc(F)c(O)c4)nc3n2CC2CC2)nn2cc(C(=O)N3CC4CCC3[C@@H]4N)ccc12,6.779891911959945,6.779891911959945,6.779891911959945,2,bindingdb|pubchem_confirmatory,0.5,550.638,41.0,enzymatic_confirmed,False,,none,False,True,True
FUYAUXQTHPSEKB-JCHVILAISA-N,COC1CCN(c2ccc3cc(-c4nn5cc(C(=O)N6CC7CCC6[C@@H]7N)ccc5c4C)n(CC4CC4)c3n2)CC1,7.017728766960431,7.017728766960431,7.017728766960431,2,bindingdb|pubchem_confirmatory,0.5,553.711,41.0,enzymatic_confirmed,False,,none,False,True,True
KPRAAPMYRNLGGD-QREUFCTJSA-N,Cc1c(-c2cc3ccc(N4CCC(O)CC4)nc3n2CC2CC2)nn2cc(C(=O)N3CC4CCC3[C@@H]4N)ccc12,7.113509274827518,7.113509274827518,7.113509274827518,2,bindingdb|pubchem_confirmatory,0.5,539.684,40.0,enzymatic_confirmed,False,,none,False,True,True
AAXUJZLJKVYLTJ-JUTXSZQBSA-N,Cc1c(-c2cc3ccc(N4CCC[C@@H](O)C4)nc3n2CC2CC2)nn2cc(C(=O)N3CC4CCC3[C@@H]4N)ccc12,6.844663962534938,6.844663962534938,6.844663962534938,2,bindingdb|pubchem_confirmatory,0.5,539.684,40.0,enzymatic_confirmed,False,,none,False,True,True
VKUZFDYLFGSFIK-LGYSXGNESA-N,COC1CN(c2ccc3cc(-c4nn5cc(C(=O)N6CC7CCC6[C@@H]7N)ccc5c4C)n(CC4CC4)c3n2)C1,6.673664139071248,6.673664139071248,6.673664139071248,2,bindingdb|pubchem_confirmatory,0.5,525.657,39.0,enzymatic_confirmed,False,,none,False,True,True
MSGNLUUXDIYPKN-WOJBJXKFSA-N,Cc1c(-c2cc3cccnc3n2CC2CC2)nn2cc(C(=O)N3C[C@H](N)C[C@@H](F)C3)ccc12,5.793443955900971,5.793443955900971,5.793443955900971,2,bindingdb|pubchem_confirmatory,0.5,446.53,33.0,enzymatic_confirmed,False,,none,False,True,True
JJRFMBRPLJCMJS-JWQCQUIFSA-N,Cc1c(-c2cc3ccc(-c4ccc5c(c4)CNC5=O)nc3n2CC2CC2)nn2cc(C(=O)N3C[C@H](N)C[C@@H](F)C3)ccc12,6.415668775632469,6.415668775632469,6.415668775632469,2,bindingdb|pubchem_confirmatory,0.5,577.664,43.0,enzymatic_confirmed,False,,none,False,True,True
DRLPXDRPECOKMU-NHCUHLMSSA-N,Cc1ccc2cc(-c3nn4cc(C(=O)N5C[C@H](N)C[C@@H](F)C5)ccc4c3C)n(CC3CC3)c2n1,6.434152181326482,6.434152181326482,6.434152181326482,2,bindingdb|pubchem_confirmatory,0.5,460.557,34.0,enzymatic_confirmed,False,,none,False,True,True
BWARCCBBHLGKFR-JWQCQUIFSA-N,Cc1c(-c2cc3ccc(-c4ccc5c(c4)C(=O)NC5)nc3n2CC2CC2)nn2cc(C(=O)N3C[C@H](N)C[C@@H](F)C3)ccc12,6.415668775632469,6.415668775632469,6.415668775632469,2,bindingdb|pubchem_confirmatory,0.5,577.664,43.0,enzymatic_confirmed,False,,none,False,True,True
ZAOGCLYSMDCDSB-DHIUTWEWSA-N,Cc1c(-c2cc3ccc(-c4ccc(C(N)=O)c(F)c4)nc3n2CC2CC2)nn2cc(C(=O)N3C[C@H](N)C[C@@H](F)C3)ccc12,6.214670164989233,6.214670164989233,6.214670164989233,2,bindingdb|pubchem_confirmatory,0.5,583.643,43.0,enzymatic_confirmed,False,,none,False,True,True
BQKLRXQCKQPHHO-DHIUTWEWSA-N,Cc1c(-c2cc3ccc(-c4ccc(C(N)=O)c(Cl)c4)nc3n2CC2CC2)nn2cc(C(=O)N3C[C@H](N)C[C@@H](F)C3)ccc12,6.485452247339714,6.485452247339714,6.485452247339714,2,bindingdb|pubchem_confirmatory,0.5,600.098,43.0,enzymatic_confirmed,False,,none,False,True,True
DXDADULZCLUGLT-FGZHOGPDSA-N,Cc1c(-c2cc3ccc(-c4cccc(O)c4F)nc3n2CC2CC2)nn2cc(C(=O)N3C[C@H](N)C[C@@H](F)C3)ccc12,6.6595558851598815,6.6595558851598815,6.6595558851598815,2,bindingdb|pubchem_confirmatory,0.5,556.617,41.0,enzymatic_confirmed,False,,none,False,True,True
YDOYMOKGZXXUEF-DNQXCXABSA-N,COC1CCN(c2ccc3cc(-c4nn5cc(C(=O)N6C[C@H](N)C[C@@H](F)C6)ccc5c4C)n(CC4CC4)c3n2)CC1,5.635261444944602,5.635261444944602,5.635261444944602,2,bindingdb|pubchem_confirmatory,0.5,559.69,41.0,enzymatic_confirmed,False,,none,False,True,True
XJDKJTCXXURNSJ-DHIUTWEWSA-N,Cc1c(-c2cc3ccc(N4CCC(O)CC4)nc3n2CC2CC2)nn2cc(C(=O)N3C[C@H](N)C[C@@H](F)C3)ccc12,5.775208043507319,5.775208043507319,5.775208043507319,2,bindingdb|pubchem_confirmatory,0.5,545.663,40.0,enzymatic_confirmed,False,,none,False,True,True
FBAGIVVBEFROHJ-GVBVHUCQSA-N,Cc1c(-c2cc3ccc(-c4ccc5c(c4)C(=O)NC5)cc3n2CC2CC2)nn2cc(C(=O)N3CC4CCC3[C@@H]4N)ccc12,7.318758762624412,7.318758762624412,7.318758762624412,2,bindingdb|pubchem_confirmatory,0.5,570.697,43.0,enzymatic_confirmed,False,,none,False,True,True
ARCARXWHGBXYFM-WZVKSPBRSA-N,Cc1c(-c2cc3ccc(-c4ccc5c(c4)CNC5=O)cc3n2CC2CC2)nn2cc(C(=O)N3CC4CCC3[C@@H]4N)ccc12,7.920818753952375,7.920818753952375,7.920818753952375,2,bindingdb|pubchem_confirmatory,0.5,570.697,43.0,enzymatic_confirmed,False,,none,False,True,True
HNWYKTQSJBFCGK-QREUFCTJSA-N,Cc1c(-c2cc3ccc(N4CC(F)(CO)C4)cc3n2CC2CC2)nn2cc(C(=O)N3CC4CCC3[C@@H]4N)ccc12,6.220403508742176,6.220403508742176,6.220403508742176,2,bindingdb|pubchem_confirmatory,0.5,542.659,40.0,enzymatic_confirmed,False,,none,False,True,True
QKEOGPVMLXQGKG-DNQXCXABSA-N,Cc1c(-c2cc3ccc(-c4cccc(O)c4F)cc3n2CC2CC2)nn2cc(C(=O)N3C[C@H](N)C[C@@H](F)C3)ccc12,6.172630726946174,6.172630726946174,6.172630726946174,2,bindingdb|pubchem_confirmatory,0.5,555.629,41.0,enzymatic_confirmed,False,,none,False,True,True
RYVHQTFSLWDVJB-JWQCQUIFSA-N,Cc1c(-c2cc3ccc(-c4ccc(C(N)=O)c(F)c4)cc3n2CC2CC2)nn2cc(C(=O)N3C[C@H](N)C[C@@H](F)C3)ccc12,6.657577319177793,6.657577319177793,6.657577319177793,2,bindingdb|pubchem_confirmatory,0.5,582.655,43.0,enzymatic_confirmed,False,,none,False,True,True
JGSQWICXEUDAFK-JWQCQUIFSA-N,Cc1c(-c2cc3ccc(-c4ccc(O)c(F)c4)cc3n2CC2CC2)nn2cc(C(=O)N3C[C@H](N)C[C@@H](F)C3)ccc12,6.029653123769906,6.029653123769906,6.029653123769906,2,bindingdb|pubchem_confirmatory,0.5,555.629,41.0,enzymatic_confirmed,False,,none,False,True,True
RVNJCCFEDWRUFU-KAYWLYCHSA-N,Cc1c(-c2cc3ccc(-c4ccc5c(c4)CNC5=O)cc3n2CC2CC2)nn2cc(C(=O)N3C[C@H](N)C[C@@H](F)C3)ccc12,6.876148359032914,6.876148359032914,6.876148359032914,2,bindingdb|pubchem_confirmatory,0.5,576.676,43.0,enzymatic_confirmed,False,,none,False,True,True
ZAPQTRQNQJRORK-UWDVWBIHSA-N,Cc1c(-c2cc3ccc(-c4ccc5c(c4)C(=O)NC5)cc3n2CC2CC2)nn2cc(C(=O)C3C[C@H](N)C[C@@H](F)C3)ccc12,6.230622673923861,6.230622673923861,6.230622673923861,2,bindingdb|pubchem_confirmatory,0.5,575.688,43.0,enzymatic_confirmed,False,,none,False,True,True
KRKPGPVWOGSSNU-LTFVAXTNSA-N,COc1cc(C(=O)N2CC3CCC2[C@@H]3N)cn2nc(-c3cc4ccc(C(C)(C)O)cc4n3CC3CC3)c(C)c12,7.522878745280337,7.522878745280337,7.522878745280337,2,bindingdb|pubchem_confirmatory,0.5,527.669,39.0,enzymatic_confirmed,False,,none,False,True,True
OSIDIFXRSRXJHO-DHIUTWEWSA-N,COc1cc(C(=O)N2C[C@H](N)C[C@@H](F)C2)cn2nc(-c3cc4ccc(C(C)(C)O)cc4n3CC3CC3)c(C)c12,7.853871964321762,7.853871964321762,7.853871964321762,2,bindingdb|pubchem_confirmatory,0.5,533.648,39.0,enzymatic_confirmed,False,,none,False,True,True
MICHKNNGIUGSKT-ZNRVYKQOSA-N,COc1cc(C(=O)N2C[C@H](N)C[C@@H](F)C2)cn2nc(-c3cc4ccc(C(C)(O)C(F)(F)F)cc4n3CC3CC3)c(C)c12,6.512861624522813,6.512861624522813,6.512861624522813,2,bindingdb|pubchem_confirmatory,0.5,587.618,42.0,enzymatic_confirmed,False,,none,False,True,True
KQBCQOMQWJOBNL-LGYSXGNESA-N,Cc1c(-c2cc3ccc(C(C)(C)O)cc3n2CC2CC2)nn2cc(C(=O)N3CC4CCC3[C@@H]4N)ccc12,7.443697499232712,7.443697499232712,7.443697499232712,2,bindingdb|pubchem_confirmatory,0.5,497.643,37.0,enzymatic_confirmed,False,,none,False,True,True
IQFZRAHCMOCJEW-RPIHGYCXSA-N,Cc1c(-c2cc3ccc(C(C)(O)C(F)(F)F)cc3n2CC2CC2)nn2cc(C(=O)N3CC4CCC3[C@@H]4N)ccc12,7.958607314841775,7.958607314841775,7.958607314841775,2,bindingdb|pubchem_confirmatory,0.5,551.613,40.0,enzymatic_confirmed,False,,none,False,True,True
NAJQUSSFNQOLTO-OWZGOFHBSA-N,Cc1c(-c2cc3ccc(C(C)(C)O)nc3n2CC2CC2)nn2cc(C(=O)N3CC4CCC3[C@@H]4N)ccc12,7.920818753952375,7.920818753952375,7.920818753952375,2,bindingdb|pubchem_confirmatory,0.5,498.631,37.0,enzymatic_confirmed,False,,none,False,True,True
AEPXHBGZAJNWCD-CQIJPRSPSA-N,Cc1c(-c2cc3ccc(C(C)(O)C(F)(F)F)nc3n2CC2CC2)nn2cc(C(=O)N3CC4CCC3[C@@H]4N)ccc12,7.468521082957745,7.468521082957745,7.468521082957745,2,bindingdb|pubchem_confirmatory,0.5,552.601,40.0,enzymatic_confirmed,False,,none,False,True,True
PBCNIWXQYOQSRR-WSEHWORBSA-N,Cc1c(-c2cc3ccc(C(C)O)nc3n2CC2CC2)nn2cc(C(=O)N3CC4CCC3[C@@H]4N)ccc12,7.6020599913279625,7.6020599913279625,7.6020599913279625,2,bindingdb|pubchem_confirmatory,0.5,484.604,36.0,enzymatic_confirmed,False,,none,False,True,True
POAWXFFJITUGHV-NHCUHLMSSA-N,Cc1c(-c2cc3ccc(C(C)(C)O)nc3n2CC2CC2)nn2cc(C(=O)N3C[C@H](N)C[C@@H](F)C3)ccc12,6.97061622231479,6.97061622231479,6.97061622231479,2,bindingdb|pubchem_confirmatory,0.5,504.61,37.0,enzymatic_confirmed,False,,none,False,True,True
UABWDNSSGISSPD-RZDHNTQGSA-N,Cc1c(-c2cc3ccc(C(C)(O)C(F)(F)F)nc3n2CC2CC2)nn2cc(C(=O)N3C[C@H](N)C[C@@H](F)C3)ccc12,6.650862711662816,6.650862711662816,6.650862711662816,2,bindingdb|pubchem_confirmatory,0.5,558.58,40.0,enzymatic_confirmed,False,,none,False,True,True
NCYYXRBGQIBVID-QYGXFBIXSA-N,Cc1c(-c2cc3ccc(Cl)nc3n2CC2CC2)nn2cc(C(=O)N3CC4CCC3[C@@H]4N)cnc12,6.042392712939905,6.042392712939905,6.042392712939905,2,bindingdb|pubchem_confirmatory,0.5,475.984,34.0,enzymatic_confirmed,False,,none,False,True,True
NDOZHNQYMHXLRT-UCDZCMRKSA-N,CCC1CN(C(=O)c2cnc3c(C)c(-c4cc5ccc(-c6cccc(O)c6F)nc5n4CC4CC4)nn3c2)C(CC)[C@@H]1N,6.534617148551582,6.534617148551582,6.534617148551582,2,bindingdb|pubchem_confirmatory,0.5,581.696,43.0,enzymatic_confirmed,False,,none,False,True,True
QMJLQPIVHPNBBG-GESQXHNISA-N,Cc1c(-c2cc3ccc(-c4ccc5c(c4)C(=O)NC5)nc3n2CC2CC2)nn2cc(C(=O)N3CC4CCC3[C@@H]4N)cnc12,5.984221243610959,5.984221243610959,5.984221243610959,2,bindingdb|pubchem_confirmatory,0.5,572.673,43.0,enzymatic_confirmed,False,,none,False,True,True
PEMSBPMDBFZNNE-LGYSXGNESA-N,Cc1c(-c2cc3ccc(-c4ccc(O)c(F)c4)nc3n2CC2CC2)nn2cc(C(=O)N3CC4CCC3[C@@H]4N)cnc12,4.823908740944319,4.823908740944319,4.823908740944319,2,bindingdb|pubchem_confirmatory,0.5,551.626,41.0,enzymatic_confirmed,False,,none,False,True,True
BZUARQADRSOWDN-DNZRUQJHSA-N,Cc1c(-c2cc3ccc(-c4ccc(C(N)=O)c(F)c4)nc3n2CC2CC2)nn2cc(C(=O)N3CC4CCC3[C@@H]4N)cnc12,6.242603971206975,6.242603971206975,6.242603971206975,2,bindingdb|pubchem_confirmatory,0.5,578.652,43.0,enzymatic_confirmed,False,,none,False,True,True
UEDMEDWCDGUTJA-OWZGOFHBSA-N,CCC1CN(C(=O)c2cn3nc(-c4cc5ccccc5n4CC4CC4)c(C)c3c(OC)n2)C(CC)[C@@H]1N,6.548213564475709,6.548213564475709,6.548213564475709,2,bindingdb|pubchem_confirmatory,0.5,500.647,37.0,enzymatic_confirmed,False,,none,False,True,True
CLBNQSBDXXHWNP-RTBURBONSA-N,COc1nc(C(=O)N2C[C@H](N)C[C@@H](F)C2)cn2nc(-c3cc4ccccc4n3CC3CC3)c(C)c12,5.400662867007511,5.400662867007511,5.400662867007511,2,bindingdb|pubchem_confirmatory,0.5,476.556,35.0,enzymatic_confirmed,False,,none,False,True,True
WBYSEZLDVJBVIW-CNBHCMJISA-N,COc1nc(C(=O)N2CC3CCC2[C@@H]3N)cn2nc(-c3cc4cccnc4n3CC3CC3)c(C)c12,5.472241247479028,5.472241247479028,5.472241247479028,2,bindingdb|pubchem_confirmatory,0.5,471.565,35.0,enzymatic_confirmed,False,,none,False,True,True
DUGOGYQZCDKYMG-UHFFFAOYSA-N,COc1nc(C(=O)N2CC3(CNC3)C2)cn2nc(-c3cc4cccnc4n3CC3CC3)c(C)c12,4.641284886197869,4.641284886197869,4.641284886197869,2,bindingdb|pubchem_confirmatory,0.5,457.538,34.0,enzymatic_confirmed,False,,none,False,True,True
KUBYIASRCJQGFU-MRXNPFEDSA-N,COc1nc(C(=O)NC[C@H](F)CN)cn2nc(-c3cc4cccnc4n3CC3CC3)c(C)c12,4.823908740944319,4.823908740944319,4.823908740944319,2,bindingdb|pubchem_confirmatory,0.5,451.506,33.0,enzymatic_confirmed,False,,none,False,True,True
ZNBAYYQJZBTASR-XTMOMDIJSA-N,COc1cc(C(=O)N2CC3CCC2[C@@H]3N)cc2sc(-c3cc4ccccc4n3CC3CC3)c(C)c12,6.804100347590767,6.804100347590767,6.804100347590767,2,bindingdb|pubchem_confirmatory,0.5,485.653,35.0,enzymatic_confirmed,False,,none,False,True,True
COCXMFIOZAWLCR-NOKYJCPASA-N,COc1cc(C(=O)N2CC3CCC2[C@@H]3N)cc2sc(-c3cc4cccnc4n3CC3CC3)c(C)c12,7.075720713938118,7.075720713938118,7.075720713938118,2,bindingdb|pubchem_confirmatory,0.5,486.641,35.0,enzymatic_confirmed,False,,none,False,True,True
UICJDXRVZARMJQ-PCMMOIKVSA-N,COc1cc(C(=O)N2CC3CCC2[C@@H]3N)cc2sc(-c3cc4ccc(-c5ccc6c(c5)C(=O)NC6)cc4n3CC3CC3)c(C)c12,6.6020599913279625,6.6020599913279625,6.6020599913279625,2,bindingdb|pubchem_confirmatory,0.5,616.787,45.0,enzymatic_confirmed,False,,none,False,True,True
UWILLTGTIVWKCC-WGDRDRTISA-N,COc1cc(C(=O)N2CC3CCC2[C@@H]3N)cc2sc(-c3cc4ccc(-c5cccc(O)c5F)cc4n3CC3CC3)c(C)c12,5.824198367151721,5.824198367151721,5.824198367151721,2,bindingdb|pubchem_confirmatory,0.5,595.74,43.0,enzymatic_confirmed,False,,none,False,True,True
PCPXMAYTHLEUQW-CTTIVYBISA-N,COc1cc(C(=O)N2CC3CCC2[C@@H]3N)cc2sc(-c3cc4ccc(-c5ccn6c(C)nnc6c5)cc4n3CC3CC3)c(C)c12,7.167491087293763,7.167491087293763,7.167491087293763,2,bindingdb|pubchem_confirmatory,0.5,616.791,45.0,enzymatic_confirmed,False,,none,False,True,True
UFUJZEFGLWTWFP-JFYRUQIUSA-N,COc1cc(C(=O)N2CC3CCC2[C@@H]3N)cc2sc(-c3cc4ccc(-c5ccc(O)c(F)c5)cc4n3CC3CC3)c(C)c12,6.295662978604415,6.295662978604415,6.295662978604415,2,bindingdb|pubchem_confirmatory,0.5,595.74,43.0,enzymatic_confirmed,False,,none,False,True,True
WOVXEPZFWJLPNK-JIUSLJTMSA-N,COc1cc(C(=O)N2CC3CCC2[C@@H]3N)cc2sc(-c3cc4ccc(-c5ccc(C(N)=O)c(Cl)c5)cc4n3CC3CC3)c(C)c12,6.384049948343598,6.384049948343598,6.384049948343598,2,bindingdb|pubchem_confirmatory,0.5,639.221,45.0,enzymatic_confirmed,False,,none,False,True,True
MAKFNTVGMPRZJE-MKFOLIAMSA-N,COc1cc(C(=O)N2CC3CCC2[C@@H]3N)cc2sc(-c3cc4ccc(-c5ccc6c(c5)CNC6=O)cc4n3CC3CC3)c(C)c12,6.913640169325252,6.913640169325252,6.913640169325252,2,bindingdb|pubchem_confirmatory,0.5,616.787,45.0,enzymatic_confirmed,False,,none,False,True,True
LUTCYBOUQVTJML-BLHVWRTFSA-N,COc1cc(C(=O)N2CC3CCC2[C@@H]3N)cc2sc(-c3cc4ccc(C)cc4n3CC3CC3)c(C)c12,7.008773924307505,7.008773924307505,7.008773924307505,2,bindingdb|pubchem_confirmatory,0.5,499.68,36.0,enzymatic_confirmed,False,,none,False,True,True
ILOAQSSOOLEGJD-MKFOLIAMSA-N,COc1cc(C(=O)N2CC3CCC2[C@@H]3N)cc2sc(-c3cc4ccc(-c5cccc(F)c5C)cc4n3CC3CC3)c(C)c12,5.36211018341921,5.36211018341921,5.36211018341921,2,bindingdb|pubchem_confirmatory,0.5,593.768,43.0,enzymatic_confirmed,False,,none,False,True,True
CYOCPVFHUBDEAY-MMARFKFQSA-N,COc1cc(-c2ccc3cc(-c4sc5cc(C(=O)N6CC7CCC6[C@@H]7N)cc(OC)c5c4C)n(CC4CC4)c3c2)ccn1,6.424812155072339,6.424812155072339,6.424812155072339,2,bindingdb|pubchem_confirmatory,0.5,592.765,43.0,enzymatic_confirmed,False,,none,False,True,True
RVPJDRQKRKDWEX-WDGDBDAFSA-N,COc1cc(C(=O)N2CC3CCC2[C@@H]3N)cc2sc(-c3cc4ccc(N5CCC(N)CC5)cc4n3CC3CC3)c(C)c12,7.42021640338319,7.42021640338319,7.42021640338319,2,bindingdb|pubchem_confirmatory,0.5,583.802,42.0,enzymatic_confirmed,False,,none,False,True,True
STCGCWPMTPMYLL-JIUSLJTMSA-N,COc1cc(C(=O)N2CC3CCC2[C@@H]3N)cc2sc(-c3cc4ccc(N5CCC(OC)CC5)cc4n3CC3CC3)c(C)c12,6.835647144215563,6.835647144215563,6.835647144215563,2,bindingdb|pubchem_confirmatory,0.5,598.813,43.0,enzymatic_confirmed,False,,none,False,True,True
NOTKZBFUCKDKMK-FKGNFIDKSA-N,COc1cc(C(=O)N2CC3CCC2[C@@H]3N)cc2sc(-c3cc4ccc(-c5ccc6c(c5)CNC6=O)nc4n3CC3CC3)c(C)c12,6.3223930472795065,6.3223930472795065,6.3223930472795065,2,bindingdb|pubchem_confirmatory,0.5,617.775,45.0,enzymatic_confirmed,False,,none,False,True,True
GMPHZLNVRHCXMI-UJSRUBBISA-N,COc1cc(C(=O)N2CC3CCC2[C@@H]3N)cc2sc(-c3cc4ccc(-c5ccc(C(N)=O)c(F)c5)nc4n3CC3CC3)c(C)c12,6.889410289700751,6.889410289700751,6.889410289700751,2,bindingdb|pubchem_confirmatory,0.5,623.754,45.0,enzymatic_confirmed,False,,none,False,True,True
AODLNZDCRCWXAT-QDBUNJQASA-N,COc1cc(C(=O)N2CC3CCC2[C@@H]3N)cc2sc(-c3cc4ccc(-c5cccc(O)c5F)nc4n3CC3CC3)c(C)c12,6.673664139071248,6.673664139071248,6.673664139071248,2,bindingdb|pubchem_confirmatory,0.5,596.728,43.0,enzymatic_confirmed,False,,none,False,True,True
HNNGZQDOFRZSED-IKXBFRDRSA-N,COc1cc(C(=O)N2CC3CCC2[C@@H]3N)cc2sc(-c3cc4ccc(-c5ccc6c(c5)C(=O)NC6)nc4n3CC3CC3)c(C)c12,6.632644078973981,6.632644078973981,6.632644078973981,2,bindingdb|pubchem_confirmatory,0.5,617.775,45.0,enzymatic_confirmed,False,,none,False,True,True
OBNJSRJTGNAMKJ-CNBRWIIDSA-N,COc1cc(C(=O)N2CC3CCC2[C@@H]3N)cc2sc(-c3cc4ccc(-c5ccc(O)c(F)c5)nc4n3CC3CC3)c(C)c12,6.151810883008601,6.151810883008601,6.151810883008601,2,bindingdb|pubchem_confirmatory,0.5,596.728,43.0,enzymatic_confirmed,False,,none,False,True,True
CVXUXRJDUNLXCO-IHEGYKPESA-N,COc1cc(C(=O)N2CC3CCC2[C@@H]3N)cc2sc(-c3cc4ccc(N5CCC(OC)CC5)nc4n3CC3CC3)c(C)c12,7.1487416512809245,7.1487416512809245,7.1487416512809245,2,bindingdb|pubchem_confirmatory,0.5,599.801,43.0,enzymatic_confirmed,False,,none,False,True,True
VPXGXLHENYKVLJ-WOJBJXKFSA-N,COc1cc(C(=O)N2C[C@H](N)C[C@@H](F)C2)cc2sc(-c3cc4cccnc4n3CC3CC3)c(C)c12,6.598599459218455,6.598599459218455,6.598599459218455,2,bindingdb|pubchem_confirmatory,0.5,492.62,35.0,enzymatic_confirmed,False,,none,False,True,True
CEFCJDUVZSHMNB-JWQCQUIFSA-N,COc1cc(C(=O)N2C[C@H](N)C[C@@H](F)C2)cc2sc(-c3cc4ccc(-c5ccc6c(c5)CNC6=O)nc4n3CC3CC3)c(C)c12,6.703334809738469,6.703334809738469,6.703334809738469,2,bindingdb|pubchem_confirmatory,0.5,623.754,45.0,enzymatic_confirmed,False,,none,False,True,True
MSRCQHVRHYQCMN-JWQCQUIFSA-N,COc1cc(C(=O)N2C[C@H](N)C[C@@H](F)C2)cc2sc(-c3cc4ccc(-c5ccc6c(c5)C(=O)NC6)nc4n3CC3CC3)c(C)c12,6.460923901207224,6.460923901207224,6.460923901207224,2,bindingdb|pubchem_confirmatory,0.5,623.754,45.0,enzymatic_confirmed,False,,none,False,True,True
CMMYMUZJKMPPSW-DHIUTWEWSA-N,COc1cc(C(=O)N2C[C@H](N)C[C@@H](F)C2)cc2sc(-c3cc4ccc(-c5ccc(C(N)=O)c(F)c5)nc4n3CC3CC3)c(C)c12,6.747146969020107,6.747146969020107,6.747146969020107,2,bindingdb|pubchem_confirmatory,0.5,629.733,45.0,enzymatic_confirmed,False,,none,False,True,True
BTNYWUBMJJLQKU-DNQXCXABSA-N,COc1cc(C(=O)N2C[C@H](N)C[C@@H](F)C2)cc2sc(-c3cc4ccc(N5CCC(OC)CC5)nc4n3CC3CC3)c(C)c12,6.192464971931146,6.192464971931146,6.192464971931146,2,bindingdb|pubchem_confirmatory,0.5,605.78,43.0,enzymatic_confirmed,False,,none,False,True,True
DFRCFJCMQDGHRO-KAYWLYCHSA-N,COc1cc(C(=O)N2C[C@H](N)C[C@@H](F)C2)cc2sc(-c3cc4ccc(-c5ccc6c(c5)C(=O)NC6)cc4n3CC3CC3)c(C)c12,6.230622673923861,6.230622673923861,6.230622673923861,2,bindingdb|pubchem_confirmatory,0.5,622.766,45.0,enzymatic_confirmed,False,,none,False,True,True
QSZMSKGCJFDZFK-KAYWLYCHSA-N,COc1cc(C(=O)N2C[C@H](N)C[C@@H](F)C2)cc2sc(-c3cc4ccc(-c5ccc6c(c5)CNC6=O)cc4n3CC3CC3)c(C)c12,6.785156151952302,6.785156151952302,6.785156151952302,2,bindingdb|pubchem_confirmatory,0.5,622.766,45.0,enzymatic_confirmed,False,,none,False,True,True
WCNVOYAEMGASOB-NOKYJCPASA-N,COc1cc(C(=O)N2CC3CCC2[C@@H]3N)cc2oc(-c3cc4cccnc4n3CC3CC3)c(C)c12,6.54515513999149,6.54515513999149,6.54515513999149,2,bindingdb|pubchem_confirmatory,0.5,470.573,35.0,enzymatic_confirmed,False,,none,False,True,True
GRQYJPFSBYFLKX-WKBCRJLYSA-N,COc1cc(C(=O)N2CC3CCC2[C@@H]3N)cc2oc(-c3cc4ccc(Cl)nc4n3CC3CC3)c(C)c12,5.917214629683549,5.917214629683549,5.917214629683549,2,bindingdb|pubchem_confirmatory,0.5,505.018,36.0,enzymatic_confirmed,False,,none,False,True,True
SIRWCTXBNDIKLO-WOJBJXKFSA-N,COc1cc(C(=O)N2C[C@H](N)C[C@@H](F)C2)cc2oc(-c3cc4cccnc4n3CC3CC3)c(C)c12,6.020451625295905,6.020451625295905,6.020451625295905,2,bindingdb|pubchem_confirmatory,0.5,476.552,35.0,enzymatic_confirmed,False,,none,False,True,True
JAQXEUXBNPEXPR-XTMOMDIJSA-N,COc1cc(C(=O)N2CC3CCC2[C@@H]3N)cc2oc(-c3cc4ccccc4n3CC3CC3)c(C)c12,6.354577730650908,6.354577730650908,6.354577730650908,2,bindingdb|pubchem_confirmatory,0.5,469.585,35.0,enzymatic_confirmed,False,,none,False,True,True
CYZCLBFPQUQZFG-MKFOLIAMSA-N,COc1cc(C(=O)N2CC3CCC2[C@@H]3N)cc2oc(-c3cc4ccc(-c5ccc6c(c5)CNC6=O)cc4n3CC3CC3)c(C)c12,6.954677021213342,6.954677021213342,6.954677021213342,2,bindingdb|pubchem_confirmatory,0.5,600.719,45.0,enzymatic_confirmed,False,,none,False,True,True
PEDHKVPQEVDWMG-PCMMOIKVSA-N,COc1cc(C(=O)N2CC3CCC2[C@@H]3N)cc2oc(-c3cc4ccc(-c5ccc6c(c5)C(=O)NC6)cc4n3CC3CC3)c(C)c12,6.7281583934635005,6.7281583934635005,6.7281583934635005,2,bindingdb|pubchem_confirmatory,0.5,600.719,45.0,enzymatic_confirmed,False,,none,False,True,True
AJIIPRWRKKMBEX-BLHVWRTFSA-N,COc1cc(C(=O)N2CC3CCC2[C@@H]3N)cc2oc(-c3cc4ccc(C)cc4n3CC3CC3)c(C)c12,6.488116639021126,6.488116639021126,6.488116639021126,2,bindingdb|pubchem_confirmatory,0.5,483.612,36.0,enzymatic_confirmed,False,,none,False,True,True
KTCRRXBJPFQLPB-JIUSLJTMSA-N,COc1cc(C(=O)N2CC3CCC2[C@@H]3N)cc2oc(-c3cc4ccc(-c5ccc(C(N)=O)c(F)c5)cc4n3CC3CC3)c(C)c12,6.71669877129645,6.71669877129645,6.71669877129645,2,bindingdb|pubchem_confirmatory,0.5,606.698,45.0,enzymatic_confirmed,False,,none,False,True,True
JEKVEEQHCFMZPV-JIUSLJTMSA-N,COc1cc(C(=O)N2CC3CCC2[C@@H]3N)cc2oc(-c3cc4ccc(-c5ccc(C(N)=O)c(Cl)c5)cc4n3CC3CC3)c(C)c12,6.202040356262804,6.202040356262804,6.202040356262804,2,bindingdb|pubchem_confirmatory,0.5,623.153,45.0,enzymatic_confirmed,False,,none,False,True,True
UCEYJQBEAJMKDC-JFYRUQIUSA-N,COc1cc(C(=O)N2CC3CCC2[C@@H]3N)cc2oc(-c3cc4ccc(-c5ccc(O)c(F)c5)cc4n3CC3CC3)c(C)c12,5.99439055463972,5.99439055463972,5.99439055463972,2,bindingdb|pubchem_confirmatory,0.5,579.672,43.0,enzymatic_confirmed,False,,none,False,True,True
AFZOLKLTKSQWLA-WGDRDRTISA-N,COc1cc(C(=O)N2CC3CCC2[C@@H]3N)cc2oc(-c3cc4ccc(-c5cccc(O)c5F)cc4n3CC3CC3)c(C)c12,5.97061622231479,5.97061622231479,5.97061622231479,2,bindingdb|pubchem_confirmatory,0.5,579.672,43.0,enzymatic_confirmed,False,,none,False,True,True
GHPKJQPIFUGYGL-PMZKYIBISA-N,COc1cc(C(=O)N2CC3CCC2[C@@H]3N)cc2oc(-c3cc4ccc(C5CC5)cc4n3CC3CC3)c(C)c12,6.761953896871205,6.761953896871205,6.761953896871205,2,bindingdb|pubchem_confirmatory,0.5,509.65,38.0,enzymatic_confirmed,False,,none,False,True,True
QZCWIJDDDCKWNU-CTTIVYBISA-N,COc1cc(C(=O)N2CC3CCC2[C@@H]3N)cc2oc(-c3cc4ccc(-c5ccn6c(C)nnc6c5)cc4n3CC3CC3)c(C)c12,7.022276394711152,7.022276394711152,7.022276394711152,2,bindingdb|pubchem_confirmatory,0.5,600.723,45.0,enzymatic_confirmed,False,,none,False,True,True
GZRIKJQVAXILPI-PCMMOIKVSA-N,COCC1CCN(c2ccc3cc(-c4oc5cc(C(=O)N6CC7CCC6[C@@H]7N)cc(OC)c5c4C)n(CC4CC4)c3c2)CC1,5.902395671125589,5.902395671125589,5.902395671125589,2,bindingdb|pubchem_confirmatory,0.5,596.772,44.0,enzymatic_confirmed,False,,none,False,True,True
YWXCIZQGGSWBRZ-JIUSLJTMSA-N,COc1cc(C(=O)N2CC3CCC2[C@@H]3N)cc2oc(-c3cc4ccc(N5CCC(OC)CC5)cc4n3CC3CC3)c(C)c12,5.916139199133427,5.916139199133427,5.916139199133427,2,bindingdb|pubchem_confirmatory,0.5,582.745,43.0,enzymatic_confirmed,False,,none,False,True,True
SDFUHOMTNVQXOK-WDGDBDAFSA-N,COc1cc(C(=O)N2CC3CCC2[C@@H]3N)cc2oc(-c3cc4ccc(N5CCC(N)CC5)cc4n3CC3CC3)c(C)c12,7.318758762624412,7.318758762624412,7.318758762624412,2,bindingdb|pubchem_confirmatory,0.5,567.734,42.0,enzymatic_confirmed,False,,none,False,True,True
VAICVMCVQIKRLM-NHCUHLMSSA-N,COc1cc(C(=O)N2C[C@H](N)C[C@@H](F)C2)cc2oc(-c3cc4ccccc4n3CC3CC3)c(C)c12,6.3124710387853655,6.3124710387853655,6.3124710387853655,2,bindingdb|pubchem_confirmatory,0.5,475.564,35.0,enzymatic_confirmed,False,,none,False,True,True
JQVWMXOMKVCDMK-JWQCQUIFSA-N,COc1cc(C(=O)N2C[C@H](N)C[C@@H](F)C2)cc2oc(-c3cc4ccc(-c5ccc(C(N)=O)c(Cl)c5)cc4n3CC3CC3)c(C)c12,5.640543979879014,5.640543979879014,5.640543979879014,2,bindingdb|pubchem_confirmatory,0.5,629.132,45.0,enzymatic_confirmed,False,,none,False,True,True
DJBYETYTSCWPFP-DNQXCXABSA-N,COc1cc(C(=O)N2C[C@H](N)C[C@@H](F)C2)cc2oc(-c3cc4ccc(-c5cccc(O)c5F)cc4n3CC3CC3)c(C)c12,5.252743602557856,5.252743602557856,5.252743602557856,2,bindingdb|pubchem_confirmatory,0.5,585.651,43.0,enzymatic_confirmed,False,,none,False,True,True
TWAPHFBDQWQATJ-NFDBJIOVSA-N,Cc1c(-c2cc3cccnc3n2CC2CC2)oc2cc(C(=O)N3CC4CCC3[C@@H]4N)ccc12,6.204119982655925,6.204119982655925,6.204119982655925,2,bindingdb|pubchem_confirmatory,0.5,440.547,33.0,enzymatic_confirmed,False,,none,False,True,True
SGQZAKINKBAOBI-SCPLRKQGSA-N,Cc1c(-c2cc3ccc(Cl)nc3n2CC2CC2)oc2cc(C(=O)N3CC4CCC3[C@@H]4N)ccc12,6.703334809738469,6.703334809738469,6.703334809738469,2,bindingdb|pubchem_confirmatory,0.5,474.992,34.0,enzymatic_confirmed,False,,none,False,True,True
JQAXWVNWOAPWJR-QYHPCCJNSA-N,Cc1c(-c2cc3ccc(-c4ccc5c(c4)C(=O)NC5)nc3n2CC2CC2)oc2cc(C(=O)N3CC4CCC3[C@@H]4N)ccc12,7.251811972993799,7.251811972993799,7.251811972993799,2,bindingdb|pubchem_confirmatory,0.5,571.681,43.0,enzymatic_confirmed,False,,none,False,True,True
FPJLYKYEPVVTSU-MOBAFLLYSA-N,Cc1c(-c2cc3ccc(-c4ccn5c(C)nnc5c4)nc3n2CC2CC2)oc2cc(C(=O)N3CC4CCC3[C@@H]4N)ccc12,7.346787486224656,7.346787486224656,7.346787486224656,2,bindingdb|pubchem_confirmatory,0.5,571.685,43.0,enzymatic_confirmed,False,,none,False,True,True
PDNLGXZOAZNKIK-SGAJGPLNSA-N,Cc1c(-c2cc3ccc(-c4ccc5c(c4)CNC5=O)nc3n2CC2CC2)oc2cc(C(=O)N3CC4CCC3[C@@H]4N)ccc12,7.327902142064282,7.327902142064282,7.327902142064282,2,bindingdb|pubchem_confirmatory,0.5,571.681,43.0,enzymatic_confirmed,False,,none,False,True,True
WVEOHYANMDQZDU-VDOBOPNRSA-N,Cc1c(-c2cc3ccc(-c4cccc(O)c4F)nc3n2CC2CC2)oc2cc(C(=O)N3CC4CCC3[C@@H]4N)ccc12,6.7423214251308154,6.7423214251308154,6.7423214251308154,2,bindingdb|pubchem_confirmatory,0.5,550.634,41.0,enzymatic_confirmed,False,,none,False,True,True
UZLOBDQJNXMOCW-STHVYQTBSA-N,Cc1c(-c2cc3ccc(-c4ccc(C(N)=O)c(F)c4)nc3n2CC2CC2)oc2cc(C(=O)N3CC4CCC3[C@@H]4N)ccc12,6.8696662315049934,6.8696662315049934,6.8696662315049934,2,bindingdb|pubchem_confirmatory,0.5,577.66,43.0,enzymatic_confirmed,False,,none,False,True,True
MAPJZXDVJGPLNB-XBEWDXHHSA-N,Cc1ccc2cc(-c3oc4cc(C(=O)N5CC6CCC5[C@@H]6N)ccc4c3C)n(CC3CC3)c2n1,7.119186407719209,7.119186407719209,7.119186407719209,2,bindingdb|pubchem_confirmatory,0.5,454.574,34.0,enzymatic_confirmed,False,,none,False,True,True
PXOOLNADBLBDGP-WMXNZVEGSA-N,COc1cc(-c2ccc3cc(-c4oc5cc(C(=O)N6CC7CCC6[C@@H]7N)ccc5c4C)n(CC4CC4)c3n2)ccn1,5.056851870641437,5.056851870641437,5.056851870641437,2,bindingdb|pubchem_confirmatory,0.5,547.659,41.0,enzymatic_confirmed,False,,none,False,True,True
DJNAOPCJJPIXBC-KNFYQODVSA-N,COC1CN(c2ccc3cc(-c4oc5cc(C(=O)N6CC7CCC6[C@@H]7N)ccc5c4C)n(CC4CC4)c3n2)C1,7.045757490560675,7.045757490560675,7.045757490560675,2,bindingdb|pubchem_confirmatory,0.5,525.653,39.0,enzymatic_confirmed,False,,none,False,True,True
AOPRHCXTDZOPCA-WOJBJXKFSA-N,Cc1c(-c2cc3cccnc3n2CC2CC2)oc2cc(C(=O)N3C[C@H](N)C[C@@H](F)C3)ccc12,6.690369832574101,6.690369832574101,6.690369832574101,2,bindingdb|pubchem_confirmatory,0.5,446.526,33.0,enzymatic_confirmed,False,,none,False,True,True
GIKCZRSWNXCSEE-DHIUTWEWSA-N,Cc1c(-c2cc3ccc(-c4ccc(C(N)=O)c(F)c4)nc3n2CC2CC2)oc2cc(C(=O)N3C[C@H](N)C[C@@H](F)C3)ccc12,6.080921907623926,6.080921907623926,6.080921907623926,2,bindingdb|pubchem_confirmatory,0.5,583.639,43.0,enzymatic_confirmed,False,,none,False,True,True
YAKMEJDUURJVAG-CVOKNGKCSA-N,Cc1c(-c2cc3ccccc3n2CC2CC2)oc2cc(C(=O)N3CC4CCC3[C@@H]4C)ccc12,6.6401645176601125,6.6401645176601125,6.6401645176601125,2,bindingdb|pubchem_confirmatory,0.5,438.571,33.0,enzymatic_confirmed,False,,none,False,True,True
PMEXMUMJMDQZAA-XYUGXJJYSA-N,Cc1c(-c2cc3ccc(-c4ccc5c(c4)C(=O)NC5)cc3n2CC2CC2)oc2cc(C(=O)N3CC4CCC3[C@@H]4N)ccc12,7.161150909262744,7.161150909262744,7.161150909262744,2,bindingdb|pubchem_confirmatory,0.5,570.693,43.0,enzymatic_confirmed,False,,none,False,True,True
KDLUIAOGIDWVHT-ZTFYXODMSA-N,Cc1c(-c2cc3ccc(-c4ccc5c(c4)CNC5=O)cc3n2CC2CC2)oc2cc(C(=O)N3CC4CCC3[C@@H]4N)ccc12,6.815308569182401,6.815308569182401,6.815308569182401,2,bindingdb|pubchem_confirmatory,0.5,570.693,43.0,enzymatic_confirmed,False,,none,False,True,True
QKTXMWGUJUVNRS-VCKMPICQSA-N,Cc1c(-c2cc3ccc(-c4ccn5c(C)nnc5c4)cc3n2CC2CC2)oc2cc(C(=O)N3CC4CCC3[C@@H]4N)ccc12,7.455931955649724,7.455931955649724,7.455931955649724,2,bindingdb|pubchem_confirmatory,0.5,570.697,43.0,enzymatic_confirmed,False,,none,False,True,True
HKCNTKQDYVGJOC-VFVRMCIJSA-N,Cc1c(-c2cc3ccc(-c4cnn(C(C)C)c4)cc3n2CC2CC2)oc2cc(C(=O)N3CC4CCC3[C@@H]4N)ccc12,6.657577319177793,6.657577319177793,6.657577319177793,2,bindingdb|pubchem_confirmatory,0.5,547.703,41.0,enzymatic_confirmed,False,,none,False,True,True
KDMSBEOGWJGJSY-YASXMZIQSA-N,Cc1c(-c2cc3ccc(-c4cccc(O)c4F)cc3n2CC2CC2)oc2cc(C(=O)N3CC4CCC3[C@@H]4N)ccc12,6.570247719997592,6.570247719997592,6.570247719997592,2,bindingdb|pubchem_confirmatory,0.5,549.646,41.0,enzymatic_confirmed,False,,none,False,True,True
JGIRAGINAGOHJA-OSCSHELXSA-N,Cc1c(-c2cc3ccc(-c4ccc(O)c(F)c4)cc3n2CC2CC2)oc2cc(C(=O)N3CC4CCC3[C@@H]4N)ccc12,6.0347982989740885,6.0347982989740885,6.0347982989740885,2,bindingdb|pubchem_confirmatory,0.5,549.646,41.0,enzymatic_confirmed,False,,none,False,True,True
RTBRQHJGLKKSKW-PWJCZFGMSA-N,Cc1c(-c2cc3ccc(-c4ccc(C(N)=O)c(Cl)c4)cc3n2CC2CC2)oc2cc(C(=O)N3CC4CCC3[C@@H]4N)ccc12,7.055517327849831,7.055517327849831,7.055517327849831,2,bindingdb|pubchem_confirmatory,0.5,593.127,43.0,enzymatic_confirmed,False,,none,False,True,True
KMWGBLQIEAVFAP-AISLOGHRSA-N,Cc1ccc2cc(-c3oc4cc(C(=O)N5CC6CCC5[C@@H]6N)ccc4c3C)n(CC3CC3)c2c1,7.301029995663981,7.301029995663981,7.301029995663981,2,bindingdb|pubchem_confirmatory,0.5,453.586,34.0,enzymatic_confirmed,False,,none,False,True,True
UZCBFYDFGKWRNX-PWJCZFGMSA-N,Cc1c(-c2cc3ccc(-c4ccc(C(N)=O)c(F)c4)cc3n2CC2CC2)oc2cc(C(=O)N3CC4CCC3[C@@H]4N)ccc12,7.6020599913279625,7.6020599913279625,7.6020599913279625,2,bindingdb|pubchem_confirmatory,0.5,576.672,43.0,enzymatic_confirmed,False,,none,False,True,True
OFIHEFDHYWXPRX-UOLLPAKTSA-N,COc1cc(-c2ccc3cc(-c4oc5cc(C(=O)N6CC7CCC6[C@@H]7N)ccc5c4C)n(CC4CC4)c3c2)ccn1,7.251811972993799,7.251811972993799,7.251811972993799,2,bindingdb|pubchem_confirmatory,0.5,546.671,41.0,enzymatic_confirmed,False,,none,False,True,True
WDJAQBCIWZKCTR-JFTKIIHVSA-N,Cc1c(-c2cc3ccc(C4CC4)cc3n2CC2CC2)oc2cc(C(=O)N3CC4CCC3[C@@H]4N)ccc12,5.809668301829708,5.809668301829708,5.809668301829708,2,bindingdb|pubchem_confirmatory,0.5,479.624,36.0,enzymatic_confirmed,False,,none,False,True,True
UVSNOMMPEVXHSQ-MOBAFLLYSA-N,Cc1cc(-c2ccc3cc(-c4oc5cc(C(=O)N6CC7CCC6[C@@H]7N)ccc5c4C)n(CC4CC4)c3c2)cnc1C(N)=O,7.0915149811213505,7.0915149811213505,7.0915149811213505,2,bindingdb|pubchem_confirmatory,0.5,573.697,43.0,enzymatic_confirmed,False,,none,False,True,True
MYSUBDYQOQCEOB-DGAOCWAPSA-N,COC1CCC(c2ccc3cc(-c4oc5cc(C(=O)N6CC7CCC6[C@@H]7N)ccc5c4C)n(CC4CC4)c3c2)CC1,7.522878745280337,7.522878745280337,7.522878745280337,2,bindingdb|pubchem_confirmatory,0.5,551.731,41.0,enzymatic_confirmed,False,,none,False,True,True
VDXXKUDCVIGQFO-JWJBQAENSA-N,COC1CN(c2ccc3cc(-c4oc5cc(C(=O)N6CC7CCC6[C@@H]7N)ccc5c4C)n(CC4CC4)c3c2)C1,7.236572006437063,7.236572006437063,7.236572006437063,2,bindingdb|pubchem_confirmatory,0.5,524.665,39.0,enzymatic_confirmed,False,,none,False,True,True
QEVRHIQZLDMONN-XBPDSQQVSA-N,Cc1c(-c2cc3ccc(N4CCC(N)CC4)cc3n2CC2CC2)oc2cc(C(=O)N3CC4CCC3[C@@H]4N)ccc12,7.698970004336019,7.698970004336019,7.698970004336019,2,bindingdb|pubchem_confirmatory,0.5,537.708,40.0,enzymatic_confirmed,False,,none,False,True,True
INDHGXNCOWKNAO-WMXNZVEGSA-N,Cc1c(-c2cc3ccc(N4CCNCC4)cc3n2CC2CC2)oc2cc(C(=O)N3CC4CCC3[C@@H]4N)ccc12,7.031517051446065,7.031517051446065,7.031517051446065,2,bindingdb|pubchem_confirmatory,0.5,523.681,39.0,enzymatic_confirmed,False,,none,False,True,True
VOUXMFQXPPJHEC-CAQIZEMESA-N,Cc1c(-c2cc3ccc(N4CCNCC4=O)cc3n2CC2CC2)oc2cc(C(=O)N3CC4CCC3[C@@H]4N)ccc12,6.476253533188435,6.476253533188435,6.476253533188435,2,bindingdb|pubchem_confirmatory,0.5,537.664,40.0,enzymatic_confirmed,False,,none,False,True,True
NGJYXVCSKJHNAT-YHNKWQPZSA-N,Cc1c(C2Cc3ccccc3N2CC2CC2)oc2cc(C(=O)N3C[C@H](N)C[C@@H](F)C3)ccc12,5.7447274948966935,5.7447274948966935,5.7447274948966935,2,bindingdb|pubchem_confirmatory,0.5,447.554,33.0,enzymatic_confirmed,False,,none,False,True,True
DJBXBKTXSGNGRL-KAYWLYCHSA-N,Cc1c(-c2cc3ccc(-c4ccc5c(c4)CNC5=O)cc3n2CC2CC2)oc2cc(C(=O)N3C[C@H](N)C[C@@H](F)C3)ccc12,6.440093374963888,6.440093374963888,6.440093374963888,2,bindingdb|pubchem_confirmatory,0.5,576.672,43.0,enzymatic_confirmed,False,,none,False,True,True
NSBMKRUFBCWBQW-JWQCQUIFSA-N,Cc1c(-c2cc3ccc(-c4ccc(C(N)=O)c(F)c4)cc3n2CC2CC2)oc2cc(C(=O)N3C[C@H](N)C[C@@H](F)C3)ccc12,6.415668775632469,6.415668775632469,6.415668775632469,2,bindingdb|pubchem_confirmatory,0.5,582.651,43.0,enzymatic_confirmed,False,,none,False,True,True
ZYHOXQXLKURBFP-KAYWLYCHSA-N,Cc1c(-c2cc3ccc(-c4ccn5c(C)nnc5c4)cc3n2CC2CC2)oc2cc(C(=O)N3C[C@H](N)C[C@@H](F)C3)ccc12,6.498940737782249,6.498940737782249,6.498940737782249,2,bindingdb|pubchem_confirmatory,0.5,576.676,43.0,enzymatic_confirmed,False,,none,False,True,True
AOVMLGUEORGVEQ-DNQXCXABSA-N,Cc1c(-c2cc3ccc(-c4cccc(O)c4F)cc3n2CC2CC2)oc2cc(C(=O)N3C[C@H](N)C[C@@H](F)C3)ccc12,5.486382926212125,5.486382926212125,5.486382926212125,2,bindingdb|pubchem_confirmatory,0.5,555.625,41.0,enzymatic_confirmed,False,,none,False,True,True
ZQKMLZBSCJLBKE-JWQCQUIFSA-N,Cc1c(-c2cc3ccc(-c4ccc(C(N)=O)c(Cl)c4)cc3n2CC2CC2)oc2cc(C(=O)N3C[C@H](N)C[C@@H](F)C3)ccc12,5.473273132685364,5.473273132685364,5.473273132685364,2,bindingdb|pubchem_confirmatory,0.5,599.106,43.0,enzymatic_confirmed,False,,none,False,True,True
CQUZOKANUQURHT-DNQXCXABSA-N,Cc1c(-c2cc3ccc(N4CCNCC4)cc3n2CC2CC2)oc2cc(C(=O)N3C[C@H](N)C[C@@H](F)C3)ccc12,5.706195640080663,5.706195640080663,5.706195640080663,2,bindingdb|pubchem_confirmatory,0.5,529.66,39.0,enzymatic_confirmed,False,,none,False,True,True
LLSDVBJQORCMAV-ILBGXUMGSA-N,Cc1c(-c2cc3ccc(N4CCC(N)CC4)cc3n2CC2CC2)oc2cc(C(=O)N3C[C@H](N)C[C@@H](F)C3)ccc12,5.973466735476704,5.973466735476704,5.973466735476704,2,bindingdb|pubchem_confirmatory,0.5,543.687,40.0,enzymatic_confirmed,False,,none,False,True,True
HMNKHISRBBCLDY-IOAASBHNSA-N,COc1cc(C(=O)N2CC3CCC2[C@@H]3N)cc2oc(-c3cc4ccc(C(C)(C)O)nc4n3CC3CC3)c(C)c12,7.920818753952375,7.920818753952375,7.920818753952375,2,bindingdb|pubchem_confirmatory,0.5,528.653,39.0,enzymatic_confirmed,False,,none,False,True,True
UUQVZRCSPHBFQY-KNFYQODVSA-N,Cc1c(-c2cc3ccc(C(C)(C)O)cc3n2CC2CC2)oc2cc(C(=O)N3CC4CCC3[C@@H]4N)ccc12,7.4089353929735005,7.4089353929735005,7.4089353929735005,2,bindingdb|pubchem_confirmatory,0.5,497.639,37.0,enzymatic_confirmed,False,,none,False,True,True
MYPHUWSZEOZNPV-SGAJGPLNSA-N,COc1cc(C(=O)N2CC3CCC2[C@@H]3N)cn2nc(-c3cc4ccc(-c5ccccc5N5CCNC5=O)nc4n3CC3CC3)c(C)c12,7.221848749616356,7.221848749616356,7.221848749616356,2,bindingdb|pubchem_confirmatory,0.5,630.753,47.0,enzymatic_confirmed,False,,none,False,True,True
DRRJBQKJGSJZDL-CDNDPLPTSA-N,COc1cc(C(=O)N2CC3CCC2[C@@H]3N)cn2nc(-c3cc4ccc(-c5ccc(C(N)=O)c(C)c5)nc4n3CC3CC3)c(C)c12,7.154901959985743,7.154901959985743,7.154901959985743,2,bindingdb|pubchem_confirmatory,0.5,603.727,45.0,enzymatic_confirmed,False,,none,False,True,True
NLUKINQSKLDEHF-DHIUTWEWSA-N,COc1cc(C(=O)N2C[C@H](N)C[C@@H](F)C2)cn2nc(-c3cc4ccc(-c5cc(F)c(C(N)=O)cc5C)nc4n3CC3CC3)c(C)c12,6.823908740944319,6.823908740944319,6.823908740944319,2,bindingdb|pubchem_confirmatory,0.5,627.696,46.0,enzymatic_confirmed,False,,none,False,True,True
LNDKBCRRABBAKT-HSZRJFAPSA-N,COc1cc(C(=O)N2CCC[C@@H](N)C2)cn2nc(-c3cc4ccc(-c5cc(F)c(C(N)=O)cc5C)nc4n3CC3CC3)c(C)c12,6.853871964321762,6.853871964321762,6.853871964321762,2,bindingdb|pubchem_confirmatory,0.5,609.706,45.0,enzymatic_confirmed,False,,none,False,True,True
FNZQYIQTKMKQPJ-KAYWLYCHSA-N,COc1cc(C(=O)N2C[C@H](N)C[C@@H](F)C2)cn2nc(-c3cc4ccc(-c5ccccc5CO)cc4n3CC3CC3)c(C)c12,5.96657624451305,5.96657624451305,5.96657624451305,2,bindingdb|pubchem_confirmatory,0.5,581.692,43.0,enzymatic_confirmed,False,,none,False,True,True
YRLABLNRTXOAPC-VSGBNLITSA-N,COc1cc(C(=O)N2C[C@H](N)C[C@@H](F)C2)cn2nc(-c3cc4ccc(-c5cccc(CO)c5)cc4n3CC3CC3)c(C)c12,6.309803919971486,6.309803919971486,6.309803919971486,2,bindingdb|pubchem_confirmatory,0.5,581.692,43.0,enzymatic_confirmed,False,,none,False,True,True
WDTIOTGJJKOBFJ-FQLXRVMXSA-N,COc1cc(C(=O)N2C[C@H](N)C[C@@H](F)C2)cn2nc(-c3cc4ccc(-c5cccc(CNS(C)(=O)=O)c5)cc4n3CC3CC3)c(C)c12,5.978810700930062,5.978810700930062,5.978810700930062,2,bindingdb|pubchem_confirmatory,0.5,658.8,47.0,enzymatic_confirmed,False,,none,False,True,True
MCKBVNJFBZDTKN-KAYWLYCHSA-N,COc1cccc(-c2ccc3cc(-c4nn5cc(C(=O)N6C[C@H](N)C[C@@H](F)C6)cc(OC)c5c4C)n(CC4CC4)c3c2)c1,5.772113295386326,5.772113295386326,5.772113295386326,2,bindingdb|pubchem_confirmatory,0.5,581.692,43.0,enzymatic_confirmed,False,,none,False,True,True
CLNAMNKXZHHWES-KAYWLYCHSA-N,COc1cc(C(=O)N2C[C@H](N)C[C@@H](F)C2)cn2nc(-c3cc4ccc(-c5cccc(NS(C)(=O)=O)c5)cc4n3CC3CC3)c(C)c12,6.167491087293763,6.167491087293763,6.167491087293763,2,bindingdb|pubchem_confirmatory,0.5,644.773,46.0,enzymatic_confirmed,False,,none,False,True,True
OUONHKWJNSCISW-VSGBNLITSA-N,COc1cc(C(=O)N2C[C@H](N)C[C@@H](F)C2)cn2nc(-c3cc4ccc(-c5ccc(NC(C)=O)cc5)cc4n3CC3CC3)c(C)c12,6.823908740944319,6.823908740944319,6.823908740944319,2,bindingdb|pubchem_confirmatory,0.5,608.718,45.0,enzymatic_confirmed,False,,none,False,True,True
YZPQKKHPQOAFMD-LOYHVIPDSA-N,COc1cc(C(=O)N2C[C@H](N)C[C@@H](F)C2)cn2nc(-c3cc4ccc(-c5cccc(CNC(C)=O)c5)cc4n3CC3CC3)c(C)c12,6.214670164989233,6.214670164989233,6.214670164989233,2,bindingdb|pubchem_confirmatory,0.5,622.745,46.0,enzymatic_confirmed,False,,none,False,True,True
CUIVGWDDDLBXEZ-KAYWLYCHSA-N,COc1cc(C(=O)N2C[C@H](N)C[C@@H](F)C2)cn2nc(-c3cc4ccc(-c5ccc(NS(C)(=O)=O)cc5)cc4n3CC3CC3)c(C)c12,6.568636235841012,6.568636235841012,6.568636235841012,2,bindingdb|pubchem_confirmatory,0.5,644.773,46.0,enzymatic_confirmed,False,,none,False,True,True
LWGPAUPNTXSILG-FQLXRVMXSA-N,COc1cc(C(=O)N2C[C@H](N)C[C@@H](F)C2)cn2nc(-c3cc4ccc(-c5ccc(C(=O)N(C)C)cc5)cc4n3CC3CC3)c(C)c12,6.585026652029182,6.585026652029182,6.585026652029182,2,bindingdb|pubchem_confirmatory,0.5,622.745,46.0,enzymatic_confirmed,False,,none,False,True,True
XINIEHUQJJJGRI-KAYWLYCHSA-N,COc1cc(C(=O)N2C[C@H](N)C[C@@H](F)C2)cn2nc(-c3cc4ccc(-c5ccc6[nH]ncc6c5)cc4n3CC3CC3)c(C)c12,6.259637310505756,6.259637310505756,6.259637310505756,2,bindingdb|pubchem_confirmatory,0.5,591.691,44.0,enzymatic_confirmed,False,,none,False,True,True
VWBQVPRIEYUFIW-VSGBNLITSA-N,COc1cc(C(=O)N2C[C@H](N)C[C@@H](F)C2)cn2nc(-c3cc4ccc(-c5ccc6c(cnn6C)c5)cc4n3CC3CC3)c(C)c12,6.337242168318426,6.337242168318426,6.337242168318426,2,bindingdb|pubchem_confirmatory,0.5,605.718,45.0,enzymatic_confirmed,False,,none,False,True,True
WOIVRPPJCPKCGB-KAYWLYCHSA-N,COc1cc(C(=O)N2C[C@H](N)C[C@@H](F)C2)cn2nc(-c3cc4ccc(-c5cccc(-c6nn[nH]n6)c5)cc4n3CC3CC3)c(C)c12,5.362510270487489,5.362510270487489,5.362510270487489,2,bindingdb|pubchem_confirmatory,0.5,619.705,46.0,enzymatic_confirmed,False,,none,False,True,True
CCJDFDOFKBFOEX-LOYHVIPDSA-N,COc1cc(C(=O)N2C[C@H](N)C[C@@H](F)C2)cn2nc(-c3cc4ccc(-c5ccc(CNC(C)=O)cc5)cc4n3CC3CC3)c(C)c12,6.292429823902063,6.292429823902063,6.292429823902063,2,bindingdb|pubchem_confirmatory,0.5,622.745,46.0,enzymatic_confirmed,False,,none,False,True,True
WOIUZKMNMHGNIX-JWQCQUIFSA-N,COc1cc(C(=O)N2C[C@H](N)C[C@@H](F)C2)cn2nc(-c3cc4ccc(-c5cccc6[nH]ncc56)cc4n3CC3CC3)c(C)c12,5.995678626217357,5.995678626217357,5.995678626217357,2,bindingdb|pubchem_confirmatory,0.5,591.691,44.0,enzymatic_confirmed,False,,none,False,True,True
DTUIFPQRSXCTLF-JWQCQUIFSA-N,COc1cc(C(=O)N2C[C@H](N)C[C@@H](F)C2)cn2nc(-c3cc4ccc(-c5ccccc5C(N)=O)cc4n3CC3CC3)c(C)c12,6.886056647693163,6.886056647693163,6.886056647693163,2,bindingdb|pubchem_confirmatory,0.5,594.691,44.0,enzymatic_confirmed,False,,none,False,True,True
DWGYNGMFXLQXRO-FQLXRVMXSA-N,COc1cc(C(=O)N2C[C@H](N)C[C@@H](F)C2)cn2nc(-c3cc4ccc(-c5ccc(CNS(C)(=O)=O)cc5)cc4n3CC3CC3)c(C)c12,5.97061622231479,5.97061622231479,5.97061622231479,2,bindingdb|pubchem_confirmatory,0.5,658.8,47.0,enzymatic_confirmed,False,,none,False,True,True
IINBVAXVPPBSDM-CLJLJLNGSA-N,COc1cc(C(=O)N2C[C@H](N)C[C@@H](F)C2)cn2nc(-c3cc4ccc(-c5cc(F)c6[nH]c(=O)ccc6c5C)cc4n3CC3CC3)c(C)c12,7.096910013008056,7.096910013008056,7.096910013008056,2,bindingdb|pubchem_confirmatory,0.5,650.73,48.0,enzymatic_confirmed,False,,none,False,True,True
XBHJVDYHKUCCIM-KAYWLYCHSA-N,COc1cc(C(=O)N2C[C@H](N)C[C@@H](F)C2)cn2nc(-c3cc4ccc(-c5ccc(NC(C)=O)nc5)cc4n3CC3CC3)c(C)c12,7.301029995663981,7.301029995663981,7.301029995663981,2,bindingdb|pubchem_confirmatory,0.5,609.706,45.0,enzymatic_confirmed,False,,none,False,True,True
VRNVTEOYQGFXTP-MUUNZHRXSA-N,COc1cc(C(=O)N2CCC[C@@H](N)C2)cn2nc(-c3cc4ccc(-c5cccc(CO)c5)cc4n3CC3CC3)c(C)c12,6.022276394711152,6.022276394711152,6.022276394711152,2,bindingdb|pubchem_confirmatory,0.5,563.702,42.0,enzymatic_confirmed,False,,none,False,True,True
BSJCORAVQPXISH-SSEXGKCCSA-N,COc1cc(C(=O)N2CCC[C@@H](N)C2)cn2nc(-c3cc4ccc(-c5ccc(CNC(C)=O)cc5)cc4n3CC3CC3)c(C)c12,6.031517051446064,6.031517051446064,6.031517051446064,2,bindingdb|pubchem_confirmatory,0.5,604.755,45.0,enzymatic_confirmed,False,,none,False,True,True
AIWMXAANOBDPTP-HHHXNRCGSA-N,COc1cc(C(=O)N2CCC[C@@H](N)C2)cn2nc(-c3cc4ccc(-c5ccc(C(N)=O)cc5)cc4n3CC3CC3)c(C)c12,6.886056647693163,6.886056647693163,6.886056647693163,2,bindingdb|pubchem_confirmatory,0.5,576.701,43.0,enzymatic_confirmed,False,,none,False,True,True
AOTPTCIYQJSKMG-GDLZYMKVSA-N,COc1cc(C(=O)N2CCC[C@@H](N)C2)cn2nc(-c3cc4ccc(-c5ccc(C(=O)N(C)C)cc5)cc4n3CC3CC3)c(C)c12,6.494850021680094,6.494850021680094,6.494850021680094,2,bindingdb|pubchem_confirmatory,0.5,604.755,45.0,enzymatic_confirmed,False,,none,False,True,True
GILXUAFTZOUSSE-HHHXNRCGSA-N,COc1cc(C(=O)N2CCC[C@@H](N)C2)cn2nc(-c3cc4ccc(-c5ccc(NS(C)(=O)=O)cc5)cc4n3CC3CC3)c(C)c12,6.337242168318426,6.337242168318426,6.337242168318426,2,bindingdb|pubchem_confirmatory,0.5,626.783,45.0,enzymatic_confirmed,False,,none,False,True,True
WYSDIYFLZKCSHZ-SSEXGKCCSA-N,COc1cc(C(=O)N2CCC[C@@H](N)C2)cn2nc(-c3cc4ccc(-c5cccc(CNC(C)=O)c5)cc4n3CC3CC3)c(C)c12,6.045757490560675,6.045757490560675,6.045757490560675,2,bindingdb|pubchem_confirmatory,0.5,604.755,45.0,enzymatic_confirmed,False,,none,False,True,True
WHQKMXRLPFGYCJ-HHHXNRCGSA-N,COc1cc(C(=O)N2CCC[C@@H](N)C2)cn2nc(-c3cc4ccc(-c5ccccc5CO)cc4n3CC3CC3)c(C)c12,6.207608310501746,6.207608310501746,6.207608310501746,2,bindingdb|pubchem_confirmatory,0.5,563.702,42.0,enzymatic_confirmed,False,,none,False,True,True
ICYKQAJMSOQVMQ-GDLZYMKVSA-N,COc1cc(C(=O)N2CCC[C@@H](N)C2)cn2nc(-c3cc4ccc(-c5ccc(CNS(C)(=O)=O)cc5)cc4n3CC3CC3)c(C)c12,5.943095148663527,5.943095148663527,5.943095148663527,2,bindingdb|pubchem_confirmatory,0.5,640.81,46.0,enzymatic_confirmed,False,,none,False,True,True
LKXFMWKULCBJBR-GDLZYMKVSA-N,COc1cc(C(=O)N2CCC[C@@H](N)C2)cn2nc(-c3cc4ccc(-c5cccc(CNS(C)(=O)=O)c5)cc4n3CC3CC3)c(C)c12,6.6020599913279625,6.6020599913279625,6.6020599913279625,2,bindingdb|pubchem_confirmatory,0.5,640.81,46.0,enzymatic_confirmed,False,,none,False,True,True
BWFIJHSEYXAOEU-RUZDIDTESA-N,COc1cc(C(=O)N2CCC[C@@H](N)C2)cn2nc(-c3cc4ccc(-c5ccccc5C(N)=O)cc4n3CC3CC3)c(C)c12,6.6020599913279625,6.6020599913279625,6.6020599913279625,2,bindingdb|pubchem_confirmatory,0.5,576.701,43.0,enzymatic_confirmed,False,,none,False,True,True
PBIHTMHSZJUSGQ-RUZDIDTESA-N,COc1cc(C(=O)N2CCC[C@@H](N)C2)cn2nc(-c3cc4ccc(-c5cccc6[nH]ncc56)cc4n3CC3CC3)c(C)c12,6.376750709602099,6.376750709602099,6.376750709602099,2,bindingdb|pubchem_confirmatory,0.5,573.701,43.0,enzymatic_confirmed,False,,none,False,True,True
MYKUERKHSVKKBS-AREMUKBSSA-N,COc1cc(C(=O)N2CCC[C@@H](N)C2)cn2nc(-c3cc4ccc(-c5cc(F)c6[nH]c(=O)ccc6c5C)cc4n3CC3CC3)c(C)c12,7.154901959985743,7.154901959985743,7.154901959985743,2,bindingdb|pubchem_confirmatory,0.5,632.74,47.0,enzymatic_confirmed,False,,none,False,True,True
OUUXBBWJVPNTJX-HHHXNRCGSA-N,COc1cc(C(=O)N2CCC[C@@H](N)C2)cn2nc(-c3cc4ccc(-c5ccc(NC(C)=O)nc5)cc4n3CC3CC3)c(C)c12,6.7447274948966935,6.7447274948966935,6.7447274948966935,2,bindingdb|pubchem_confirmatory,0.5,591.716,44.0,enzymatic_confirmed,False,,none,False,True,True
HYUHFUHAYUYPGT-KAYWLYCHSA-N,COc1cc(C(=O)N2C[C@H](N)C[C@@H](F)C2)cn2nc(-c3cc4ccc(N5CCC(C(=O)N(C)C)CC5)cc4n3CC3CC3)c(C)c12,7.372363747448347,7.372363747448347,7.372363747448347,2,bindingdb|pubchem_confirmatory,0.5,629.781,46.0,enzymatic_confirmed,False,,none,False,True,True
NVFRWSKOJVCCJL-KAYWLYCHSA-N,COc1cc(C(=O)N2C[C@H](N)C[C@@H](F)C2)cn2nc(-c3cc4ccc(N5CCC(N(C)C(C)=O)CC5)cc4n3CC3CC3)c(C)c12,6.270002371976304,6.270002371976304,6.270002371976304,2,bindingdb|pubchem_confirmatory,0.5,629.781,46.0,enzymatic_confirmed,False,,none,False,True,True
MEIHUOSUSLIWGX-CLJLJLNGSA-N,COC(=O)N(C)C1CCN(c2ccc3cc(-c4nn5cc(C(=O)N6C[C@H](N)C[C@@H](F)C6)cc(OC)c5c4C)n(CC4CC4)c3c2)CC1,7.154901959985743,7.154901959985743,7.154901959985743,2,bindingdb|pubchem_confirmatory,0.5,645.78,47.0,enzymatic_confirmed,False,,none,False,True,True
YANWDWFRBBWQGZ-CLJLJLNGSA-N,COc1cc(C(=O)N2C[C@H](N)C[C@@H](F)C2)cn2nc(-c3cc4ccc(N5CCC(N(C)S(C)(=O)=O)CC5)cc4n3CC3CC3)c(C)c12,6.886056647693163,6.886056647693163,6.886056647693163,2,bindingdb|pubchem_confirmatory,0.5,665.836,47.0,enzymatic_confirmed,False,,none,False,True,True
RYRRXBKAUSPYCI-DNQXCXABSA-N,COc1cc(C(=O)N2C[C@H](N)C[C@@H](F)C2)cn2nc(-c3cc4ccc(N5CC(N(C)S(C)(=O)=O)C5)cc4n3CC3CC3)c(C)c12,6.920818753952375,6.920818753952375,6.920818753952375,2,bindingdb|pubchem_confirmatory,0.5,637.782,45.0,enzymatic_confirmed,False,,none,False,True,True
YSMZIYRQGIXNLY-RUZDIDTESA-N,COc1cc(C(=O)N2CCC[C@@H](N)C2)cn2nc(-c3cc4ccc(N5CCC(S(C)(=O)=O)CC5)cc4n3CC3CC3)c(C)c12,7.221848749616356,7.221848749616356,7.221848749616356,2,bindingdb|pubchem_confirmatory,0.5,618.804,44.0,enzymatic_confirmed,False,,none,False,True,True
OTHLRQNOMNTMNM-RUZDIDTESA-N,COc1cc(C(=O)N2CCC[C@@H](N)C2)cn2nc(-c3cc4ccc(N5CCC(OC)CC5)cc4n3CC3CC3)c(C)c12,7.096910013008056,7.096910013008056,7.096910013008056,2,bindingdb|pubchem_confirmatory,0.5,570.738,42.0,enzymatic_confirmed,False,,none,False,True,True
RGFRWFMECIQECE-MUUNZHRXSA-N,COc1cc(C(=O)N2CCC[C@@H](N)C2)cn2nc(-c3cc4ccc(N5CCC(CC(=O)N(C)C)CC5)cc4n3CC3CC3)c(C)c12,7.045757490560675,7.045757490560675,7.045757490560675,2,bindingdb|pubchem_confirmatory,0.5,625.818,46.0,enzymatic_confirmed,False,,none,False,True,True
URJPGAGRMWQIFI-MUUNZHRXSA-N,COc1cc(C(=O)N2CCC[C@@H](N)C2)cn2nc(-c3cc4ccc(N5CCC(C(=O)N6CC(OC)C6)CC5)cc4n3CC3CC3)c(C)c12,6.7447274948966935,6.7447274948966935,6.7447274948966935,2,bindingdb|pubchem_confirmatory,0.5,653.828,48.0,enzymatic_confirmed,False,,none,False,True,True
YOBOQIBYUYARGA-HHHXNRCGSA-N,COc1cc(C(=O)N2CCC[C@@H](N)C2)cn2nc(-c3cc4ccc(N5CCC(N(C)C(C)=O)CC5)cc4n3CC3CC3)c(C)c12,6.319987455405301,6.319987455405301,6.319987455405301,2,bindingdb|pubchem_confirmatory,0.5,611.791,45.0,enzymatic_confirmed,False,,none,False,True,True
LTNBZWOGYMKVFQ-AREMUKBSSA-N,COc1cc(C(=O)N2CCC[C@@H](N)C2)cn2nc(-c3cc4ccc(N5CCC(N(C)S(C)(=O)=O)CC5)cc4n3CC3CC3)c(C)c12,6.494850021680094,6.494850021680094,6.494850021680094,2,bindingdb|pubchem_confirmatory,0.5,647.846,46.0,enzymatic_confirmed,False,,none,False,True,True
OAYDATPOJOXRTN-AREMUKBSSA-N,COC(=O)N(C)C1CCN(c2ccc3cc(-c4nn5cc(C(=O)N6CCC[C@@H](N)C6)cc(OC)c5c4C)n(CC4CC4)c3c2)CC1,6.6020599913279625,6.6020599913279625,6.6020599913279625,2,bindingdb|pubchem_confirmatory,0.5,627.79,46.0,enzymatic_confirmed,False,,none,False,True,True
WSRACAJDXQXLKY-XMMPIXPASA-N,COc1cc(C(=O)N2CCC[C@@H](N)C2)cn2nc(-c3cc4ccc(N5CC(N(C)S(C)(=O)=O)C5)cc4n3CC3CC3)c(C)c12,6.481486060122112,6.481486060122112,6.481486060122112,2,bindingdb|pubchem_confirmatory,0.5,619.792,44.0,enzymatic_confirmed,False,,none,False,True,True
KHXXINBEOGDPLZ-FMCJVZMUSA-N,Cc1c(-c2cc3ccc(-c4ccccc4N4CCNC4=O)nc3n2CC2CC2)nn2cc(C(=O)N3CC4CCC3[C@@H]4N)cc(F)c12,7.221848749616356,7.221848749616356,7.221848749616356,2,bindingdb|pubchem_confirmatory,0.5,618.717,46.0,enzymatic_confirmed,False,,none,False,True,True
SPLNJRGBNNNKHB-WZVKSPBRSA-N,Cc1c(-c2cc3ccc(-c4ccc(N5CCCC5=O)cc4)nc3n2CC2CC2)nn2cc(C(=O)N3CC4CCC3[C@@H]4N)cc(F)c12,6.657577319177793,6.657577319177793,6.657577319177793,2,bindingdb|pubchem_confirmatory,0.5,617.729,46.0,enzymatic_confirmed,False,,none,False,True,True
BVRLFUCIQFLHLF-GNTVVGMTSA-N,Cc1c(O)cccc1-c1ccc2cc(-c3nn4cc(C(=O)N5CC6CCC5[C@@H]6N)cc(F)c4c3C)n(CC3CC3)c2n1,7.698970004336019,7.698970004336019,7.698970004336019,2,bindingdb|pubchem_confirmatory,0.5,564.665,42.0,enzymatic_confirmed,False,,none,False,True,True
WECRGBCZCZYRJF-ZSTYLACZSA-N,Cc1cc(C(N)=O)c(F)cc1-c1ccc2cc(-c3nn4cc(C(=O)N5CC6CCC5[C@@H]6N)cc(F)c4c3C)n(CC3CC3)c2n1,6.657577319177793,6.657577319177793,6.657577319177793,2,bindingdb|pubchem_confirmatory,0.5,609.681,45.0,enzymatic_confirmed,False,,none,False,True,True
CNODBLALLSMBRP-FIIBKKJESA-N,Cc1c(-c2cc3ccc(-c4ccc(N5CCNC5=O)cc4)nc3n2CC2CC2)nn2cc(C(=O)N3CC4CCC3[C@@H]4N)cc(F)c12,6.376750709602099,6.376750709602099,6.376750709602099,2,bindingdb|pubchem_confirmatory,0.5,618.717,46.0,enzymatic_confirmed,False,,none,False,True,True
VQHWBPCJIRXGBG-GQVVIVCQSA-N,Cc1cc(-c2ccc3cc(-c4nn5cc(C(=O)N6CC7CCC6[C@@H]7N)cc(F)c5c4C)n(CC4CC4)c3n2)ccc1C(N)=O,6.920818753952375,6.920818753952375,6.920818753952375,2,bindingdb|pubchem_confirmatory,0.5,591.691,44.0,enzymatic_confirmed,False,,none,False,True,True
BZUULJWZOUBZOU-GESQXHNISA-N,Cc1c(-c2cc3ccc(-c4ccc(C(N)=O)cc4)nc3n2CC2CC2)nn2cc(C(=O)N3CC4CCC3[C@@H]4N)cc(F)c12,7.045757490560675,7.045757490560675,7.045757490560675,2,bindingdb|pubchem_confirmatory,0.5,577.664,43.0,enzymatic_confirmed,False,,none,False,True,True
ASWLGDXYLNMCNX-LAAJAHEYSA-N,CNC(=O)c1ccc(-c2ccc3cc(-c4nn5cc(C(=O)N6CC7CCC6[C@@H]7N)cc(F)c5c4C)n(CC4CC4)c3n2)cn1,8.0,8.0,8.0,2,bindingdb|pubchem_confirmatory,0.5,592.679,44.0,enzymatic_confirmed,False,,none,False,True,True
CCSYXYPYOLCCGL-UEFMTQSISA-N,Cc1c(-c2cc3ccc(N4CCOCC4)nc3n2CC2CC2)nn2cc(C(=O)N3CC4CCC3[C@@H]4N)cc(F)c12,6.552841968657781,6.552841968657781,6.552841968657781,2,bindingdb|pubchem_confirmatory,0.5,543.647,40.0,enzymatic_confirmed,False,,none,False,True,True
QATDHQWRPCIJEB-UYSSGXRJSA-N,Cc1c(-c2cc3ccc(N4CCOCC4=O)nc3n2CC2CC2)nn2cc(C(=O)N3CC4CCC3[C@@H]4N)cc(F)c12,7.301029995663981,7.301029995663981,7.301029995663981,2,bindingdb|pubchem_confirmatory,0.5,557.63,41.0,enzymatic_confirmed,False,,none,False,True,True
YOQGSBYFJNAVCH-QREUFCTJSA-N,Cc1c(-c2cc3ccc(N4CCC(S(C)(=O)=O)CC4)nc3n2CC2CC2)nn2cc(C(=O)N3CC4CCC3[C@@H]4N)cc(F)c12,7.3979400086720375,7.3979400086720375,7.3979400086720375,2,bindingdb|pubchem_confirmatory,0.5,619.767,44.0,enzymatic_confirmed,False,,none,False,True,True
RDZGJJDXTKKAAY-XMMPIXPASA-N,Cc1c(-c2cc3ccc(N4CCC5(CC4)CN(C)C(=O)O5)nc3n2CC2CC2)nn2cc(C(=O)N3CCC[C@@H](N)C3)cc(F)c12,6.267606240177031,6.267606240177031,6.267606240177031,2,bindingdb|pubchem_confirmatory,0.5,614.726,45.0,enzymatic_confirmed,False,,none,False,True,True
OVTMUDITKOZDEL-HSZRJFAPSA-N,Cc1c(-c2cc3ccc(N4CCC(S(C)(=O)=O)CC4)nc3n2CC2CC2)nn2cc(C(=O)N3CCC[C@@H](N)C3)cc(F)c12,5.675717544702307,5.675717544702307,5.675717544702307,2,bindingdb|pubchem_confirmatory,0.5,607.756,43.0,enzymatic_confirmed,False,,none,False,True,True
WTWFFTJQZVUGMI-RUZDIDTESA-N,CC(=O)N(C)C1CCN(c2ccc3cc(-c4nn5cc(C(=O)N6CCC[C@@H](N)C6)cc(F)c5c4C)n(CC4CC4)c3n2)CC1,5.684029654543082,5.684029654543082,5.684029654543082,2,bindingdb|pubchem_confirmatory,0.5,600.743,44.0,enzymatic_confirmed,False,,none,False,True,True
DDISOFOWXOCGAV-XMMPIXPASA-N,COC(=O)N(C)C1CCN(c2ccc3cc(-c4nn5cc(C(=O)N6CCC[C@@H](N)C6)cc(F)c5c4C)n(CC4CC4)c3n2)CC1,5.41907502432438,5.41907502432438,5.41907502432438,2,bindingdb|pubchem_confirmatory,0.5,616.742,45.0,enzymatic_confirmed,False,,none,False,True,True
SAGPREMUDAMTHH-RUZDIDTESA-N,Cc1c(-c2cc3ccc(N4CCC(N5CCCC5=O)CC4)nc3n2CC2CC2)nn2cc(C(=O)N3CCC[C@@H](N)C3)cc(F)c12,5.616184634019569,5.616184634019569,5.616184634019569,2,bindingdb|pubchem_confirmatory,0.5,612.754,45.0,enzymatic_confirmed,False,,none,False,True,True
BHKFMOQYGYWGJS-JOKZUWQNSA-N,Cc1c(-c2cc3ccc(OC[C@@H]4CCC(=O)N4)nc3n2CC2CC2)nn2cc(C(=O)N3CC4CCC3[C@@H]4N)cc(F)c12,6.568636235841012,6.568636235841012,6.568636235841012,2,bindingdb|pubchem_confirmatory,0.5,571.657,42.0,enzymatic_confirmed,False,,none,False,True,True
ARPNHXPGQHBQLE-MKPMLQLGSA-N,Cc1c(-c2cc3ccc(OCC4CNC(=O)C4)nc3n2CC2CC2)nn2cc(C(=O)N3CC4CCC3[C@@H]4N)cc(F)c12,6.920818753952375,6.920818753952375,6.920818753952375,2,bindingdb|pubchem_confirmatory,0.5,571.657,42.0,enzymatic_confirmed,False,,none,False,True,True
LPXNCTCNHOMRFA-HSZRJFAPSA-N,COC1CCN(c2ccc3cc(-c4nn5cc(C(=O)N6CCC[C@@H](N)C6)cc(Cl)c5c4C)n(CC4CC4)c3n2)CC1,5.557520230935552,5.557520230935552,5.557520230935552,2,bindingdb|pubchem_confirmatory,0.5,576.145,41.0,enzymatic_confirmed,False,,none,False,True,True
AABZZNUUBZZERX-JOCHJYFZSA-N,Cc1cc(C(N)=O)c(F)cc1-c1ccc2cc(-c3nn4cc(C(=O)N5CCC[C@@H](N)C5)cc(F)c4c3C)n(CC3CC3)c2n1,6.657577319177793,6.657577319177793,6.657577319177793,2,bindingdb|pubchem_confirmatory,0.5,597.67,44.0,enzymatic_confirmed,False,,none,False,True,True
IJLJUQZPTWRFBL-OAQYLSRUSA-N,Cc1c(-c2cc3ccc(-c4cccc(O)c4Cl)nc3n2CC2CC2)nn2cc(C(=O)N3CCC[C@@H](N)C3)cc(F)c12,6.4089353929735005,6.4089353929735005,6.4089353929735005,2,bindingdb|pubchem_confirmatory,0.5,573.072,41.0,enzymatic_confirmed,False,,none,False,True,True
YGKPHMYDOHTPGA-JOCHJYFZSA-N,Cc1c(-c2cc3ccc(-c4ccc(C(N)=O)c(F)c4)nc3n2CC2CC2)nn2cc(C(=O)N3CCC[C@@H](N)C3)cc(F)c12,6.698970004336019,6.698970004336019,6.698970004336019,2,bindingdb|pubchem_confirmatory,0.5,583.643,43.0,enzymatic_confirmed,False,,none,False,True,True
KZKCEUKYTVURJF-RUZDIDTESA-N,Cc1c(-c2cc3ccc(-c4ccc(N5CCNC5=O)cc4)nc3n2CC2CC2)nn2cc(C(=O)N3CCC[C@@H](N)C3)cc(F)c12,5.962573502059376,5.962573502059376,5.962573502059376,2,bindingdb|pubchem_confirmatory,0.5,606.706,45.0,enzymatic_confirmed,False,,none,False,True,True
GUSUUGYRVUCECB-XMMPIXPASA-N,Cc1c(-c2cc3ccc(-c4ccccc4N4CCNC4=O)nc3n2CC2CC2)nn2cc(C(=O)N3CCC[C@@H](N)C3)cc(F)c12,6.853871964321762,6.853871964321762,6.853871964321762,2,bindingdb|pubchem_confirmatory,0.5,606.706,45.0,enzymatic_confirmed,False,,none,False,True,True
SBFWUBVOOZHDBQ-HSZRJFAPSA-N,Cc1c(O)cccc1-c1ccc2cc(-c3nn4cc(C(=O)N5CCC[C@@H](N)C5)cc(F)c4c3C)n(CC3CC3)c2n1,6.769551078621726,6.769551078621726,6.769551078621726,2,bindingdb|pubchem_confirmatory,0.5,552.654,41.0,enzymatic_confirmed,False,,none,False,True,True
LMLNKABZNNGJBC-OAQYLSRUSA-N,Cc1c(-c2cc3ccc(-c4cccc(O)c4F)nc3n2CC2CC2)nn2cc(C(=O)N3CCC[C@@H](N)C3)cc(F)c12,6.481486060122112,6.481486060122112,6.481486060122112,2,bindingdb|pubchem_confirmatory,0.5,556.617,41.0,enzymatic_confirmed,False,,none,False,True,True
PGVYCEPKYGDDHY-XMMPIXPASA-N,Cc1c(-c2cc3ccc(-c4ccc5c(c4)CNC5=O)nc3n2CC2CC2)nn2cc(C(=O)N3CCC[C@@H](N)C3)cc(F)c12,5.730487055782084,5.730487055782084,5.730487055782084,2,bindingdb|pubchem_confirmatory,0.5,577.664,43.0,enzymatic_confirmed,False,,none,False,True,True
XNKTVEOCZUUTMO-XMMPIXPASA-N,Cc1c(-c2cc3ccc(-c4ccc5c(c4)C(=O)NC5)nc3n2CC2CC2)nn2cc(C(=O)N3CCC[C@@H](N)C3)cc(F)c12,5.896196279044043,5.896196279044043,5.896196279044043,2,bindingdb|pubchem_confirmatory,0.5,577.664,43.0,enzymatic_confirmed,False,,none,False,True,True
PDWKFQUZVYNJOS-XMMPIXPASA-N,Cc1cc(-c2ccc3cc(-c4nn5cc(C(=O)N6CCC[C@@H](N)C6)cc(F)c5c4C)n(CC4CC4)c3n2)ccc1C(N)=O,6.267606240177031,6.267606240177031,6.267606240177031,2,bindingdb|pubchem_confirmatory,0.5,579.68,43.0,enzymatic_confirmed,False,,none,False,True,True
WMUWJXHTFVVKCD-HSZRJFAPSA-N,CNC(=O)c1ccc(-c2ccc3cc(-c4nn5cc(C(=O)N6CCC[C@@H](N)C6)cc(F)c5c4C)n(CC4CC4)c3n2)cn1,5.892790030352131,5.892790030352131,5.892790030352131,2,bindingdb|pubchem_confirmatory,0.5,580.668,43.0,enzymatic_confirmed,False,,none,False,True,True
LUVXQLCJCISRGY-XMMPIXPASA-N,Cc1c(-c2cc3ccc(-c4ccn5c(C)nnc5c4)nc3n2CC2CC2)nn2cc(C(=O)N3CCC[C@@H](N)C3)cc(F)c12,7.096910013008056,7.096910013008056,7.096910013008056,2,bindingdb|pubchem_confirmatory,0.5,577.668,43.0,enzymatic_confirmed,False,,none,False,True,True
JOGDZBOVPGHXSD-QZTJIDSGSA-N,Cc1c(-c2cc3ccc(Cl)nc3n2CC2CC2)nn2cc(C(=O)N3C[C@H](N)C[C@@H](F)C3)cc(Cl)c12,5.446116973356125,5.446116973356125,5.446116973356125,2,bindingdb|pubchem_confirmatory,0.5,515.42,35.0,enzymatic_confirmed,False,,none,False,True,True
LKYGUHDNDYLJRG-DNQXCXABSA-N,Cc1c(-c2cc3ccc(-c4ccc5[nH]ncc5c4)nc3n2CC2CC2)nn2cc(C(=O)N3C[C@H](N)C[C@@H](F)C3)cc(Cl)c12,5.565431095965801,5.565431095965801,5.565431095965801,2,bindingdb|pubchem_confirmatory,0.5,597.098,43.0,enzymatic_confirmed,False,,none,False,True,True
PPNMARDWHLEQST-GOSISDBHSA-N,Cc1c(-c2cc3ccc(Cl)nc3n2CC2CC2)nn2cc(C(=O)N3CCC[C@@H](N)C3)cc(Cl)c12,5.229884705212898,5.229884705212898,5.229884705212898,2,bindingdb|pubchem_confirmatory,0.5,497.43,34.0,enzymatic_confirmed,False,,none,False,True,True
RVQVOSQSPHGWHI-XMMPIXPASA-N,Cc1c(-c2cc3ccc(-c4ccc5[nH]ncc5c4)nc3n2CC2CC2)nn2cc(C(=O)N3CCC[C@@H](N)C3)cc(Cl)c12,5.628932137728263,5.628932137728263,5.628932137728263,2,bindingdb|pubchem_confirmatory,0.5,579.108,42.0,enzymatic_confirmed,False,,none,False,True,True
AKYMBDMINLTULZ-CEMKGQCASA-N,Cc1c(-c2cc3ccc(-c4ccc5c(c4)CNC5=O)cc3n2CC2CC2)nn2cc(C(=O)C3CC4CCC3[C@@H]4N)cc(F)c12,7.096910013008056,7.096910013008056,7.096910013008056,2,bindingdb|pubchem_confirmatory,0.5,587.699,44.0,enzymatic_confirmed,False,,none,False,True,True
UDHDMBBBCVHZOQ-STHVYQTBSA-N,Cc1c(-c2cc3ccc(-c4ccc(C(N)=O)cc4Cl)cc3n2CC2CC2)nn2cc(C(=O)N3CC4CCC3[C@@H]4N)cc(F)c12,6.698970004336019,6.698970004336019,6.698970004336019,2,bindingdb|pubchem_confirmatory,0.5,611.121,44.0,enzymatic_confirmed,False,,none,False,True,True
LHILBPDUWJOHJO-QZPZUKOXSA-N,COC1CN(c2ccc3cc(-c4nn5cc(C(=O)N6CC7CCC6[C@@H]7N)cc(F)c5c4C)n(CC4CC4)c3c2)C1,6.070581074285707,6.070581074285707,6.070581074285707,2,bindingdb|pubchem_confirmatory,0.5,542.659,40.0,enzymatic_confirmed,False,,none,False,True,True
CQAPOSFTJXTYJJ-CCWBKVMBSA-N,Cc1c(-c2cc3ccc(-c4cccc5n[nH]c(F)c45)nc3n2CC2CC2)nn2cc(C(=O)N3CC4CCC3[C@@H]4N)ccc12,6.721246399047171,6.721246399047171,6.721246399047171,2,bindingdb|pubchem_confirmatory,0.5,574.664,43.0,enzymatic_confirmed,False,,none,False,True,True
CAMGWUOSDJNTKA-FIIBKKJESA-N,Cc1c(-c2cc3ccc(-c4ccc5cn[nH]c5c4)nc3n2CC2CC2)nn2cc(C(=O)N3CC4CCC3[C@@H]4N)ccc12,6.6777807052660805,6.6777807052660805,6.6777807052660805,2,bindingdb|pubchem_confirmatory,0.5,556.674,42.0,enzymatic_confirmed,False,,none,False,True,True
RIQJOWVVTDETBQ-WJBWUKACSA-N,Cc1c(-c2cc3ccc(-c4cccc5[nH]ncc45)nc3n2CC2CC2)nn2cc(C(=O)N3CC4CCC3[C@@H]4N)ccc12,7.698970004336019,7.698970004336019,7.698970004336019,2,bindingdb|pubchem_confirmatory,0.5,556.674,42.0,enzymatic_confirmed,False,,none,False,True,True
GTQMERFSYAONMY-FMCJVZMUSA-N,Cc1c(-c2cc3ccc(-c4ccc5[nH]ncc5c4)nc3n2CC2CC2)nn2cc(C(=O)N3CC4CCC3[C@@H]4N)ccc12,7.0,7.0,7.0,2,bindingdb|pubchem_confirmatory,0.5,556.674,42.0,enzymatic_confirmed,False,,none,False,True,True
DKHJRFWIGCTDOO-STHVYQTBSA-N,Cc1c(O)cccc1-c1ccc2cc(-c3nn4cc(C(=O)N5CC6CCC5[C@@H]6N)ccc4c3C)n(CC3CC3)c2n1,7.522878745280337,7.522878745280337,7.522878745280337,2,bindingdb|pubchem_confirmatory,0.5,546.675,41.0,enzymatic_confirmed,False,,none,False,True,True
AFLXUSSCRWLQHJ-PMVAUVNFSA-N,Cc1c(-c2cc3ccc(-c4ccccc4N4CCNC4=O)nc3n2CC2CC2)nn2cc(C(=O)N3CC4CCC3[C@@H]4N)ccc12,6.920818753952375,6.920818753952375,6.920818753952375,2,bindingdb|pubchem_confirmatory,0.5,600.727,45.0,enzymatic_confirmed,False,,none,False,True,True
ACKMNLXJDCTPTK-STHVYQTBSA-N,COc1cc(-c2ccc3cc(-c4nn5cc(C(=O)N6CC7CCC6[C@@H]7N)ccc5c4C)n(CC4CC4)c3n2)ccc1C(N)=O,6.619788758288394,6.619788758288394,6.619788758288394,2,bindingdb|pubchem_confirmatory,0.5,589.7,44.0,enzymatic_confirmed,False,,none,False,True,True
PYJNYZBYHLTDKK-ZVHXTAQDSA-N,Cc1c(-c2cc3ccc(-c4ccc(N5CCCC5=O)cc4)nc3n2CC2CC2)nn2cc(C(=O)N3CC4CCC3[C@@H]4N)ccc12,8.0,8.0,8.0,2,bindingdb|pubchem_confirmatory,0.5,599.739,45.0,enzymatic_confirmed,False,,none,False,True,True
DSHBRCUJDMKWOP-WJBWUKACSA-N,Cc1cc(C(N)=O)c(F)cc1-c1ccc2cc(-c3nn4cc(C(=O)N5CC6CCC5[C@@H]6N)ccc4c3C)n(CC3CC3)c2n1,7.3979400086720375,7.3979400086720375,7.3979400086720375,2,bindingdb|pubchem_confirmatory,0.5,591.691,44.0,enzymatic_confirmed,False,,none,False,True,True
DUBAYMPAYPRMSJ-GNTVVGMTSA-N,Cc1c(-c2cc3ccc(-c4ccc5cn[nH]c5c4F)nc3n2CC2CC2)nn2cc(C(=O)N3CC4CCC3[C@@H]4N)ccc12,7.522878745280337,7.522878745280337,7.522878745280337,2,bindingdb|pubchem_confirmatory,0.5,574.664,43.0,enzymatic_confirmed,False,,none,False,True,True
RJVCCXGVOWRTQF-GQVVIVCQSA-N,CNC(=O)c1ccc(-c2ccc3cc(-c4nn5cc(C(=O)N6CC7CCC6[C@@H]7N)ccc5c4C)n(CC4CC4)c3n2)cn1,7.154901959985743,7.154901959985743,7.154901959985743,2,bindingdb|pubchem_confirmatory,0.5,574.689,43.0,enzymatic_confirmed,False,,none,False,True,True
SGWHZCFRQYAGPT-JCHVILAISA-N,COC(=O)Nc1ccc(-c2ccc3cc(-c4nn5cc(C(=O)N6CC7CCC6[C@@H]7N)ccc5c4C)n(CC4CC4)c3n2)cn1,7.301029995663981,7.301029995663981,7.301029995663981,2,bindingdb|pubchem_confirmatory,0.5,590.688,44.0,enzymatic_confirmed,False,,none,False,True,True
WBRUNYRTKJTTSR-RUZDIDTESA-N,Cc1c(-c2cc3ccc(-c4ccc5[nH]ncc5c4)nc3n2CC2CC2)nn2cc(C(=O)N3CCC[C@@H](N)C3)ccc12,6.3979400086720375,6.3979400086720375,6.3979400086720375,2,bindingdb|pubchem_confirmatory,0.5,544.663,41.0,enzymatic_confirmed,False,,none,False,True,True
HJDASXODXGOWIF-RUZDIDTESA-N,Cc1c(-c2cc3ccc(-c4ccc5cn[nH]c5c4)nc3n2CC2CC2)nn2cc(C(=O)N3CCC[C@@H](N)C3)ccc12,6.3979400086720375,6.3979400086720375,6.3979400086720375,2,bindingdb|pubchem_confirmatory,0.5,544.663,41.0,enzymatic_confirmed,False,,none,False,True,True
WIZMCNXCBWAIFC-HSZRJFAPSA-N,Cc1c(-c2cc3ccc(-c4cccc5[nH]ncc45)nc3n2CC2CC2)nn2cc(C(=O)N3CCC[C@@H](N)C3)ccc12,6.6777807052660805,6.6777807052660805,6.6777807052660805,2,bindingdb|pubchem_confirmatory,0.5,544.663,41.0,enzymatic_confirmed,False,,none,False,True,True
YLYJYOCXJFPHKH-XMMPIXPASA-N,Cc1c(-c2ccc3cc(-c4nn5cc(C(=O)N6CCC[C@@H](N)C6)ccc5c4C)n(CC4CC4)c3n2)cc(F)c2[nH]c(=O)ccc12,7.221848749616356,7.221848749616356,7.221848749616356,2,bindingdb|pubchem_confirmatory,0.5,603.702,45.0,enzymatic_confirmed,False,,none,False,True,True
QVBKXUIGEWPCQK-JOCHJYFZSA-N,Cc1c(-c2cc3ccc(-c4cccc(O)c4Cl)nc3n2CC2CC2)nn2cc(C(=O)N3CCC[C@@H](N)C3)ccc12,7.0,7.0,7.0,2,bindingdb|pubchem_confirmatory,0.5,555.082,40.0,enzymatic_confirmed,False,,none,False,True,True
VVOVQVNRQICVNQ-JOCHJYFZSA-N,Cc1c(-c2cc3ccc(-c4cccc(O)c4F)nc3n2CC2CC2)nn2cc(C(=O)N3CCC[C@@H](N)C3)ccc12,7.3979400086720375,7.3979400086720375,7.3979400086720375,2,bindingdb|pubchem_confirmatory,0.5,538.627,40.0,enzymatic_confirmed,False,,none,False,True,True
CHDVDQVMXKFVPT-RUZDIDTESA-N,Cc1c(-c2cc3ccc(-c4ccc5c(c4)C(=O)NC5)nc3n2CC2CC2)nn2cc(C(=O)N3CCC[C@@H](N)C3)ccc12,6.468521082957745,6.468521082957745,6.468521082957745,2,bindingdb|pubchem_confirmatory,0.5,559.674,42.0,enzymatic_confirmed,False,,none,False,True,True
MEELFESDPLJUSA-RUZDIDTESA-N,Cc1cc(-c2ccc3cc(-c4nn5cc(C(=O)N6CCC[C@@H](N)C6)ccc5c4C)n(CC4CC4)c3n2)ccc1C(N)=O,6.6020599913279625,6.6020599913279625,6.6020599913279625,2,bindingdb|pubchem_confirmatory,0.5,561.69,42.0,enzymatic_confirmed,False,,none,False,True,True
LIBZPKRXTOYRBH-RUZDIDTESA-N,Cc1c(-c2cc3ccc(-c4ccc5c(c4)CNC5=O)nc3n2CC2CC2)nn2cc(C(=O)N3CCC[C@@H](N)C3)ccc12,6.292429823902063,6.292429823902063,6.292429823902063,2,bindingdb|pubchem_confirmatory,0.5,559.674,42.0,enzymatic_confirmed,False,,none,False,True,True
MXQZEUOOWVBNDC-ZNHVGUMHSA-N,Cc1c(-c2cc3ccc(N4CCOCC4)nc3n2CC2CC2)nn2cc(C(=O)N3CC4CCC3[C@@H]4N)ccc12,6.508638306165727,6.508638306165727,6.508638306165727,2,bindingdb|pubchem_confirmatory,0.5,525.657,39.0,enzymatic_confirmed,False,,none,False,True,True
OZRRLRJQIPBQPF-LTFVAXTNSA-N,Cc1c(-c2cc3ccc(N4CCOCC4=O)nc3n2CC2CC2)nn2cc(C(=O)N3CC4CCC3[C@@H]4N)ccc12,7.301029995663981,7.301029995663981,7.301029995663981,2,bindingdb|pubchem_confirmatory,0.5,539.64,40.0,enzymatic_confirmed,False,,none,False,True,True
QQZBTNYWZVELSA-JCHVILAISA-N,Cc1c(-c2cc3ccc(N4CCC(S(C)(=O)=O)CC4)nc3n2CC2CC2)nn2cc(C(=O)N3CC4CCC3[C@@H]4N)ccc12,6.823908740944319,6.823908740944319,6.823908740944319,2,bindingdb|pubchem_confirmatory,0.5,601.777,43.0,enzymatic_confirmed,False,,none,False,True,True
CHMUAFHYTBEENP-JWQCQUIFSA-N,Cc1c(-c2cc3ccc(-c4ccc5cn[nH]c5c4)nc3n2CC2CC2)nn2cc(C(=O)N3C[C@H](N)C[C@@H](F)C3)ccc12,4.823908740944319,4.823908740944319,4.823908740944319,2,bindingdb|pubchem_confirmatory,0.5,562.653,42.0,enzymatic_confirmed,False,,none,False,True,True
ZPKBUSMWNOANCW-DHIUTWEWSA-N,Cc1c(-c2cc3ccc(-c4cccc5[nH]ncc45)nc3n2CC2CC2)nn2cc(C(=O)N3C[C@H](N)C[C@@H](F)C3)ccc12,6.301029995663981,6.301029995663981,6.301029995663981,2,bindingdb|pubchem_confirmatory,0.5,562.653,42.0,enzymatic_confirmed,False,,none,False,True,True
IYTYCUFCBRYNSG-JWQCQUIFSA-N,Cc1c(-c2cc3ccc(-c4ccc5[nH]ncc5c4)nc3n2CC2CC2)nn2cc(C(=O)N3C[C@H](N)C[C@@H](F)C3)ccc12,6.853871964321762,6.853871964321762,6.853871964321762,2,bindingdb|pubchem_confirmatory,0.5,562.653,42.0,enzymatic_confirmed,False,,none,False,True,True
HUZDRWMPSVXREC-DNQXCXABSA-N,Cc1c(-c2ccc3cc(-c4nn5cc(C(=O)N6C[C@H](N)C[C@@H](F)C6)ccc5c4C)n(CC4CC4)c3n2)cc(F)c2[nH]c(=O)ccc12,6.958607314841775,6.958607314841775,6.958607314841775,2,bindingdb|pubchem_confirmatory,0.5,621.692,46.0,enzymatic_confirmed,False,,none,False,True,True
VJJYSBQMFWNUOJ-JWQCQUIFSA-N,COC(=O)N(C)C1CCN(c2ccc3cc(-c4nn5cc(C(=O)N6C[C@H](N)C[C@@H](F)C6)ccc5c4C)n(CC4CC4)c3n2)CC1,5.8124792791635365,5.8124792791635365,5.8124792791635365,2,bindingdb|pubchem_confirmatory,0.5,616.742,45.0,enzymatic_confirmed,False,,none,False,True,True
TYDUGDFOMSBRBS-RXEARMEOSA-N,Cc1c(-c2cc3ccc(-c4ccc(F)c5[nH]ncc45)cc3n2CC2CC2)nn2cc(C(=O)N3CC4CCC3[C@@H]4N)ccc12,6.698970004336019,6.698970004336019,6.698970004336019,2,bindingdb|pubchem_confirmatory,0.5,573.676,43.0,enzymatic_confirmed,False,,none,False,True,True
RPXIUKRGVXNCAW-TWDLTGNASA-N,Cc1c(-c2cc3ccc(-c4cccc5n[nH]c(F)c45)cc3n2CC2CC2)nn2cc(C(=O)N3CC4CCC3[C@@H]4N)ccc12,7.154901959985743,7.154901959985743,7.154901959985743,2,bindingdb|pubchem_confirmatory,0.5,573.676,43.0,enzymatic_confirmed,False,,none,False,True,True
ROFNTSWZZNLASR-MANYVHKHSA-N,Cc1c(-c2cc3ccc(-c4ccc(N5CCNC5=O)cc4)cc3n2CC2CC2)nn2cc(C(=O)N3CC4CCC3[C@@H]4N)ccc12,6.920818753952375,6.920818753952375,6.920818753952375,2,bindingdb|pubchem_confirmatory,0.5,599.739,45.0,enzymatic_confirmed,False,,none,False,True,True
ZENHDGKLCQQXHW-VONPHLAZSA-N,Cc1c(-c2cc3ccc(-c4ccc(N5CCCC5=O)cc4)cc3n2CC2CC2)nn2cc(C(=O)N3CC4CCC3[C@@H]4N)ccc12,7.301029995663981,7.301029995663981,7.301029995663981,2,bindingdb|pubchem_confirmatory,0.5,598.751,45.0,enzymatic_confirmed,False,,none,False,True,True
PKYOADBVPKQUFC-XBPDSQQVSA-N,Cc1c(-c2cc3ccc(-c4ccc5cn[nH]c5c4F)cc3n2CC2CC2)nn2cc(C(=O)N3CC4CCC3[C@@H]4N)ccc12,6.823908740944319,6.823908740944319,6.823908740944319,2,bindingdb|pubchem_confirmatory,0.5,573.676,43.0,enzymatic_confirmed,False,,none,False,True,True
KJVLZPNVCLCLST-KFHGAJFOSA-N,Cc1cc(-c2ccc3cc(-c4nn5cc(C(=O)N6CC7CCC6[C@@H]7N)ccc5c4C)n(CC4CC4)c3c2)c(F)cc1C(N)=O,7.221848749616356,7.221848749616356,7.221848749616356,2,bindingdb|pubchem_confirmatory,0.5,590.703,44.0,enzymatic_confirmed,False,,none,False,True,True
PUFJBGHVGPTVEQ-GVBVHUCQSA-N,Cc1c(-c2cc3ccc(-c4ccc5cn[nH]c5c4)cc3n2CC2CC2)nn2cc(C(=O)N3CC4CCC3[C@@H]4N)ccc12,7.698970004336019,7.698970004336019,7.698970004336019,2,bindingdb|pubchem_confirmatory,0.5,555.686,42.0,enzymatic_confirmed,False,,none,False,True,True
LQDIHBYBNOFFJQ-WZVKSPBRSA-N,Cc1c(-c2cc3ccc(-c4ccc5[nH]ncc5c4)cc3n2CC2CC2)nn2cc(C(=O)N3CC4CCC3[C@@H]4N)ccc12,7.698970004336019,7.698970004336019,7.698970004336019,2,bindingdb|pubchem_confirmatory,0.5,555.686,42.0,enzymatic_confirmed,False,,none,False,True,True
GPXXVTFBBOBRJH-GVBVHUCQSA-N,Cc1cc(-c2ccc3cc(-c4nn5cc(C(=O)N6CC7CCC6[C@@H]7N)ccc5c4C)n(CC4CC4)c3c2)ccc1C(N)=O,6.920818753952375,6.920818753952375,6.920818753952375,2,bindingdb|pubchem_confirmatory,0.5,572.713,43.0,enzymatic_confirmed,False,,none,False,True,True
ZVAAFNKMZLRERI-SGAJGPLNSA-N,Cc1c(-c2cc3ccc(-c4ccc(C(N)=O)cc4C(F)(F)F)cc3n2CC2CC2)nn2cc(C(=O)N3CC4CCC3[C@@H]4N)ccc12,7.221848749616356,7.221848749616356,7.221848749616356,2,bindingdb|pubchem_confirmatory,0.5,626.683,46.0,enzymatic_confirmed,False,,none,False,True,True
WCAWAVRIOPSSGM-BYICHJTDSA-N,Cc1c(-c2cc3ccc(-c4ccc(Cl)c5c(NS(C)(=O)=O)nn(C)c45)cc3n2CC2CC2)nn2cc(C(=O)N3CC4CCC3[C@@H]4N)ccc12,7.698970004336019,7.698970004336019,7.698970004336019,2,bindingdb|pubchem_confirmatory,0.5,697.265,49.0,enzymatic_confirmed,False,,none,False,True,True
SQCBIDYDQLUZPR-ZVHXTAQDSA-N,Cc1c(-c2cc3ccc(-c4ccccc4N4CCNC4=O)cc3n2CC2CC2)nn2cc(C(=O)N3CC4CCC3[C@@H]4N)ccc12,7.301029995663981,7.301029995663981,7.301029995663981,2,bindingdb|pubchem_confirmatory,0.5,599.739,45.0,enzymatic_confirmed,False,,none,False,True,True
DGHXZIPLKHIDPO-QYHPCCJNSA-N,CNC(=O)c1ccc(-c2ccc3cc(-c4nn5cc(C(=O)N6CC7CCC6[C@@H]7N)ccc5c4C)n(CC4CC4)c3c2)cn1,7.522878745280337,7.522878745280337,7.522878745280337,2,bindingdb|pubchem_confirmatory,0.5,573.701,43.0,enzymatic_confirmed,False,,none,False,True,True
MILCHBDSTPKEOO-QREUFCTJSA-N,Cc1c(-c2cc3ccc(-c4cn[nH]c4)cc3n2CC2CC2)nn2cc(C(=O)N3CC4CCC3[C@@H]4N)ccc12,7.096910013008056,7.096910013008056,7.096910013008056,2,bindingdb|pubchem_confirmatory,0.5,505.626,38.0,enzymatic_confirmed,False,,none,False,True,True
QZKCFCGKIRAYHJ-GDLZYMKVSA-N,Cc1c(-c2cc3ccc(-c4ccc(CNS(C)(=O)=O)cc4)cc3n2CC2CC2)nn2cc(C(=O)N3CCC[C@@H](N)C3)ccc12,6.714728530059051,6.714728530059051,6.714728530059051,2,bindingdb|pubchem_confirmatory,0.5,610.784,44.0,enzymatic_confirmed,False,,none,False,True,True
GZDLWSWXISFWII-SSEXGKCCSA-N,CC(=O)NCc1cccc(-c2ccc3cc(-c4nn5cc(C(=O)N6CCC[C@@H](N)C6)ccc5c4C)n(CC4CC4)c3c2)c1,7.301029995663981,7.301029995663981,7.301029995663981,2,bindingdb|pubchem_confirmatory,0.5,574.729,43.0,enzymatic_confirmed,False,,none,False,True,True
GNHJXZXUZXQZNM-MUUNZHRXSA-N,Cc1c(-c2cc3ccc(-c4cccc(CO)c4)cc3n2CC2CC2)nn2cc(C(=O)N3CCC[C@@H](N)C3)ccc12,6.327902142064282,6.327902142064282,6.327902142064282,2,bindingdb|pubchem_confirmatory,0.5,533.676,40.0,enzymatic_confirmed,False,,none,False,True,True
CQFRUHHINUYADJ-MUUNZHRXSA-N,Cc1c(-c2cc3ccc(-c4ccc5[nH]ccc5c4)cc3n2CC2CC2)nn2cc(C(=O)N3CCC[C@@H](N)C3)ccc12,6.102372908709558,6.102372908709558,6.102372908709558,2,bindingdb|pubchem_confirmatory,0.5,542.687,41.0,enzymatic_confirmed,False,,none,False,True,True
MNFVYTACDFWFHT-AREMUKBSSA-N,Cc1c(-c2ccc3cc(-c4nn5cc(C(=O)N6CCC[C@@H](N)C6)ccc5c4C)n(CC4CC4)c3c2)cc(F)c2[nH]c(=O)ccc12,7.221848749616356,7.221848749616356,7.221848749616356,2,bindingdb|pubchem_confirmatory,0.5,602.714,45.0,enzymatic_confirmed,False,,none,False,True,True
WYYPPJBTXFSMLZ-HHHXNRCGSA-N,Cc1c(-c2cc3ccc(-c4ccc(NS(C)(=O)=O)cc4)cc3n2CC2CC2)nn2cc(C(=O)N3CCC[C@@H](N)C3)ccc12,6.537602002101044,6.537602002101044,6.537602002101044,2,bindingdb|pubchem_confirmatory,0.5,596.757,43.0,enzymatic_confirmed,False,,none,False,True,True
FOWAZEHRQFKFGE-HHHXNRCGSA-N,CC(=O)Nc1ccc(-c2ccc3cc(-c4nn5cc(C(=O)N6CCC[C@@H](N)C6)ccc5c4C)n(CC4CC4)c3c2)cn1,6.853871964321762,6.853871964321762,6.853871964321762,2,bindingdb|pubchem_confirmatory,0.5,561.69,42.0,enzymatic_confirmed,False,,none,False,True,True
XRSVKVLMWCVLCC-HHHXNRCGSA-N,Cc1c(-c2cc3ccc(-c4ccn5c(C)nnc5c4)cc3n2CC2CC2)nn2cc(C(=O)N3CCC[C@@H](N)C3)ccc12,7.0,7.0,7.0,2,bindingdb|pubchem_confirmatory,0.5,558.69,42.0,enzymatic_confirmed,False,,none,False,True,True
CXECPTMZWVBWQZ-JCHVILAISA-N,Cc1c(-c2cc3ccc(N4CCOCC4)cc3n2CC2CC2)nn2cc(C(=O)N3CC4CCC3[C@@H]4N)ccc12,7.522878745280337,7.522878745280337,7.522878745280337,2,bindingdb|pubchem_confirmatory,0.5,524.669,39.0,enzymatic_confirmed,False,,none,False,True,True
AFTKACYQUIBNTO-SGAJGPLNSA-N,Cc1c(-c2cc3ccc(N4CCC(S(C)(=O)=O)CC4)cc3n2CC2CC2)nn2cc(C(=O)N3CC4CCC3[C@@H]4N)ccc12,7.0,7.0,7.0,2,bindingdb|pubchem_confirmatory,0.5,600.789,43.0,enzymatic_confirmed,False,,none,False,True,True
AWTLWZAEAVGJTR-CLJLJLNGSA-N,COC(=O)N(C)C1CCN(c2ccc3cc(-c4nn5cc(C(=O)N6C[C@H](N)C[C@@H](F)C6)ccc5c4C)n(CC4CC4)c3c2)CC1,6.0915149811213505,6.0915149811213505,6.0915149811213505,2,bindingdb|pubchem_confirmatory,0.5,615.754,45.0,enzymatic_confirmed,False,,none,False,True,True
XMGXYJKLJRWEBN-KAYWLYCHSA-N,CC(=O)N(C)C1CCN(c2ccc3cc(-c4nn5cc(C(=O)N6C[C@H](N)C[C@@H](F)C6)ccc5c4C)n(CC4CC4)c3c2)CC1,6.214670164989233,6.214670164989233,6.214670164989233,2,bindingdb|pubchem_confirmatory,0.5,599.755,44.0,enzymatic_confirmed,False,,none,False,True,True
LDLZHURWZUOHPH-CLJLJLNGSA-N,Cc1c(-c2cc3ccc(N4CCC(N(C)S(C)(=O)=O)CC4)cc3n2CC2CC2)nn2cc(C(=O)N3C[C@H](N)C[C@@H](F)C3)ccc12,6.823908740944319,6.823908740944319,6.823908740944319,2,bindingdb|pubchem_confirmatory,0.5,635.81,45.0,enzymatic_confirmed,False,,none,False,True,True
HMDXLSRPXZDELQ-FQLXRVMXSA-N,Cc1c(-c2cc3ccc(N4CCC(C(=O)N5CCCC5)CC4)cc3n2CC2CC2)nn2cc(C(=O)N3C[C@H](N)C[C@@H](F)C3)ccc12,7.698970004336019,7.698970004336019,7.698970004336019,2,bindingdb|pubchem_confirmatory,0.5,625.793,46.0,enzymatic_confirmed,False,,none,False,True,True
FBJWSYBVXDAUDA-KAYWLYCHSA-N,Cc1c(-c2cc3ccc(N4CCC(N5CCCC5=O)CC4)cc3n2CC2CC2)nn2cc(C(=O)N3C[C@H](N)C[C@@H](F)C3)ccc12,5.555955204081924,5.555955204081924,5.555955204081924,2,bindingdb|pubchem_confirmatory,0.5,611.766,45.0,enzymatic_confirmed,False,,none,False,True,True
AUABDWJIHQLLSF-CLJLJLNGSA-N,Cc1c(-c2cc3ccc(N4CCC(N5CCOC5=O)CC4)cc3n2CC2CC2)nn2cc(C(=O)N3C[C@H](N)C[C@@H](F)C3)ccc12,7.301029995663981,7.301029995663981,7.301029995663981,2,bindingdb|pubchem_confirmatory,0.5,613.738,45.0,enzymatic_confirmed,False,,none,False,True,True
ZFPXRSJPMOOUNC-AREMUKBSSA-N,COC(=O)N(C)C1CCN(c2ccc3cc(-c4nn5cc(C(=O)N6CCC[C@@H](N)C6)ccc5c4C)n(CC4CC4)c3c2)CC1,6.376750709602099,6.376750709602099,6.376750709602099,2,bindingdb|pubchem_confirmatory,0.5,597.764,44.0,enzymatic_confirmed,False,,none,False,True,True
ZZAQXURRTOATDO-HHHXNRCGSA-N,CC(=O)N(C)C1CCN(c2ccc3cc(-c4nn5cc(C(=O)N6CCC[C@@H](N)C6)ccc5c4C)n(CC4CC4)c3c2)CC1,6.619788758288394,6.619788758288394,6.619788758288394,2,bindingdb|pubchem_confirmatory,0.5,581.765,43.0,enzymatic_confirmed,False,,none,False,True,True
HWPJVXVLFHVLDC-AREMUKBSSA-N,Cc1c(-c2cc3ccc(N4CCC(N(C)S(C)(=O)=O)CC4)cc3n2CC2CC2)nn2cc(C(=O)N3CCC[C@@H](N)C3)ccc12,6.356659515322535,6.356659515322535,6.356659515322535,2,bindingdb|pubchem_confirmatory,0.5,617.82,44.0,enzymatic_confirmed,False,,none,False,True,True
OKXUCXQGWHRKJF-GDLZYMKVSA-N,Cc1c(-c2cc3ccc(N4CCC(C(=O)N5CCCC5)CC4)cc3n2CC2CC2)nn2cc(C(=O)N3CCC[C@@H](N)C3)ccc12,6.522878745280337,6.522878745280337,6.522878745280337,2,bindingdb|pubchem_confirmatory,0.5,607.803,45.0,enzymatic_confirmed,False,,none,False,True,True
PARZGVAGFLTUQN-HHHXNRCGSA-N,Cc1c(-c2cc3ccc(N4CCC(N5CCCC5=O)CC4)cc3n2CC2CC2)nn2cc(C(=O)N3CCC[C@@H](N)C3)ccc12,5.642065152999546,5.642065152999546,5.642065152999546,2,bindingdb|pubchem_confirmatory,0.5,593.776,44.0,enzymatic_confirmed,False,,none,False,True,True
FCYFUHRSBFYOLB-AREMUKBSSA-N,Cc1c(-c2cc3ccc(N4CCC(N5CCOC5=O)CC4)cc3n2CC2CC2)nn2cc(C(=O)N3CCC[C@@H](N)C3)ccc12,5.962573502059376,5.962573502059376,5.962573502059376,2,bindingdb|pubchem_confirmatory,0.5,595.748,44.0,enzymatic_confirmed,False,,none,False,True,True
NWNUHFGTNFPUCR-HHHXNRCGSA-N,Cc1c(-c2cc3ccc(N4CCC(n5cccn5)CC4)cc3n2CC2CC2)nn2cc(C(=O)N3CCC[C@@H](N)C3)ccc12,6.142667503568731,6.142667503568731,6.142667503568731,2,bindingdb|pubchem_confirmatory,0.5,576.749,43.0,enzymatic_confirmed,False,,none,False,True,True
RLWBKTOBCDDASH-XMMPIXPASA-N,Cc1c(-c2cc3ccc(N4CC(N(C)S(C)(=O)=O)C4)cc3n2CC2CC2)nn2cc(C(=O)N3CCC[C@@H](N)C3)ccc12,6.060480747381382,6.060480747381382,6.060480747381382,2,bindingdb|pubchem_confirmatory,0.5,589.766,42.0,enzymatic_confirmed,False,,none,False,True,True
XLNCDUMNNBBHOY-FQLXRVMXSA-N,Cc1c(-c2cc3ccc(-c4cccc(CNS(C)(=O)=O)c4)cc3n2CC2CC2)nn2cc(C(=O)N3C[C@H](N)C[C@@H](F)C3)ccc12,6.0,6.0,6.0,2,bindingdb|pubchem_confirmatory,0.5,628.774,45.0,enzymatic_confirmed,False,,none,False,True,True
KXJGJSGDIFGYME-KAYWLYCHSA-N,Cc1c(-c2cc3ccc(-c4cccc(-c5nn[nH]n5)c4)cc3n2CC2CC2)nn2cc(C(=O)N3C[C@H](N)C[C@@H](F)C3)ccc12,5.552841968657781,5.552841968657781,5.552841968657781,2,bindingdb|pubchem_confirmatory,0.5,589.679,44.0,enzymatic_confirmed,False,,none,False,True,True
INHPRRFHIJVIBF-KAYWLYCHSA-N,Cc1c(-c2cc3ccc(-c4ccc(NS(C)(=O)=O)cc4)cc3n2CC2CC2)nn2cc(C(=O)N3C[C@H](N)C[C@@H](F)C3)ccc12,7.698970004336019,7.698970004336019,7.698970004336019,2,bindingdb|pubchem_confirmatory,0.5,614.747,44.0,enzymatic_confirmed,False,,none,False,True,True
XGMNWIBBFHDNRS-FQLXRVMXSA-N,Cc1c(-c2cc3ccc(-c4ccc(CNS(C)(=O)=O)cc4)cc3n2CC2CC2)nn2cc(C(=O)N3C[C@H](N)C[C@@H](F)C3)ccc12,6.886056647693163,6.886056647693163,6.886056647693163,2,bindingdb|pubchem_confirmatory,0.5,628.774,45.0,enzymatic_confirmed,False,,none,False,True,True
CYDWYVLIGIMJDE-VSGBNLITSA-N,Cc1c(-c2cc3ccc(-c4cccc(CO)c4)cc3n2CC2CC2)nn2cc(C(=O)N3C[C@H](N)C[C@@H](F)C3)ccc12,5.97061622231479,5.97061622231479,5.97061622231479,2,bindingdb|pubchem_confirmatory,0.5,551.666,41.0,enzymatic_confirmed,False,,none,False,True,True
BNNOREAGIWQLQY-JWQCQUIFSA-N,Cc1c(-c2cc3ccc(-c4ccccc4C(N)=O)cc3n2CC2CC2)nn2cc(C(=O)N3C[C@H](N)C[C@@H](F)C3)ccc12,6.721246399047171,6.721246399047171,6.721246399047171,2,bindingdb|pubchem_confirmatory,0.5,564.665,42.0,enzymatic_confirmed,False,,none,False,True,True
HQXWWODDOAVCQD-KAYWLYCHSA-N,Cc1c(-c2cc3ccc(-c4ccc(C(N)=O)cc4)cc3n2CC2CC2)nn2cc(C(=O)N3C[C@H](N)C[C@@H](F)C3)ccc12,6.698970004336019,6.698970004336019,6.698970004336019,2,bindingdb|pubchem_confirmatory,0.5,564.665,42.0,enzymatic_confirmed,False,,none,False,True,True
VGRICQXQEUGDHK-LOYHVIPDSA-N,Cc1c(-c2cc3ccc(-c4ccc5c(c4)CCC5)cc3n2CC2CC2)nn2cc(C(=O)N3C[C@H](N)C[C@@H](F)C3)ccc12,5.546681659952963,5.546681659952963,5.546681659952963,2,bindingdb|pubchem_confirmatory,0.5,561.705,42.0,enzymatic_confirmed,False,,none,False,True,True
MEVOUKHUYPLOAP-JWQCQUIFSA-N,Cc1c(-c2cc3ccc(-c4cc(Cl)c(CO)cc4F)cc3n2CC2CC2)nn2cc(C(=O)N3C[C@H](N)C[C@@H](F)C3)ccc12,5.866461091629782,5.866461091629782,5.866461091629782,2,bindingdb|pubchem_confirmatory,0.5,604.101,43.0,enzymatic_confirmed,False,,none,False,True,True
UXUJLJVEONEPJM-CLJLJLNGSA-N,Cc1c(-c2ccc3cc(-c4nn5cc(C(=O)N6C[C@H](N)C[C@@H](F)C6)ccc5c4C)n(CC4CC4)c3c2)cc(F)c2[nH]c(=O)ccc12,6.920818753952375,6.920818753952375,6.920818753952375,2,bindingdb|pubchem_confirmatory,0.5,620.704,46.0,enzymatic_confirmed,False,,none,False,True,True
BFASKTKXGSFMEN-JWQCQUIFSA-N,Cc1c(-c2cc3ccc(-c4ccc(C(N)=O)cc4Cl)cc3n2CC2CC2)nn2cc(C(=O)N3C[C@H](N)C[C@@H](F)C3)ccc12,7.045757490560675,7.045757490560675,7.045757490560675,2,bindingdb|pubchem_confirmatory,0.5,599.11,43.0,enzymatic_confirmed,False,,none,False,True,True
JMZAYKQGMWBAEJ-KAYWLYCHSA-N,Cc1cc(-c2ccc3cc(-c4nn5cc(C(=O)N6C[C@H](N)C[C@@H](F)C6)ccc5c4C)n(CC4CC4)c3c2)ccc1C(N)=O,6.346787486224656,6.346787486224656,6.346787486224656,2,bindingdb|pubchem_confirmatory,0.5,578.692,43.0,enzymatic_confirmed,False,,none,False,True,True
JRAABIGIYYQCLU-KAYWLYCHSA-N,Cc1c(-c2cc3ccc(-c4ccn5c(C)nnc5c4)cc3n2CC2CC2)nn2cc(C(=O)N3C[C@H](N)C[C@@H](F)C3)ccc12,6.795880017344075,6.795880017344075,6.795880017344075,2,bindingdb|pubchem_confirmatory,0.5,576.68,43.0,enzymatic_confirmed,False,,none,False,True,True
XDHMEIMQJCVCID-OAQYLSRUSA-N,Cc1c(-c2cc3ccc(C(C)(C)O)nc3n2CC2CC2)nn2cc(C(=O)N3CCC[C@@H](N)C3)ccc12,6.853871964321762,6.853871964321762,6.853871964321762,2,bindingdb|pubchem_confirmatory,0.5,486.62,36.0,enzymatic_confirmed,False,,none,False,True,True
ZNHVHAXWYLYERM-QFOBXASPSA-N,Cc1c(-c2cc3ccc(C(C)(O)C(F)F)nc3n2CC2CC2)nn2cc(C(=O)N3CC4CCC3[C@@H]4N)ccc12,7.698970004336019,7.698970004336019,7.698970004336019,2,bindingdb|pubchem_confirmatory,0.5,534.611,39.0,enzymatic_confirmed,False,,none,False,True,True
JSNWUTNRQLBEFK-ACVCQEAVSA-N,Cc1c(-c2cc3ccc(C(C)(O)C(F)(F)F)nc3n2CC2CC2)nn2cc(C(=O)N3CCC[C@@H](N)C3)ccc12,6.823908740944319,6.823908740944319,6.823908740944319,2,bindingdb|pubchem_confirmatory,0.5,540.59,39.0,enzymatic_confirmed,False,,none,False,True,True
GROSSJVCUDLGOI-AFDYICAQSA-N,Cc1c(-c2cc3ccc(C(C)(O)C(F)(F)F)nc3n2CC2CC2)nn2cc(C(=O)N3CC4CCC3[C@@H]4N)cc(F)c12,7.3979400086720375,7.3979400086720375,7.3979400086720375,2,bindingdb|pubchem_confirmatory,0.5,570.591,41.0,enzymatic_confirmed,False,,none,False,True,True
YWENUXBYJSJDLD-WVMUPECGSA-N,Cc1c(-c2cc3ccc(C(C)(O)C4CC4)nc3n2CC2CC2)nn2cc(C(=O)N3CC4CCC3[C@@H]4N)cc(F)c12,6.698970004336019,6.698970004336019,6.698970004336019,2,bindingdb|pubchem_confirmatory,0.5,542.659,40.0,enzymatic_confirmed,False,,none,False,True,True
PLJYOTSJMDCDRZ-FBLFFUNLSA-N,Cc1c(-c2cc3ccc(C(C)O)nc3n2CC2CC2)nn2cc(C(=O)N3CCC[C@@H](N)C3)ccc12,6.568636235841012,6.568636235841012,6.568636235841012,2,bindingdb|pubchem_confirmatory,0.5,472.593,35.0,enzymatic_confirmed,False,,none,False,True,True
GMNKPNRIRZOZHU-UYEDPJPISA-N,COc1cc(C(=O)N2CCC[C@@H](N)C2)cn2nc(-c3cc4cccc(C5CCN(C(=O)C6CCCCO6)CC5)c4n3CC3CC3)c(C)c12,6.867591088495232,6.867591088495232,6.867591088495232,2,bindingdb|pubchem_confirmatory,0.5,652.84,48.0,enzymatic_confirmed,False,,none,False,True,True
SNNNZHWSCFQNSS-HDXVINNVSA-N,COc1cc(C(=O)N2C[C@H](N)C[C@@H](F)C2)cn2nc(-c3cc4cccc(C5CCN(C(=O)C6CCCCO6)CC5)c4n3CC3CC3)c(C)c12,7.33889035263304,7.33889035263304,7.33889035263304,2,bindingdb|pubchem_confirmatory,0.5,670.83,49.0,enzymatic_confirmed,False,,none,False,True,True
WIELPYALLBTMLM-RDVROTLESA-N,COc1cc(C(=O)N2C[C@H](N)C[C@@H](F)C2)cn2nc(-c3cc4cccc(C5CCN(C(=O)C6CC(O)C6)CC5)c4n3CC3CC3)c(C)c12,7.451544993495972,7.451544993495972,7.451544993495972,2,bindingdb|pubchem_confirmatory,0.5,656.803,48.0,enzymatic_confirmed,False,,none,False,True,True
ZJFXGBOASCGRSH-JTYXWRCWSA-N,COc1cc(C(=O)N2C[C@H](N)C[C@@H](F)C2)cn2nc(-c3cc4cccc(C5CCN(C(=O)C6CCC(O)CC6)CC5)c4n3CC3CC3)c(C)c12,7.761439372640169,7.761439372640169,7.761439372640169,1,pubchem_confirmatory,1.0,684.857,50.0,enzymatic_confirmed,False,,none,False,False,False
IKTYIDRYTBVZJC-CGCOGMFASA-N,COc1cc(C(=O)N2CCC[C@@H](N)C2)cn2nc(-c3cc4cccc(C5CCN(C(=O)C6CC(O)C6)CC5)c4n3CC3CC3)c(C)c12,7.740743030061056,7.740743030061056,7.740743030061056,2,bindingdb|pubchem_confirmatory,0.5,638.813,47.0,enzymatic_confirmed,False,,none,False,True,True
QEKRMDWMDCPCMH-GSHKWTBTSA-N,COc1cc(C(=O)N2C[C@H](N)C[C@@H](F)C2)cn2nc(-c3cc4cccc(C5CCN(C(=O)C6CCCO6)CC5)c4n3CC3CC3)c(C)c12,7.698970004336019,7.698970004336019,7.698970004336019,2,bindingdb|pubchem_confirmatory,0.5,656.803,48.0,enzymatic_confirmed,False,,none,False,True,True
QVCLTMKLLFETPW-MWVDVNALSA-N,COc1cc(C(=O)N2C[C@H](N)C[C@@H](F)C2)cn2nc(-c3cc4cccc(C5CCN(C(=O)[C@@H](C)OC)CC5)c4n3CC3CC3)c(C)c12,6.853871964321762,6.853871964321762,6.853871964321762,2,bindingdb|pubchem_confirmatory,0.5,644.792,47.0,enzymatic_confirmed,False,,none,False,True,True
GPVGJKCQVQKTCU-KBEGNJGRSA-N,COc1cc(C(=O)N2CCC[C@@H](N)C2)cn2nc(-c3cc4cccc(C5CCN(C(=O)C6CC(O)(C(F)(F)F)C6)CC5)c4n3CC3CC3)c(C)c12,7.3979400086720375,7.3979400086720375,7.3979400086720375,2,bindingdb|pubchem_confirmatory,0.5,706.81,51.0,enzymatic_confirmed,False,,none,False,True,True
XFDJIOQCIWNVHB-SEMUNPCUSA-N,COc1cc(C(=O)N2C[C@H](N)C[C@@H](F)C2)cn2nc(-c3cc4cccc(C5CCN(C(=O)C6CC(O)(C(F)(F)F)C6)CC5)c4n3CC3CC3)c(C)c12,7.301029995663981,7.301029995663981,7.301029995663981,2,bindingdb|pubchem_confirmatory,0.5,724.8,52.0,enzymatic_confirmed,False,,none,False,True,True
CBVFJUTUFKANOV-ZZTVPSNHSA-N,COc1cc(C(=O)N2CCC[C@@H](N)C2)cn2nc(-c3cc4cccc(C5CCN(C(=O)C6CCCO6)CC5)c4n3CC3CC3)c(C)c12,6.180456064458131,6.180456064458131,6.180456064458131,2,bindingdb|pubchem_confirmatory,0.5,638.813,47.0,enzymatic_confirmed,False,,none,False,True,True
CSIRJPXUQDSYOW-HHHXNRCGSA-N,COCC(=O)N1CCC(c2cccc3cc(-c4nn5cc(C(=O)N6CCC[C@@H](N)C6)cc(OC)c5c4C)n(CC4CC4)c23)CC1,7.698970004336019,7.698970004336019,7.698970004336019,2,bindingdb|pubchem_confirmatory,0.5,612.775,45.0,enzymatic_confirmed,False,,none,False,True,True
PETXMUCWOZPJJW-QDPGVEIFSA-N,COc1cc(C(=O)N2CCC[C@@H](N)C2)cn2nc(-c3cc4cccc(C5CCN(C(=O)[C@@H](C)OC)CC5)c4n3CC3CC3)c(C)c12,7.221848749616356,7.221848749616356,7.221848749616356,2,bindingdb|pubchem_confirmatory,0.5,626.802,46.0,enzymatic_confirmed,False,,none,False,True,True
PETXMUCWOZPJJW-NEKDWFFYSA-N,COc1cc(C(=O)N2CCC[C@@H](N)C2)cn2nc(-c3cc4cccc(C5CCN(C(=O)[C@H](C)OC)CC5)c4n3CC3CC3)c(C)c12,6.337242168318426,6.337242168318426,6.337242168318426,2,bindingdb|pubchem_confirmatory,0.5,626.802,46.0,enzymatic_confirmed,False,,none,False,True,True
QVCLTMKLLFETPW-XDAJTCOGSA-N,COc1cc(C(=O)N2C[C@H](N)C[C@@H](F)C2)cn2nc(-c3cc4cccc(C5CCN(C(=O)[C@H](C)OC)CC5)c4n3CC3CC3)c(C)c12,7.522878745280337,7.522878745280337,7.522878745280337,2,bindingdb|pubchem_confirmatory,0.5,644.792,47.0,enzymatic_confirmed,False,,none,False,True,True
YBTBDYKSJNXBGG-KAYWLYCHSA-N,COCC(=O)N1CCC(c2cccc3cc(-c4nn5cc(C(=O)N6C[C@H](N)C[C@@H](F)C6)cc(OC)c5c4C)n(CC4CC4)c23)CC1,7.698970004336019,7.698970004336019,7.698970004336019,2,bindingdb|pubchem_confirmatory,0.5,630.765,46.0,enzymatic_confirmed,False,,none,False,True,True
ARXTZUKWNSDEOC-NGPVXHTBSA-N,COc1cc(C(=O)N2CCC[C@@H](N)C2)cn2nc(-c3cc4cccc(C5CCN(C(=O)C6CCC(O)CC6)CC5)c4n3CC3CC3)c(C)c12,7.221848749616356,7.221848749616356,7.221848749616356,1,pubchem_confirmatory,1.0,666.867,49.0,enzymatic_confirmed,False,,none,False,False,False
APYRWCZSHVVKRE-VDLMLRQJSA-N,COc1cc(C(=O)N2C[C@H](C)C[C@@H](N)C2)cn2nc(-c3cc4cccc(C5CCN(C(=O)C6CCC(O)CC6)CC5)c4n3CC3CC3)c(C)c12,7.3979400086720375,7.3979400086720375,7.3979400086720375,1,pubchem_confirmatory,1.0,680.894,50.0,enzymatic_confirmed,False,,none,False,False,False
DFLPXAKZLNBNCB-HHHXNRCGSA-N,COc1cc(C(=O)N2CCC[C@@H](N)C2)cn2nc(-c3cc4cccc(C5CCN(C(C)=O)CC5)c4n3CC3CC3)c(C)c12,7.045757490560675,7.045757490560675,7.045757490560675,2,bindingdb|pubchem_confirmatory,0.5,582.749,43.0,enzymatic_confirmed,False,,none,False,True,True
MKJUETQMTPGHGC-KAYWLYCHSA-N,COc1cc(C(=O)N2C[C@H](N)C[C@@H](F)C2)cn2nc(-c3cc4cccc(C5CCN(C(C)=O)CC5)c4n3CC3CC3)c(C)c12,6.958607314841775,6.958607314841775,6.958607314841775,2,bindingdb|pubchem_confirmatory,0.5,600.739,44.0,enzymatic_confirmed,False,,none,False,True,True
QGSUJZNFKIUCGI-ZBGHLPLLSA-N,COc1cc(C(=O)N2CC3CCC2[C@@H]3N)cn2nc(-c3cc4cccc(C5CCN(C(C)=O)CC5)c4n3CC3CC3)c(C)c12,8.0,8.0,8.0,2,bindingdb|pubchem_confirmatory,0.5,594.76,44.0,enzymatic_confirmed,False,,none,False,True,True
LTLXUAVVEIWJOB-AREMUKBSSA-N,CC(=O)N1CCC(c2cccc3cc(-c4nn5cc(C(=O)N6CCC[C@@H](N)C6)cc(F)c5c4C)n(CC4CC4)c23)CC1,7.522878745280337,7.522878745280337,7.522878745280337,2,bindingdb|pubchem_confirmatory,0.5,570.713,42.0,enzymatic_confirmed,False,,none,False,True,True
TVRCRZNFCUYEKH-ZIBQXMNCSA-N,Cc1c(-c2cc3cccc(C4CCN(C(=O)C5CCC(O)CC5)CC4)c3n2CC2CC2)nn2cc(C(=O)N3C[C@H](N)C[C@@H](F)C3)cc(F)c12,6.418419312511491,6.418419312511491,6.418419312511491,1,pubchem_confirmatory,1.0,672.821,49.0,enzymatic_confirmed,False,,none,False,False,False
RUHPDBCMUJISAS-XPOHOPQJSA-N,Cc1c(-c2cc3cccc(C4CCN(C(=O)C5CCC(O)CC5)CC4)c3n2CC2CC2)nn2cc(C(=O)N3CCC[C@@H](N)C3)cc(F)c12,6.337242168318426,6.337242168318426,6.337242168318426,1,pubchem_confirmatory,1.0,654.831,48.0,enzymatic_confirmed,False,,none,False,False,False
HDOICFJGKOAPSD-KAYWLYCHSA-N,COC(C)(C)C(=O)N1CCC(c2cccc3cc(-c4nn5cc(C(=O)N6C[C@H](N)C[C@@H](F)C6)cc(F)c5c4C)n(CC4CC4)c23)CC1,5.2958494831602,5.2958494831602,5.2958494831602,2,bindingdb|pubchem_confirmatory,0.5,646.783,47.0,enzymatic_confirmed,False,,none,False,True,True
LPVKAKCXVFKSDD-HHHXNRCGSA-N,COC(C)(C)C(=O)N1CCC(c2cccc3cc(-c4nn5cc(C(=O)N6CCC[C@@H](N)C6)cc(F)c5c4C)n(CC4CC4)c23)CC1,5.767003889607846,5.767003889607846,5.767003889607846,2,bindingdb|pubchem_confirmatory,0.5,628.793,46.0,enzymatic_confirmed,False,,none,False,True,True
YDUZIQDWBSFXRB-GYZOCXDNSA-N,Cc1c(-c2cc3cccc(C4CCN(C(=O)C5CC(O)C5)CC4)c3n2CC2CC2)nn2cc(C(=O)N3C[C@H](N)C[C@@H](F)C3)cc(F)c12,5.0835460514500745,5.0835460514500745,5.0835460514500745,2,bindingdb|pubchem_confirmatory,0.5,644.767,47.0,enzymatic_confirmed,False,,none,False,True,True
VGXAWPCYYWTEJP-YVVHSEAESA-N,Cc1c(-c2cc3cccc(C4CCN(C(=O)C5CC(O)C5)CC4)c3n2CC2CC2)nn2cc(C(=O)N3CCC[C@@H](N)C3)cc(F)c12,6.537602002101044,6.537602002101044,6.537602002101044,2,bindingdb|pubchem_confirmatory,0.5,626.777,46.0,enzymatic_confirmed,False,,none,False,True,True
XFXVYNYRKQIMDF-YJHZZORQSA-N,Cc1c(-c2cc3cccc(C4CCN(C(=O)C5CC(O)(C(F)(F)F)C5)CC4)c3n2CC2CC2)nn2cc(C(=O)N3C[C@H](N)C[C@@H](F)C3)cc(F)c12,7.096910013008056,7.096910013008056,7.096910013008056,2,bindingdb|pubchem_confirmatory,0.5,712.764,51.0,enzymatic_confirmed,False,,none,False,True,True
NECOWGBOQHSSNG-KJZSJKLJSA-N,Cc1c(-c2cc3cccc(C4CCN(C(=O)C5CC(O)(C(F)(F)F)C5)CC4)c3n2CC2CC2)nn2cc(C(=O)N3CCC[C@@H](N)C3)cc(F)c12,6.3979400086720375,6.3979400086720375,6.3979400086720375,2,bindingdb|pubchem_confirmatory,0.5,694.774,50.0,enzymatic_confirmed,False,,none,False,True,True
CFDNEUFZAVYAPY-GCCWUPBUSA-N,CO[C@@H](C)C(=O)N1CCC(c2cccc3cc(-c4nn5cc(C(=O)N6C[C@H](N)C[C@@H](F)C6)cc(F)c5c4C)n(CC4CC4)c23)CC1,6.823908740944319,6.823908740944319,6.823908740944319,2,bindingdb|pubchem_confirmatory,0.5,632.756,46.0,enzymatic_confirmed,False,,none,False,True,True
YYXFWQONQMTQES-WXVAWEFUSA-N,CO[C@@H](C)C(=O)N1CCC(c2cccc3cc(-c4nn5cc(C(=O)N6CCC[C@@H](N)C6)cc(F)c5c4C)n(CC4CC4)c23)CC1,7.096910013008056,7.096910013008056,7.096910013008056,2,bindingdb|pubchem_confirmatory,0.5,614.766,45.0,enzymatic_confirmed,False,,none,False,True,True
CFDNEUFZAVYAPY-SACAOSOOSA-N,CO[C@H](C)C(=O)N1CCC(c2cccc3cc(-c4nn5cc(C(=O)N6C[C@H](N)C[C@@H](F)C6)cc(F)c5c4C)n(CC4CC4)c23)CC1,7.301029995663981,7.301029995663981,7.301029995663981,2,bindingdb|pubchem_confirmatory,0.5,632.756,46.0,enzymatic_confirmed,False,,none,False,True,True
YYXFWQONQMTQES-AJTFRIOCSA-N,CO[C@H](C)C(=O)N1CCC(c2cccc3cc(-c4nn5cc(C(=O)N6CCC[C@@H](N)C6)cc(F)c5c4C)n(CC4CC4)c23)CC1,7.301029995663981,7.301029995663981,7.301029995663981,2,bindingdb|pubchem_confirmatory,0.5,614.766,45.0,enzymatic_confirmed,False,,none,False,True,True
KREMBNXLYXOOPX-CLJLJLNGSA-N,CC(=O)N1CCC(c2cccc3cc(-c4nn5cc(C(=O)N6C[C@H](N)C[C@@H](F)C6)cc(F)c5c4C)n(CC4CC4)c23)CC1,7.698970004336019,7.698970004336019,7.698970004336019,2,bindingdb|pubchem_confirmatory,0.5,588.703,43.0,enzymatic_confirmed,False,,none,False,True,True
NVKZHLKRHQPQSA-CLJLJLNGSA-N,COCC(=O)N1CCC(c2cccc3cc(-c4nn5cc(C(=O)N6C[C@H](N)C[C@@H](F)C6)cc(F)c5c4C)n(CC4CC4)c23)CC1,7.522878745280337,7.522878745280337,7.522878745280337,2,bindingdb|pubchem_confirmatory,0.5,618.729,45.0,enzymatic_confirmed,False,,none,False,True,True
DXZLTZZZLYIHJG-AREMUKBSSA-N,COCC(=O)N1CCC(c2cccc3cc(-c4nn5cc(C(=O)N6CCC[C@@H](N)C6)cc(F)c5c4C)n(CC4CC4)c23)CC1,7.3979400086720375,7.3979400086720375,7.3979400086720375,2,bindingdb|pubchem_confirmatory,0.5,600.739,44.0,enzymatic_confirmed,False,,none,False,True,True
SIIPIXAPMMRJJU-KAYWLYCHSA-N,Cc1c(-c2cc3cccc(C4CCN(C(=O)CCO)CC4)c3n2CC2CC2)nn2cc(C(=O)N3C[C@H](N)C[C@@H](F)C3)ccc12,7.096910013008056,7.096910013008056,7.096910013008056,2,bindingdb|pubchem_confirmatory,0.5,600.739,44.0,enzymatic_confirmed,False,,none,False,True,True
VQMXONSUYBYMGA-FQLXRVMXSA-N,Cc1c(-c2cc3cccc(C4CCN(C(=O)COC(C)C)CC4)c3n2CC2CC2)nn2cc(C(=O)N3C[C@H](N)C[C@@H](F)C3)ccc12,6.886056647693163,6.886056647693163,6.886056647693163,2,bindingdb|pubchem_confirmatory,0.5,628.793,46.0,enzymatic_confirmed,False,,none,False,True,True
LZDZYNKGEYBGLW-GDLZYMKVSA-N,Cc1c(-c2cc3cccc(C4CCN(C(=O)COC(C)C)CC4)c3n2CC2CC2)nn2cc(C(=O)N3CCC[C@@H](N)C3)ccc12,6.698970004336019,6.698970004336019,6.698970004336019,2,bindingdb|pubchem_confirmatory,0.5,610.803,45.0,enzymatic_confirmed,False,,none,False,True,True
GGJSPGBMCSAIDG-VSGBNLITSA-N,Cc1c(-c2cc3cccc(C4CCN(C(=O)C(C)(C)CO)CC4)c3n2CC2CC2)nn2cc(C(=O)N3C[C@H](N)C[C@@H](F)C3)ccc12,6.853871964321762,6.853871964321762,6.853871964321762,2,bindingdb|pubchem_confirmatory,0.5,628.793,46.0,enzymatic_confirmed,False,,none,False,True,True
JUSNVANUAVZORF-MUUNZHRXSA-N,Cc1c(-c2cc3cccc(C4CCN(C(=O)C(C)(C)CO)CC4)c3n2CC2CC2)nn2cc(C(=O)N3CCC[C@@H](N)C3)ccc12,6.6020599913279625,6.6020599913279625,6.6020599913279625,2,bindingdb|pubchem_confirmatory,0.5,610.803,45.0,enzymatic_confirmed,False,,none,False,True,True
WTONTAIDCPNCSW-KAYWLYCHSA-N,Cc1c(-c2cc3cccc(C4CCN(C(=O)C(C)(C)O)CC4)c3n2CC2CC2)nn2cc(C(=O)N3C[C@H](N)C[C@@H](F)C3)ccc12,6.42021640338319,6.42021640338319,6.42021640338319,2,bindingdb|pubchem_confirmatory,0.5,614.766,45.0,enzymatic_confirmed,False,,none,False,True,True
DOSWOHSVUAUVED-HHHXNRCGSA-N,Cc1c(-c2cc3cccc(C4CCN(C(=O)C(C)(C)O)CC4)c3n2CC2CC2)nn2cc(C(=O)N3CCC[C@@H](N)C3)ccc12,6.522878745280337,6.522878745280337,6.522878745280337,2,bindingdb|pubchem_confirmatory,0.5,596.776,44.0,enzymatic_confirmed,False,,none,False,True,True
JBJNQCBJKWHJBA-HHHXNRCGSA-N,Cc1c(-c2cc3cccc(C4CCN(C(=O)CCO)CC4)c3n2CC2CC2)nn2cc(C(=O)N3CCC[C@@H](N)C3)ccc12,6.958607314841775,6.958607314841775,6.958607314841775,2,bindingdb|pubchem_confirmatory,0.5,582.749,43.0,enzymatic_confirmed,False,,none,False,True,True
NFNSMCDRYSPAPO-CLJLJLNGSA-N,Cc1c(-c2cc3cccc(C4CCN(C(=O)CO)CC4)c3n2CC2CC2)nn2cc(C(=O)N3C[C@H](N)C[C@@H](F)C3)ccc12,7.522878745280337,7.522878745280337,7.522878745280337,2,bindingdb|pubchem_confirmatory,0.5,586.712,43.0,enzymatic_confirmed,False,,none,False,True,True
WDEZFYQOFULKKL-AREMUKBSSA-N,Cc1c(-c2cc3cccc(C4CCN(C(=O)CO)CC4)c3n2CC2CC2)nn2cc(C(=O)N3CCC[C@@H](N)C3)ccc12,7.522878745280337,7.522878745280337,7.522878745280337,2,bindingdb|pubchem_confirmatory,0.5,568.722,42.0,enzymatic_confirmed,False,,none,False,True,True
XMQMJDOTNCFOLT-HQMADOEBSA-N,Cc1c(-c2cc3cccc(C4CCN(C(=O)[C@@H]5CCC[C@H](O)C5)CC4)c3n2CC2CC2)nn2cc(C(=O)N3CCC[C@@H](N)C3)ccc12,7.221848749616356,7.221848749616356,7.221848749616356,2,bindingdb|pubchem_confirmatory,0.5,636.841,47.0,enzymatic_confirmed,False,,none,False,True,True
HAMGMJYAAXCLDN-MUUNZHRXSA-N,CCOCC(=O)N1CCC(c2cccc3cc(-c4nn5cc(C(=O)N6CCC[C@@H](N)C6)ccc5c4C)n(CC4CC4)c23)CC1,7.221848749616356,7.221848749616356,7.221848749616356,2,bindingdb|pubchem_confirmatory,0.5,596.776,44.0,enzymatic_confirmed,False,,none,False,True,True
CJVNIKYJWQUIRS-VSGBNLITSA-N,CCOCC(=O)N1CCC(c2cccc3cc(-c4nn5cc(C(=O)N6C[C@H](N)C[C@@H](F)C6)ccc5c4C)n(CC4CC4)c23)CC1,7.522878745280337,7.522878745280337,7.522878745280337,2,bindingdb|pubchem_confirmatory,0.5,614.766,45.0,enzymatic_confirmed,False,,none,False,True,True
YPTZCJCUBUMRGV-NGPVXHTBSA-N,Cc1c(-c2cc3cccc(C4CCN(C(=O)C5CCC(O)CC5)CC4)c3n2CC2CC2)nn2cc(C(=O)N3CCC[C@@H](N)C3)ccc12,7.093543321678572,7.093543321678572,7.093543321678572,1,pubchem_confirmatory,1.0,636.841,47.0,enzymatic_confirmed,False,,none,False,False,False
NAXPVOYEAMEMAE-JTYXWRCWSA-N,Cc1c(-c2cc3cccc(C4CCN(C(=O)C5CCC(O)CC5)CC4)c3n2CC2CC2)nn2cc(C(=O)N3C[C@H](N)C[C@@H](F)C3)ccc12,8.0,8.0,8.0,1,pubchem_confirmatory,1.0,654.831,48.0,enzymatic_confirmed,False,,none,False,False,False
QYKCVISYGFTDBH-FQLXRVMXSA-N,Cc1c(-c2cc3cccc(C4CCN(C(=O)CC(C)C)CC4)c3n2CC2CC2)nn2cc(C(=O)N3C[C@H](N)C[C@@H](F)C3)ccc12,6.795880017344075,6.795880017344075,6.795880017344075,2,bindingdb|pubchem_confirmatory,0.5,612.794,45.0,enzymatic_confirmed,False,,none,False,True,True
DPUKLPJXBRSCKY-GDLZYMKVSA-N,Cc1c(-c2cc3cccc(C4CCN(C(=O)CC(C)C)CC4)c3n2CC2CC2)nn2cc(C(=O)N3CCC[C@@H](N)C3)ccc12,6.886056647693163,6.886056647693163,6.886056647693163,2,bindingdb|pubchem_confirmatory,0.5,594.804,44.0,enzymatic_confirmed,False,,none,False,True,True
XMQMJDOTNCFOLT-FAOMPSFFSA-N,Cc1c(-c2cc3cccc(C4CCN(C(=O)[C@H]5CCC[C@@H](O)C5)CC4)c3n2CC2CC2)nn2cc(C(=O)N3CCC[C@@H](N)C3)ccc12,6.769551078621726,6.769551078621726,6.769551078621726,2,bindingdb|pubchem_confirmatory,0.5,636.841,47.0,enzymatic_confirmed,False,,none,False,True,True
VRHGRZFQXLMFNI-OKNVFKEHSA-N,Cc1c(-c2cc3cccc(C4CCN(C(=O)[C@H]5CCC[C@@H](O)C5)CC4)c3n2CC2CC2)nn2cc(C(=O)N3C[C@H](N)C[C@@H](F)C3)ccc12,7.154901959985743,7.154901959985743,7.154901959985743,2,bindingdb|pubchem_confirmatory,0.5,654.831,48.0,enzymatic_confirmed,False,,none,False,True,True
VRHGRZFQXLMFNI-RJIGRWNCSA-N,Cc1c(-c2cc3cccc(C4CCN(C(=O)[C@@H]5CCC[C@H](O)C5)CC4)c3n2CC2CC2)nn2cc(C(=O)N3C[C@H](N)C[C@@H](F)C3)ccc12,7.301029995663981,7.301029995663981,7.301029995663981,2,bindingdb|pubchem_confirmatory,0.5,654.831,48.0,enzymatic_confirmed,False,,none,False,True,True
SISWABZROHQKSF-KAYWLYCHSA-N,CC(=O)N1CCC(c2cccc3cc(-c4nn5cc(C(=O)N6C[C@H](N)C[C@@H](F)C6)ccc5c4C)n(CC4CC4)c23)CC1,7.522878745280337,7.522878745280337,7.522878745280337,2,bindingdb|pubchem_confirmatory,0.5,570.713,42.0,enzymatic_confirmed,False,,none,False,True,True
PTCLELAYDLLLIJ-GVBVHUCQSA-N,COCC(=O)N1CCC(c2cccc3cc(-c4nn5cc(C(=O)N6CC7CCC6[C@@H]7N)ccc5c4C)n(CC4CC4)c23)CC1,8.0,8.0,8.0,2,bindingdb|pubchem_confirmatory,0.5,594.76,44.0,enzymatic_confirmed,False,,none,False,True,True
PRTQDZCJSRPOGJ-NEKDWFFYSA-N,CO[C@@H](C)C(=O)N1CCC(c2cccc3cc(-c4nn5cc(C(=O)N6CCC[C@@H](N)C6)ccc5c4C)n(CC4CC4)c23)CC1,6.259637310505756,6.259637310505756,6.259637310505756,2,bindingdb|pubchem_confirmatory,0.5,596.776,44.0,enzymatic_confirmed,False,,none,False,True,True
DTRXNWPMBSOJIN-HHHXNRCGSA-N,COCC(=O)N1CCC(c2cccc3cc(-c4nn5cc(C(=O)N6CCC[C@@H](N)C6)ccc5c4C)n(CC4CC4)c23)CC1,6.568636235841012,6.568636235841012,6.568636235841012,2,bindingdb|pubchem_confirmatory,0.5,582.749,43.0,enzymatic_confirmed,False,,none,False,True,True
FEPCLANBBKYTAM-XRBWLTQTSA-N,Cc1c(-c2cc3cccc(C4CCN(C(=O)C5CC(O)(C(F)(F)F)C5)CC4)c3n2CC2CC2)nn2cc(C(=O)N3CCC[C@@H](N)C3)ccc12,7.522878745280337,7.522878745280337,7.522878745280337,2,bindingdb|pubchem_confirmatory,0.5,676.784,49.0,enzymatic_confirmed,False,,none,False,True,True
NSOVKIJNTQGSNZ-IIGOATNISA-N,Cc1c(-c2cc3cccc(C4CCN(C(=O)C5CCCCO5)CC4)c3n2CC2CC2)nn2cc(C(=O)N3CCC[C@@H](N)C3)ccc12,7.522878745280337,7.522878745280337,7.522878745280337,2,bindingdb|pubchem_confirmatory,0.5,622.814,46.0,enzymatic_confirmed,False,,none,False,True,True
RAYHOKJHOSRJQD-GTJYFZDJSA-N,Cc1c(-c2cc3cccc(C4CCN(C(=O)C5CCCCO5)CC4)c3n2CC2CC2)nn2cc(C(=O)N3C[C@H](N)C[C@@H](F)C3)ccc12,7.096910013008056,7.096910013008056,7.096910013008056,2,bindingdb|pubchem_confirmatory,0.5,640.804,47.0,enzymatic_confirmed,False,,none,False,True,True
VKJALWWCFJIUAH-XDAJTCOGSA-N,CO[C@@H](C)C(=O)N1CCC(c2cccc3cc(-c4nn5cc(C(=O)N6C[C@H](N)C[C@@H](F)C6)ccc5c4C)n(CC4CC4)c23)CC1,6.853871964321762,6.853871964321762,6.853871964321762,2,bindingdb|pubchem_confirmatory,0.5,614.766,45.0,enzymatic_confirmed,False,,none,False,True,True
PRTQDZCJSRPOGJ-QDPGVEIFSA-N,CO[C@H](C)C(=O)N1CCC(c2cccc3cc(-c4nn5cc(C(=O)N6CCC[C@@H](N)C6)ccc5c4C)n(CC4CC4)c23)CC1,7.154901959985743,7.154901959985743,7.154901959985743,2,bindingdb|pubchem_confirmatory,0.5,596.776,44.0,enzymatic_confirmed,False,,none,False,True,True
VKJALWWCFJIUAH-MWVDVNALSA-N,CO[C@H](C)C(=O)N1CCC(c2cccc3cc(-c4nn5cc(C(=O)N6C[C@H](N)C[C@@H](F)C6)ccc5c4C)n(CC4CC4)c23)CC1,7.096910013008056,7.096910013008056,7.096910013008056,2,bindingdb|pubchem_confirmatory,0.5,614.766,45.0,enzymatic_confirmed,False,,none,False,True,True
QTYHBSNPEVTOCY-MOFFZIGISA-N,Cc1c(-c2cc3cccc(C4CCN(C(=O)C5CCCO5)CC4)c3n2CC2CC2)nn2cc(C(=O)N3CCC[C@@H](N)C3)ccc12,7.522878745280337,7.522878745280337,7.522878745280337,2,bindingdb|pubchem_confirmatory,0.5,608.787,45.0,enzymatic_confirmed,False,,none,False,True,True
KMLRLTDCVYFJKS-OZIXFKSASA-N,Cc1c(-c2cc3cccc(C4CCN(C(=O)C5CCCO5)CC4)c3n2CC2CC2)nn2cc(C(=O)N3C[C@H](N)C[C@@H](F)C3)ccc12,7.0,7.0,7.0,2,bindingdb|pubchem_confirmatory,0.5,626.777,46.0,enzymatic_confirmed,False,,none,False,True,True
RRZJHUZYOBHJNV-MUUNZHRXSA-N,Cc1c(-c2cc3cccc(C4CCN(C(=O)c5cccs5)CC4)c3n2CC2CC2)nn2cc(C(=O)N3CCC[C@@H](N)C3)ccc12,6.7447274948966935,6.7447274948966935,6.7447274948966935,2,bindingdb|pubchem_confirmatory,0.5,620.823,45.0,enzymatic_confirmed,False,,none,False,True,True
GYZBYPQAHQSORI-YOXBCDPKSA-N,Cc1c(-c2cc3cccc(C4CCN(C(=O)C5CC(O)C5)CC4)c3n2CC2CC2)nn2cc(C(=O)N3CCC[C@@H](N)C3)ccc12,6.886056647693163,6.886056647693163,6.886056647693163,2,bindingdb|pubchem_confirmatory,0.5,608.787,45.0,enzymatic_confirmed,False,,none,False,True,True
DKUSWZKILNAVSC-REMUIPKLSA-N,Cc1c(-c2cc3cccc(C4CCN(C(=O)C5CC(O)C5)CC4)c3n2CC2CC2)nn2cc(C(=O)N3C[C@H](N)C[C@@H](F)C3)ccc12,6.721246399047171,6.721246399047171,6.721246399047171,2,bindingdb|pubchem_confirmatory,0.5,626.777,46.0,enzymatic_confirmed,False,,none,False,True,True
OEPRRKRVKRWOQF-YZMUISPRSA-N,Cc1c(-c2cc3cccc(C4CCN(C(=O)C5CC(O)C5)CC4)c3n2CC2CC2)nn2cc(C(=O)N3CC4CCC3[C@@H]4N)ccc12,7.698970004336019,7.698970004336019,7.698970004336019,2,bindingdb|pubchem_confirmatory,0.5,620.798,46.0,enzymatic_confirmed,False,,none,False,True,True
AHAOMBQJJMWMOB-AREMUKBSSA-N,COC(=O)N1CCC(c2cccc3cc(-c4nn5cc(C(=O)N6CCC[C@@H](N)C6)ccc5c4C)n(CC4CC4)c23)CC1,7.0,7.0,7.0,2,bindingdb|pubchem_confirmatory,0.5,568.722,42.0,enzymatic_confirmed,False,,none,False,True,True
UMVSFFXULUUKML-CLJLJLNGSA-N,COC(=O)N1CCC(c2cccc3cc(-c4nn5cc(C(=O)N6C[C@H](N)C[C@@H](F)C6)ccc5c4C)n(CC4CC4)c23)CC1,6.7447274948966935,6.7447274948966935,6.7447274948966935,2,bindingdb|pubchem_confirmatory,0.5,586.712,43.0,enzymatic_confirmed,False,,none,False,True,True
HAMJZNOCBRKLFH-JPBRTVAWSA-N,COC(=O)N1CCC(c2cccc3cc(-c4nn5cc(C(=O)N6CC7CCC6[C@@H]7N)ccc5c4C)n(CC4CC4)c23)CC1,8.0,8.0,8.0,2,bindingdb|pubchem_confirmatory,0.5,580.733,43.0,enzymatic_confirmed,False,,none,False,True,True
ZMHVWLZJEXXWPY-AJTFRIOCSA-N,Cc1c(-c2cc3cccc(C4CCN(C(=O)[C@@H](C)O)CC4)c3n2CC2CC2)nn2cc(C(=O)N3CCC[C@@H](N)C3)ccc12,7.045757490560675,7.045757490560675,7.045757490560675,2,bindingdb|pubchem_confirmatory,0.5,582.749,43.0,enzymatic_confirmed,False,,none,False,True,True
FLNCJRNPDIQGRM-SACAOSOOSA-N,Cc1c(-c2cc3cccc(C4CCN(C(=O)[C@@H](C)O)CC4)c3n2CC2CC2)nn2cc(C(=O)N3C[C@H](N)C[C@@H](F)C3)ccc12,7.221848749616356,7.221848749616356,7.221848749616356,2,bindingdb|pubchem_confirmatory,0.5,600.739,44.0,enzymatic_confirmed,False,,none,False,True,True
MWHSINSADPVBGZ-OVNMXNLTSA-N,Cc1c(-c2cc3cccc(C4CCN(C(=O)[C@@H](C)O)CC4)c3n2CC2CC2)nn2cc(C(=O)N3CC4CCC3[C@@H]4N)ccc12,8.522878745280337,8.522878745280337,8.522878745280337,2,bindingdb|pubchem_confirmatory,0.5,594.76,44.0,enzymatic_confirmed,False,,none,False,True,True
GXEMNQLGKITEKY-VSGBNLITSA-N,Cc1c(-c2cc3cccc(C4CCN(C(=O)c5cccs5)CC4)c3n2CC2CC2)nn2cc(C(=O)N3C[C@H](N)C[C@@H](F)C3)ccc12,7.154901959985743,7.154901959985743,7.154901959985743,2,bindingdb|pubchem_confirmatory,0.5,638.813,46.0,enzymatic_confirmed,False,,none,False,True,True
YUGWOFBXSWQFQK-MANYVHKHSA-N,Cc1c(-c2cc3cccc(C4CCN(C(=O)c5cccs5)CC4)c3n2CC2CC2)nn2cc(C(=O)N3CC4CCC3[C@@H]4N)ccc12,7.698970004336019,7.698970004336019,7.698970004336019,2,bindingdb|pubchem_confirmatory,0.5,632.834,46.0,enzymatic_confirmed,False,,none,False,True,True
QLUFXYYIDQXVQU-RQAPJLMPSA-N,CC(=O)N1CCC(c2cccc3cc(-c4nn5cc(C(=O)N6CC7CCC6[C@@H]7N)ccc5c4C)n(CC4CC4)c23)CC1,7.698970004336019,7.698970004336019,7.698970004336019,2,bindingdb|pubchem_confirmatory,0.5,564.734,42.0,enzymatic_confirmed,False,,none,False,True,True
OJBRNJYASMQFBO-KAYWLYCHSA-N,COCC(=O)N1CCC(c2cccc3cc(-c4nn5cc(C(=O)N6C[C@H](N)C[C@@H](F)C6)ccc5c4C)n(CC4CC4)c23)CC1,6.886056647693163,6.886056647693163,6.886056647693163,2,bindingdb|pubchem_confirmatory,0.5,600.739,44.0,enzymatic_confirmed,False,,none,False,True,True
VFDNBOXXJNKPFW-OAQYLSRUSA-N,COc1cc(C(=O)N2CCC[C@@H](N)C2)cc2sc(-c3cc4ccccc4n3CC3CC3)c(CCO)c12,5.920818753952375,5.920818753952375,5.920818753952375,2,bindingdb|pubchem_confirmatory,0.5,503.668,36.0,enzymatic_confirmed,False,,none,False,True,True
MUIARBJPPYSFSA-NHCUHLMSSA-N,COc1cc(C(=O)N2C[C@H](N)C[C@@H](F)C2)cc2sc(-c3cc4ccccc4n3CC3CC3)c(CCO)c12,6.403402904373539,6.403402904373539,6.403402904373539,2,bindingdb|pubchem_confirmatory,0.5,521.658,37.0,enzymatic_confirmed,False,,none,False,True,True
QABKNLFXYFFUKH-NHCUHLMSSA-N,COc1ccc2cc(-c3sc4cc(C(=O)N5C[C@H](N)C[C@@H](F)C5)cc(OC)c4c3CCO)n(CC3CC3)c2c1,6.416801226031377,6.416801226031377,6.416801226031377,2,bindingdb|pubchem_confirmatory,0.5,551.684,39.0,enzymatic_confirmed,False,,none,False,True,True
OKKBYOPSXRIXKK-OAQYLSRUSA-N,COc1cc(C(=O)N2CCC[C@@H](N)C2)cc2sc(-c3cc4ccccc4n3CC3CC3)c(CCN)c12,5.690369832574101,5.690369832574101,5.690369832574101,2,bindingdb|pubchem_confirmatory,0.5,502.684,36.0,enzymatic_confirmed,False,,none,False,True,True
URPCKBJLBWWJPQ-HSZRJFAPSA-N,Cc1c(-c2cc3ccccc3n2CC2CC2)sc2cc(C(=O)N3CCC[C@@H](N)C3)cc(CCO)c12,6.071092309756047,6.071092309756047,6.071092309756047,2,bindingdb|pubchem_confirmatory,0.5,487.669,35.0,enzymatic_confirmed,False,,none,False,True,True
NHMBMQBPTMRHTK-JOCHJYFZSA-N,Cc1c(-c2cc3ccccc3n2CC2CC2)sc2cc(C(=O)N3CCC[C@@H](N)C3)cc(CO)c12,6.056011124926228,6.056011124926228,6.056011124926228,2,bindingdb|pubchem_confirmatory,0.5,473.642,34.0,enzymatic_confirmed,False,,none,False,True,True
TWNYKGSRJNYVIK-NHCUHLMSSA-N,COc1ccc2cc(-c3oc4cc(C(=O)N5C[C@H](N)C[C@@H](F)C5)cc(OC)c4c3CCO)n(CC3CC3)c2c1,6.492144128304169,6.492144128304169,6.492144128304169,2,bindingdb|pubchem_confirmatory,0.5,535.616,39.0,enzymatic_confirmed,False,,none,False,True,True
FBXUNPZUNGNSMN-WOJBJXKFSA-N,COc1cc(C(=O)N2C[C@H](N)C[C@@H](F)C2)cc2oc(-c3cc4cccnc4n3CC3CC3)c(CCO)c12,6.105130343254748,6.105130343254748,6.105130343254748,2,bindingdb|pubchem_confirmatory,0.5,506.578,37.0,enzymatic_confirmed,False,,none,False,True,True
KVMIXEURUDKPPT-NHCUHLMSSA-N,COc1cc(C(=O)N2C[C@H](N)C[C@@H](F)C2)cc2oc(-c3cc4ccccc4n3CC3CC3)c(CCO)c12,6.5406075122407685,6.5406075122407685,6.5406075122407685,2,bindingdb|pubchem_confirmatory,0.5,505.59,37.0,enzymatic_confirmed,False,,none,False,True,True
DJJKKBZYTMENQM-FGZHOGPDSA-N,CN[C@@H]1C[C@@H](F)CN(C(=O)c2cc(OC)c3c(CCO)c(-c4cc5ccccc5n4CC4CC4)oc3c2)C1,5.120330794367947,5.120330794367947,5.120330794367947,2,bindingdb|pubchem_confirmatory,0.5,519.617,38.0,enzymatic_confirmed,False,,none,False,True,True
IEFNZAQIDIMUPU-NHCUHLMSSA-N,COc1cc(C(=O)N2C[C@H](N)C[C@@H](F)C2)cc2oc(-c3cc4cccc(OC)c4n3CC3CC3)c(CCO)c12,6.485452247339714,6.485452247339714,6.485452247339714,2,bindingdb|pubchem_confirmatory,0.5,535.616,39.0,enzymatic_confirmed,False,,none,False,True,True
NLBWUWGNYJSLTE-BPAKYRGESA-N,COc1cc(C(=O)N2C[C@H](N)C[C@@H](F)C2)cc2oc(-c3cc4cccc(OCC5CNC(=O)C5)c4n3CC3CC3)c(CCO)c12,6.747146969020107,6.747146969020107,6.747146969020107,2,bindingdb|pubchem_confirmatory,0.5,618.706,45.0,enzymatic_confirmed,False,,none,False,True,True
YBEMOCBGFFGDAH-FGZHOGPDSA-N,COc1cc(C(=O)N2C[C@H](N)C[C@@H](F)C2)cc2oc(-c3cc4cccc(OCCO)c4n3CC3CC3)c(CCO)c12,6.679853713888946,6.679853713888946,6.679853713888946,2,bindingdb|pubchem_confirmatory,0.5,565.642,41.0,enzymatic_confirmed,False,,none,False,True,True
BQHPYPBHAUZTDT-DNQXCXABSA-N,COc1cc(C(=O)N2C[C@H](N)C[C@@H](F)C2)cc2oc(-c3cc4cccc(OCCn5cncn5)c4n3CC3CC3)c(CCO)c12,6.665546248849069,6.665546248849069,6.665546248849069,2,bindingdb|pubchem_confirmatory,0.5,616.694,45.0,enzymatic_confirmed,False,,none,False,True,True
JMKJBVPBLVPMHW-DNQXCXABSA-N,COc1cc(C(=O)N2C[C@H](N)C[C@@H](F)C2)cc2oc(-c3cc4cccc(OCC5CNC5)c4n3CC3CC3)c(CCO)c12,6.557520230935552,6.557520230935552,6.557520230935552,2,bindingdb|pubchem_confirmatory,0.5,590.696,43.0,enzymatic_confirmed,False,,none,False,True,True
ARYBGZMSHXRBOQ-JWQCQUIFSA-N,COc1cc(C(=O)N2C[C@H](N)C[C@@H](F)C2)cc2oc(-c3cc4cccc(OCC5CN(C)C5)c4n3CC3CC3)c(CCO)c12,6.20690839982342,6.20690839982342,6.20690839982342,2,bindingdb|pubchem_confirmatory,0.5,604.723,44.0,enzymatic_confirmed,False,,none,False,True,True
TUDGDJRDIRQZGT-DNQXCXABSA-N,COc1cc(C(=O)N2C[C@H](N)C[C@@H](F)C2)cc2oc(-c3cc4cccc(OCC5COC5)c4n3CC3CC3)c(CCO)c12,6.530177984021837,6.530177984021837,6.530177984021837,2,bindingdb|pubchem_confirmatory,0.5,591.68,43.0,enzymatic_confirmed,False,,none,False,True,True
YPKIWHXVGAGBLC-FGZHOGPDSA-N,COc1cc(C(=O)N2C[C@H](N)C[C@@H](F)C2)cc2oc(-c3cc4cccc(OCc5ncno5)c4n3CC3CC3)c(CCO)c12,6.614393726401688,6.614393726401688,6.614393726401688,2,bindingdb|pubchem_confirmatory,0.5,603.651,44.0,enzymatic_confirmed,False,,none,False,True,True
BRYMJXNQKDQEAQ-JCHVILAISA-N,COc1cc(C(=O)N2CC3CCC2[C@@H]3N)cc2nc3n(c12)Cc1cnn(c1)CCCCCn1c-3cc2ccccc21,6.5934598195660445,6.5934598195660445,6.5934598195660445,2,bindingdb|pubchem_confirmatory,0.5,549.679,41.0,enzymatic_confirmed,False,,none,False,True,True
NQHQCWFRELDPSR-MGYSCDMNSA-N,COc1cc(C(=O)N2CC3CCC2[C@@H]3N)cc2nc3n(c12)Cc1cnn(c1)CCCCCCn1c-3cc2cccnc21,5.864231485432178,5.864231485432178,5.864231485432178,2,bindingdb|pubchem_confirmatory,0.5,564.694,42.0,enzymatic_confirmed,False,,none,False,True,True
BQQCOVPGQSMJES-CLJLJLNGSA-N,COc1cc(C(=O)N2C[C@H](N)C[C@@H](F)C2)cc2nc3n(c12)Cc1cnn(c1)-c1ccccc1OCCCn1c-3cc2ccccc21,7.721246399047171,7.721246399047171,7.721246399047171,2,bindingdb|pubchem_confirmatory,0.5,619.701,46.0,enzymatic_confirmed,False,,none,False,True,True
BCGLCWUWBPCKSO-CDNDPLPTSA-N,COc1cc(C(=O)N2CC3CCC2[C@@H]3N)cc2nc3n(c12)Cc1cnn(c1)CCCCCCn1c-3cc2ccccc21,7.473845450176338,7.473845450176338,7.473845450176338,2,bindingdb|pubchem_confirmatory,0.5,563.706,42.0,enzymatic_confirmed,False,,none,False,True,True
MVGNNNIEBIWQPN-CLJLJLNGSA-N,COc1cc(C(=O)N2C[C@H](N)C[C@@H](F)C2)cc2nc3n(c12)Cc1cnn(c1)CCCCCCCn1c-3cc2ccccc21,7.431798275933005,7.431798275933005,7.431798275933005,2,bindingdb|pubchem_confirmatory,0.5,583.712,43.0,enzymatic_confirmed,False,,none,False,True,True
XLJXWVMVDOASFN-QYHPCCJNSA-N,COc1cc(C(=O)N2CC3CCC2[C@@H]3N)cc2nc3n(c12)Cc1cnn(c1)CCCCCCCn1c-3cc2ccccc21,7.508638306165727,7.508638306165727,7.508638306165727,2,bindingdb|pubchem_confirmatory,0.5,577.733,43.0,enzymatic_confirmed,False,,none,False,True,True
UHXBBZXFNKGBQQ-CPZIVXJKSA-N,COc1cc(C(=O)N2C[C@]3(F)CC2[C@H](N)C3)cc2nc3n(c12)Cc1cnn(c1)CCCCCCn1c-3cc2ccccc21,6.866461091629782,6.866461091629782,6.866461091629782,2,bindingdb|pubchem_confirmatory,0.5,581.696,43.0,enzymatic_confirmed,False,,none,False,True,True
FZTMTGVISYQUJF-DNQXCXABSA-N,COc1cc(C(=O)N2C[C@H](N)C[C@@H](F)C2)cc2nc3n(c12)Cc1cnn(c1)CCCCCCn1c-3cc2cccnc21,6.557520230935552,6.557520230935552,6.557520230935552,2,bindingdb|pubchem_confirmatory,0.5,570.673,42.0,enzymatic_confirmed,False,,none,False,True,True
OUHJLFOEFIZYPJ-JWQCQUIFSA-N,COc1cc(C(=O)N2C[C@H](N)C[C@@H](F)C2)cc2nc3n(c12)Cc1cnn(c1)CCCCCCCn1c-3cc2cccnc21,6.213248577854438,6.213248577854438,6.213248577854438,2,bindingdb|pubchem_confirmatory,0.5,584.7,43.0,enzymatic_confirmed,False,,none,False,True,True
ODNZFEBIBYCHQD-JGVIILGRSA-N,COc1cc(C(=O)N2CC3CCC2[C@@H]3N)cc2nc3n(c12)Cc1cnn(c1)CCCCCCCn1c-3cc2cccnc21,6.863279432843593,6.863279432843593,6.863279432843593,2,bindingdb|pubchem_confirmatory,0.5,578.721,43.0,enzymatic_confirmed,False,,none,False,True,True
ITKGEPPNEGSVBO-XMMPIXPASA-N,COc1cc(C(=O)N2CCC[C@@H](N)C2)cc2nc3n(c12)Cc1cnn(c1)CCCCCCn1c-3cc2cccnc21,4.7266514312508985,4.7266514312508985,4.7266514312508985,2,bindingdb|pubchem_confirmatory,0.5,552.683,41.0,enzymatic_confirmed,False,,none,False,True,True
XBUAROXBMMOLSP-JWQCQUIFSA-N,COc1cc(C(=O)N2C[C@H](N)C[C@@H](F)C2)cc2nc3n(c12)Cc1cnn(c1)CCCCCCn1c-3cc2ccccc21,7.180456064458131,7.180456064458131,7.180456064458131,2,bindingdb|pubchem_confirmatory,0.5,569.685,42.0,enzymatic_confirmed,False,,none,False,True,True
PTLWJWJPPNDCMM-ZHFHXLPRSA-N,COc1cc(C(=O)N2CC3CCC2[C@@H]3N)cc2nc3n(c12)Cc1cnn(c1)-c1ccccc1OCCCn1c-3cc2ccccc21,7.958607314841775,7.958607314841775,7.958607314841775,2,bindingdb|pubchem_confirmatory,0.5,613.722,46.0,enzymatic_confirmed,False,,none,False,True,True
KCKSQXXHRFEJPJ-JWQCQUIFSA-N,COc1cc(C(=O)N2C[C@H](N)C[C@@H](F)C2)cc2nc3n(c12)Cc1cnn(c1)-c1ccccc1OCCCn1c-3cc2cccnc21,7.3979400086720375,7.3979400086720375,7.3979400086720375,2,bindingdb|pubchem_confirmatory,0.5,620.689,46.0,enzymatic_confirmed,False,,none,False,True,True
FETADTQMAMCUBJ-XBPDSQQVSA-N,COc1cc(C(=O)N2CC3CCC2[C@@H]3N)cc2nc3n(c12)Cc1cnn(c1)-c1ccccc1OCCCn1c-3cc2cccnc21,7.823908740944319,7.823908740944319,7.823908740944319,2,bindingdb|pubchem_confirmatory,0.5,614.71,46.0,enzymatic_confirmed,False,,none,False,True,True
VQPYXWSDGRECHG-TWDLTGNASA-N,COc1cc(C(=O)N2CC3CCC2[C@@H]3N)cc2nc3n(c12)Cc1ccn(n1)-c1ccccc1OCCCn1c-3cc2cccnc21,7.958607314841775,7.958607314841775,7.958607314841775,2,bindingdb|pubchem_confirmatory,0.5,614.71,46.0,enzymatic_confirmed,False,,none,False,True,True
CCUATAPILJLNAO-DNQXCXABSA-N,COc1cc(C(=O)N2C[C@H](N)C[C@@H](F)C2)cc2nc3n(c12)Cc1ccn(n1)-c1ccccc1OCCCn1c-3cc2cccnc21,8.045757490560675,8.045757490560675,8.045757490560675,2,bindingdb|pubchem_confirmatory,0.5,620.689,46.0,enzymatic_confirmed,False,,none,False,True,True
WJTGWYRYHLTKTK-FCBLIUAWSA-N,COc1cc(C(=O)N2CC3CCC2[C@@H]3N)cc2nc3n(c12)Cc1ccn(n1)-c1ccccc1OCCCn1c-3cc2ccccc21,8.301029995663981,8.301029995663981,8.301029995663981,2,bindingdb|pubchem_confirmatory,0.5,613.722,46.0,enzymatic_confirmed,False,,none,False,True,True
CCTOSKMYYJIKCY-JWQCQUIFSA-N,COc1cc(C(=O)N2C[C@H](N)C[C@@H](F)C2)cc2nc3n(c12)Cc1ccn(n1)-c1ccccc1OCCCn1c-3cc2ccccc21,7.886056647693163,7.886056647693163,7.886056647693163,2,bindingdb|pubchem_confirmatory,0.5,619.701,46.0,enzymatic_confirmed,False,,none,False,True,True
PDKVNQUVULGNCC-FIRIVFDPSA-N,COc1cc(C(=O)N2C[C@H](N)C[C@@H](F)C2)cc2nc3n(c12)Cc1cccc(c1)-c1ccccc1CCCCn1c-3cc2ccccc21,6.718966632752272,6.718966632752272,6.718966632752272,2,bindingdb|pubchem_confirmatory,0.5,627.764,47.0,enzymatic_confirmed,False,,none,False,True,True
NTMPOBJJLHBUER-YZZZMAPSSA-N,COc1cc(C(=O)N2CC3CCC2[C@@H]3N)cc2nc3n(c12)Cc1cccc(c1)-c1ccccc1CCCCn1c-3cc2ccccc21,7.275724130399211,7.275724130399211,7.275724130399211,2,bindingdb|pubchem_confirmatory,0.5,621.785,47.0,enzymatic_confirmed,False,,none,False,True,True
URDVKLILWWNSPT-LOYHVIPDSA-N,COc1cc(C(=O)N2C[C@H](N)C[C@@H](F)C2)cc2nc3n(c12)Cc1cccc(c1)-c1ccccc1CCCCn1c-3cc2cccnc21,6.962573502059376,6.962573502059376,6.962573502059376,2,bindingdb|pubchem_confirmatory,0.5,628.752,47.0,enzymatic_confirmed,False,,none,False,True,True
PXSFPKKTPXMXEL-WBJFKPHRSA-N,COc1cc(C(=O)N2CC3CCC2[C@@H]3N)cc2nc3n(c12)Cc1cccc(c1)-c1ccccc1CCCCn1c-3cc2cccnc21,7.017728766960431,7.017728766960431,7.017728766960431,2,bindingdb|pubchem_confirmatory,0.5,622.773,47.0,enzymatic_confirmed,False,,none,False,True,True
VZHSPUWKMPTQJY-LOYHVIPDSA-N,COc1cc(C(=O)N2C[C@H](N)C[C@@H](F)C2)cc2nc3n(c12)Cc1cc(F)cc(c1)-c1ccccc1CCCCn1c-3cc2cccnc21,7.508638306165727,7.508638306165727,7.508638306165727,2,bindingdb|pubchem_confirmatory,0.5,646.742,48.0,enzymatic_confirmed,False,,none,False,True,True
QXUGPCRCOYOEQC-FIRIVFDPSA-N,COc1cc(C(=O)N2C[C@H](N)C[C@@H](F)C2)cc2nc3n(c12)Cc1cc(C#N)cc(c1)-c1ccccc1CCCCn1c-3cc2cccnc21,7.6777807052660805,7.6777807052660805,7.6777807052660805,2,bindingdb|pubchem_confirmatory,0.5,653.762,49.0,enzymatic_confirmed,False,,none,False,True,True
BAACMINFRYGEOW-MODGDONCSA-N,COc1cc(C(=O)N2CC3CCC2[C@@H]3N)cc2nc3n(c12)Cc1cc(C#N)cc(c1)-c1ccccc1CCCCn1c-3cc2cccnc21,7.309803919971486,7.309803919971486,7.309803919971486,2,bindingdb|pubchem_confirmatory,0.5,647.783,49.0,enzymatic_confirmed,False,,none,False,True,True
OWZSJTPAELCUTA-LOYHVIPDSA-N,COc1cc(C(=O)N2C[C@H](N)C[C@@H](F)C2)cc2nc3n(c12)Cc1cc(C(N)=O)cc(c1)-c1ccccc1CCCCn1c-3cc2cccnc21,7.207608310501746,7.207608310501746,7.207608310501746,2,bindingdb|pubchem_confirmatory,0.5,671.777,50.0,enzymatic_confirmed,False,,none,False,True,True
SOUDLJVEBAMIIN-ACZRSVQJSA-N,COc1cc(C(=O)N2CC3CCC2[C@@H]3N)cc2nc3n(c12)Cc1cc(C(N)=O)cc(c1)-c1ccccc1CCCCn1c-3cc2cccnc21,7.229147988357855,7.229147988357855,7.229147988357855,2,bindingdb|pubchem_confirmatory,0.5,665.798,50.0,enzymatic_confirmed,False,,none,False,True,True
VTSQFJFCFADIMM-FQLXRVMXSA-N,COc1cc(C(=O)N2C[C@H](N)C[C@@H](F)C2)cc2nc3n(c12)Cc1cncc(c1)-c1ccccc1CCCCn1c-3cc2cccnc21,8.397940008672037,8.397940008672037,8.397940008672037,2,bindingdb|pubchem_confirmatory,0.5,629.74,47.0,enzymatic_confirmed,False,,none,False,True,True
MJEVWSCKIVQISM-NHMVCCKCSA-N,COc1cc(C(=O)N2CC3CCC2[C@@H]3N)cc2nc3n(c12)Cc1cncc(c1)-c1ccccc1CCCCn1c-3cc2cccnc21,8.0,8.0,8.0,2,bindingdb|pubchem_confirmatory,0.5,623.761,47.0,enzymatic_confirmed,False,,none,False,True,True
VEZZYLYRGWCRGN-NHMVCCKCSA-N,COc1cc(C(=O)N2CC3CCC2[C@@H]3N)cc2nc3n(c12)Cc1cc(ccn1)-c1ccccc1CCCCn1c-3cc2cccnc21,6.950781977329818,6.950781977329818,6.950781977329818,2,bindingdb|pubchem_confirmatory,0.5,623.761,47.0,enzymatic_confirmed,False,,none,False,True,True
SVAJFUONVUFFPS-VSGBNLITSA-N,COc1cc(C(=O)N2C[C@H](N)C[C@@H](F)C2)cc2nc3n(c12)Cc1cccc(c1)-c1ccccc1OCCCn1c-3cc2cccnc21,6.920818753952375,6.920818753952375,6.920818753952375,2,bindingdb|pubchem_confirmatory,0.5,630.724,47.0,enzymatic_confirmed,False,,none,False,True,True
YLHZIGFFQMDKLR-MDAUBKBASA-N,COc1cc(C(=O)N2CC3CCC2[C@@H]3N)cc2nc3n(c12)Cc1cccc(c1)-c1ccccc1OCCCn1c-3cc2cccnc21,7.522878745280337,7.522878745280337,7.522878745280337,2,bindingdb|pubchem_confirmatory,0.5,624.745,47.0,enzymatic_confirmed,False,,none,False,True,True
HAFZSDAXQFQHKW-KAYWLYCHSA-N,COc1cc(C(=O)N2C[C@H](N)C[C@@H](F)C2)cc2nc3n(c12)Cc1cncc(c1)-c1ccccc1OCCCn1c-3cc2cccnc21,7.853871964321762,7.853871964321762,7.853871964321762,2,bindingdb|pubchem_confirmatory,0.5,631.712,47.0,enzymatic_confirmed,False,,none,False,True,True
ZRASDNFEONITRH-ZHFHXLPRSA-N,COc1cc(C(=O)N2CC3CCC2[C@@H]3N)cc2nc3n(c12)Cc1cncc(c1)-c1ccccc1OCCCn1c-3cc2cccnc21,8.154901959985743,8.154901959985743,8.154901959985743,2,bindingdb|pubchem_confirmatory,0.5,625.733,47.0,enzymatic_confirmed,False,,none,False,True,True
FDDGLONZWVFBMI-RDHWPSBWSA-N,COc1cc(C(=O)N2C[C@H]3CC[C@@H]2[C@@H]3N)cc2nc3n(c12)C[C@H]1CC(=O)N(C1)c1ccccc1CCCCn1c-3cc2cccnc21,7.721246399047171,7.721246399047171,7.721246399047171,2,bindingdb|pubchem_confirmatory,0.5,629.765,47.0,enzymatic_confirmed,False,,none,False,True,True
FDDGLONZWVFBMI-PQRMCGFUSA-N,COc1cc(C(=O)N2C[C@H]3CC[C@@H]2[C@@H]3N)cc2nc3n(c12)C[C@@H]1CC(=O)N(C1)c1ccccc1CCCCn1c-3cc2cccnc21,7.107905397309519,7.107905397309519,7.107905397309519,2,bindingdb|pubchem_confirmatory,0.5,629.765,47.0,enzymatic_confirmed,False,,none,False,True,True
MPGFEFZASUKBJA-CDISPVAFSA-N,COc1cc(C(=O)N2C[C@H]3CC[C@@H]2[C@@H]3N)cc2nc3n(c12)Cc1cccc(c1)-c1ccccc1[C@H](O)[C@H](O)CCn1c-3cc2cccnc21,7.585026652029182,7.585026652029182,7.585026652029182,2,bindingdb|pubchem_confirmatory,0.5,654.771,49.0,enzymatic_confirmed,False,,none,False,True,True
INJZPMFSLXVHHA-WIISGGPLSA-N,COc1cc(C(=O)N2C[C@H]3CC[C@@H]2[C@@H]3N)cc2nc3n(c12)CCC(=O)Nc1ccccc1OCCCn1c-3cc2cccnc21,7.522878745280337,7.522878745280337,7.522878745280337,2,bindingdb|pubchem_confirmatory,0.5,605.699,45.0,enzymatic_confirmed,False,,none,False,True,True
WCPXOJTYDVBBDT-IWGZPIKUSA-N,COc1cc(C(=O)N2C[C@H]3CC[C@@H]2[C@@H]3N)cc2nc3n(c12)Cc1cccc(c1)CCCCCCn1c-3cc2cccnc21,7.347753658996677,7.347753658996677,7.347753658996677,2,bindingdb|pubchem_confirmatory,0.5,574.729,43.0,enzymatic_confirmed,False,,none,False,True,True
GXGQLCLUCHQMFB-UONXBRBJSA-N,COc1cc(C(=O)N2C[C@H]3CC[C@@H]2[C@@H]3N)cc2nc3n(c12)Cc1cccc(c1)[C@@H]1CN(C)C[C@@H]1CCCCn1c-3cc2cccnc21,7.303643611266668,7.303643611266668,7.303643611266668,2,bindingdb|pubchem_confirmatory,0.5,629.809,47.0,enzymatic_confirmed,False,,none,False,True,True
MFBNVSSMAJQYTO-AHWVRZQESA-N,COC(=O)c1cc(OC)c2c(c1)nc1n2Cc2cccc(c2)[C@@H]2CN(C)C[C@@H]2CCCCn2c-1cc1cccnc12,6.815308569182401,6.815308569182401,6.815308569182401,2,bindingdb|pubchem_confirmatory,0.5,549.675,41.0,enzymatic_confirmed,False,,none,False,True,True
GBGNRJWWXVCZOB-FPSALIRRSA-N,COC(=O)c1cc(OC)c2c(c1)nc1n2Cc2cccc(c2)C2[C@@H](CCCCn3c-1cc1cccnc13)C2(F)F,6.665546248849069,6.665546248849069,6.665546248849069,2,bindingdb|pubchem_confirmatory,0.5,542.586,40.0,enzymatic_confirmed,False,,none,False,True,True
BIJFVWNUHUJPCU-NESNGIIPSA-N,COc1cc(C(=O)N2C[C@H]3CC[C@@H]2[C@@H]3N)cc2nc3n(c12)Cc1cccc(c1)[C@H](O)[C@H](O)CCCCn1c-3cc2cccnc21,7.238682515006138,7.238682515006138,7.238682515006138,2,bindingdb|pubchem_confirmatory,0.5,606.727,45.0,enzymatic_confirmed,False,,none,False,True,True
KZKLJHZXCXYNPM-ZWUPQFPUSA-N,COc1cc(C(=O)N2C[C@H](N)C[C@@H](F)C2)cc2nc3n(c12)Cc1cccc(c1)[C@H](O)[C@H](O)CCCCn1c-3cc2cccnc21,6.305945845279161,6.305945845279161,6.305945845279161,2,bindingdb|pubchem_confirmatory,0.5,612.706,45.0,enzymatic_confirmed,False,,none,False,True,True
CTMKGFXRSMZDIB-SQGQPVMHSA-N,COc1cc(C(=O)N2C[C@H](N)C[C@@H](F)C2)cc2nc3n(c12)Cc1cccc(c1)/C=C/CCCCn1c-3cc2cccnc21,6.924453038607469,6.924453038607469,6.924453038607469,2,bindingdb|pubchem_confirmatory,0.5,578.692,43.0,enzymatic_confirmed,False,,none,False,True,True
BPDIWPXYWOBUKD-LOYHVIPDSA-N,COc1cc(C(=O)N2C[C@H](N)C[C@@H](F)C2)cc2nc3n(c12)Cc1cncc(c1)-c1ccccc1CCCCn1c-3cc2ccc(C(C)(C)O)nc21,8.096910013008056,8.096910013008056,8.096910013008056,2,bindingdb|pubchem_confirmatory,0.5,687.82,51.0,enzymatic_confirmed,False,,none,False,True,True
XKLVHLDZERVUOM-PYKDQWMASA-N,COc1cc(C(=O)N2C[C@H]3CC[C@@H]2[C@@H]3N)cc2nc3n(c12)Cc1cncc(c1)-c1ccccc1CCCCn1c-3cc2ccc(C(C)(C)O)nc21,7.853871964321762,7.853871964321762,7.853871964321762,2,bindingdb|pubchem_confirmatory,0.5,681.841,51.0,enzymatic_confirmed,False,,none,False,True,True
DQFHXHFVOQHYQN-HXUWFJFHSA-N,N[C@@H]1CCCN(C(=O)c2cc3c4c(c2)nc(-c2cc5ccccc5n2CC2CC2)n4CCO3)C1,5.759637310505756,5.759637310505756,5.759637310505756,2,bindingdb|pubchem_confirmatory,0.5,455.562,34.0,enzymatic,False,,none,False,True,True
KHDOCWSGAMXNIE-UHFFFAOYSA-N,NCC1CCCCN1C(=O)c1cc2c3c(c1)nc(-c1cc4ccccc4n1CC1CC1)n3CCO2,5.129818655252878,5.129818655252878,5.129818655252878,2,bindingdb|pubchem_confirmatory,0.5,469.589,35.0,enzymatic,False,,none,False,True,True
KWWRZQBFPHGLLU-GOSISDBHSA-N,CCn1c(-c2nc3cc(C(=O)N4CCC[C@@H](N)C4)cc4c3n2CCO4)cc2ccccc21,5.759637310505756,5.759637310505756,5.759637310505756,2,bindingdb|pubchem_confirmatory,0.5,429.524,32.0,enzymatic,False,,none,False,True,True
BJGNGAUQQVLOFK-OAQYLSRUSA-N,Cc1cccc2cc(-c3nc4cc(C(=O)N5CCC[C@@H](N)C5)cc5c4n3CCO5)n(CC3CC3)c12,6.5,6.5,6.5,2,bindingdb|pubchem_confirmatory,0.5,469.589,35.0,enzymatic,False,,none,False,True,True
JUAAXXWFYBKTOK-JOCHJYFZSA-N,N[C@@H]1CCCN(C(=O)c2cc3c4c(c2)nc(-c2cc5ccccc5n2Cc2ccncc2)n4CCO3)C1,6.5,6.5,6.5,2,bindingdb|pubchem_confirmatory,0.5,492.583,37.0,enzymatic,False,,none,False,True,True
KVVLHOAFZBAXJA-OAQYLSRUSA-N,N[C@@H]1CCCN(C(=O)c2cc3c4c(c2)nc(-c2cc5ccccc5n2Cc2ccccn2)n4CCO3)C1,6.5,6.5,6.5,2,bindingdb|pubchem_confirmatory,0.5,492.583,37.0,enzymatic,False,,none,False,True,True
OTTXISGXVQCDKH-MRXNPFEDSA-N,CCc1c(-c2nc3cc(C(=O)N4CCC[C@@H](N)C4)cc4c3n2CCO4)sc2ccccc12,6.5,6.5,6.5,2,bindingdb|pubchem_confirmatory,0.5,446.576,32.0,enzymatic,False,,none,False,True,True
YTWWPSKDZIWWGS-HSZRJFAPSA-N,N[C@@H]1CCCN(C(=O)c2cc3c4c(c2)nc(-c2cc5ccccc5n2Cc2ccc(Cl)cc2)n4CCO3)C1,5.759637310505756,5.759637310505756,5.759637310505756,2,bindingdb|pubchem_confirmatory,0.5,526.04,38.0,enzymatic,False,,none,False,True,True
INNIPFBUZSIMHT-JOCHJYFZSA-N,N[C@@H]1CCCN(C(=O)c2cc3c4c(c2)nc(-c2cc5ccccc5n2Cc2ccccc2F)n4CCO3)C1,6.5,6.5,6.5,2,bindingdb|pubchem_confirmatory,0.5,509.585,38.0,enzymatic,False,,none,False,True,True
LIIIMFCUVRIFDK-HSZRJFAPSA-N,N[C@@H]1CCCN(C(=O)c2cc3c4c(c2)nc(-c2cc5ccccc5n2Cc2ccc(F)cc2)n4CCO3)C1,5.759637310505756,5.759637310505756,5.759637310505756,2,bindingdb|pubchem_confirmatory,0.5,509.585,38.0,enzymatic,False,,none,False,True,True
QVUBWUSXYZDOKJ-JOCHJYFZSA-N,N[C@@H]1CCCN(C(=O)c2cc3c4c(c2)nc(-c2cc5ccccc5n2Cc2cccnc2)n4CCO3)C1,5.759637310505756,5.759637310505756,5.759637310505756,2,bindingdb|pubchem_confirmatory,0.5,492.583,37.0,enzymatic,False,,none,False,True,True
BHNCFTVRTDAWMG-HXUWFJFHSA-N,COc1cc2cc(-c3nc4cc(C(=O)N5CCC[C@@H](N)C5)cc5c4n3CCO5)n(CC3CC3)c2cc1OC,5.759637310505756,5.759637310505756,5.759637310505756,2,bindingdb|pubchem_confirmatory,0.5,515.614,38.0,enzymatic,False,,none,False,True,True
LBTLXLUYSGUICZ-HSZRJFAPSA-N,N[C@@H]1CCCN(C(=O)c2cc3c4c(c2)nc(-c2cc5ccccc5n2Cc2ccccc2)n4CCO3)C1,5.759637310505756,5.759637310505756,5.759637310505756,2,bindingdb|pubchem_confirmatory,0.5,491.595,37.0,enzymatic,False,,none,False,True,True
IJJMOGUYFPBFLU-HSZRJFAPSA-N,COc1ccc(Cn2c(-c3nc4cc(C(=O)N5CCC[C@@H](N)C5)cc5c4n3CCO5)cc3ccccc32)cc1,6.5,6.5,6.5,2,bindingdb|pubchem_confirmatory,0.5,521.621,39.0,enzymatic,False,,none,False,True,True
OURALECKKSXVBI-HXUWFJFHSA-N,N[C@@H]1CCCN(C(=O)c2cc3c4c(c2)nc(-c2cc5ccccc5n2CC2CC2)n4CCN3)C1,6.5,6.5,6.5,2,bindingdb|pubchem_confirmatory,0.5,454.578,34.0,enzymatic,False,,none,False,True,True
OIPUCNKRUQAQOG-HXUWFJFHSA-N,N[C@@H]1CCCN(C(=O)c2cc3c4c(c2)nc(-c2cc5cc(F)ccc5n2CC2CC2)n4CCN3)C1,6.5,6.5,6.5,2,bindingdb|pubchem_confirmatory,0.5,472.568,35.0,enzymatic,False,,none,False,True,True
ZVYWQARDVBIPNE-JOCHJYFZSA-N,N[C@@H]1CCCN(C(=O)c2cc3c4c(c2)nc(-c2cc5ccccc5n2Cc2cccnc2)n4CCN3)C1,5.759637310505756,5.759637310505756,5.759637310505756,2,bindingdb|pubchem_confirmatory,0.5,491.599,37.0,enzymatic,False,,none,False,True,True
VMPJLOARTDNYOG-OAQYLSRUSA-N,CN1CCn2c(-c3cc4ccccc4n3CC3CC3)nc3cc(C(=O)N4CCC[C@@H](N)C4)cc1c32,6.5,6.5,6.5,2,bindingdb|pubchem_confirmatory,0.5,468.605,35.0,enzymatic,False,,none,False,True,True
XQEFZYJZQWLHPA-HXUWFJFHSA-N,COc1ccc2cc(-c3nc4cc(C(=O)N5CCC[C@@H](N)C5)cc5c4n3CCN5)n(CC3CC3)c2c1,6.5,6.5,6.5,2,bindingdb|pubchem_confirmatory,0.5,484.604,36.0,enzymatic,False,,none,False,True,True
MZZIBKVZKGOPOK-GOSISDBHSA-N,N[C@@H]1CCCN(C(=O)c2cc3c4c(c2)nc(-c2cc5cc(F)c(F)cc5n2CC2CC2)n4CCN3)C1,6.5,6.5,6.5,2,bindingdb|pubchem_confirmatory,0.5,490.558,36.0,enzymatic,False,,none,False,True,True
NPZVTWIYGOQTMM-WRSRUZKNSA-N,N[C@@H]1CCCN(C(=O)C2C=C3OCCn4c(C5Cc6cc(F)ccc6N5CC5CC5)nc(c43)C2)C1,6.0,6.0,6.0,2,bindingdb|pubchem_confirmatory,0.5,477.584,35.0,enzymatic,False,,none,False,True,True
WMVKZLRWPDNEEV-UHFFFAOYSA-N,COC(=O)c1cc2c3c(c1)nc(-c1cc4ccc(F)cc4n1CC1CC1)n3CCN2,6.5,6.5,6.5,2,bindingdb|pubchem_confirmatory,0.5,404.445,30.0,enzymatic,False,,none,False,True,True
YEYGBCBODNQPPQ-OAQYLSRUSA-N,CS(=O)(=O)N1CCn2c(-c3cc4ccccc4n3CC3CC3)nc3cc(C(=O)N4CCC[C@@H](N)C4)cc1c32,5.259637310505756,5.259637310505756,5.259637310505756,2,bindingdb|pubchem_confirmatory,0.5,532.67,38.0,enzymatic,False,,none,False,True,True
ATMQYASCICEAIR-QGZVFWFLSA-N,COc1cc(C(=O)N2CCC[C@@H](N)C2)cc2nc(-c3cc4ccccc4n3CC(F)(F)F)n(C)c12,7.3003359570065856,7.299988937677888,7.301029995663981,3,bindingdb|chembl|pubchem_confirmatory,0.3,485.51,35.0,enzymatic,False,,none,False,True,True
FHRGHWJREIVLTF-OXJNMPFZSA-N,COc1cc(C(=O)N2CC[C@@H](O)[C@@H](N)C2)cc2nc(-c3cc4ccccc4n3CC(F)(F)F)n(C)c12,7.100801261203593,7.100015437450609,7.102372908709558,3,bindingdb|chembl|pubchem_confirmatory,0.3,501.509,36.0,enzymatic,False,,none,False,True,True
XCHVAFMDSDWGKU-QGZVFWFLSA-N,Cn1c(-c2cc3ccccc3n2CC(F)(F)F)nc2cc(C(=O)N3CCC[C@@H](N)C3)ccc21,6.800446394077458,6.799998134593398,6.801342913045577,3,bindingdb|chembl|pubchem_confirmatory,0.3,455.484,33.0,enzymatic,False,,none,False,True,True
VWCKDLAMHWKXFJ-HXUWFJFHSA-N,COc1cc(C(=O)N2CCC[C@@H](N)C2)cc2nc(-c3cc4ccccc4n3CC3CC3)n(C)c12,7.399318551167947,7.3979400086720375,7.400007822415902,3,bindingdb|chembl|pubchem_confirmatory,0.3,457.578,34.0,enzymatic,False,,none,False,True,True
JQGQSIFPSQABNF-GOSISDBHSA-N,CCn1c(-c2nc3cc(C(=O)N4CCC[C@@H](N)C4)cc(OC)c3n2C)cc2ccccc21,7.0,7.0,7.0,3,bindingdb|chembl|pubchem_confirmatory,0.3,431.54,32.0,enzymatic,False,,none,False,True,True
UZZCYFPUQONPSM-HXUWFJFHSA-N,Cn1c(-c2cc3ccccc3n2CC2CC2)nc2cc(C(=O)N3CCC[C@@H](N)C3)ccc21,6.899882329264355,6.899629454882437,6.900008766455316,3,bindingdb|chembl|pubchem_confirmatory,0.3,427.552,32.0,enzymatic,False,,none,False,True,True
XOPFZBSGTNUENT-UHFFFAOYSA-N,NC(CCl)=NCCOC(=O)NCc1cccc(-c2ccccc2)c1,4.443697499232713,4.443697499232713,4.443697499232713,3,bindingdb|chembl|pubchem_confirmatory,0.3,345.83,24.0,enzymatic,True,chloroacetamidine,none,False,True,True
CCJHJEGQQRESRQ-UHFFFAOYSA-N,NC(CCl)=NCCCc1nc(-c2cccc(-c3ccccc3)c2)c(Cl)[nH]1,5.055517327849831,5.055517327849831,5.055517327849831,3,bindingdb|chembl|pubchem_confirmatory,0.3,387.314,26.0,enzymatic,True,chloroacetamidine,none,False,True,True
NGLHWLJAOJUKDB-UHFFFAOYSA-N,NC(CCl)=NCCNC(=O)NCc1cccc(-c2ccccc2)c1,3.8894102897007508,3.889410289700751,3.889410289700751,3,bindingdb|chembl|pubchem_confirmatory,0.3,344.846,24.0,enzymatic,True,chloroacetamidine,none,False,True,True
LDFIAHIZNOGABR-UHFFFAOYSA-N,NC(CCl)=NCCCC(=O)NCc1cccc(-c2ccccc2)c1,4.4089353929735005,4.4089353929735005,4.4089353929735005,3,bindingdb|chembl|pubchem_confirmatory,0.3,343.858,24.0,enzymatic,True,chloroacetamidine,none,False,True,True
CIUJUXIRJKCLNI-UHFFFAOYSA-N,NC(CCl)=NCCCc1ncc(-c2cccc(-c3ccccc3)c2)[nH]1,4.552841968657781,4.552841968657781,4.552841968657781,3,bindingdb|chembl|pubchem_confirmatory,0.3,352.869,25.0,enzymatic,True,chloroacetamidine,none,False,True,True
UTLSDQLDTDZRJB-BJMVGYQFSA-N,NC(CCl)=NC/C=C/C(=O)NCc1cccc(-c2ccccc2)c1,4.275724130399211,4.275724130399211,4.275724130399211,3,bindingdb|chembl|pubchem_confirmatory,0.3,341.842,24.0,enzymatic,True,chloroacetamidine,none,False,True,True
KKRHFNFLOSUOPU-UHFFFAOYSA-N,NC(CCl)=NCCCc1cn(-c2cccc(-c3ccccc3)c2)nn1,4.657577319177793,4.657577319177793,4.657577319177793,3,bindingdb|chembl|pubchem_confirmatory,0.3,353.857,25.0,enzymatic,True,chloroacetamidine,none,False,True,True
TVWVXTPUYKCYDY-UHFFFAOYSA-N,NC(CCl)=NCC#CC(=O)NCc1cccc(-c2ccccc2)c1,4.1938200260161125,4.1938200260161125,4.1938200260161125,3,bindingdb|chembl|pubchem_confirmatory,0.3,339.826,24.0,enzymatic,True,chloroacetamidine,none,False,True,True
BDYDINKSILYBOL-WMZHIEFXSA-N,COc1cc(C(=O)N2CC[C@@H](O)[C@@H](N)C2)cc2nc(-c3cc4ccccc4n3CC3CC3)n(C)c12,7.048624160764863,6.951544993495972,7.126287494579977,3,bindingdb|chembl|pubchem_confirmatory,0.3,473.577,35.0,enzymatic,False,,none,False,True,True
LJJCYRVBDASIDX-DEOSSOPVSA-N,CN(C)c1ccc2cc(C(=O)N[C@@H](CCCN=C(N)CCl)C(=O)NCc3ccccc3)ccc2c1,5.685084057405739,5.664876901615056,5.725498368987106,3,bindingdb|chembl|pubchem_confirmatory,0.3,494.039,35.0,enzymatic,True,chloroacetamidine,none,False,True,True
SOZMHIJABUOUSN-ORMVGFHCSA-N,CC(=O)N[C@H](C(=O)N[C@@H](CC(=O)O)C(=O)N[C@@H](CCCN=C(N)CF)C(N)=O)[C@@H](C)O,5.638272163982407,5.638272163982407,5.638272163982407,3,bindingdb|chembl|pubchem_confirmatory,0.3,448.452,31.0,enzymatic,True,fluoroacetamidine,none,False,True,True
BEBWDQKWFGMXJE-JJRALNOCSA-N,CC1NC(=O)[C@@H]2C[C@@]2(F)CCCC(F)(F)Cn2c(-c3nc4cc(C(=O)N5CCC[C@@H](N)[C@H]5C)cc(F)c4n3C3CC3)cc3ccc1nc32,8.301029995663981,8.301029995663981,8.301029995663981,3,bindingdb|chembl|pubchem_confirmatory,0.3,665.736,48.0,enzymatic,False,,none,False,True,True
RNPHDOGEBPEBJL-BWRKVPRGSA-N,[2H]C1([2H])[C@H](N)[C@@H]2CC[C@@H](C2)N1C(=O)c1cc(OC)c2c(c1)nc(-c1cc3ccc4nc3n1CCCCCc1ccccc1C(=O)NC4C)n2C,8.301029995663981,8.301029995663981,8.301029995663981,3,bindingdb|chembl|pubchem_confirmatory,0.3,647.8202,48.0,enzymatic,False,,none,False,True,True
KSRIRFYXGRVHIQ-NHFPRBITSA-N,CC1NC(=O)[C@@H]2CC2CCCC(F)(F)Cn2c(-c3nc4cc(C(=O)N5CCC[C@@H](N)[C@H]5C)cc(Cl)c4n3C3CC3)cc3ccc1nc32,8.221848749616356,8.221848749616356,8.221848749616356,3,bindingdb|chembl|pubchem_confirmatory,0.3,664.201,47.0,enzymatic,False,,none,False,True,True
XVDOJGKFRPGAMA-XOAKMBAOSA-N,COc1cc(C(=O)N2C[C@H](N)[C@@H]3CC[C@H]2C3)cc2nc(-c3cc4ccc5nc4n3CCCCCC3[C@H](C(=O)NC5C)C3(F)F)n(C)c12,8.301029995663981,8.301029995663981,8.301029995663981,3,bindingdb|chembl|pubchem_confirmatory,0.3,645.755,47.0,enzymatic,False,,none,False,True,True
DEXCMYZIMLJRHD-MLUOZVFJSA-N,Cc1ccc2c(n1)CCCCCn1c(-c3nc4cc(C(=O)N5C[C@H](N)[C@@H]6CC[C@H]5C6)cc(F)c4n3C3CC3)cc3ccc(nc31)C(C)NC2=O,8.221848749616356,8.221848749616356,8.221848749616356,3,bindingdb|chembl|pubchem_confirmatory,0.3,674.825,50.0,enzymatic,False,,none,False,True,True
XXWKQQADEORQKB-TZFJXLEPSA-N,CC1NC(=O)c2cc3sccc3nc2CCCCCn2c(-c3nc4cc(C(=O)N5CCC[C@@H](N)[C@H]5C)cc(F)c4n3C3CC3)cc3ccc1nc32,8.301029995663981,8.301029995663981,8.301029995663981,3,bindingdb|chembl|pubchem_confirmatory,0.3,704.876,51.0,enzymatic,False,,none,False,True,True
WSECFSPSIZWXKX-SGURQHNMSA-N,COc1cc(C(=O)N2[C@H]3CC[C@@H]2[C@H](N)C3)cc2nc(-c3cc4ccc([C@@H](C)N5CCOC5=O)nc4n3CC3CC3)c(C)n12,7.851811246337,7.85078088734462,7.853871964321762,3,bindingdb|chembl|pubchem_confirmatory,0.3,583.693,43.0,enzymatic,False,,none,False,True,True
AWLWGEWTGVCELL-IAVHNDNQSA-N,COc1cc(C(=O)N2[C@H]3CC[C@@H]2[C@H](N)C3)cc2nc(-c3cc4ccc([C@@H](C)NC(=O)CCC(=O)NS(=O)(=O)c5ccccc5)nc4n3CC3CC3)c(C)n12,7.694659309503198,7.692503962086787,7.698970004336019,3,bindingdb|chembl|pubchem_confirmatory,0.3,752.898,54.0,enzymatic,False,,none,False,True,True
XLFRTKXSXYRMCR-NQLGDYOOSA-N,COc1cc(C(=O)N2[C@H]3CC[C@@H]2[C@H](N)C3)cc2nc(-c3cc4ccc([C@@H](C)NC(=O)N5CCO[C@@H](C)C5)nc4n3CC3CC3)c(C)n12,7.762817527352176,7.7594507517174005,7.769551078621726,3,bindingdb|chembl|pubchem_confirmatory,0.3,640.789,47.0,enzymatic,False,,none,False,True,True
AYPOFBCPZVCFFN-RBZQAINGSA-N,COc1cc(C(=O)N2[C@H]3CC[C@@H]2[C@H](N)C3)cc2nc(-c3cc4ccc(N5CCNCCS5(=O)=O)nc4n3CC3CC3)c(C)n12,7.662889938958645,7.657577319177793,7.665546248849069,3,bindingdb|chembl|pubchem_confirmatory,0.3,618.764,44.0,enzymatic,False,,none,False,True,True
JQVQFHRHFJDUQB-WUYKWKHLSA-N,COc1cc(C(=O)N2[C@H]3CC[C@@H]2[C@H](N)C3)cc2nc(-c3cc4ccc([C@@H](C)NC(=O)N(C)Cc5cccnc5)nc4n3CC3CC3)c(C)n12,7.698970004336019,7.698970004336019,7.698970004336019,3,bindingdb|chembl|pubchem_confirmatory,0.3,661.811,49.0,enzymatic,False,,none,False,True,True
OPOIXJXKOVEMMK-SGURQHNMSA-N,COc1cc(C(=O)N2[C@H]3CC[C@@H]2[C@H](N)C3)cc2nc(-c3cc4ccc([C@@H](C)NC(=O)CCC(=O)O)nc4n3CC3CC3)c(C)n12,7.719726554850571,7.718966632752272,7.721246399047171,3,bindingdb|chembl|pubchem_confirmatory,0.3,613.719,45.0,enzymatic,False,,none,False,True,True
LDFXPUUHGIRAJW-HXUWFJFHSA-N,N[C@@H]1CCCN(C(=O)c2cc3c4c(c2)nc(-c2cc5cc(F)ccc5n2CC2CC2)n4CCO3)C1,7.0,7.0,7.0,2,bindingdb|pubchem_confirmatory,0.5,473.552,35.0,enzymatic,False,,none,False,True,True
YTNOZLXUKPRAIR-UHFFFAOYSA-N,COC(=O)c1cc2c3c(c1)nc(-c1cc4ccccc4n1CC1CC1)n3CCN2S(C)(=O)=O,6.259637310505756,6.259637310505756,6.259637310505756,2,bindingdb|pubchem_confirmatory,0.5,464.547,33.0,enzymatic,False,,none,False,True,True
KCQDMTUOIGYZJW-UHFFFAOYSA-N,Cn1cc(-c2nc3ccc(C(=O)N4CCCC(N)C4)cc3n2C)c2ccccc21,5.494850021680094,5.494850021680094,5.494850021680094,3,bindingdb|chembl|pubchem_confirmatory,0.3,387.487,29.0,enzymatic,False,,none,False,True,True
YENZISCKOLNUNL-OFNKIYASSA-N,COc1c(C(=O)N2CC[C@H](O)[C@H](N)C2)ccc2nc(-c3cn(CC4CC4)c4ccccc34)n(C)c12,5.494850021680094,5.494850021680094,5.494850021680094,3,bindingdb|chembl|pubchem_confirmatory,0.3,473.577,35.0,enzymatic,False,,none,False,True,True
YYDSWHOUUXLIPO-HXUWFJFHSA-N,Cn1c(-c2cc3cccc(OCCc4ccon4)c3n2CC2CC2)nc2cc3c(nc21)CCN(C[C@H](N)CF)C3=O,8.0,8.0,8.0,2,chembl|pubchem_confirmatory,0.7,557.63,41.0,enzymatic,False,,none,False,True,True
FWKPAEDBNWIWNN-HSZRJFAPSA-N,Cn1c(-c2cc3cccc(OCCc4cccnc4)c3n2CC2CC2)nc2cc3c(nc21)CCN(C[C@H](N)CF)C3=O,8.0,8.0,8.0,2,chembl|pubchem_confirmatory,0.7,567.669,42.0,enzymatic,False,,none,False,True,True
KGASJTZJKUTRKA-HXUWFJFHSA-N,Cn1c(-c2cc3ccnc(OCCn4ccnc4)c3n2CC2CC2)nc2cc3c(nc21)CCN(C[C@H](N)CF)C3=O,8.0,8.0,8.0,2,chembl|pubchem_confirmatory,0.7,557.634,41.0,enzymatic,False,,none,False,True,True
QQJBUMHLLPCNES-HXUWFJFHSA-N,Cn1c(-c2cc3cccc(OCCc4cnco4)c3n2CC2CC2)nc2cc3c(nc21)CCN(C[C@H](N)CF)C3=O,8.0,8.0,8.0,2,chembl|pubchem_confirmatory,0.7,557.63,41.0,enzymatic,False,,none,False,True,True
LDAFREJPMJXRPV-LJQANCHMSA-N,Cn1c(-c2cc3cccc(OCCc4cn[nH]n4)c3n2CC2CC2)nc2cc3c(nc21)CCN(C[C@H](N)CF)C3=O,8.0,8.0,8.0,2,chembl|pubchem_confirmatory,0.7,557.634,41.0,enzymatic,False,,none,False,True,True
SOIIUZAYVFXKQU-HXUWFJFHSA-N,Cn1c(-c2cc3cccc(OCCc4ccn[nH]4)c3n2CC2CC2)nc2cc3c(nc21)CCN(C[C@H](N)CF)C3=O,8.0,8.0,8.0,2,chembl|pubchem_confirmatory,0.7,556.646,41.0,enzymatic,False,,none,False,True,True
DQYBRNLGMWOIAD-UHFFFAOYSA-N,COC(=O)N(C)CCOc1cccc2cc(-c3nc4cc5c(cc4n3C)CCN(CC(N)CF)C5=O)n(CC3CC3)c12,8.0,8.0,8.0,2,chembl|pubchem_confirmatory,0.7,576.673,42.0,enzymatic,False,,none,False,True,True
RFFRJSYCHSXGKZ-UHFFFAOYSA-N,Cn1c(-c2cc3cccc(OCCn4cnnn4)c3n2CC2CC2)nc2cc3c(cc21)CCN(CC(N)CF)C3=O,8.0,8.0,8.0,2,chembl|pubchem_confirmatory,0.7,557.634,41.0,enzymatic,False,,none,False,True,True
FMFNHGMJLLUKKO-UHFFFAOYSA-N,Cn1c(-c2cc3cccc(OCC4CNC(=O)O4)c3n2CC2CC2)nc2cc3c(cc21)CCN(CC(N)CF)C3=O,8.0,8.0,8.0,2,chembl|pubchem_confirmatory,0.7,560.63,41.0,enzymatic,False,,none,False,True,True
QGRRZABEPJXVLV-UHFFFAOYSA-N,Cn1c(-c2cc3cccc(OCCn4cncn4)c3n2CC2CC2)nc2cc3c(cc21)CCN(CC(N)CF)C3=O,8.0,8.0,8.0,2,chembl|pubchem_confirmatory,0.7,556.646,41.0,enzymatic,False,,none,False,True,True
SPYSMKILPZOVSD-UHFFFAOYSA-N,Cn1c(-c2cc3cccc(OCCn4ccnc4)c3n2CC2CC2)nc2cc3c(cc21)CCN(CC(N)CF)C3=O,8.0,8.0,8.0,2,chembl|pubchem_confirmatory,0.7,555.658,41.0,enzymatic,False,,none,False,True,True
PSSQKPFLUZJLND-UHFFFAOYSA-N,Cn1c(-c2cc3cccc(OCCc4cnoc4)c3n2CC2CC2)nc2cc3c(cc21)CCN(CC(N)CF)C3=O,8.0,8.0,8.0,2,chembl|pubchem_confirmatory,0.7,556.642,41.0,enzymatic,False,,none,False,True,True
XERIXIFQJJFPGS-UHFFFAOYSA-N,Cn1c(-c2cc3cc(C(=O)N4CCCC(N)C4)ccc3n2N)cc2ccccc21,5.494850021680094,5.494850021680094,5.494850021680094,3,bindingdb|chembl|pubchem_confirmatory,0.3,387.487,29.0,enzymatic,False,,none,False,True,True
NJSZICRJHDQNCG-QGZVFWFLSA-N,COc1cc(C(=O)N2CCC[C@@H](N)C2)cc2cc(-c3cc4cccnc4n3C)n(N)c12,6.698970004336019,6.698970004336019,6.698970004336019,3,bindingdb|chembl|pubchem_confirmatory,0.3,418.501,31.0,enzymatic,False,,none,False,True,True
BPWATVWOHQZVRP-NSHDSACASA-N,NC(=O)[C@H](CCCN=C(N)CCl)NC(=O)c1ccccc1,5.218584798683325,5.202324578495263,5.226714908777356,3,bindingdb|chembl|pubchem_confirmatory,0.3,310.785,21.0,enzymatic,True,chloroacetamidine,none,False,True,True
OLFDULIIJWCYCK-NSHDSACASA-N,NC(=O)[C@H](CCCN=C(N)CF)NC(=O)c1ccccc1,4.570884770500044,4.3974996731445435,4.657577319177793,3,bindingdb|chembl|pubchem_confirmatory,0.3,294.33,21.0,enzymatic,True,fluoroacetamidine,none,False,True,True
ROSPXSVYPPWPER-FQEVSTJZSA-N,NC(CCl)=NCCC[C@H](NC(=O)c1c[nH]c2ccccc12)C(=O)NCc1ccccc1,6.154901959985743,6.154901959985743,6.154901959985743,3,bindingdb|chembl|pubchem_confirmatory,0.3,439.947,31.0,enzymatic,True,chloroacetamidine,none,False,True,True
AEHNGMWCWNFYGA-VWLOTQADSA-N,COc1cccc(OC)c1-c1nc(C(=O)N[C@@H](CCCN=C(N)CCl)C(=O)NCc2ccccc2)cc2c1[nH]c1ccccc12,5.723538195826755,5.723538195826755,5.723538195826755,3,bindingdb|chembl|pubchem_confirmatory,0.3,627.145,45.0,enzymatic,True,chloroacetamidine,none,False,True,True
SJULYGXYEMITLA-SANMLTNESA-N,NC(CCl)=NCCC[C@H](NC(=O)c1cc2c([nH]c3ccccc32)c(-c2cccc([N+](=O)[O-])c2)n1)C(=O)NCc1ccccc1,5.6925039620867866,5.692503962086787,5.692503962086787,3,bindingdb|chembl|pubchem_confirmatory,0.3,612.09,44.0,enzymatic,True,chloroacetamidine,none,False,True,True
RNVGQUCPIOCOLA-CIFBLZBGSA-N,NC(CCl)=NCCC[C@H](NC(=O)[C@@H]1CC2c3ccccc3NC2CN1)C(=O)NCc1ccccc1,5.380906669373257,5.380906669373257,5.380906669373257,3,bindingdb|chembl|pubchem_confirmatory,0.3,497.043,35.0,enzymatic,True,chloroacetamidine,none,False,True,True
OMNPZEKDRDIEOQ-NRFANRHFSA-N,NC(CCl)=NCCC[C@H](NC(=O)c1cc2c(cn1)[nH]c1ccccc12)C(=O)NCc1ccccc1,5.75448733218585,5.75448733218585,5.75448733218585,3,bindingdb|chembl|pubchem_confirmatory,0.3,490.995,35.0,enzymatic,True,chloroacetamidine,none,False,True,True
SIKMFSCAHDNGSX-SANMLTNESA-N,COc1ccc(-c2nc(C(=O)N[C@@H](CCCN=C(N)CCl)C(=O)NCc3ccccc3)cc3c2[nH]c2ccccc23)cc1OC,5.818156412055227,5.818156412055227,5.818156412055227,3,bindingdb|chembl|pubchem_confirmatory,0.3,627.145,45.0,enzymatic,True,chloroacetamidine,none,False,True,True
DOGQFSIYZSBGIT-QHCPKHFHSA-N,COC(Cc1nc(C(=O)N[C@@H](CCCN=C(N)CCl)C(=O)NCc2ccccc2)cc2c1[nH]c1ccccc12)OC,6.017728766960431,6.017728766960431,6.017728766960431,3,bindingdb|chembl|pubchem_confirmatory,0.3,579.101,41.0,enzymatic,True,chloroacetamidine,none,False,True,True
CPOUBCIXTQYKFZ-NDEPHWFRSA-N,NC(CCl)=NCCC[C@H](NC(=O)c1cc2c([nH]c3ccccc32)c(-c2nccc3ccccc23)n1)C(=O)NCc1ccccc1,4.854492828590337,4.854492828590337,4.854492828590337,3,bindingdb|chembl|pubchem_confirmatory,0.3,618.141,45.0,enzymatic,True,chloroacetamidine,none,False,True,True
UKMDSKISUOFSSN-SANMLTNESA-N,NC(CCl)=NCCC[C@H](NC(=O)c1cc2c([nH]c3ccccc32)c(-c2ccc(Cl)cc2)n1)C(=O)NCc1ccccc1,5.946921556516581,5.94692155651658,5.94692155651658,3,bindingdb|chembl|pubchem_confirmatory,0.3,601.538,42.0,enzymatic,True,chloroacetamidine,none,False,True,True
GBABZCBYODXOKT-SANMLTNESA-N,CCCCCc1nc(C(=O)N[C@@H](CCCN=C(N)CCl)C(=O)NCc2ccccc2)cc2c1[nH]c1ccccc12,5.756961951313706,5.756961951313706,5.756961951313706,3,bindingdb|chembl|pubchem_confirmatory,0.3,561.13,40.0,enzymatic,True,chloroacetamidine,none,False,True,True
WQQYYEAXCGSTEG-QHCPKHFHSA-N,CC(C)(C)c1nc(C(=O)N[C@@H](CCCN=C(N)CCl)C(=O)NCc2ccccc2)cc2c1[nH]c1ccccc12,5.920818753952375,5.920818753952375,5.920818753952375,3,bindingdb|chembl|pubchem_confirmatory,0.3,547.103,39.0,enzymatic,True,chloroacetamidine,none,False,True,True
WBVSLOZIPBGMGD-DEOSSOPVSA-N,CC(C)Cc1nc(C(=O)N[C@@H](CCCN=C(N)CCl)C(=O)NCc2ccccc2)cc2c1[nH]c1ccccc12,6.1487416512809245,6.1487416512809245,6.1487416512809245,3,bindingdb|chembl|pubchem_confirmatory,0.3,547.103,39.0,enzymatic,True,chloroacetamidine,none,False,True,True
DWPKJMZNKNGEPT-PMERELPUSA-N,NC(CCl)=NCCC[C@H](NC(=O)c1cc2c([nH]c3ccccc32)c(-c2ccc3ccccc3c2)n1)C(=O)NCc1ccccc1,5.489454989793388,5.489454989793388,5.489454989793388,3,bindingdb|chembl|pubchem_confirmatory,0.3,617.153,45.0,enzymatic,True,chloroacetamidine,none,False,True,True
CWLQVFRMYVBVQR-VWLOTQADSA-N,NC(CCl)=NCCC[C@H](NC(=O)c1cc2c([nH]c3ccccc32)c(-c2ccncc2)n1)C(=O)NCc1ccccc1,5.464705879957229,5.464705879957229,5.464705879957229,3,bindingdb|chembl|pubchem_confirmatory,0.3,568.081,41.0,enzymatic,True,chloroacetamidine,none,False,True,True
LBPHQNXLYXBJPB-IBGZPJMESA-N,NC(CCl)=NCCC[C@H](NC(=O)c1ccc2c(c1)NCCN2)C(=O)NCc1ccccc1,5.638272163982407,5.638272163982407,5.638272163982407,3,bindingdb|chembl|pubchem_confirmatory,0.3,456.978,32.0,enzymatic,True,chloroacetamidine,none,False,True,True
QEDRWCZKWJJCHF-IBGZPJMESA-N,NC(CCl)=NCCC[C@H](NC(=O)c1ccc2nccnc2c1)C(=O)NCc1ccccc1,5.578396073130168,5.578396073130168,5.578396073130168,3,bindingdb|chembl|pubchem_confirmatory,0.3,452.946,32.0,enzymatic,True,chloroacetamidine,none,False,True,True
QSOANCWMQYCQPM-SFHVURJKSA-N,NC(CCl)=NCCC[C@H](NC(=O)c1ccc2nc[nH]c2c1)C(=O)NCc1ccccc1,5.939302159646388,5.939302159646388,5.939302159646388,3,bindingdb|chembl|pubchem_confirmatory,0.3,440.935,31.0,enzymatic,True,chloroacetamidine,none,False,True,True
RAQKNQGJRDRXAH-SFTDATJTSA-N,NC(CCl)=NCCC[C@H](NC(=O)[C@@H]1Cc2ccccc2CN1)C(=O)NCc1ccccc1,5.189767482004916,5.189767482004916,5.189767482004916,3,bindingdb|chembl|pubchem_confirmatory,0.3,455.99,32.0,enzymatic,True,chloroacetamidine,none,False,True,True
PRZSMYDCTDEWSN-SFHVURJKSA-N,NC(CCl)=NCCC[C@H](NC(=O)c1nc2ccccc2[nH]1)C(=O)NCc1ccccc1,5.534617148551582,5.534617148551582,5.534617148551582,3,bindingdb|chembl|pubchem_confirmatory,0.3,440.935,31.0,enzymatic,True,chloroacetamidine,none,False,True,True
YGGURSRNOHLZLN-SANMLTNESA-N,NC(CCl)=NCCC[C@H](NC(=O)c1cc2c([nH]c3ccccc32)c(-c2nc3ccccc3[nH]2)n1)C(=O)NCc1ccccc1,5.031517051446064,5.031517051446064,5.031517051446064,3,bindingdb|chembl|pubchem_confirmatory,0.3,607.118,44.0,enzymatic,True,chloroacetamidine,none,False,True,True
KMIRIWMQABSUPL-FQEVSTJZSA-N,NC(CCl)=NCCC[C@H](NC(=O)c1ccc2[nH]ccc2c1)C(=O)NCc1ccccc1,6.096910013008056,6.096910013008056,6.096910013008056,3,bindingdb|chembl|pubchem_confirmatory,0.3,439.947,31.0,enzymatic,True,chloroacetamidine,none,False,True,True
SXPYPXNLXOZOHG-QFIPXVFZSA-N,NC(CCl)=NCCC[C@H](NC(=O)c1cc2c([nH]c3ccccc32)c(-c2ncc[nH]2)n1)C(=O)NCc1ccccc1,5.505845405981557,5.505845405981557,5.505845405981557,3,bindingdb|chembl|pubchem_confirmatory,0.3,557.058,40.0,enzymatic,True,chloroacetamidine,none,False,True,True
JEKTVRHJBCGHFJ-PMERELPUSA-N,CCCCCCCCCc1nc(C(=O)N[C@@H](CCCN=C(N)CCl)C(=O)NCc2ccccc2)cc2c1[nH]c1ccccc12,4.854492828590337,4.854492828590337,4.854492828590337,3,bindingdb|chembl|pubchem_confirmatory,0.3,617.238,44.0,enzymatic,True,chloroacetamidine,none,False,True,True
QOTBHKUABHMCMR-SANMLTNESA-N,NC(CCl)=NCCC[C@H](NC(=O)c1cc2c([nH]c3ccccc32)c(-c2ccc(O)cc2)n1)C(=O)NCc1ccccc1,5.96657624451305,5.96657624451305,5.96657624451305,3,bindingdb|chembl|pubchem_confirmatory,0.3,583.092,42.0,enzymatic,True,chloroacetamidine,none,False,True,True
YHJJOLOVMCPJEK-SANMLTNESA-N,NC(CCl)=NCCC[C@H](NC(=O)c1cc2c([nH]c3ccccc32)c(-c2ccc(F)cc2)n1)C(=O)NCc1ccccc1,5.991399828238083,5.991399828238082,5.991399828238082,3,bindingdb|chembl|pubchem_confirmatory,0.3,585.083,42.0,enzymatic,True,chloroacetamidine,none,False,True,True
PJHFHEHDIDEJBH-SANMLTNESA-N,NC(CCl)=NCCC[C@H](NC(=O)c1cc2c([nH]c3ccccc32)c(-c2ccccc2)n1)C(=O)NCc1ccccc1,6.102372908709558,6.102372908709558,6.102372908709558,3,bindingdb|chembl|pubchem_confirmatory,0.3,567.093,41.0,enzymatic,True,chloroacetamidine,none,False,True,True
ZDGDTEUUOXKROF-QHCPKHFHSA-N,NC(CCl)=NCCC[C@H](NC(=O)c1cc2c([nH]c3ccccc32)c(-c2cccs2)n1)C(=O)NCc1ccccc1,5.8794260687941495,5.8794260687941495,5.8794260687941495,3,bindingdb|chembl|pubchem_confirmatory,0.3,573.122,40.0,enzymatic,True,chloroacetamidine,none,False,True,True
QAMZIERTQHLZOB-QFIPXVFZSA-N,Cc1nc(C(=O)N[C@@H](CCCN=C(N)CCl)C(=O)NCc2ccccc2)cc2c1[nH]c1ccccc12,6.119186407719209,6.119186407719209,6.119186407719209,3,bindingdb|chembl|pubchem_confirmatory,0.3,505.022,36.0,enzymatic,True,chloroacetamidine,none,False,True,True
XROHWYCHEUBBDR-MHZLTWQESA-N,N#Cc1ccc(-c2nc(C(=O)N[C@@H](CCCN=C(N)CCl)C(=O)NCc3ccccc3)cc3c2[nH]c2ccccc23)cc1,5.79317412396815,5.79317412396815,5.79317412396815,3,bindingdb|chembl|pubchem_confirmatory,0.3,592.103,43.0,enzymatic,True,chloroacetamidine,none,False,True,True
VHPAZOVJJOZCLD-QHCPKHFHSA-N,NC(CCl)=NCCC[C@H](NC(=O)c1cc2c([nH]c3ccccc32)c(C2CC2)n1)C(=O)NCc1ccccc1,6.207608310501745,6.207608310501746,6.207608310501746,3,bindingdb|chembl|pubchem_confirmatory,0.3,531.06,38.0,enzymatic,True,chloroacetamidine,none,False,True,True
XRXJMFYWQKEMHA-SANMLTNESA-N,NC(CCl)=NCCC[C@H](NC(=O)c1cc2c([nH]c3ccccc32)c(C2CCCCC2)n1)C(=O)NCc1ccccc1,5.954677021213342,5.954677021213342,5.954677021213342,3,bindingdb|chembl|pubchem_confirmatory,0.3,573.141,41.0,enzymatic,True,chloroacetamidine,none,False,True,True
MBUPAWYIYXGPCY-QHCPKHFHSA-N,CC(C)c1nc(C(=O)N[C@@H](CCCN=C(N)CCl)C(=O)NCc2ccccc2)cc2c1[nH]c1ccccc12,5.928117992693874,5.928117992693874,5.928117992693874,3,bindingdb|chembl|pubchem_confirmatory,0.3,533.076,38.0,enzymatic,True,chloroacetamidine,none,False,True,True
RCLARCLPTIUJGB-LJAQVGFWSA-N,CC(C)c1ccc(-c2nc(C(=O)N[C@@H](CCCN=C(N)CCl)C(=O)NCc3ccccc3)cc3c2[nH]c2ccccc23)cc1,5.161780778092375,5.161780778092375,5.161780778092375,3,bindingdb|chembl|pubchem_confirmatory,0.3,609.174,44.0,enzymatic,True,chloroacetamidine,none,False,True,True
RXABGCFSEVZQBM-MHZLTWQESA-N,COc1ccc(-c2nc(C(=O)N[C@@H](CCCN=C(N)CCl)C(=O)NCc3ccccc3)cc3c2[nH]c2ccccc23)cc1,5.769551078621727,5.769551078621726,5.769551078621726,3,bindingdb|chembl|pubchem_confirmatory,0.3,597.119,43.0,enzymatic,True,chloroacetamidine,none,False,True,True
SLTJFRJEBDWGCV-FQEVSTJZSA-N,NC(CCl)=NCCC[C@H](NC(=O)c1c[nH]c2ccc(F)cc12)C(=O)NCc1ccccc1,5.991399828238083,5.991399828238082,5.991399828238082,3,bindingdb|chembl|pubchem_confirmatory,0.3,457.937,32.0,enzymatic,True,chloroacetamidine,none,False,True,True
RBZZBCNIQBLEAZ-SANMLTNESA-N,Cn1c(-c2nc(C(=O)N[C@@H](CCCN=C(N)CCl)C(=O)NCc3ccccc3)cc3c2[nH]c2ccccc23)nc2ccccc21,5.0,5.0,5.0,3,bindingdb|chembl|pubchem_confirmatory,0.3,621.145,45.0,enzymatic,True,chloroacetamidine,none,False,True,True
KGLNTJBSYGPAQJ-SANMLTNESA-N,COc1cc(OC)c(-c2nc(C(=O)N[C@@H](CCCN=C(N)CCl)C(=O)NCc3ccccc3)cc3c2[nH]c2ccccc23)c(OC)c1,5.667561540084395,5.667561540084394,5.667561540084394,3,bindingdb|chembl|pubchem_confirmatory,0.3,657.171,47.0,enzymatic,True,chloroacetamidine,none,False,True,True
GTFLWUJOYDUBAI-LJAQVGFWSA-N,NC(CCl)=NCCC[C@H](NC(=O)c1cc2c([nH]c3ccccc32)c(-c2ccc3ccccc3n2)n1)C(=O)NCc1ccccc1,4.879097182385473,4.879097182385473,4.879097182385473,3,bindingdb|chembl|pubchem_confirmatory,0.3,618.141,45.0,enzymatic,True,chloroacetamidine,none,False,True,True
FTQKRNRRSRXYAW-VWLOTQADSA-N,CCC(CC)c1nc(C(=O)N[C@@H](CCCN=C(N)CCl)C(=O)NCc2ccccc2)cc2c1[nH]c1ccccc12,5.958607314841775,5.958607314841775,5.958607314841775,3,bindingdb|chembl|pubchem_confirmatory,0.3,561.13,40.0,enzymatic,True,chloroacetamidine,none,False,True,True
KZUGVCMKFKXKJX-MHZLTWQESA-N,Cc1ccc(-c2nc(C(=O)N[C@@H](CCCN=C(N)CCl)C(=O)NCc3ccccc3)cc3c2[nH]c2ccccc23)cc1,4.998699066979582,4.998699066979582,4.998699066979582,3,bindingdb|chembl|pubchem_confirmatory,0.3,581.12,42.0,enzymatic,True,chloroacetamidine,none,False,True,True
RWXJNOXHHROAGK-NDEPHWFRSA-N,NC(CCl)=NCCC[C@H](NC(=O)c1cc2c([nH]c3ccccc32)c(-c2cc3ccccc3cn2)n1)C(=O)NCc1ccccc1,4.618163200001657,4.618163200001657,4.618163200001657,3,bindingdb|chembl|pubchem_confirmatory,0.3,618.141,45.0,enzymatic,True,chloroacetamidine,none,False,True,True
VDHXSLHHCSTMGO-HNNXBMFYSA-N,NC(CCl)=NCCC[C@H](NC(=O)c1cc([N+](=O)[O-])c2nonc2c1)C(=O)NCc1ccccc1B(O)O,5.630784142589857,5.630784142589857,5.630784142589857,2,chembl|pubchem_confirmatory,0.7,531.722,37.0,enzymatic,True,chloroacetamidine,none,False,True,True
QHGIRHHYXMSBAA-SFHVURJKSA-N,NC(CCl)=NCCC[C@H](NC(=O)c1cccc(B(O)O)c1)C(=O)NCc1ccccc1,5.621602099051863,5.621602099051863,5.621602099051863,2,chembl|pubchem_confirmatory,0.7,444.728,31.0,enzymatic,True,chloroacetamidine,none,False,True,True
CZNJLZHFEMUNBU-HNNXBMFYSA-N,NC(CCl)=NCCC[C@H](NC(=O)c1cc([N+](=O)[O-])c2nonc2c1)C(=O)NCc1ccc(B(O)O)cc1,5.692503962086787,5.692503962086787,5.692503962086787,2,chembl|pubchem_confirmatory,0.7,531.722,37.0,enzymatic,True,chloroacetamidine,none,False,True,True
QTNKNBCYZAJJCL-SFHVURJKSA-N,NC(CCl)=NCCC[C@H](NC(=O)c1ccc(B(O)O)cc1)C(=O)NCc1ccccc1,5.723538195826755,5.723538195826755,5.723538195826755,2,chembl|pubchem_confirmatory,0.7,444.728,31.0,enzymatic,True,chloroacetamidine,none,False,True,True
ZXKZQAWKAXBIOW-SFHVURJKSA-N,NC(CCl)=NCCC[C@H](NC(=O)c1ccc(F)c(B(O)O)c1)C(=O)NCc1ccccc1,5.018634490921455,5.018634490921455,5.018634490921455,2,chembl|pubchem_confirmatory,0.7,462.718,32.0,enzymatic,True,chloroacetamidine,none,False,True,True
QVQLUTLQWGEXFG-HNNXBMFYSA-N,NC(CCl)=NCCC[C@H](NC(=O)c1cc([N+](=O)[O-])c2nonc2c1)C(=O)NCc1cccc(B(O)O)c1,5.7121982700697735,5.7121982700697735,5.7121982700697735,2,chembl|pubchem_confirmatory,0.7,531.722,37.0,enzymatic,True,chloroacetamidine,none,False,True,True
WNHMXJIINSBZFX-SFHVURJKSA-N,NC(CCl)=NCCC[C@H](NC(=O)c1cc(B(O)O)ccc1F)C(=O)NCc1ccccc1,5.296708621881338,5.296708621881338,5.296708621881338,2,chembl|pubchem_confirmatory,0.7,462.718,32.0,enzymatic,True,chloroacetamidine,none,False,True,True
PZPLTWPXLXBYJL-SFHVURJKSA-N,NC(CCl)=NCCC[C@H](NC(=O)c1ccccc1B(O)O)C(=O)NCc1ccccc1,5.667561540084394,5.667561540084394,5.667561540084394,2,chembl|pubchem_confirmatory,0.7,444.728,31.0,enzymatic,True,chloroacetamidine,none,False,True,True
PXJXCBYHGJEEJH-OXJNMPFZSA-N,COc1cc(C(=O)N2C[C@H](N)CC[C@@H]2C)cc2nc(-c3cc4cccnc4n3CC3CC3)n(C)c12,7.008773924307505,7.008773924307505,7.008773924307505,2,chembl|pubchem_confirmatory,0.7,472.593,35.0,enzymatic,False,,none,False,True,True
OBWPHUHZPTUUFY-UHFFFAOYSA-N,NC(CCl)=NCCCc1cn(Cc2ccccc2)c2ccccc12,4.537602002101044,4.537602002101044,4.537602002101044,3,bindingdb|chembl|pubchem_confirmatory,0.3,339.87,24.0,enzymatic,True,chloroacetamidine,none,False,True,True
GRZLMBNRDLTGCD-UHFFFAOYSA-N,NC(CCl)=NCCCc1nn(CC2CCCC2)c2ccccc12,4.795880017344075,4.795880017344075,4.795880017344075,3,bindingdb|chembl|pubchem_confirmatory,0.3,332.879,23.0,enzymatic,True,chloroacetamidine,none,False,True,True
RNSKAVUKRKPYGK-UHFFFAOYSA-N,NC(CCl)=NCCCc1cn(CC2CCCC2)c2ccccc12,4.6777807052660805,4.6777807052660805,4.6777807052660805,3,bindingdb|chembl|pubchem_confirmatory,0.3,331.891,23.0,enzymatic,True,chloroacetamidine,none,False,True,True
HVCBKNIGIAIONV-UHFFFAOYSA-N,Cn1cc(CCCN=C(N)CCl)c2ccccc21,3.721246399047171,3.721246399047171,3.721246399047171,3,bindingdb|chembl|pubchem_confirmatory,0.3,263.772,18.0,enzymatic,True,chloroacetamidine,none,False,True,True
GHTSDFVXGDTGAV-UHFFFAOYSA-N,CCn1cc(CCCN=C(N)CCl)c2ccccc21,4.443697499232713,4.443697499232713,4.443697499232713,3,bindingdb|chembl|pubchem_confirmatory,0.3,277.799,19.0,enzymatic,True,chloroacetamidine,none,False,True,True
UMMNKCUSQIKSGP-UHFFFAOYSA-N,NC1=CC(=O)c2ccc(-c3ccccn3)nc2C1=O,6.1938200260161125,6.1938200260161125,6.1938200260161125,3,bindingdb|chembl|pubchem_confirmatory,0.3,251.245,19.0,covalent,True,enaminone,none,False,True,True
HAEQQPWTMBVMLJ-UHFFFAOYSA-N,NC1=CC(=O)c2ccc(-c3cccc(C(=O)O)n3)nc2C1=O,6.619788758288394,6.619788758288394,6.619788758288394,3,bindingdb|chembl|pubchem_confirmatory,0.3,295.254,22.0,covalent,True,enaminone,none,False,True,True
QHJBNEFEIDZZCN-UHFFFAOYSA-N,NC1=CC(=O)c2cccnc2C1=O,6.0,6.0,6.0,3,bindingdb|chembl|pubchem_confirmatory,0.3,174.159,13.0,covalent,True,enaminone,none,False,True,True
HMERIDRZXRVXIZ-UHFFFAOYSA-N,NC1=C(Br)C(=O)c2cccnc2C1=O,6.251811972993799,6.251811972993799,6.251811972993799,3,bindingdb|chembl|pubchem_confirmatory,0.3,253.055,14.0,covalent,True,alpha_bromoketone,none,False,True,True
VFJSDBUJXJBRRA-UHFFFAOYSA-N,COC1=C(Br)C(=O)c2ncccc2C1=O,5.481486060122112,5.481486060122112,5.481486060122112,3,bindingdb|chembl|pubchem_confirmatory,0.3,268.066,15.0,covalent,True,alpha_bromoketone,none,False,True,True
VUCFCRGOVAAFJN-NSHDSACASA-N,NC(=O)[C@H](CCCN=C(N)CCl)NC(=O)c1ccccc1C(=O)O,5.583003202244193,5.433854968376993,5.657577319177793,3,bindingdb|chembl|pubchem_confirmatory,0.3,354.794,24.0,covalent,True,chloroacetamidine,none,False,True,True
RNKUFKLZNUHJKO-INIZCTEOSA-N,NC(=O)[C@H](Cc1ccc(CN=C(N)CF)cc1)NC(=O)c1ccccc1,3.0,3.0,3.0,3,bindingdb|chembl|pubchem_confirmatory,0.3,356.401,26.0,covalent,True,fluoroacetamidine,none,False,True,True
IMRNUHDAZKODPJ-NSHDSACASA-N,NC(=O)[C@H](CCCN=C(N)CF)NS(=O)(=O)c1ccccc1,3.3010299956639813,3.3010299956639813,3.3010299956639813,3,bindingdb|chembl|pubchem_confirmatory,0.3,330.385,22.0,covalent,True,fluoroacetamidine,none,False,True,True
HBEIARVCIYYMOR-NSHDSACASA-N,NC(=O)[C@H](CCCN=C(N)CF)NC(=O)c1ccccc1C(=O)O,5.674823326868747,5.581977182511901,5.721246399047171,3,bindingdb|chembl|pubchem_confirmatory,0.3,338.339,24.0,covalent,True,fluoroacetamidine,none,False,True,True
VPPKASORXGKPDU-HNNXBMFYSA-N,NC(=O)[C@@H](NC(=O)c1ccccc1)c1cccc(N=C(N)CF)c1,2.6777807052660805,2.6777807052660805,2.6777807052660805,3,bindingdb|chembl|pubchem_confirmatory,0.3,328.347,24.0,covalent,True,fluoroacetamidine,none,False,True,True
SARPVRSDFMPZPF-UHFFFAOYSA-N,CCCN=C(N)CF,3.0,3.0,3.0,3,bindingdb|chembl|pubchem_confirmatory,0.3,118.155,8.0,covalent,True,fluoroacetamidine,none,True,True,True
ZIGXSTQPULUMFD-UHFFFAOYSA-N,NC(CF)=Nc1ccccc1,3.3010299956639813,3.3010299956639813,3.3010299956639813,3,bindingdb|chembl|pubchem_confirmatory,0.3,152.172,11.0,covalent,True,fluoroacetamidine,none,True,True,True
WIMIJIUBOOEMPC-HNNXBMFYSA-N,NC(=O)[C@H](Cc1cccc(N=C(N)CF)c1)NC(=O)c1ccccc1,3.508638306165727,3.508638306165727,3.508638306165727,3,bindingdb|chembl|pubchem_confirmatory,0.3,342.374,25.0,covalent,True,fluoroacetamidine,none,False,True,True
HAIYEFMGUXOXIY-UHFFFAOYSA-N,N=C(N)CF,2.0,2.0,2.0,3,bindingdb|chembl|pubchem_confirmatory,0.3,76.074,5.0,covalent,True,fluoroacetamidine,none,True,True,True
SDHVJUNLHOVWRK-HNNXBMFYSA-N,NC(=O)[C@H](Cc1ccc(N=C(N)CF)cc1)NC(=O)c1ccccc1,3.508638306165727,3.508638306165727,3.508638306165727,3,bindingdb|chembl|pubchem_confirmatory,0.3,342.374,25.0,covalent,True,fluoroacetamidine,none,False,True,True
ZRLDFUHXUJOSFA-UHFFFAOYSA-N,NC(CF)=NCCCCNC(=O)c1ccccc1,3.0,3.0,3.0,3,bindingdb|chembl|pubchem_confirmatory,0.3,251.305,18.0,covalent,True,fluoroacetamidine,none,False,True,True
AHDXCBUOFCCIOH-UHFFFAOYSA-N,NC(CF)=NCc1ccccc1,3.0,3.0,3.0,3,bindingdb|chembl|pubchem_confirmatory,0.3,166.199,12.0,covalent,True,fluoroacetamidine,none,True,True,True
WHWRPJIORHPXHS-UHFFFAOYSA-N,NC(CF)=NCCCCNS(=O)(=O)c1ccccc1,3.0,3.0,3.0,3,bindingdb|chembl|pubchem_confirmatory,0.3,287.36,19.0,covalent,True,fluoroacetamidine,none,False,True,True
SNBPARNTIPIAEU-ZETCQYMHSA-N,NC(=O)[C@H](CCCN=C(N)CF)NC(=O)c1cnc[nH]1,3.638272163982407,3.638272163982407,3.638272163982407,3,bindingdb|chembl|pubchem_confirmatory,0.3,284.295,20.0,covalent,True,fluoroacetamidine,none,False,True,True
SPEHNMIVJCEDKE-VIFPVBQESA-N,NC(=O)[C@H](CCCN=C(N)CF)NC(=O)c1cc[nH]c1,4.721246399047171,4.721246399047171,4.721246399047171,3,bindingdb|chembl|pubchem_confirmatory,0.3,283.307,20.0,covalent,True,fluoroacetamidine,none,False,True,True
BFTJZPPYQCJEJO-JTQLQIEISA-N,NC(=O)[C@H](CCCN=C(N)CF)NC(=O)c1cc([N+](=O)[O-])ccc1O,4.920818753952375,4.920818753952375,4.920818753952375,3,bindingdb|chembl|pubchem_confirmatory,0.3,355.326,25.0,covalent,True,fluoroacetamidine,none,False,True,True
KBOPZPXVLCULAV-UHFFFAOYSA-N,Nc1ccc(O)c(C(=O)O)c1,2.0,2.0,2.0,2,bindingdb|chembl,0.6,153.137,11.0,enzymatic,False,,none,True,True,True
RYLFERIMAZCADF-NTEUORMPSA-N,O=C1/C(=C/O)c2ccccc2-c2ccccc21,4.1249387366083,4.1249387366083,4.1249387366083,1,chembl,1.0,222.243,17.0,enzymatic,False,,none,False,False,False
CYDMQBQPVICBEU-XRNKAMNCSA-N,CN(C)[C@@H]1C(O)=C(C(N)=O)C(=O)[C@@]2(O)C(O)=C3C(=O)c4c(O)ccc(Cl)c4[C@@](C)(O)[C@H]3C[C@@H]12,4.0,4.0,4.0,1,chembl,1.0,478.885,33.0,enzymatic,False,,none,False,False,False
MQTOSJVFKKJCRP-BICOPXKESA-N,CC[C@H]1OC(=O)[C@H](C)[C@@H](O[C@H]2C[C@@](C)(OC)[C@@H](O)[C@H](C)O2)[C@H](C)[C@@H](O[C@@H]2O[C@H](C)C[C@H](N(C)C)[C@H]2O)[C@](C)(O)C[C@@H](C)CN(C)[C@H](C)[C@@H](O)[C@]1(C)O,2.0,2.0,2.0,2,bindingdb|chembl,0.6,748.996,52.0,enzymatic,False,,none,False,True,True
JBIWCJUYHHGXTC-AKNGSSGZSA-N,C[C@H]1c2cccc(O)c2C(=O)C2=C(O)[C@]3(O)C(=O)C(C(N)=O)=C(O)[C@@H](N(C)C)[C@@H]3[C@@H](O)[C@@H]21,3.0655015487564325,3.0655015487564325,3.0655015487564325,1,chembl,1.0,444.44,32.0,enzymatic,False,,none,False,False,False
OFVLGDICTFRJMM-WESIUVDSSA-N,CN(C)[C@@H]1C(O)=C(C(N)=O)C(=O)[C@@]2(O)C(O)=C3C(=O)c4c(O)cccc4[C@@](C)(O)[C@H]3C[C@@H]12,3.107905397309519,3.107905397309519,3.107905397309519,1,chembl,1.0,444.44,32.0,enzymatic,False,,none,False,False,False
VHOGYURTWQBHIL-UHFFFAOYSA-N,Cc1oncc1C(=O)Nc1ccc(C(F)(F)F)cc1,2.6197887582883936,2.6197887582883936,2.6197887582883936,2,bindingdb|chembl,0.6,270.21,19.0,enzymatic,False,,none,False,True,True
ATKURNZHHVJOEJ-UHFFFAOYSA-N,CCn1c(-c2nc3cc(C(=O)N4CCCC(N)C4)ccc3n2C)cc2ccccc21,5.967696662330647,5.967696662330647,5.967696662330647,1,chembl,1.0,401.514,30.0,enzymatic,False,,none,False,False,False
IEDVJHCEMCRBQM-UHFFFAOYSA-N,COc1cc(Cc2cnc(N)nc2N)cc(OC)c1OC,2.1249387366083,2.1249387366083,2.1249387366083,2,bindingdb|chembl,0.6,290.323,21.0,enzymatic,False,,none,False,True,True
GECHUMIMRBOMGK-UHFFFAOYSA-N,Nc1ccc(S(=O)(=O)Nc2ccccn2)cc1,2.0,2.0,2.0,2,bindingdb|chembl,0.6,249.295,17.0,enzymatic,False,,none,False,True,True
KDLRVYVGXIQJDK-AWPVFWJPSA-N,CCC[C@@H]1C[C@@H](C(=O)N[C@@H]([C@H]2O[C@H](SC)[C@H](O)[C@@H](O)[C@H]2O)[C@H](C)Cl)N(C)C1,2.2924298239020633,2.2924298239020633,2.2924298239020633,1,chembl,1.0,424.991,27.0,enzymatic,False,,none,False,False,False
DYKFCLLONBREIL-KVUCHLLUSA-N,CN(C)c1ccc(O)c2c1C[C@H]1C[C@H]3[C@H](N(C)C)C(O)=C(C(N)=O)C(=O)[C@@]3(O)C(O)=C1C2=O,3.2076083105017466,3.2076083105017466,3.2076083105017466,1,chembl,1.0,457.483,33.0,enzymatic,False,,none,False,False,False
BPWATVWOHQZVRP-UHFFFAOYSA-N,NC(=O)C(CCCN=C(N)CCl)NC(=O)c1ccccc1,5.229147988357855,5.229147988357855,5.229147988357855,1,chembl,1.0,310.785,21.0,enzymatic,True,chloroacetamidine,none,False,False,False
NUGMNTQVDBMPEN-RMKNXTFCSA-N,O=C(/C=C/c1cncc(F)c1)c1c(-c2ccccc2)c2cc(F)ccc2[nH]c1=O,4.939302159646388,4.939302159646388,4.939302159646388,2,bindingdb|chembl,0.6,388.373,29.0,enzymatic,False,,none,False,True,True
ZLGIFGMQKAADIC-RMKNXTFCSA-N,O=C(/C=C/c1cncnc1)c1c(-c2ccccc2)c2cc(C(F)(F)F)ccc2[nH]c1=O,4.939302159646388,4.939302159646388,4.939302159646388,2,bindingdb|chembl,0.6,421.378,31.0,enzymatic,False,,none,False,True,True
YDEBKDHQZGZWFE-VOTSOKGWSA-N,O=C(/C=C/c1cncnc1)c1c(-c2ccccc2)c2cnccc2[nH]c1=O,4.0,4.0,4.0,2,bindingdb|chembl,0.6,354.369,27.0,enzymatic,False,,none,False,True,True
OAKOVENJQUMSSP-OUKQBFOZSA-N,O=C(/C=C/c1ccccn1)c1c(-c2ccc(F)cc2)c2ccccc2[nH]c1=O,4.0,4.0,4.0,2,bindingdb|chembl,0.6,370.383,28.0,enzymatic,False,,none,False,True,True
FXPYZBJXFKHAMD-VAWYXSNFSA-N,O=C(/C=C/c1ncccn1)c1c(-c2ccccc2)c2ccccc2[nH]c1=O,4.154901959985743,4.154901959985743,4.154901959985743,2,bindingdb|chembl,0.6,353.381,27.0,enzymatic,False,,none,False,True,True
HZWOPHYRQAVKDW-PKNBQFBNSA-N,O=C(/C=C/c1cccnn1)c1c(-c2ccccc2)c2cc(F)ccc2[nH]c1=O,4.939302159646388,4.939302159646388,4.939302159646388,2,bindingdb|chembl,0.6,371.371,28.0,enzymatic,False,,none,False,True,True
GQUMYNJQPXMCLS-UXBLZVDNSA-N,O=C(/C=C/c1ccc(N2CCNCC2)nc1)c1c(-c2ccccc2)c2cc(F)ccc2[nH]c1=O,5.823908740944319,5.823908740944319,5.823908740944319,2,bindingdb|chembl,0.6,454.505,34.0,enzymatic,False,,none,False,True,True
CZZQCTJRWCGYOM-GFXQXFAQSA-N,COc1cc(C(=O)N2CC3CCC2[C@@H]3N)cc2nc(-c3cc4ccc(-c5ccc6[nH]c(=O)ccc6c5)cc4n3CC3CC3)n(C)c12,7.769551078621726,7.769551078621726,7.769551078621726,2,bindingdb|chembl,0.6,612.734,46.0,enzymatic,False,,none,False,True,True
YCRMPLASSUEONU-SGAJGPLNSA-N,COc1cc(C(=O)N2CC3CCC2[C@@H]3N)cc2nc(-c3cc4ccc(-c5ccc6c(=O)[nH]ccc6c5)nc4n3CC3CC3)n(C)c12,7.7447274948966935,7.7447274948966935,7.7447274948966935,2,bindingdb|chembl,0.6,613.722,46.0,enzymatic,False,,none,False,True,True
IIBXCAFLVSBPDI-IZZDOVSWSA-N,COc1ccc(-c2c(C(=O)/C=C/c3cncnc3)c(=O)[nH]c3ccccc23)cc1,4.154901959985743,4.154901959985743,4.154901959985743,2,bindingdb|chembl,0.6,383.407,29.0,enzymatic,False,,none,False,True,True
BPJZWYQGXLWYJW-MDZDMXLPSA-N,Cc1cccc(-c2c(C(=O)/C=C/c3cncnc3)c(=O)[nH]c3ccccc23)c1,4.154901959985743,4.154901959985743,4.154901959985743,2,bindingdb|chembl,0.6,367.408,28.0,enzymatic,False,,none,False,True,True
PFPQEUAJFUXCTI-BUHFOSPRSA-N,Cc1ccc(/C=C/C(=O)c2c(-c3ccccc3)c3ccccc3[nH]c2=O)cn1,4.939302159646388,4.939302159646388,4.939302159646388,2,bindingdb|chembl,0.6,366.42,28.0,enzymatic,False,,none,False,True,True
NQYQQQWYHSWMTD-BUHFOSPRSA-N,O=C(/C=C/c1ccccn1)c1c(-c2ccccc2)c2ccccc2[nH]c1=O,4.939302159646388,4.939302159646388,4.939302159646388,2,bindingdb|chembl,0.6,352.393,27.0,enzymatic,False,,none,False,True,True
WCOZZUZDUPYGJI-VAWYXSNFSA-N,Cc1nc(/C=C/C(=O)c2c(-c3ccccc3)c3ccccc3[nH]c2=O)c[nH]1,4.939302159646388,4.939302159646388,4.939302159646388,2,bindingdb|chembl,0.6,355.397,27.0,enzymatic,False,,none,False,True,True
ZCRRDBTVEZUYDL-ZHACJKMWSA-N,O=C(/C=C/c1c[nH]cn1)c1c(-c2ccccc2)c2ccccc2[nH]c1=O,4.154901959985743,4.154901959985743,4.154901959985743,2,bindingdb|chembl,0.6,341.37,26.0,enzymatic,False,,none,False,True,True
LOEXUSVIWSCCBG-OUKQBFOZSA-N,O=C(/C=C/C1CC1)c1c(-c2ccccc2)c2ccccc2[nH]c1=O,4.939302159646388,4.939302159646388,4.939302159646388,2,bindingdb|chembl,0.6,315.372,24.0,enzymatic,False,,none,False,True,True
QJFKUUMRDQJUNX-FMIVXFBMSA-N,COc1ccc(/C=C/C(=O)c2c(C)c3ccccc3[nH]c2=O)cc1,4.154901959985743,4.154901959985743,4.154901959985743,2,bindingdb|chembl,0.6,319.36,24.0,enzymatic,False,,none,False,True,True
HTGQZAUTISWGMG-RMKNXTFCSA-N,O=C(/C=C/c1cncnc1)c1c(-c2ccccc2)c2ccc(F)cc2[nH]c1=O,5.823908740944319,5.823908740944319,5.823908740944319,2,bindingdb|chembl,0.6,371.371,28.0,enzymatic,False,,none,False,True,True
WBVOLKSUHPCNDE-DHZHZOJOSA-N,O=C(/C=C/c1ccc(OCCN2CCOCC2)cc1)c1c(-c2ccccc2)c2ccncc2[nH]c1=O,4.154901959985743,4.154901959985743,4.154901959985743,2,bindingdb|chembl,0.6,481.552,36.0,enzymatic,False,,none,False,True,True
DTSXXPKXJJANNA-CMDGGOBGSA-N,O=c1[nH]c2ccc(F)cc2c(-c2ccccc2)c1S(=O)(=O)/C=C/c1cncnc1,4.154901959985743,4.154901959985743,4.154901959985743,2,bindingdb|chembl,0.6,407.426,29.0,enzymatic,True,vinyl_sulfone,none,False,True,True
CBMQAWZEHLKOQT-ZHACJKMWSA-N,O=C(/C=C/c1cncc(Br)c1)c1c(-c2ccccc2)c2ccccc2[nH]c1=O,4.939302159646388,4.939302159646388,4.939302159646388,2,bindingdb|chembl,0.6,431.289,28.0,enzymatic,False,,none,False,True,True
SRKIQLOBBOTVGA-DHZHZOJOSA-N,O=C(/C=C/c1cccnc1)c1c(-c2ccccc2)c2cc(Br)ccc2[nH]c1=O,5.823908740944319,5.823908740944319,5.823908740944319,2,bindingdb|chembl,0.6,431.289,28.0,enzymatic,False,,none,False,True,True
KSDWHCKHPLWNBX-ZRDIBKRKSA-N,O=C(/C=C/c1ccccn1)c1c(-c2ccccc2)c2cc(Cl)ccc2[nH]c1=O,4.939302159646388,4.939302159646388,4.939302159646388,2,bindingdb|chembl,0.6,386.838,28.0,enzymatic,False,,none,False,True,True
WTWHVUQRYQJVRM-RMKNXTFCSA-N,O=C(/C=C/c1cncnc1)c1c(-c2ccccc2)c2cc(Cl)ccc2[nH]c1=O,5.823908740944319,5.823908740944319,5.823908740944319,2,bindingdb|chembl,0.6,387.826,28.0,enzymatic,False,,none,False,True,True
XESCZJQXWCFRHJ-VAWYXSNFSA-N,Cc1ncc(/C=C/C(=O)c2c(-c3ccccc3)c3ccccc3[nH]c2=O)cn1,4.154901959985743,4.154901959985743,4.154901959985743,2,bindingdb|chembl,0.6,367.408,28.0,enzymatic,False,,none,False,True,True
VQBNCRXWHQSPBU-VOTSOKGWSA-N,O=C(/C=C/c1cncnc1)c1c(-c2ccccc2)c2ccncc2[nH]c1=O,4.154901959985743,4.154901959985743,4.154901959985743,2,bindingdb|chembl,0.6,354.369,27.0,enzymatic,False,,none,False,True,True
KOLUAOQQVUCBJJ-CMDGGOBGSA-N,O=C(/C=C/c1cncnc1)c1c(-c2cccc(F)c2)c2ccccc2[nH]c1=O,4.154901959985743,4.154901959985743,4.154901959985743,2,bindingdb|chembl,0.6,371.371,28.0,enzymatic,False,,none,False,True,True
QEWZVAPXNKWYEC-DHZHZOJOSA-N,O=C(/C=C/c1cccnc1)c1c(-c2ccccc2)c2cc(F)ccc2[nH]c1=O,5.823908740944319,5.823908740944319,5.823908740944319,2,bindingdb|chembl,0.6,370.383,28.0,enzymatic,False,,none,False,True,True
WVGHMXKTXLCQGY-NTCAYCPXSA-N,N#CCOCCOCCOCCOc1ccc(/C=C/C(=O)c2c(-c3ccccc3)c3ccccc3[nH]c2=O)cc1,4.154901959985743,4.154901959985743,4.154901959985743,2,bindingdb|chembl,0.6,538.6,40.0,enzymatic,False,,none,False,True,True
INUOOSQJDOAIOE-ZHACJKMWSA-N,O=C(/C=C/c1cnccn1)c1c(-c2ccccc2)c2ccccc2[nH]c1=O,4.154901959985743,4.154901959985743,4.154901959985743,2,bindingdb|chembl,0.6,353.381,27.0,enzymatic,False,,none,False,True,True
DQQVMYBNHGJTCB-ZRDIBKRKSA-N,O=C(/C=C/c1ccc(=O)[nH]c1)c1c(-c2ccccc2)c2ccccc2[nH]c1=O,4.939302159646388,4.939302159646388,4.939302159646388,2,bindingdb|chembl,0.6,368.392,28.0,enzymatic,False,,none,False,True,True
PHFBVAYTCGKKPB-WYMLVPIESA-N,Cc1ccc2[nH]c(=O)c(C(=O)/C=C/c3ccc(C#N)cc3)c(-c3ccccc3)c2c1,4.939302159646388,4.939302159646388,4.939302159646388,2,bindingdb|chembl,0.6,390.442,30.0,enzymatic,False,,none,False,True,True
KAKYUQWVDCKBEI-UXBLZVDNSA-N,O=C(/C=C/c1ccc(=O)[nH]c1)c1c(-c2ccccc2)c2cc(F)ccc2[nH]c1=O,4.939302159646388,4.939302159646388,4.939302159646388,2,bindingdb|chembl,0.6,386.382,29.0,enzymatic,False,,none,False,True,True
LNPPSCCHVKSHLX-YRNVUSSQSA-N,COc1ccc(/C=C/C(=O)c2c(-c3ccccc3)c3cc(F)ccc3[nH]c2=O)cn1,5.823908740944319,5.823908740944319,5.823908740944319,2,bindingdb|chembl,0.6,400.409,30.0,enzymatic,False,,none,False,True,True
MQPPGEDUMWADHH-RMKNXTFCSA-N,O=C(/C=C/c1cncc(Cl)c1)c1c(-c2ccccc2)c2cc(F)ccc2[nH]c1=O,4.939302159646388,4.939302159646388,4.939302159646388,2,bindingdb|chembl,0.6,404.828,29.0,enzymatic,False,,none,False,True,True
VDIYQSXFCUFYKY-VAWYXSNFSA-N,O=C(/C=C/c1cccnc1)c1c(-c2ccccc2)c2c(F)cccc2[nH]c1=O,5.823908740944319,5.823908740944319,5.823908740944319,2,bindingdb|chembl,0.6,370.383,28.0,enzymatic,False,,none,False,True,True
LYHXOVMBOCPEQK-DHZHZOJOSA-N,O=C(/C=C/c1cccnc1)Nc1c(-c2ccccc2)c2cc(F)ccc2[nH]c1=O,4.154901959985743,4.154901959985743,4.154901959985743,2,bindingdb|chembl,0.6,385.398,29.0,enzymatic,False,,none,False,True,True
JLKIGFTWXXRPMT-UHFFFAOYSA-N,Cc1cc(NS(=O)(=O)c2ccc(N)cc2)no1,2.0,2.0,2.0,2,bindingdb|chembl,0.6,253.283,17.0,enzymatic,False,,none,False,True,True
RPFABSIPTHSNOM-CMDGGOBGSA-N,O=C(/C=C/c1cncnc1)c1c(-c2cccc(Cl)c2)c2ccccc2[nH]c1=O,4.154901959985743,4.154901959985743,4.154901959985743,2,bindingdb|chembl,0.6,387.826,28.0,enzymatic,False,,none,False,True,True
UCSJYZPVAKXKNQ-HZYVHMACSA-N,CN[C@@H]1[C@H](O[C@H]2[C@H](O[C@H]3[C@H](O)[C@@H](O)[C@H](N=C(N)N)[C@@H](O)[C@@H]3N=C(N)N)O[C@@H](C)[C@]2(O)C=O)O[C@@H](CO)[C@H](O)[C@H]1O,2.7447274948966935,2.7447274948966935,2.7447274948966935,1,chembl,1.0,581.58,40.0,enzymatic,False,,none,False,False,False
OSSVXTKQSUKSKL-UYLJJQDDSA-N,COc1cc(C(=O)N2C[C@H]3CC[C@@H]2[C@@H]3N)cc2nc(-c3ccc(C#N)n3CC3CC3)n(C[C@H]3C[C@@](C)(OC)C3)c12,5.761439372640169,5.761439372640169,5.761439372640169,2,bindingdb|chembl,0.6,542.684,40.0,enzymatic,False,,none,False,True,True
FBOZXECLQNJBKD-ZDUSSCGKSA-N,CN(Cc1cnc2nc(N)nc(N)c2n1)c1ccc(C(=O)N[C@@H](CCC(=O)O)C(=O)O)cc1,2.0,2.0,2.0,2,bindingdb|chembl,0.6,454.447,33.0,enzymatic,False,,none,False,True,True
LMEKQMALGUDUQG-UHFFFAOYSA-N,Cn1cnc([N+](=O)[O-])c1Sc1ncnc2nc[nH]c12,2.0915149811213505,2.0915149811213505,2.0915149811213505,2,bindingdb|chembl,0.6,277.269,19.0,enzymatic,False,,none,False,True,True
VZHHYRNMJNWPKX-KPKJPENVSA-N,O=C(/C=C/c1cccnc1)c1c(-c2ccc(F)cc2)c2ccccc2[nH]c1=O,4.939302159646388,4.939302159646388,4.939302159646388,2,bindingdb|chembl,0.6,370.383,28.0,enzymatic,False,,none,False,True,True
NORYLKDIJBBIBL-DGOOTMLLSA-N,COc1cc(C(=O)N2CC3CCC2[C@@H]3N)cc2nc(-c3cc4ccc(-c5c[nH]c(=O)[nH]c5=O)nc4n3CC3CC3)n(C)c12,7.292429823902063,7.292429823902063,7.292429823902063,2,bindingdb|chembl,0.6,580.649,43.0,enzymatic,False,,none,False,True,True
WAFVQVKFCWNAGU-DHZHZOJOSA-N,COc1ccc(/C=C/C(=O)c2cc3ccccc3[nH]c2=O)cc1,4.154901959985743,4.154901959985743,4.154901959985743,2,bindingdb|chembl,0.6,305.333,23.0,enzymatic,False,,none,False,True,True
XMXQBEIZVKEUFL-XYOKQWHBSA-N,CN(C)CCOc1ccc(/C=C/C(=O)c2c(-c3ccccc3)c3cc(F)ccc3[nH]c2=O)cn1,5.823908740944319,5.823908740944319,5.823908740944319,2,bindingdb|chembl,0.6,457.505,34.0,enzymatic,False,,none,False,True,True
WPXIRWBIPXVBLA-RMKNXTFCSA-N,O=C(/C=C/c1ccnnc1)c1c(-c2ccccc2)c2cc(F)ccc2[nH]c1=O,4.939302159646388,4.939302159646388,4.939302159646388,2,bindingdb|chembl,0.6,371.371,28.0,enzymatic,False,,none,False,True,True
WJOOYBOPBBEGPI-UHFFFAOYSA-N,O=C(c1nn[nH]c1-c1cncc(Br)c1)c1c(-c2ccccc2)c2ccccc2[nH]c1=O,4.154901959985743,4.154901959985743,4.154901959985743,2,bindingdb|chembl,0.6,472.302,31.0,enzymatic,False,,none,False,True,True
LFCAQMDLVAXWQJ-DHZHZOJOSA-N,O=C(/C=C/C1CC1)c1c(-c2ccccc2)c2cc(F)ccc2[nH]c1=O,4.154901959985743,4.154901959985743,4.154901959985743,2,bindingdb|chembl,0.6,333.362,25.0,enzymatic,False,,none,False,True,True
UOERWAOIWPFBRM-OUKQBFOZSA-N,O=C(/C=C/c1cccnc1)c1c(-c2ccccc2)c2ccccc2[nH]c1=O,4.939302159646388,4.939302159646388,4.939302159646388,2,bindingdb|chembl,0.6,352.393,27.0,enzymatic,False,,none,False,True,True
UYIRNXCZJCQHPZ-ZHACJKMWSA-N,O=C(/C=C/c1cncnc1)c1c(-c2ccccc2)c2ccccc2[nH]c1=O,4.939302159646388,4.939302159646388,4.939302159646388,2,bindingdb|chembl,0.6,353.381,27.0,enzymatic,False,,none,False,True,True
YBQNSCWXHJWERQ-UXBLZVDNSA-N,N#CCOc1ccc(/C=C/C(=O)c2c(-c3ccccc3)c3cc(F)ccc3[nH]c2=O)cn1,5.823908740944319,5.823908740944319,5.823908740944319,2,bindingdb|chembl,0.6,425.419,32.0,enzymatic,False,,none,False,True,True
DVADAALIWBNZPS-BQYQJAHWSA-N,Cc1cnc2[nH]c(=O)c(C(=O)/C=C/c3cncc(F)c3)c(-c3ccccc3)c2c1,4.939302159646388,4.939302159646388,4.939302159646388,2,bindingdb|chembl,0.6,385.398,29.0,enzymatic,False,,none,False,True,True
AMNQBYGNUCOYKU-SOFGYWHQSA-N,O=C(/C=C/c1ccc(OCCC2CCOCC2)nc1)c1c(-c2ccccc2)c2ccncc2[nH]c1=O,4.939302159646388,4.939302159646388,4.939302159646388,2,bindingdb|chembl,0.6,481.552,36.0,enzymatic,False,,none,False,True,True
HLDOVVWQFAUYHZ-RMKNXTFCSA-N,O=C(/C=C/c1cncnc1)c1c(-c2ccccc2)c2cc(Br)ccc2[nH]c1=O,4.939302159646388,4.939302159646388,4.939302159646388,2,bindingdb|chembl,0.6,432.277,28.0,enzymatic,False,,none,False,True,True
QLZJIYJKDHEGTK-CMDGGOBGSA-N,O=C(/C=C/c1cncnc1)c1c(-c2ccccc2)c2cccnc2[nH]c1=O,4.154901959985743,4.154901959985743,4.154901959985743,2,bindingdb|chembl,0.6,354.369,27.0,enzymatic,False,,none,False,True,True
DKZYUGXMOMDOGR-MDZDMXLPSA-N,O=C(/C=C/c1cncnc1)c1c(-c2ccccc2)c2cccc(F)c2[nH]c1=O,4.939302159646388,4.939302159646388,4.939302159646388,2,bindingdb|chembl,0.6,371.371,28.0,enzymatic,False,,none,False,True,True
DJNODPHIERPNSL-VOTSOKGWSA-N,CSc1c(C(=O)/C=C/c2cncnc2)c(=O)[nH]c2ccccc12,4.154901959985743,4.154901959985743,4.154901959985743,2,bindingdb|chembl,0.6,323.377,23.0,enzymatic,False,,none,False,True,True
MTZCDOKXQOQLCC-CMDGGOBGSA-N,O=C(/C=C/c1cccnc1)c1c(-c2ccccc2)c2cc(F)cnc2[nH]c1=O,4.939302159646388,4.939302159646388,4.939302159646388,2,bindingdb|chembl,0.6,371.371,28.0,enzymatic,False,,none,False,True,True
NTNPLNBIOAUCSF-BJMVGYQFSA-N,O=C(/C=C/c1cncnc1)c1c(-c2ccc(F)cc2)c2ccccc2[nH]c1=O,4.154901959985743,4.154901959985743,4.154901959985743,2,bindingdb|chembl,0.6,371.371,28.0,enzymatic,False,,none,False,True,True
XOVCOBSURGZBAS-CPNJWEJPSA-N,Cc1ccc2[nH]c(=O)c(C(=O)/C(C#N)=C/c3cccnc3)c(-c3ccccc3)c2c1,4.154901959985743,4.154901959985743,4.154901959985743,2,bindingdb|chembl,0.6,391.43,30.0,enzymatic,False,,none,False,True,True
CQOGESLXUFCNAJ-RMKNXTFCSA-N,N#Cc1cncc(/C=C/C(=O)c2c(-c3ccccc3)c3cc(F)ccc3[nH]c2=O)c1,4.939302159646388,4.939302159646388,4.939302159646388,2,bindingdb|chembl,0.6,395.393,30.0,enzymatic,False,,none,False,True,True
GOCGCXQKABAYPB-YRNVUSSQSA-N,O=C(/C=C/c1ccc(OCCCO)nc1)c1c(-c2ccccc2)c2cc(F)ccc2[nH]c1=O,4.939302159646388,4.939302159646388,4.939302159646388,2,bindingdb|chembl,0.6,444.462,33.0,enzymatic,False,,none,False,True,True
ANZGNVWPAHETBJ-FOCLMDBBSA-N,Cn1c(/C=C/C(=O)c2c(-c3ccccc3)c3ccccc3[nH]c2=O)nc2ccccc21,4.154901959985743,4.154901959985743,4.154901959985743,2,bindingdb|chembl,0.6,405.457,31.0,enzymatic,False,,none,False,True,True
RWVIQNUBYKAHQF-QHHAFSJGSA-N,C/C=C/C(=O)Nc1c(-c2ccccc2)c2cc(F)ccc2[nH]c1=O,4.154901959985743,4.154901959985743,4.154901959985743,2,bindingdb|chembl,0.6,322.339,24.0,enzymatic,False,,none,False,True,True
MMIBLLZYVXRJBH-PHAHWRSJSA-N,COc1cc(C(=O)N2C[C@H]3CC[C@@H]2[C@@H]3N)cc2nc(-c3cc4ccc(-c5cccc6[nH]c(=O)[nH]c(=O)c56)cc4n3CC3CC3)n(C)c12,7.2441251443275085,7.2441251443275085,7.2441251443275085,2,bindingdb|chembl,0.6,629.721,47.0,enzymatic,False,,none,False,True,True
OLIFOXDQXBKCJE-TWDLTGNASA-N,COc1cc(C(=O)N2CC3CCC2[C@@H]3N)cc2nc(-c3cc4ccc(-c5ccc6c(=O)[nH]c(=O)[nH]c6c5)cc4n3CC3CC3)n(C)c12,7.585026652029182,7.585026652029182,7.585026652029182,2,bindingdb|chembl,0.6,629.721,47.0,enzymatic,False,,none,False,True,True
RUHISKAQQPXKFY-HYYKEQEVSA-N,COc1cc(C(=O)N2CC3CCC2[C@@H]3N)cc2nc(-c3cc4ccc(-c5ccc6[nH]c(=O)cc(CO)c6c5)nc4n3CC3CC3)n(C)c12,7.107905397309519,7.107905397309519,7.107905397309519,2,bindingdb|chembl,0.6,643.748,48.0,enzymatic,False,,none,False,True,True
HIZIUWWWBSPLHC-KECVGCMWSA-N,COc1cc(C(=O)N2C[C@H]3CC[C@@H]2[C@@H]3N)cc2nc(-c3cc4ccc(-c5cccc6[nH]c(=O)[nH]c(=O)c56)nc4n3CC3CC3)n(C)c12,7.522878745280337,7.522878745280337,7.522878745280337,2,bindingdb|chembl,0.6,630.709,47.0,enzymatic,False,,none,False,True,True
PYMUTJVSYNKPAV-VOTSOKGWSA-N,O=C(/C=C/c1cncc(F)c1)c1c(-c2ccccc2)c2cc(F)cnc2[nH]c1=O,4.939302159646388,4.939302159646388,4.939302159646388,2,bindingdb|chembl,0.6,389.361,29.0,enzymatic,False,,none,False,True,True
XNMQOHUOVRJQHF-DHZHZOJOSA-N,O=C(/C=C/c1cccnc1)c1c(-c2ccccc2)c2cc(C(F)(F)F)ccc2[nH]c1=O,5.823908740944319,5.823908740944319,5.823908740944319,2,bindingdb|chembl,0.6,420.39,31.0,enzymatic,False,,none,False,True,True
VVWGPQZBDQVQRC-RMKNXTFCSA-N,O=C(/C=C/c1cncc(F)c1)c1c(-c2ccccc2)c2cc(Cl)ccc2[nH]c1=O,4.939302159646388,4.939302159646388,4.939302159646388,2,bindingdb|chembl,0.6,404.828,29.0,enzymatic,False,,none,False,True,True
ZUOYOUZECMBHBR-MDZDMXLPSA-N,O=C(/C=C/c1cncnc1)c1c(-c2ccccc2)c2c(F)cccc2[nH]c1=O,4.939302159646388,4.939302159646388,4.939302159646388,2,bindingdb|chembl,0.6,371.371,28.0,enzymatic,False,,none,False,True,True
OUZQOKSVINHKKH-JXMROGBWSA-N,Cc1ccncc1/C=C/C(=O)c1c(-c2ccccc2)c2cc(F)ccc2[nH]c1=O,5.823908740944319,5.823908740944319,5.823908740944319,2,bindingdb|chembl,0.6,384.41,29.0,enzymatic,False,,none,False,True,True
QUJIMYXGRCETPJ-NTCAYCPXSA-N,O=C(/C=C/c1ccc(O)cc1)c1c(-c2ccccc2)c2ccccc2[nH]c1=O,4.939302159646388,4.939302159646388,4.939302159646388,2,bindingdb|chembl,0.6,367.404,28.0,enzymatic,False,,none,False,True,True
HGDUYLMPOUWPKC-UHFFFAOYSA-N,C=CC(=O)c1c(-c2ccccc2)c2cc(C)ccc2[nH]c1=O,4.154901959985743,4.154901959985743,4.154901959985743,2,bindingdb|chembl,0.6,289.334,22.0,enzymatic,False,,none,False,True,True
YIJGNIIQDRGGFT-DTQAZKPQSA-N,COc1ccc(/C=C/C(=O)c2c(-c3ccccc3)c3ccccc3[nH]c2=O)cc1,4.939302159646388,4.939302159646388,4.939302159646388,2,bindingdb|chembl,0.6,381.431,29.0,enzymatic,False,,none,False,True,True
XVKBQQHOTIOWGS-FMIVXFBMSA-N,COc1ccc(/C=C/C(=O)c2c(-c3ccccc3)cc[nH]c2=O)cc1,4.154901959985743,4.154901959985743,4.154901959985743,2,bindingdb|chembl,0.6,331.371,25.0,enzymatic,False,,none,False,True,True
UKBNPYFOTWCCJG-CMDGGOBGSA-N,O=C(/C=C/c1cccnc1)c1c(-c2ccccc2)cc[nH]c1=O,4.154901959985743,4.154901959985743,4.154901959985743,2,bindingdb|chembl,0.6,302.333,23.0,enzymatic,False,,none,False,True,True
CHCSYZMBITZHNF-VOTSOKGWSA-N,O=C(/C=C/c1cncnc1)c1c(-c2ccccc2)c2cc(F)cnc2[nH]c1=O,4.939302159646388,4.939302159646388,4.939302159646388,2,bindingdb|chembl,0.6,372.359,28.0,enzymatic,False,,none,False,True,True
CMYJZYNWNNSYCJ-VAWYXSNFSA-N,O=C(/C=C/c1cccnc1)c1c(-c2ccccc2)c2cccc(F)c2[nH]c1=O,4.939302159646388,4.939302159646388,4.939302159646388,2,bindingdb|chembl,0.6,370.383,28.0,enzymatic,False,,none,False,True,True
UTIWQCCMBJPWLT-DHZHZOJOSA-N,O=C(/C=C/c1cccnc1)c1c(-c2ccccc2)c2cc(Cl)ccc2[nH]c1=O,5.823908740944319,5.823908740944319,5.823908740944319,2,bindingdb|chembl,0.6,386.838,28.0,enzymatic,False,,none,False,True,True
CKOSWMJVDBYHQA-JXMROGBWSA-N,COc1ccc2[nH]c(=O)c(C(=O)/C=C/c3cncnc3)c(-c3ccccc3)c2c1,4.154901959985743,4.154901959985743,4.154901959985743,2,bindingdb|chembl,0.6,383.407,29.0,enzymatic,False,,none,False,True,True
PAJZQOVJYFGKLT-DHZHZOJOSA-N,Cc1ccc(-c2c(C(=O)/C=C/c3cncnc3)c(=O)[nH]c3ccccc23)cc1,4.154901959985743,4.154901959985743,4.154901959985743,2,bindingdb|chembl,0.6,367.408,28.0,enzymatic,False,,none,False,True,True
WPGXXNFPQSXEDI-DOZIQCTLSA-N,COc1cc(C(=O)N2CC3CCC2[C@@H]3N)cc2nc(-c3cc4ccc(-c5cccc6[nH]c(=O)ccc56)nc4n3CC3CC3)n(C)c12,7.674360993000928,7.674360993000928,7.674360993000928,2,bindingdb|chembl,0.6,613.722,46.0,enzymatic,False,,none,False,True,True
CTTLJAXKRLBSBX-MDZDMXLPSA-N,Cc1cnc2[nH]c(=O)c(C(=O)/C=C/c3cccnc3)c(-c3ccccc3)c2c1,4.939302159646388,4.939302159646388,4.939302159646388,2,bindingdb|chembl,0.6,367.408,28.0,enzymatic,False,,none,False,True,True
YEADKARXRYOYLV-DNQXCXABSA-N,COc1cc(C(=O)N2C[C@H](N)C[C@@H](F)C2)cc2nc(-c3cc4ccc(-c5ccc6[nH]c(=O)ncc6c5)nc4n3CC3CC3)n(C)c12,7.508638306165727,7.508638306165727,7.508638306165727,2,bindingdb|chembl,0.6,620.689,46.0,enzymatic,False,,none,False,True,True
QGSACIOZYKXEGK-BQYQJAHWSA-N,O=C(/C=C/c1cccnc1)c1cc2ccccc2[nH]c1=O,4.154901959985743,4.154901959985743,4.154901959985743,2,bindingdb|chembl,0.6,276.295,21.0,enzymatic,False,,none,False,True,True
UDLOKUPYPMDNIK-NHCUHLMSSA-N,COc1cc(C(=O)N2C[C@H](N)C[C@@H](F)C2)cc2nc(-c3cc4ccc(-c5cnc6[nH]c(=O)[nH]c6c5)nc4n3CC3CC3)n(C)c12,7.7447274948966935,7.7447274948966935,7.7447274948966935,2,bindingdb|chembl,0.6,609.666,45.0,enzymatic,False,,none,False,True,True
LVOLHDIEZDJLHE-DNQXCXABSA-N,COc1cc(C(=O)N2C[C@H](N)C[C@@H](F)C2)cc2nc(-c3cc4ccc(-c5ccc(-c6noc(=O)[nH]6)cc5)nc4n3CC3CC3)n(C)c12,6.804100347590767,6.804100347590767,6.804100347590767,2,bindingdb|chembl,0.6,636.688,47.0,enzymatic,False,,none,False,True,True
FPDXTIDJPDDUKV-KUVLNDGKSA-N,COc1cc(C(=O)N2CC3CCC2[C@@H]3N)cc2nc(-c3cc4ccc(-c5ccc6[nH]c(=O)cc(O)c6c5)nc4n3CC3CC3)n(C)c12,7.040958607678906,7.040958607678906,7.040958607678906,2,bindingdb|chembl,0.6,629.721,47.0,enzymatic,False,,none,False,True,True
TXAZLQQRTUTQHQ-YRNVUSSQSA-N,N#Cc1ccc(/C=C/C(=O)c2c(-c3ccccc3)c3cc(F)ccc3[nH]c2=O)cn1,4.939302159646388,4.939302159646388,4.939302159646388,2,bindingdb|chembl,0.6,395.393,30.0,enzymatic,False,,none,False,True,True
NRIYTRHASBWQOY-ZHACJKMWSA-N,Nc1cncc(/C=C/C(=O)c2c(-c3ccccc3)c3ccccc3[nH]c2=O)c1,4.939302159646388,4.939302159646388,4.939302159646388,2,bindingdb|chembl,0.6,367.408,28.0,enzymatic,False,,none,False,True,True
VHYLBTORNNQGSC-UXBLZVDNSA-N,O=C(/C=C/c1ccc(=O)n(CCN2CCOCC2)c1)c1c(-c2ccccc2)c2cc(F)ccc2[nH]c1=O,4.939302159646388,4.939302159646388,4.939302159646388,2,bindingdb|chembl,0.6,499.542,37.0,enzymatic,False,,none,False,True,True
UPWSJPHNUKHUCZ-JXMROGBWSA-N,COc1ccncc1/C=C/C(=O)c1c(-c2ccccc2)c2cc(F)ccc2[nH]c1=O,4.939302159646388,4.939302159646388,4.939302159646388,2,bindingdb|chembl,0.6,400.409,30.0,enzymatic,False,,none,False,True,True
BBQAZEXXCBQCQA-BUHFOSPRSA-N,O=C(/C=C/C1CCC1)c1c(-c2ccccc2)c2ccccc2[nH]c1=O,4.154901959985743,4.154901959985743,4.154901959985743,2,bindingdb|chembl,0.6,329.399,25.0,enzymatic,False,,none,False,True,True
PRXCDNXAAKXWAR-VQHVLOKHSA-N,O=C(/C=C/c1ccncn1)c1c(-c2ccccc2)c2cc(F)ccc2[nH]c1=O,4.939302159646388,4.939302159646388,4.939302159646388,2,bindingdb|chembl,0.6,371.371,28.0,enzymatic,False,,none,False,True,True
HCCLAUJRZXAOCM-BQYQJAHWSA-N,O=C(/C=C/c1cncnc1)c1c(-c2cccnc2)c2ccccc2[nH]c1=O,4.0,4.0,4.0,2,bindingdb|chembl,0.6,354.369,27.0,enzymatic,False,,none,False,True,True
CZZQLIYGVNJSFG-ZRDIBKRKSA-N,O=C(/C=C/c1ccccn1)c1c(-c2ccccc2)c2cc(F)ccc2[nH]c1=O,4.939302159646388,4.939302159646388,4.939302159646388,2,bindingdb|chembl,0.6,370.383,28.0,enzymatic,False,,none,False,True,True
ZNIBAEFRLCABBV-SDNWHVSQSA-N,O=C(/C=C/c1ccccc1)Nc1c(-c2ccccc2)c2cc(F)ccc2[nH]c1=O,4.154901959985743,4.154901959985743,4.154901959985743,2,bindingdb|chembl,0.6,384.41,29.0,enzymatic,False,,none,False,True,True
BXKCULGTDZRKBR-JQODSXCXSA-N,COc1cc(C(=O)N2CC3CCC2[C@@H]3N)cc2nc(-c3cc4ccc(-c5cc(C)c6[nH]c(=O)c(F)cc6c5)nc4n3CC3CC3)n(C)c12,6.835647144215563,6.835647144215563,6.835647144215563,2,bindingdb|chembl,0.6,645.739,48.0,enzymatic,False,,none,False,True,True
SZVGMEAFHPBHFS-BYICHJTDSA-N,COc1cc(C(=O)N2CC3CCC2[C@@H]3N)cc2nc(-c3cc4ccc(-c5ccc6[nH]c(=O)ccc6c5)nc4n3CC3CC3)n(C)c12,7.823908740944319,7.823908740944319,7.823908740944319,2,bindingdb|chembl,0.6,613.722,46.0,enzymatic,False,,none,False,True,True
AMJAKWLWIGSEOK-FGZHOGPDSA-N,COc1cc(C(=O)N2C[C@H](N)C[C@@H](F)C2)cc2nc(-c3cc4ccc(-c5ccc6[nH]c(=O)[nH]c(=O)c6c5)nc4n3CC3CC3)n(C)c12,7.468521082957745,7.468521082957745,7.468521082957745,2,bindingdb|chembl,0.6,636.688,47.0,enzymatic,False,,none,False,True,True
DAMOADWBROAURZ-OWOONTSJSA-N,COc1cc(C(=O)N2CC3CCC2[C@@H]3N)cc2nc(-c3cc4ccc(-c5ccc6[nH]c(=O)cc(O)c6c5)cc4n3CC3CC3)n(C)c12,7.207608310501746,7.207608310501746,7.207608310501746,2,bindingdb|chembl,0.6,628.733,47.0,enzymatic,False,,none,False,True,True
BWVCHHYIDOXMGD-CMDGGOBGSA-N,O=C(/C=C/c1cncnc1)c1c(N2CCCCC2)c2ccccc2[nH]c1=O,4.154901959985743,4.154901959985743,4.154901959985743,2,bindingdb|chembl,0.6,360.417,27.0,enzymatic,False,,none,False,True,True
PVWKJJQDBPEYDN-FOCLMDBBSA-N,O=C(/C=C/C1CCCCC1)c1c(-c2ccccc2)c2ccccc2[nH]c1=O,4.154901959985743,4.154901959985743,4.154901959985743,2,bindingdb|chembl,0.6,357.453,27.0,enzymatic,False,,none,False,True,True
KUSALJBCSRHTCX-CCWBKVMBSA-N,COc1cc(C(=O)N2CC3CCC2[C@@H]3N)cc2nc(-c3cc4ccc(-c5ccc6c(=O)[nH]c(=O)[nH]c6c5)nc4n3CC3CC3)n(C)c12,7.6020599913279625,7.6020599913279625,7.6020599913279625,2,bindingdb|chembl,0.6,630.709,47.0,enzymatic,False,,none,False,True,True
ODDXYPQHKMSWGQ-JQODSXCXSA-N,COc1cc(C(=O)N2CC3CCC2[C@@H]3N)cc2nc(-c3cc4ccc(-c5ccc6ncc(C(=O)O)c(O)c6c5)nc4n3CC3CC3)n(C)c12,7.568636235841012,7.568636235841012,7.568636235841012,2,bindingdb|chembl,0.6,657.731,49.0,enzymatic,False,,none,False,True,True
SWPZHPDLUDTPJZ-ZTFYXODMSA-N,COc1cc(C(=O)N2CC3CCC2[C@@H]3N)cc2nc(-c3cc4ccc(-c5ccc6c(=O)[nH]ccc6c5)cc4n3CC3CC3)n(C)c12,7.6777807052660805,7.6777807052660805,7.6777807052660805,2,bindingdb|chembl,0.6,612.734,46.0,enzymatic,False,,none,False,True,True
INUWJBSOTTYTSH-BQYQJAHWSA-N,Cc1cnc2[nH]c(=O)c(C(=O)/C=C/c3cncnc3)c(-c3ccccc3)c2c1,4.939302159646388,4.939302159646388,4.939302159646388,2,bindingdb|chembl,0.6,368.396,28.0,enzymatic,False,,none,False,True,True
RSLOSXNYQJRRJE-MDZDMXLPSA-N,O=C(/C=C/c1cncnc1)c1c(-c2ccccc2F)c2ccccc2[nH]c1=O,4.939302159646388,4.939302159646388,4.939302159646388,2,bindingdb|chembl,0.6,371.371,28.0,enzymatic,False,,none,False,True,True
KKXJWCFDPMXNAM-DHIUTWEWSA-N,COc1cc(C(=O)N2C[C@H](N)C[C@@H](F)C2)cc2nc(-c3cc4ccc(-c5cnc6[nH]c(=O)[nH]c6c5)cc4n3CC3CC3)n(C)c12,7.443697499232712,7.443697499232712,7.443697499232712,2,bindingdb|chembl,0.6,608.678,45.0,enzymatic,False,,none,False,True,True
VHMWXFYGQZFDSK-CCEZHUSRSA-N,O=C(/C=C/C1CCCC1)c1c(-c2ccccc2)c2ccccc2[nH]c1=O,4.154901959985743,4.154901959985743,4.154901959985743,2,bindingdb|chembl,0.6,343.426,26.0,enzymatic,False,,none,False,True,True
BRHZMWNNWYPSOR-FGZHOGPDSA-N,COc1cc(C(=O)N2C[C@H](N)C[C@@H](F)C2)cc2nc(-c3cc4ccc(-c5cc[nH]c(=O)c5)nc4n3CC3CC3)n(C)c12,7.102372908709558,7.102372908709558,7.102372908709558,2,bindingdb|chembl,0.6,569.641,42.0,enzymatic,False,,none,False,True,True
BGYRIPUDYLUQIA-LCRYKWFRSA-N,COc1cc(C(=O)N2CC3CCC2[C@@H]3N)cc2nc(-c3cc4ccc(-c5cccc(=O)[nH]5)nc4n3CC3CC3)n(C)c12,7.721246399047171,7.721246399047171,7.721246399047171,2,bindingdb|chembl,0.6,563.662,42.0,enzymatic,False,,none,False,True,True
CCTBSSAXPUOLPN-ZHACJKMWSA-N,O=C(/C=C/c1cccnc1)c1c(-c2ccccn2)c2ccccc2[nH]c1=O,4.0,4.0,4.0,2,bindingdb|chembl,0.6,353.381,27.0,enzymatic,False,,none,False,True,True
WTIKWTLPSGYTGL-ZRDIBKRKSA-N,Cc1ccc2[nH]c(=O)c(C(=O)/C=C/c3cccnc3)c(-c3ccccc3)c2c1,4.939302159646388,4.939302159646388,4.939302159646388,2,bindingdb|chembl,0.6,366.42,28.0,enzymatic,False,,none,False,True,True
KXWKVMYIGPCWNS-QMCAYLGFSA-N,COc1cc(C(=O)N2CC3CCC2[C@@H]3N)cc2nc(-c3cc4ccc(-c5cc[nH]c(=O)c5)nc4n3CC3CC3)n(C)c12,7.3979400086720375,7.3979400086720375,7.3979400086720375,2,bindingdb|chembl,0.6,563.662,42.0,enzymatic,False,,none,False,True,True
PKLKAZQHEAVYDH-CCWBKVMBSA-N,COc1cc(C(=O)N2CC3CCC2[C@@H]3N)cc2nc(-c3cc4ccc(-c5ccc6[nH]c(=O)[nH]c(=O)c6c5)nc4n3CC3CC3)n(C)c12,7.920818753952375,7.920818753952375,7.920818753952375,2,bindingdb|chembl,0.6,630.709,47.0,enzymatic,False,,none,False,True,True
VFWVELKIFHUNLL-HYYKEQEVSA-N,COC(=O)c1cc(=O)[nH]c2ccc(-c3ccc4cc(-c5nc6cc(C(=O)N7CC8CCC7[C@@H]8N)cc(OC)c6n5C)n(CC5CC5)c4n3)cc12,7.022276394711152,7.022276394711152,7.022276394711152,2,bindingdb|chembl,0.6,671.758,50.0,enzymatic,False,,none,False,True,True
VMTDUZQFAQJFQI-DNQXCXABSA-N,COc1cc(C(=O)N2C[C@H](N)C[C@@H](F)C2)cc2nc(-c3cc4ccc(-c5ccc6[nH]c(=O)c(C)c(O)c6c5)nc4n3CC3CC3)n(C)c12,6.903089986991944,6.903089986991944,6.903089986991944,2,bindingdb|chembl,0.6,649.727,48.0,enzymatic,False,,none,False,True,True
HVLSVVNXGQWBCK-CGZXKHBLSA-N,CO[C@]1(C)C[C@H](Cn2c(-c3ccc(C#N)n3CC3CC3)nc3cc(C(=O)N4C[C@H]5CC[C@@H]4[C@@H]5N)cc(F)c32)C1,5.761439372640169,5.761439372640169,5.761439372640169,2,bindingdb|chembl,0.6,530.648,39.0,enzymatic,False,,none,False,True,True
QMZUIAWVLLFXLQ-FTNFKZBYSA-N,COc1cc(C(=O)N2CC3CCC2[C@@H]3N)cc2nc(-c3cc4ccc(-c5c[nH]c(=O)c(C#N)c5)nc4n3CC3CC3)n(C)c12,7.0915149811213505,7.0915149811213505,7.0915149811213505,2,bindingdb|chembl,0.6,588.672,44.0,enzymatic,False,,none,False,True,True
GACGJDCWTUNVIT-CCWBKVMBSA-N,COc1cc(C(=O)N2CC3CCC2[C@@H]3N)cc2nc(-c3cc4ccc(-c5n[nH]c6ccccc56)nc4n3CC3CC3)n(C)c12,7.309803919971486,7.309803919971486,7.309803919971486,2,bindingdb|chembl,0.6,586.7,44.0,enzymatic,False,,none,False,True,True
ZDTTWDHETLQVDM-QZPZUKOXSA-N,COc1cc(C(=O)N2CC3CCC2[C@@H]3N)cc2nc(-c3cc4ccc(-c5c[nH]nc5C5CC5)nc4n3CC3CC3)n(C)c12,6.231361898752386,6.231361898752386,6.231361898752386,2,bindingdb|chembl,0.6,576.705,43.0,enzymatic,False,,none,False,True,True
RPNSOHXMFPDRCS-RXEARMEOSA-N,COc1cc(C(=O)N2CC3CCC2[C@@H]3N)cc2nc(-c3cc4ccc(-c5ccc6[nH]c(=O)c(C)c(O)c6c5)nc4n3CC3CC3)n(C)c12,7.236572006437063,7.236572006437063,7.236572006437063,2,bindingdb|chembl,0.6,643.748,48.0,enzymatic,False,,none,False,True,True
CVRBPSSPRGAELE-JWQCQUIFSA-N,COc1cc(C(=O)N2C[C@H](N)C[C@@H](F)C2)cc2nc(-c3cc4ccc(-c5ccc6c(=O)[nH]ccc6c5)nc4n3CC3CC3)n(C)c12,7.309803919971486,7.309803919971486,7.309803919971486,2,bindingdb|chembl,0.6,619.701,46.0,enzymatic,False,,none,False,True,True
DDWSSDNJWYFNFR-ZHFHXLPRSA-N,COc1cc(C(=O)N2CC3CCC2[C@@H]3N)cc2nc(-c3cc4ccc(-c5ccc6[nH]c(=O)c(C)c(O)c6c5)cc4n3CC3CC3)n(C)c12,7.494850021680094,7.494850021680094,7.494850021680094,2,bindingdb|chembl,0.6,642.76,48.0,enzymatic,False,,none,False,True,True
ZREUJCGWPDHLSI-GFXQXFAQSA-N,COc1cc(C(=O)N2CC3CCC2[C@@H]3N)cc2nc(-c3cc4ccc(-c5ccc6ccc(=O)[nH]c6c5)cc4n3CC3CC3)n(C)c12,7.443697499232712,7.443697499232712,7.443697499232712,2,bindingdb|chembl,0.6,612.734,46.0,enzymatic,False,,none,False,True,True
DOMCFXJRGKURHY-YXGQNDMDSA-N,COc1[nH]ncc1-c1ccc2cc(-c3nc4cc(C(=O)N5CC6CCC5[C@@H]6N)cc(OC)c4n3C)n(CC3CC3)c2n1,6.85078088734462,6.85078088734462,6.85078088734462,2,bindingdb|chembl,0.6,566.666,42.0,enzymatic,False,,none,False,True,True
GPFHGKHNKUQWQX-NHCUHLMSSA-N,COc1cc(C(=O)N2C[C@H](N)C[C@@H](F)C2)cc2nc(-c3cc4ccc(-c5cc(C(F)(F)F)cc6[nH]c(=O)[nH]c56)nc4n3CC3CC3)n(C)c12,6.995678626217357,6.995678626217357,6.995678626217357,2,bindingdb|chembl,0.6,676.675,49.0,enzymatic,False,,none,False,True,True
KFQUIAVTQVAEHY-BYICHJTDSA-N,COc1cc(C(=O)N2CC3CCC2[C@@H]3N)cc2nc(-c3cc4ccc(-c5ccc6ccc(=O)[nH]c6c5)nc4n3CC3CC3)n(C)c12,7.327902142064282,7.327902142064282,7.327902142064282,2,bindingdb|chembl,0.6,613.722,46.0,enzymatic,False,,none,False,True,True
BJKMKISQCBDZEF-FOCLMDBBSA-N,C/C(=C\C(=O)c1c(-c2ccccc2)c2ccccc2[nH]c1=O)c1ccccn1,4.154901959985743,4.154901959985743,4.154901959985743,2,bindingdb|chembl,0.6,366.42,28.0,enzymatic,False,,none,False,True,True
VGPSYVMQSLFVNH-DTQAZKPQSA-N,CS(=O)(=O)Nc1ccc(/C=C/C(=O)c2c(-c3ccccc3)c3ccccc3[nH]c2=O)cc1,4.939302159646388,4.939302159646388,4.939302159646388,2,bindingdb|chembl,0.6,444.512,32.0,enzymatic,False,,none,False,True,True
UIXXFRMOZIOSDH-CAQIZEMESA-N,COc1cc(C(=O)N2CC3CCC2[C@@H]3N)cc2nc(-c3cc4ccc(-c5ccc(=O)[nH]c5)cc4n3CC3CC3)n(C)c12,7.267606240177031,7.267606240177031,7.267606240177031,2,bindingdb|chembl,0.6,562.674,42.0,enzymatic,False,,none,False,True,True
LDUNJCOTDJXWNX-TWDLTGNASA-N,COc1cc(C(=O)N2CC3CCC2[C@@H]3N)cc2nc(-c3cc4ccc(-c5ccc6[nH]c(=O)[nH]c(=O)c6c5)cc4n3CC3CC3)n(C)c12,7.522878745280337,7.522878745280337,7.522878745280337,2,bindingdb|chembl,0.6,629.721,47.0,enzymatic,False,,none,False,True,True
JJLQAOZSDZVDAI-RMKNXTFCSA-N,O=C(/C=C/c1cncnc1)c1c(-c2ccccc2)c2cc(F)ccc2[nH]c1=O,4.939302159646388,4.939302159646388,4.939302159646388,2,bindingdb|chembl,0.6,371.371,28.0,enzymatic,False,,none,False,True,True
HODHYXSBNQGCDU-DNQXCXABSA-N,COc1cc(C(=O)N2C[C@H](N)C[C@@H](F)C2)cc2nc(-c3cc4ccc(-c5ccc(=O)[nH]c5)cc4n3CC3CC3)n(C)c12,6.928117992693874,6.928117992693874,6.928117992693874,2,bindingdb|chembl,0.6,568.653,42.0,enzymatic,False,,none,False,True,True
OCNNNOYDUNPIFN-JCHVILAISA-N,COc1cc(C(=O)N2CC3CCC2[C@@H]3N)cc2nc(-c3cc4ccc(-c5ccc(-c6noc(=O)[nH]6)cc5)nc4n3CC3CC3)n(C)c12,7.055517327849831,7.055517327849831,7.055517327849831,2,bindingdb|chembl,0.6,630.709,47.0,enzymatic,False,,none,False,True,True
LCSSWLIVMOHRDX-FYWRMAATSA-N,Cc1ccc2[nH]c(=O)c(C(=O)/C=C/c3ccccc3)c(-c3ccccc3)c2c1,4.939302159646388,4.939302159646388,4.939302159646388,2,bindingdb|chembl,0.6,365.432,28.0,enzymatic,False,,none,False,True,True
YANASIZQUJUBIW-RMKNXTFCSA-N,COc1ccc(/C=C/C(=O)c2ccc[nH]c2=O)cc1,4.0,4.0,4.0,2,bindingdb|chembl,0.6,255.273,19.0,enzymatic,False,,none,False,True,True
XPZWPIJPQPKEBN-OAFWRPHQSA-N,COc1cc(C(=O)N2C[C@H]3CC[C@@H]2[C@@H]3N)cc2nc(-c3ccc(C#N)n3C[C@H]3C[C@@](C)(OC)C3)n(C)c12,6.0,6.0,6.0,2,bindingdb|chembl,0.6,502.619,37.0,enzymatic,False,,none,False,True,True
SSGRDYOYZSQTGC-UCDZCMRKSA-N,COc1cc(C(=O)N2CC3CCC2[C@@H]3N)cc2nc(-c3cc4ccc(-c5cnc6[nH]c(=O)[nH]c6c5)cc4n3CC3CC3)n(C)c12,7.769551078621726,7.769551078621726,7.769551078621726,2,bindingdb|chembl,0.6,602.699,45.0,enzymatic,False,,none,False,True,True
QCIGCAIYNGQUKS-AGJPTXKDSA-N,COC(=O)c1cc(=O)[nH]c2ccc(-c3ccc4cc(-c5nc6cc(C(=O)N7CC8CCC7[C@@H]8N)cc(OC)c6n5C)n(CC5CC5)c4c3)cc12,7.2839966563652006,7.2839966563652006,7.2839966563652006,2,bindingdb|chembl,0.6,670.77,50.0,enzymatic,False,,none,False,True,True
RYMUQIKRWINTKY-CCWBKVMBSA-N,COc1cc(C(=O)N2CC3CCC2[C@@H]3N)cc2nc(-c3cc4ccc(-c5ccc6[nH]c(=O)[nH]c6c5)nc4n3CC3CC3)n(C)c12,6.910094888560602,6.910094888560602,6.910094888560602,2,bindingdb|chembl,0.6,602.699,45.0,enzymatic,False,,none,False,True,True
PEOALMVPXVMWBD-LCRYKWFRSA-N,COc1cc(-c2ccc3cc(-c4nc5cc(C(=O)N6CC7CCC6[C@@H]7N)cc(OC)c5n4C)n(CC4CC4)c3n2)c[nH]c1=O,6.732828271596986,6.732828271596986,6.732828271596986,2,bindingdb|chembl,0.6,593.688,44.0,enzymatic,False,,none,False,True,True
PFSQBKLSWWPHPX-DNQXCXABSA-N,COc1cc(C(=O)N2C[C@H](N)C[C@@H](F)C2)cc2nc(-c3cc4ccc(-c5cc(F)c6[nH]c(=O)ccc6c5)nc4n3CC3CC3)n(C)c12,7.236572006437063,7.236572006437063,7.236572006437063,2,bindingdb|chembl,0.6,637.691,47.0,enzymatic,False,,none,False,True,True
BQAQGZDFXCYLGF-FCBLIUAWSA-N,COc1cc(C(=O)N2CC3CCC2[C@@H]3N)cc2nc(-c3cc4ccc(-c5ccc6[nH]c(=O)cc(C)c6c5)nc4n3CC3CC3)n(C)c12,7.494850021680094,7.494850021680094,7.494850021680094,2,bindingdb|chembl,0.6,627.749,47.0,enzymatic,False,,none,False,True,True
YDVXHMCHMCWIRM-HDRCEPDYSA-N,COc1cc(C(=O)N2CC3CCC2[C@@H]3N)cc2nc(-c3cc4ccc(-c5ccc6[nH]c(=O)cc(C)c6c5)cc4n3CC3CC3)n(C)c12,7.080921907623926,7.080921907623926,7.080921907623926,2,bindingdb|chembl,0.6,626.761,47.0,enzymatic,False,,none,False,True,True
GWJUMAOGOXRZCX-AGJPTXKDSA-N,COc1cc(C(=O)N2CC3CCC2[C@@H]3N)cc2nc(-c3cc4ccc(-c5ccc6[nH]c(=O)cc(CO)c6c5)cc4n3CC3CC3)n(C)c12,7.657577319177793,7.657577319177793,7.657577319177793,2,bindingdb|chembl,0.6,642.76,48.0,enzymatic,False,,none,False,True,True
MRBUXAAHYUNVEP-FGZHOGPDSA-N,COc1cc(C(=O)N2C[C@H](N)C[C@@H](F)C2)cc2nc(-c3cc4ccc(-c5ccc6c(=O)[nH]c(=O)[nH]c6c5)nc4n3CC3CC3)n(C)c12,7.154901959985743,7.154901959985743,7.154901959985743,2,bindingdb|chembl,0.6,636.688,47.0,enzymatic,False,,none,False,True,True
FGQKISFJHYCLJA-JWQCQUIFSA-N,COc1cc(C(=O)N2C[C@H](N)C[C@@H](F)C2)cc2nc(-c3cc4ccc(-c5ccc6[nH]c(=O)cc(C)c6c5)nc4n3CC3CC3)n(C)c12,7.119186407719209,7.119186407719209,7.119186407719209,2,bindingdb|chembl,0.6,633.728,47.0,enzymatic,False,,none,False,True,True
CHFLFHFJPCIJNV-DHIUTWEWSA-N,COc1cc(C(=O)N2C[C@H](N)C[C@@H](F)C2)cc2nc(-c3cc4ccc(-c5cc(F)cc6nc(C)c(=O)[nH]c56)nc4n3CC3CC3)n(C)c12,6.71669877129645,6.71669877129645,6.71669877129645,2,bindingdb|chembl,0.6,652.706,48.0,enzymatic,False,,none,False,True,True
OBIOWVDIMNCUNT-SGAJGPLNSA-N,COc1cc(C(=O)N2CC3CCC2[C@@H]3N)cc2nc(-c3cc4ccc(-c5ccc(-c6c[nH]c(=O)[nH]6)cc5)nc4n3CC3CC3)n(C)c12,7.721246399047171,7.721246399047171,7.721246399047171,2,bindingdb|chembl,0.6,628.737,47.0,enzymatic,False,,none,False,True,True
XHOOALODNCKXST-FGZHOGPDSA-N,COc1cc(C(=O)N2C[C@H](N)C[C@@H](F)C2)cc2nc(-c3cc4ccc(C(=O)Nc5ccc([SH](N)(=O)O)cc5)nc4n3CC3CC3)n(C)c12,6.906578314837764,6.906578314837764,6.906578314837764,1,chembl,1.0,676.775,48.0,enzymatic,False,,none,False,False,False
YXISTULJZQYESJ-JWQCQUIFSA-N,COc1cc(C(=O)N2C[C@H](N)C[C@@H](F)C2)cc2nc(-c3cc4ccc(-c5ccc(-c6c[nH]c(=O)[nH]6)cc5)nc4n3CC3CC3)n(C)c12,7.431798275933005,7.431798275933005,7.431798275933005,2,bindingdb|chembl,0.6,634.716,47.0,enzymatic,False,,none,False,True,True
HPTWTFRIWSEIDB-NHCUHLMSSA-N,COc1cc(C(=O)N2C[C@H](N)C[C@@H](F)C2)cc2nc(-c3cc4ccc(-c5cccc6[nH]c(=O)[nH]c(=O)c56)nc4n3CC3CC3)n(C)c12,7.619788758288394,7.619788758288394,7.619788758288394,2,bindingdb|chembl,0.6,636.688,47.0,enzymatic,False,,none,False,True,True
BCBXTIMNEQSJON-DHZHZOJOSA-N,O=C(/C=C/c1cccnc1)c1c(-c2ccccc2)c2ccc(F)cc2[nH]c1=O,5.823908740944319,5.823908740944319,5.823908740944319,2,bindingdb|chembl,0.6,370.383,28.0,enzymatic,False,,none,False,True,True
FCTRDMKLYZADPP-MDZDMXLPSA-N,O=C(/C=C/c1cncc(F)c1)c1c(-c2ccccc2)c2cccc(F)c2[nH]c1=O,4.154901959985743,4.154901959985743,4.154901959985743,2,bindingdb|chembl,0.6,388.373,29.0,enzymatic,False,,none,False,True,True
MRLIOAXCEGJAFD-RMKNXTFCSA-N,O=C(/C=C/c1cncc(F)c1)c1c(-c2ccccc2)c2ccc(F)cc2[nH]c1=O,4.939302159646388,4.939302159646388,4.939302159646388,2,bindingdb|chembl,0.6,388.373,29.0,enzymatic,False,,none,False,True,True
CSKXEWYPHWPIFH-XYOKQWHBSA-N,C#CCn1cc(/C=C/C(=O)c2c(-c3ccccc3)c3cc(F)ccc3[nH]c2=O)ccc1=O,5.823908740944319,5.823908740944319,5.823908740944319,2,bindingdb|chembl,0.6,424.431,32.0,enzymatic,False,,none,False,True,True
GBGNLBUOAYDKBU-ZHACJKMWSA-N,Cc1ccccc1-c1c(C(=O)/C=C/c2cncnc2)c(=O)[nH]c2ccccc12,4.154901959985743,4.154901959985743,4.154901959985743,2,bindingdb|chembl,0.6,367.408,28.0,enzymatic,False,,none,False,True,True
TTYTUYWXQBPXJR-SAPNQHFASA-N,C#CCOCCOCCOc1ccc(/C=C/C(=O)c2c(-c3ccccc3)c3ccccc3[nH]c2=O)cc1,4.0,4.0,4.0,2,bindingdb|chembl,0.6,493.559,37.0,enzymatic,False,,none,False,True,True
NAXPVOYEAMEMAE-IMQOFUTHSA-N,Cc1c(-c2cc3cccc(C4CCN(C(=O)[C@H]5CC[C@@H](O)CC5)CC4)c3n2CC2CC2)nn2cc(C(=O)N3C[C@H](N)C[C@@H](F)C3)ccc12,8.0,8.0,8.0,1,bindingdb,1.0,654.831,48.0,enzymatic,False,,none,False,False,False
ZEFWTEDSWFEURK-RULIXLRNSA-N,Cc1c(-c2cc3cccc(C4CN(C(=O)[C@H]5CC[C@@H](O)CC5)C4)c3n2CC2CC2)nn2cc(C(=O)N3C[C@H](N)C[C@@H](F)C3)ccc12,7.3979400086720375,7.3979400086720375,7.3979400086720375,1,bindingdb,1.0,626.777,46.0,enzymatic,False,,none,False,False,False
ARXTZUKWNSDEOC-VEIFUORISA-N,COc1cc(C(=O)N2CCC[C@@H](N)C2)cn2nc(-c3cc4cccc(C5CCN(C(=O)[C@H]6CC[C@H](O)CC6)CC5)c4n3CC3CC3)c(C)c12,7.3979400086720375,7.3979400086720375,7.3979400086720375,1,bindingdb,1.0,666.867,49.0,enzymatic,False,,none,False,False,False
APYRWCZSHVVKRE-QGKQGDAHSA-N,COc1cc(C(=O)N2C[C@H](C)C[C@@H](N)C2)cn2nc(-c3cc4cccc(C5CCN(C(=O)[C@H]6CC[C@H](O)CC6)CC5)c4n3CC3CC3)c(C)c12,7.3979400086720375,7.3979400086720375,7.3979400086720375,1,bindingdb,1.0,680.894,50.0,enzymatic,False,,none,False,False,False
KVMPLKNGFPPJEW-RULIXLRNSA-N,COc1cc(C(=O)N2C[C@H](N)C[C@@H](F)C2)cn2nc(-c3cc4cccc(C5CN(C(=O)[C@H]6CC[C@@H](O)CC6)C5)c4n3CC3CC3)c(C)c12,7.3979400086720375,7.3979400086720375,7.3979400086720375,1,bindingdb,1.0,656.803,48.0,enzymatic,False,,none,False,False,False
UMTNZLIVNKAOHV-PGUFJCEWSA-N,[C]Oc1cc(C(=O)N2[C][C]3[C][C][C]2[C@@H]3[N])cc2nc(-c3cc4ccc(-c5cccc([N]C(=O)[C]=C([C])[C])c5[C])nc4n3[C][C]3[C][C]3)n([C])c12,7.3872161432802645,7.3872161432802645,7.3872161432802645,1,bindingdb,1.0,623.547,49.0,enzymatic,False,,none,False,False,False
YYQNLADCXBBSSY-IFBGDRKOSA-N,C[C@@H](NC(=O)[C@H]1CC1(F)F)c1ccc2cc(-c3nc4cc(C(=O)N5C[C@H](N)[C@@H]6CC[C@H]5C6)cc(F)c4n3C3CC3)n(CC3CC3)c2n1,7.329754146925876,7.329754146925876,7.329754146925876,1,bindingdb,1.0,645.73,47.0,enzymatic,False,,none,False,False,False
AUADQYHLGGWAST-ZBXIDMRXSA-N,COc1cc(C(=O)N2C[C@H](N)[C@@H]3CC[C@H]2C3)cc2nc(-c3cc4ccc([C@@H](C)NC(=O)c5cnn(C(F)F)c5)nc4n3CC3CC3)n(C)c12,7.317854923626168,7.317854923626168,7.317854923626168,1,bindingdb,1.0,671.753,49.0,enzymatic,False,,none,False,False,False
JLMXHLBHJXINQD-AIIMPHFFSA-N,COc1cc(C(=O)N2C[C@H](N)[C@@H]3CC[C@H]2C3)cc2nc(-c3cc4ccc([C@@H](C)NC(=O)c5ccc(Cl)nc5)nc4n3CC3CC3)n(C)c12,7.317854923626168,7.317854923626168,7.317854923626168,1,bindingdb,1.0,667.214,48.0,enzymatic,False,,none,False,False,False
LTYNIYBRTYGLBC-LUZQPNRXSA-N,C[C@@H](NC(=O)C1CCOCC1)c1ccc2cc(-c3nc4cc(C(=O)N5C[C@H](N)[C@@H]6CC[C@H]5C6)cc(F)c4n3C3CC3)n(CC3CC3)c2n1,7.313363730737707,7.313363730737707,7.313363730737707,1,bindingdb,1.0,653.803,48.0,enzymatic,False,,none,False,False,False
YPTZCJCUBUMRGV-UPHHSBJESA-N,Cc1c(-c2cc3cccc(C4CCN(C(=O)[C@H]5CC[C@@H](O)CC5)CC4)c3n2CC2CC2)nn2cc(C(=O)N3CCC[C@@H](N)C3)ccc12,7.301029995663981,7.301029995663981,7.301029995663981,1,bindingdb,1.0,636.841,47.0,enzymatic,False,,none,False,False,False
YYQNLADCXBBSSY-IIUXCBAFSA-N,C[C@@H](NC(=O)[C@@H]1CC1(F)F)c1ccc2cc(-c3nc4cc(C(=O)N5C[C@H](N)[C@@H]6CC[C@H]5C6)cc(F)c4n3C3CC3)n(CC3CC3)c2n1,7.274088367704952,7.274088367704952,7.274088367704952,1,bindingdb,1.0,645.73,47.0,enzymatic,False,,none,False,False,False
BBUWOTVOSWGBEU-MBHZRMRWSA-N,COc1cc(C(=O)N2C[C@H](N)[C@@H]3CC[C@H]2C3)cc2nc(-c3cc4ccc([C@@H](C)NC(=O)c5ccccc5)nc4n3CC3CC3)n(C)c12,7.2716462179787715,7.2716462179787715,7.2716462179787715,1,bindingdb,1.0,631.781,47.0,enzymatic,False,,none,False,False,False
YIUTYFHWNVNFKV-ITWANUEWSA-N,COc1cc(C(=O)N2C[C@H](N)[C@@H]3CC[C@H]2C3)cc2nc(-c3cc4ccc([C@@H](C)NC(=O)C5CC5(F)F)nc4n3CC3CC3)n(C)c12,7.260427655549908,7.260427655549908,7.260427655549908,1,bindingdb,1.0,631.728,46.0,enzymatic,False,,none,False,False,False
MGBWCRRBQWOHAP-RHBMULDMSA-N,C[C@@H](NC(=O)c1cnn(C2CC2)c1)c1ccc2cc(-c3nc4cc(C(=O)N5C[C@H](N)[C@@H]6CC[C@H]5C6)cc(F)c4n3C3CC3)n(CC3CC3)c2n1,7.252588192113577,7.252588192113577,7.252588192113577,1,bindingdb,1.0,675.813,50.0,enzymatic,False,,none,False,False,False
YIUTYFHWNVNFKV-OEGGEXCMSA-N,COc1cc(C(=O)N2C[C@H](N)[C@@H]3CC[C@H]2C3)cc2nc(-c3cc4ccc([C@@H](C)NC(=O)[C@H]5CC5(F)F)nc4n3CC3CC3)n(C)c12,7.252588192113577,7.252588192113577,7.252588192113577,1,bindingdb,1.0,631.728,46.0,enzymatic,False,,none,False,False,False
XDQHXYJSQGISGP-RGKQFTPRSA-N,COc1cc(C(=O)N2C[C@H](N)[C@@H]3CC[C@H]2C3)cc2nc(-c3cc4ccc([C@@H](C)NC(=O)C56CC(F)(C5)C6)nc4n3CC3CC3)n(C)c12,7.242603971206975,7.242603971206975,7.242603971206975,1,bindingdb,1.0,639.776,47.0,enzymatic,False,,none,False,False,False
LLUXEAVZZKSWRK-GYLNWSRFSA-N,COc1cc(C(=O)N2C[C@H](N)[C@@H]3CC[C@H]2C3)cc2nc(-c3cc4ccc([C@@H](C)NC(=O)c5cnn(C6CC6)c5)nc4n3CC3CC3)n(C)c12,7.236572006437063,7.236572006437063,7.236572006437063,1,bindingdb,1.0,661.811,49.0,enzymatic,False,,none,False,False,False
KVMPLKNGFPPJEW-JGZPXTCXSA-N,COc1cc(C(=O)N2C[C@H](N)C[C@@H](F)C2)cn2nc(-c3cc4cccc(C5CN(C(=O)[C@H]6CC[C@H](O)CC6)C5)c4n3CC3CC3)c(C)c12,7.221848749616356,7.221848749616356,7.221848749616356,1,bindingdb,1.0,656.803,48.0,enzymatic,False,,none,False,False,False
LFNUUCVWQIPJNI-SUHSUELASA-N,COc1cc(C(=O)N2CCC[C@@H](N)C2)cn2nc(-c3cc4cccc(C5CN(C(=O)[C@H]6CC[C@H](O)CC6)C5)c4n3CC3CC3)c(C)c12,7.221848749616356,7.221848749616356,7.221848749616356,1,bindingdb,1.0,638.813,47.0,enzymatic,False,,none,False,False,False
PUDNJEPLLSZMLH-WOLFRULKSA-N,COc1cc(C(=O)N2C[C@H](N)[C@@H]3CC[C@H]2C3)cc2nc(-c3cc4ccc([C@@H](C)NC(=O)C(C)(C)C)nc4n3CC3CC3)n(C)c12,7.214670164989233,7.214670164989233,7.214670164989233,1,bindingdb,1.0,611.791,45.0,enzymatic,False,,none,False,False,False
HDXXLIVEWODPMN-WOLFRULKSA-N,COc1cc(C(=O)N2C[C@H](N)[C@@H]3CC[C@H]2C3)cc2nc(-c3cc4ccc([C@@H](C)NC(=O)C5(OC)CC5)nc4n3CC3CC3)n(C)c12,7.207608310501746,7.207608310501746,7.207608310501746,1,bindingdb,1.0,625.774,46.0,enzymatic,False,,none,False,False,False
DCYQDTVUELGXCW-HJTMSMKXSA-N,COc1cc(C(=O)N2C[C@H](N)[C@@H]3CC[C@H]2C3)cc2nc(-c3cc4ccc([C@@H](C)NC(=O)c5c(F)cccc5F)nc4n3CC3CC3)n(C)c12,7.183758700008217,7.183758700008217,7.183758700008217,1,bindingdb,1.0,667.761,49.0,enzymatic,False,,none,False,False,False
XDQHXYJSQGISGP-KMXSSCKGSA-N,COc1cc(C(=O)N2C[C@H](N)[C@@H]3CC[C@H]2C3)cc2nc(-c3cc4ccc(C(C)NC(=O)C56CC(F)(C5)C6)nc4n3CC3CC3)n(C)c12,7.181774106386045,7.181774106386045,7.181774106386045,1,bindingdb,1.0,639.776,47.0,enzymatic,False,,none,False,False,False
XXBQBQBNLBPNJU-AIIMPHFFSA-N,COc1cc(C(=O)N2C[C@H](N)[C@@H]3CC[C@H]2C3)cc2nc(-c3cc4ccc([C@@H](C)NC(=O)c5ccc(C(F)F)nc5)nc4n3CC3CC3)n(C)c12,7.18111458540599,7.18111458540599,7.18111458540599,1,bindingdb,1.0,682.776,50.0,enzymatic,False,,none,False,False,False
RWSAIPTUGLXTQK-MXOGAJIBSA-N,COc1cc(C(=O)N2C[C@H](N)[C@@H]3CC[C@H]2C3)cc2nc(-c3cc4ccc([C@@H](C)NC(=O)c5ccc(C#CC(C)(C)S(C)(=O)=O)nc5)nc4n3CC3CC3)n(C)c12,7.1791420105603,7.1791420105603,7.1791420105603,1,bindingdb,1.0,776.964,56.0,enzymatic,False,,none,False,False,False
YIUTYFHWNVNFKV-OHHYZGJZSA-N,COc1cc(C(=O)N2C[C@H](N)[C@@H]3CC[C@H]2C3)cc2nc(-c3cc4ccc([C@@H](C)NC(=O)[C@@H]5CC5(F)F)nc4n3CC3CC3)n(C)c12,7.170053304058364,7.170053304058364,7.170053304058364,1,bindingdb,1.0,631.728,46.0,enzymatic,False,,none,False,False,False
IFLXSINNDKWWKI-HUZKPYMCSA-N,COc1cc(C(=O)N2C[C@H](N)[C@@H]3CC[C@H]2C3)cc2nc(-c3cc4ccc([C@@H](C)NC(=O)c5cccnc5Cl)nc4n3CC3CC3)n(C)c12,7.164943898279883,7.164943898279883,7.164943898279883,1,bindingdb,1.0,667.214,48.0,enzymatic,False,,none,False,False,False
GMXRDAAVNXOYRT-DWNPXIOKSA-N,Cc1c(-c2cc3cc(F)cc(C4CCN(C(=O)[C@H]5CC[C@@H](O)CC5)CC4)c3n2CC2CC2)nn2cc(C(=O)N3C[C@H](N)C[C@@H](F)C3)ccc12,7.154901959985743,7.154901959985743,7.154901959985743,1,bindingdb,1.0,672.821,49.0,enzymatic,False,,none,False,False,False
ZEFWTEDSWFEURK-JGZPXTCXSA-N,Cc1c(-c2cc3cccc(C4CN(C(=O)[C@H]5CC[C@H](O)CC5)C4)c3n2CC2CC2)nn2cc(C(=O)N3C[C@H](N)C[C@@H](F)C3)ccc12,7.154901959985743,7.154901959985743,7.154901959985743,1,bindingdb,1.0,626.777,46.0,enzymatic,False,,none,False,False,False
IJGLEGHJYSFYEE-FBAMOALMSA-N,COc1cc(C(=O)N2C[C@H](N)[C@@H]3CC[C@H]2C3)cc2nc(-c3cc4ccc([C@@H](C)NC(=O)C5C[C@H]5F)nc4n3CC3CC3)n(C)c12,7.149966742310231,7.149966742310231,7.149966742310231,1,bindingdb,1.0,613.738,45.0,enzymatic,False,,none,False,False,False
RHPSIPFSVPURJS-ZOYFSZBYSA-N,COc1cc(C(=O)N2C[C@H](N)[C@@H]3CC[C@H]2C3)cc2nc(-c3cc4ccc([C@@H](C)NC(=O)[C@]5(C)CC5(F)F)nc4n3CC3CC3)n(C)c12,7.1487416512809245,7.1487416512809245,7.1487416512809245,1,bindingdb,1.0,645.755,47.0,enzymatic,False,,none,False,False,False
NAXPVOYEAMEMAE-VNWIGOPPSA-N,Cc1c(-c2cc3cccc(C4CCN(C(=O)[C@H]5CC[C@H](O)CC5)CC4)c3n2CC2CC2)nn2cc(C(=O)N3C[C@H](N)C[C@@H](F)C3)ccc12,8.0,8.0,8.0,1,bindingdb,1.0,654.831,48.0,enzymatic,False,,none,False,False,False
ZJFXGBOASCGRSH-VNWIGOPPSA-N,COc1cc(C(=O)N2C[C@H](N)C[C@@H](F)C2)cn2nc(-c3cc4cccc(C5CCN(C(=O)[C@H]6CC[C@H](O)CC6)CC5)c4n3CC3CC3)c(C)c12,8.0,8.0,8.0,1,bindingdb,1.0,684.857,50.0,enzymatic,False,,none,False,False,False
DLCRTWBWVRWAOW-WOLFRULKSA-N,COc1cc(C(=O)N2C[C@H](N)[C@@H]3CC[C@H]2C3)cc2nc(-c3cc4ccc([C@@H](C)NC(=O)C(C)(C)OC)nc4n3CC3CC3)n(C)c12,7.142667503568731,7.142667503568731,7.142667503568731,1,bindingdb,1.0,627.79,46.0,enzymatic,False,,none,False,False,False
KIXKMXVZIOFSGT-YXTMZCGESA-N,COc1cc(C(=O)N2C[C@H](N)[C@@H]3CC[C@H]2C3)cc2nc(-c3cc4ccc([C@@H](C)NC(=O)c5ccc(C(C)(C)O)nc5)nc4n3CC3CC3)n(C)c12,7.142667503568731,7.142667503568731,7.142667503568731,1,bindingdb,1.0,690.849,51.0,enzymatic,False,,none,False,False,False
FYBNYGJFTMMBRN-HUZKPYMCSA-N,COc1cc(C(=O)N2C[C@H](N)[C@@H]3CC[C@H]2C3)cc2nc(-c3cc4ccc([C@@H](C)NC(=O)c5cccnc5C(F)F)nc4n3CC3CC3)n(C)c12,7.138465589140962,7.138465589140962,7.138465589140962,1,bindingdb,1.0,682.776,50.0,enzymatic,False,,none,False,False,False
LFHDZNKHUOLINQ-AIIMPHFFSA-N,COc1cc(C(=O)N2C[C@H](N)[C@@H]3CC[C@H]2C3)cc2nc(-c3cc4ccc([C@@H](C)NC(=O)c5ccnc(C(F)F)c5)nc4n3CC3CC3)n(C)c12,7.130181792020672,7.130181792020672,7.130181792020672,1,bindingdb,1.0,682.776,50.0,enzymatic,False,,none,False,False,False
GWQXCHAEZGADIJ-DAHJMEMZSA-N,COc1cc(C(=O)N2C[C@H](N)[C@@H]3CC[C@H]2C3)cc2nc(-c3cc4ccc([C@@H](C)NC(=O)C56C7C8C9C7C5C9C86)nc4n3CC3CC3)n(C)c12,7.129011186239425,7.129011186239425,7.129011186239425,1,bindingdb,1.0,657.819,49.0,enzymatic,False,,none,False,False,False
YOSVQIPVTZEQFN-JPCRPCMMSA-N,C[C@@H](NC(=O)C12CC(C#N)(C1)C2)c1ccc2cc(-c3nc4cc(C(=O)N5C[C@H](N)[C@@H]6CC[C@H]5C6)cc(F)c4n3C3CC3)n(CC3CC3)c2n1,7.106793246940152,7.106793246940152,7.106793246940152,1,bindingdb,1.0,660.798,49.0,enzymatic,False,,none,False,False,False
PFNDSALLWCTSCH-MPRWRVAZSA-N,C[C@@H](NC(=O)C12CC(F)(C1)C2)c1ccc2cc(-c3nc4cc(C(=O)N5C[C@H](N)[C@@H]6CC[C@H]5C6)cc(F)c4n3C3CC3)n(CC3CC3)c2n1,7.104577453960593,7.104577453960593,7.104577453960593,1,bindingdb,1.0,653.778,48.0,enzymatic,False,,none,False,False,False
PILJMVSCVPOULO-FEAVFBAASA-N,COc1cc(C(=O)N2C[C@H](N)[C@@H]3CC[C@H]2C3)cc2nc(-c3cc4ccc([C@@H](C)NC(=O)C56CC(C5)C6)nc4n3CC3CC3)n(C)c12,7.101274818410507,7.101274818410507,7.101274818410507,1,bindingdb,1.0,621.786,46.0,enzymatic,False,,none,False,False,False
MEBUSOSHQDLZTO-UBAZJPBISA-N,COc1cc(C(=O)N2C[C@H](N)[C@@H]3CC[C@H]2C3)cc2nc(-c3cc4ccc([C@@H](C)NC(=O)c5ccccc5Cl)nc4n3CC3CC3)n(C)c12,7.09312646527793,7.09312646527793,7.09312646527793,1,bindingdb,1.0,666.226,48.0,enzymatic,False,,none,False,False,False
RTPCRZFGAPFECK-YKBLPDKLSA-N,COc1cc(C(=O)N2C[C@H](N)[C@@H]3CC[C@H]2C3)cc2nc(-c3cc4ccc([C@@H](C)NC(=O)C5(C(F)F)CC5)nc4n3CC3CC3)n(C)c12,7.090979145788844,7.090979145788844,7.090979145788844,1,bindingdb,1.0,645.755,47.0,enzymatic,False,,none,False,False,False
PNNOIETUGBXYFF-ZBXIDMRXSA-N,COc1cc(C(=O)N2C[C@H](N)[C@@H]3CC[C@H]2C3)cc2nc(-c3cc4ccc([C@@H](C)NC(=O)c5cnc(C(F)F)nc5)nc4n3CC3CC3)n(C)c12,7.089909454405932,7.089909454405932,7.089909454405932,1,bindingdb,1.0,683.764,50.0,enzymatic,False,,none,False,False,False
FAKZLEOJTWMVSN-SLMNRAFDSA-N,COc1cc(C(=O)N2C[C@H]3CC[C@@H]2[C@@H]3N)cc2nc(-c3cc4scc([C@H]5C[C@H](O)C5)c4n3CC3CC3)n(C)c12,7.086186147616283,7.086186147616283,7.086186147616283,1,bindingdb,1.0,545.709,39.0,enzymatic,False,,none,False,False,False
BJMCGQQKWVBYPV-ZBXIDMRXSA-N,COc1cc(C(=O)N2C[C@H](N)[C@@H]3CC[C@H]2C3)cc2nc(-c3cc4ccc([C@@H](C)NC(=O)C5CC(F)(F)C5)nc4n3CC3CC3)n(C)c12,7.08460016478773,7.08460016478773,7.08460016478773,1,bindingdb,1.0,645.755,47.0,enzymatic,False,,none,False,False,False
SSDLYMGCSCTEQF-ZBXIDMRXSA-N,COc1cc(C(=O)N2C[C@H](N)[C@@H]3CC[C@H]2C3)cc2nc(-c3cc4ccc([C@@H](C)NC(=O)c5cnn(C(F)(F)F)c5)nc4n3CC3CC3)n(C)c12,7.083019952679618,7.083019952679618,7.083019952679618,1,bindingdb,1.0,689.743,50.0,enzymatic,False,,none,False,False,False
NJFALQNPHLBHBZ-RGKQFTPRSA-N,COc1cc(C(=O)N2C[C@H](N)[C@@H]3CC[C@H]2C3)cc2nc(-c3cc4ccc([C@@H](C)NC(=O)C56CC(Cl)(C5)C6)nc4n3CC3CC3)n(C)c12,7.079354998593212,7.079354998593212,7.079354998593212,1,bindingdb,1.0,656.231,47.0,enzymatic,False,,none,False,False,False
HWVVOFUEJCARRO-FALQBERWSA-N,C[C@@H](NC(=O)C1(C#N)CC1)c1ccc2cc(-c3nc4cc(C(=O)N5C[C@H](N)[C@@H]6CC[C@H]5C6)cc(F)c4n3C3CC3)n(CC3CC3)c2n1,7.075204004202088,7.075204004202088,7.075204004202088,1,bindingdb,1.0,634.76,47.0,enzymatic,False,,none,False,False,False
RHPSIPFSVPURJS-LPOJHJQVSA-N,COc1cc(C(=O)N2C[C@H](N)[C@@H]3CC[C@H]2C3)cc2nc(-c3cc4ccc([C@@H](C)NC(=O)[C@@]5(C)CC5(F)F)nc4n3CC3CC3)n(C)c12,7.0746879085003505,7.0746879085003505,7.0746879085003505,1,bindingdb,1.0,645.755,47.0,enzymatic,False,,none,False,False,False
DQNLFFPZCRXJPI-YKBLPDKLSA-N,COc1cc(C(=O)N2C[C@H](N)[C@@H]3CC[C@H]2C3)cc2nc(-c3cc4ccc([C@@H](C)NC(=O)C(C)(C)C(F)F)nc4n3CC3CC3)n(C)c12,7.0726296369609765,7.0726296369609765,7.0726296369609765,1,bindingdb,1.0,647.771,47.0,enzymatic,False,,none,False,False,False
PJOKJMKPZXQSHS-AIIMPHFFSA-N,COc1cc(C(=O)N2C[C@H](N)[C@@H]3CC[C@H]2C3)cc2nc(-c3cc4ccc([C@@H](C)NC(=O)c5ccnc(Cl)c5)nc4n3CC3CC3)n(C)c12,7.063486257521107,7.063486257521107,7.063486257521107,1,bindingdb,1.0,667.214,48.0,enzymatic,False,,none,False,False,False
DWTAOGUQVXJQHS-WOLFRULKSA-N,COc1cc(C(=O)N2C[C@H](N)[C@@H]3CC[C@H]2C3)cc2nc(-c3cc4ccc([C@@H](C)NC(=O)C5(F)CCC5)nc4n3CC3CC3)n(C)c12,7.053547734986926,7.053547734986926,7.053547734986926,1,bindingdb,1.0,627.765,46.0,enzymatic,True,haloacetyl,none,False,False,False
NNMHFHZOXZPGKW-MECTWPEFSA-N,C[C@@H](NC(=O)c1ccc(C(F)F)nc1)c1ccc2cc(-c3nc4cc(C(=O)N5C[C@H](N)[C@@H]6CC[C@H]5C6)cc(F)c4n3C3CC3)n(CC3CC3)c2n1,7.047207556955907,7.047207556955907,7.047207556955907,1,bindingdb,1.0,696.778,51.0,enzymatic,False,,none,False,False,False
LCFQAKXCEXEDDU-GVVXZHHHSA-N,C[C@@H](NS(=O)(=O)C1CC1)c1ccc2cc(-c3nc4cc(C(=O)N5C[C@H](N)[C@@H]6CC[C@H]5C6)cc(F)c4n3C3CC3)n(CC3CC3)c2n1,7.0467236633326955,7.0467236633326955,7.0467236633326955,1,bindingdb,1.0,645.805,46.0,enzymatic,False,,none,False,False,False
ARXTZUKWNSDEOC-UPHHSBJESA-N,COc1cc(C(=O)N2CCC[C@@H](N)C2)cn2nc(-c3cc4cccc(C5CCN(C(=O)[C@H]6CC[C@@H](O)CC6)CC5)c4n3CC3CC3)c(C)c12,7.045757490560675,7.045757490560675,7.045757490560675,1,bindingdb,1.0,666.867,49.0,enzymatic,False,,none,False,False,False
ZFRQMRCSPOQMDY-YKBLPDKLSA-N,COc1cc(C(=O)N2C[C@H](N)[C@@H]3CC[C@H]2C3)cc2nc(-c3cc4ccc([C@@H](C)NC(=O)C(C)(C)F)nc4n3CC3CC3)n(C)c12,7.037157318798758,7.037157318798758,7.037157318798758,1,bindingdb,1.0,615.754,45.0,enzymatic,True,haloacetyl,none,False,False,False
ONLYCFUHPIFRGJ-KBYQROSPSA-N,COc1cc(C(=O)N2C[C@H](N)[C@@H]3CC[C@H]2C3)cc2nc(-c3cc4ccc([C@@H](C)NC(=O)C56CC(F)(C5)C6)nc4n3CC3(F)CC3)n(C)c12,7.036684488613888,7.036684488613888,7.036684488613888,1,bindingdb,1.0,657.766,48.0,enzymatic,False,,none,False,False,False
KPLUGYHUPKNQPI-HUZKPYMCSA-N,COc1cc(C(=O)N2C[C@H](N)[C@@H]3CC[C@H]2C3)cc2nc(-c3cc4ccc([C@@H](C)NC(=O)c5cccnc5C(F)(F)F)nc4n3CC3CC3)n(C)c12,7.032452023781138,7.032452023781138,7.032452023781138,1,bindingdb,1.0,700.766,51.0,enzymatic,False,,none,False,False,False
OHQGFBZPOUJKCA-WOLFRULKSA-N,COc1cc(C(=O)N2C[C@H](N)[C@@H]3CC[C@H]2C3)cc2nc(-c3cc4ccc([C@@H](C)NC(=O)C5(C)CC(F)(F)C5)nc4n3CC3CC3)n(C)c12,6.995678626217357,6.995678626217357,6.995678626217357,1,bindingdb,1.0,659.782,48.0,enzymatic,False,,none,False,False,False
JDVRZNXNUWXDCL-YKBLPDKLSA-N,COc1cc(C(=O)N2C[C@H](N)[C@@H]3CC[C@H]2C3)cc2nc(-c3cc4ccc([C@@H](C)NC(=O)C5(F)CC5)nc4n3CC3CC3)n(C)c12,6.987162775294828,6.987162775294828,6.987162775294828,1,bindingdb,1.0,613.738,45.0,enzymatic,True,haloacetyl,none,False,False,False
PQYPVYLLCZIAAE-COPCDDAFSA-N,COC(=O)N(C)c1ccc2cc(-c3nc4cc(C(=O)N5C[C@H](N)[C@@H]6CC[C@H]5C6)cc(OC)c4n3C)n(CC3CC3)c2n1,6.97469413473523,6.97469413473523,6.97469413473523,1,bindingdb,1.0,571.682,42.0,enzymatic,False,,none,False,False,False
CKINKBLJYCITJY-GYLNWSRFSA-N,COc1cc(C(=O)N2C[C@H](N)[C@@H]3CC[C@H]2C3)cc2nc(-c3cc4ccc([C@@H](C)NC(=O)c5ccc(C(F)F)nc5)nc4n3CC3CC3)n(C3CC3)c12,6.954677021213342,6.954677021213342,6.954677021213342,1,bindingdb,1.0,708.814,52.0,enzymatic,False,,none,False,False,False
FYJWAOBLQMZHSM-AIIMPHFFSA-N,COc1cc(C(=O)N2C[C@H](N)[C@@H]3CC[C@H]2C3)cc2nc(-c3cc4ccc([C@@H](C)NC(=O)c5ccc(C(F)(F)F)nc5)nc4n3CC3CC3)n(C)c12,6.94692155651658,6.94692155651658,6.94692155651658,1,bindingdb,1.0,700.766,51.0,enzymatic,False,,none,False,False,False
OGFMCHMUTBVKKY-ROPQOSIYSA-N,COc1cc(C(=O)N2C[C@H](N)[C@@H]3CC[C@H]2C3)cc2nc(-c3cc4ccc([C@@H](C)NC(=O)C56CC(F)(C5)C6)nc4n3CC3CC3)n(C3CC3)c12,6.906578314837764,6.906578314837764,6.906578314837764,1,bindingdb,1.0,665.814,49.0,enzymatic,False,,none,False,False,False
ZZJYFNPBUMYMDN-RGKQFTPRSA-N,COc1cc(C(=O)N2C[C@H](N)[C@@H]3CC[C@H]2C3)cc2nc(-c3cc4ccc([C@@H](C)NC(=O)C56CC(C(F)(F)F)(C5)C6)nc4n3CC3CC3)n(C)c12,6.896196279044043,6.896196279044043,6.896196279044043,1,bindingdb,1.0,689.783,50.0,enzymatic,False,,none,False,False,False
YVXORZZJQQADSN-UBAZJPBISA-N,COc1cc(C(=O)N2C[C@H](N)[C@@H]3CC[C@H]2C3)cc2nc(-c3cc4ccc([C@@H](C)NC(=O)c5ccccc5C(F)(F)F)nc4n3CC3CC3)n(C)c12,6.892790030352131,6.892790030352131,6.892790030352131,1,bindingdb,1.0,699.778,51.0,enzymatic,False,,none,False,False,False
QMLMJLSUYUDGTB-WOLFRULKSA-N,COc1cc(C(=O)N2C[C@H](N)[C@@H]3CC[C@H]2C3)cc2nc(-c3cc4ccc([C@@H](C)NC(=O)C(C)(C)CC(F)(F)F)nc4n3CC3CC3)n(C)c12,6.889410289700751,6.889410289700751,6.889410289700751,1,bindingdb,1.0,679.788,49.0,enzymatic,False,,none,False,False,False
YPTZCJCUBUMRGV-VEIFUORISA-N,Cc1c(-c2cc3cccc(C4CCN(C(=O)[C@H]5CC[C@H](O)CC5)CC4)c3n2CC2CC2)nn2cc(C(=O)N3CCC[C@@H](N)C3)ccc12,6.886056647693163,6.886056647693163,6.886056647693163,1,bindingdb,1.0,636.841,47.0,enzymatic,False,,none,False,False,False
TWYDFTDLDAMGKO-USOMCTOXSA-N,Cc1c(-c2cc3cccc(C4CN(C(=O)[C@H]5CC[C@@H](O)CC5)C4)c3n2CC2CC2)nn2cc(C(=O)N3CCC[C@@H](N)C3)ccc12,6.886056647693163,6.886056647693163,6.886056647693163,1,bindingdb,1.0,608.787,45.0,enzymatic,False,,none,False,False,False
JDBRPXYNNLFJMS-ZBXIDMRXSA-N,COc1cc(C(=O)N2C[C@H](N)[C@@H]3CC[C@H]2C3)cc2nc(-c3cc4ccc([C@@H](C)NC(=O)c5cnc(C(F)(F)F)nc5)nc4n3CC3CC3)n(C)c12,6.853871964321762,6.853871964321762,6.853871964321762,1,bindingdb,1.0,701.754,51.0,enzymatic,False,,none,False,False,False
MHKZTFMUCWXJJM-SQDLTUCFSA-N,Cc1c(-c2cc3cc(F)cc(C4CCN(C(=O)[C@H]5CC[C@H](O)CC5)CC4)c3n2CC2CC2)nn2cc(C(=O)N3CCC[C@@H](N)C3)ccc12,6.823908740944319,6.823908740944319,6.823908740944319,1,bindingdb,1.0,654.831,48.0,enzymatic,False,,none,False,False,False
MHKZTFMUCWXJJM-KPNCYPGSSA-N,Cc1c(-c2cc3cc(F)cc(C4CCN(C(=O)[C@H]5CC[C@@H](O)CC5)CC4)c3n2CC2CC2)nn2cc(C(=O)N3CCC[C@@H](N)C3)ccc12,6.823908740944319,6.823908740944319,6.823908740944319,1,bindingdb,1.0,654.831,48.0,enzymatic,False,,none,False,False,False
VIBUIXOZYVNCIW-YKBLPDKLSA-N,COc1cc(C(=O)N2C[C@H](N)[C@@H]3CC[C@H]2C3)cc2nc(-c3cc4ccc([C@@H](C)NC(=O)C5(C(F)(F)F)CC5)nc4n3CC3CC3)n(C)c12,6.7594507517174005,6.7594507517174005,6.7594507517174005,1,bindingdb,1.0,663.745,48.0,enzymatic,False,,none,False,False,False
GMXRDAAVNXOYRT-CTTNORCBSA-N,Cc1c(-c2cc3cc(F)cc(C4CCN(C(=O)[C@H]5CC[C@H](O)CC5)CC4)c3n2CC2CC2)nn2cc(C(=O)N3C[C@H](N)C[C@@H](F)C3)ccc12,6.698970004336019,6.698970004336019,6.698970004336019,1,bindingdb,1.0,672.821,49.0,enzymatic,False,,none,False,False,False
LFNUUCVWQIPJNI-USOMCTOXSA-N,COc1cc(C(=O)N2CCC[C@@H](N)C2)cn2nc(-c3cc4cccc(C5CN(C(=O)[C@H]6CC[C@@H](O)CC6)C5)c4n3CC3CC3)c(C)c12,6.657577319177793,6.657577319177793,6.657577319177793,1,bindingdb,1.0,638.813,47.0,enzymatic,False,,none,False,False,False
AMVPDYRLVKUNIT-YKBLPDKLSA-N,COc1cc(C(=O)N2C[C@H](N)[C@@H]3CC[C@H]2C3)cc2nc(-c3cc4ccc([C@@H](C)NC(=O)c5cnc(C(F)(F)F)cn5)nc4n3CC3CC3)n(C)c12,6.598599459218455,6.598599459218455,6.598599459218455,1,bindingdb,1.0,701.754,51.0,enzymatic,False,,none,False,False,False
XODQWSDULGEXER-CHOVIJNXSA-N,COc1cc(C(=O)N2C[C@H](N)[C@@H]3CC[C@H]2C3)cc2nc(-c3cc4ccc([C@@H](C)NC(=O)C(C)(C)C)nc4n3CC(C)(C)O)n(C)c12,6.596879478824182,6.596879478824182,6.596879478824182,1,bindingdb,1.0,629.806,46.0,enzymatic,False,,none,False,False,False
TVRCRZNFCUYEKH-LOIHPRHOSA-N,Cc1c(-c2cc3cccc(C4CCN(C(=O)[C@H]5CC[C@H](O)CC5)CC4)c3n2CC2CC2)nn2cc(C(=O)N3C[C@H](N)C[C@@H](F)C3)cc(F)c12,6.585026652029182,6.585026652029182,6.585026652029182,1,bindingdb,1.0,672.821,49.0,enzymatic,False,,none,False,False,False
YMBFYRFMFJMXJB-RYFPDZNGSA-N,COc1cc(C(=O)N2C[C@H](N)[C@@H]3CC[C@H]2C3)cc2nc(-c3cc4ccc([C@@H](C)NC(=O)c5ccccc5OC(F)(F)F)nc4n3CC3CC3)n(C)c12,6.557520230935552,6.557520230935552,6.557520230935552,1,bindingdb,1.0,715.777,52.0,enzymatic,False,,none,False,False,False
MGPFUBIXJDMGPE-WOLFRULKSA-N,COc1cc(C(=O)N2C[C@H](N)[C@@H]3CC[C@H]2C3)cc2nc(-c3cc4ccc([C@@H](C)NC(=O)c5cccc(C(F)F)n5)nc4n3CC3CC3)n(C)c12,6.417936637088291,6.417936637088291,6.417936637088291,1,bindingdb,1.0,682.776,50.0,enzymatic,False,,none,False,False,False
RUHPDBCMUJISAS-KXTWMDTESA-N,Cc1c(-c2cc3cccc(C4CCN(C(=O)[C@H]5CC[C@H](O)CC5)CC4)c3n2CC2CC2)nn2cc(C(=O)N3CCC[C@@H](N)C3)cc(F)c12,6.337242168318426,6.337242168318426,6.337242168318426,1,bindingdb,1.0,654.831,48.0,enzymatic,False,,none,False,False,False
TVRCRZNFCUYEKH-XDUYTMKBSA-N,Cc1c(-c2cc3cccc(C4CCN(C(=O)[C@H]5CC[C@@H](O)CC5)CC4)c3n2CC2CC2)nn2cc(C(=O)N3C[C@H](N)C[C@@H](F)C3)cc(F)c12,6.251811972993799,6.251811972993799,6.251811972993799,1,bindingdb,1.0,672.821,49.0,enzymatic,False,,none,False,False,False
VSNXLJCINCZNGS-YKBLPDKLSA-N,COc1cc(C(=O)N2C[C@H](N)[C@@H]3CC[C@H]2C3)cc2nc(-c3cc4ccc([C@@H](C)NC(=O)c5ccnc(C(F)(F)F)n5)nc4n3CC3CC3)n(C)c12,6.2441251443275085,6.2441251443275085,6.2441251443275085,1,bindingdb,1.0,701.754,51.0,enzymatic,False,,none,False,False,False
ZJFXGBOASCGRSH-IMQOFUTHSA-N,COc1cc(C(=O)N2C[C@H](N)C[C@@H](F)C2)cn2nc(-c3cc4cccc(C5CCN(C(=O)[C@H]6CC[C@@H](O)CC6)CC5)c4n3CC3CC3)c(C)c12,7.522878745280337,7.522878745280337,7.522878745280337,1,bindingdb,1.0,684.857,50.0,enzymatic,False,,none,False,False,False
TWYDFTDLDAMGKO-SUHSUELASA-N,Cc1c(-c2cc3cccc(C4CN(C(=O)[C@H]5CC[C@H](O)CC5)C4)c3n2CC2CC2)nn2cc(C(=O)N3CCC[C@@H](N)C3)ccc12,7.522878745280337,7.522878745280337,7.522878745280337,1,bindingdb,1.0,608.787,45.0,enzymatic,False,,none,False,False,False
KCLKPPOQKQRKOU-UHFFFAOYSA-N,O=C1NCC2=Nc3ccccc3NC(c3ccccc3)C12,4.0,4.0,4.0,1,bindingdb,1.0,277.327,21.0,enzymatic,False,,none,False,False,False
RNPLSXLZRGPQCU-WYOUFOJNSA-N,CN(C)[C@@H]1C(=O)C(C(N)=O)C(=O)[C@@]2(O)C(=O)C3C(=O)c4c(O)ccc(Cl)c4[C@@](C)(O)[C@H]3C[C@@H]12,4.0,4.0,4.0,1,bindingdb,1.0,478.885,33.0,enzymatic,False,,none,False,False,False
ZZZRUAITSXLWBH-CSYJEMQYSA-N,CN(C)c1ccc(O)c2c1C[C@H]1C[C@H]3[C@H](N(C)C)C(=O)C(C(N)=O)C(=O)[C@@]3(O)C(=O)C1C2=O,3.2076083105017466,3.2076083105017466,3.2076083105017466,1,bindingdb,1.0,457.483,33.0,enzymatic,False,,none,False,False,False
MUHBBHLZPHKTTR-GWFFGYACSA-N,CN(C)[C@@H]1C(=O)C(C(N)=O)C(=O)[C@@]2(O)C(=O)C3C(=O)c4c(O)cccc4[C@@](C)(O)[C@H]3C[C@@H]12,3.107905397309519,3.107905397309519,3.107905397309519,1,bindingdb,1.0,444.44,32.0,enzymatic,False,,none,False,False,False
VXVNYCRICCVPTD-MULYGRJNSA-N,C[C@H]1c2cccc(O)c2C(=O)C2C(=O)[C@]3(O)C(=O)C(C(N)=O)C(=O)[C@@H](N(C)C)[C@@H]3[C@@H](O)[C@@H]21,3.0655015487564325,3.0655015487564325,3.0655015487564325,1,bindingdb,1.0,444.44,32.0,enzymatic,False,,none,False,False,False
ITQQZKYCEGSRPS-ZCTIVXDHSA-N,[C][N][C@@H]1[C@H](O[C@H]2[C@H](O[C@@H]3[C@@H]([O])[C@H]([O])[C@@H](N=C([N])[N])[C@H]([O])[C@H]3N=C([N])[N])O[C@@H]([C])[C@]2([O])[C]=O)O[C@@H]([C][O])[C@H]([O])[C@H]1[O],2.7447274948966935,2.7447274948966935,2.7447274948966935,1,bindingdb,1.0,556.38,40.0,enzymatic,False,,none,False,False,False
AXGWQMGSKOZGLA-AWPCGBSGSA-N,CCC[C@@H]1C[C@@H](C(=O)N[C@H]([C@H](C)Cl)[C@@]2(C)O[C@H](SC)[C@H](O)[C@@H](O)[C@H]2O)N(C)C1,2.2924298239020633,2.2924298239020633,2.2924298239020633,1,bindingdb,1.0,439.018,28.0,enzymatic,False,,none,False,False,False
FAKZLEOJTWMVSN-LBFAPPCDSA-N,COc1cc(C(=O)N2C[C@H]3CC[C@@H]2[C@@H]3N)cc2nc(-c3cc4scc([C@H]5C[C@@H](O)C5)c4n3CC3CC3)n(C)c12,7.42021640338319,7.42021640338319,7.42021640338319,1,bindingdb,1.0,545.709,39.0,enzymatic,False,,none,False,False,False
